sku,slug,name,category,subcategory,unit,price,sale_price,stock,featured,display_order
DM-5.659,2pm-lemon-mint-masala-munch-stix80g,2PM Lemon Mint /masala Munch stix80g,snacks,Chocolates & Candy,80g,145,,32,,77
DM-7.3663,2pm-noodles-chicken-curry-60gm,2pm Noodles Chicken Curry 60gm,groceries,"Noodles, Pasta & Soup",60g,25,,30,,78
DM-7.703,2pm-noodles-korean-ramen-2xspics,2pm Noodles/korean Ramen 2xspics,groceries,"Noodles, Pasta & Soup",1 pc,50,,55,,79
DM-7.4055,a-taste-soda-cracker-sugar-free-280gm,A Taste Soda Cracker Sugar Free 280gm,snacks,Biscuits & Cookies,280g,160,145,20,,116
DM-7.3776,aama-ko-chat-masala-60gm,Aama Ko Chat Masala 60gm,groceries,Spices & Masala,60g,50,,43,,119
DM-7.3774,aama-ko-chicken-masala-100gm,Aama Ko Chicken Masala 100gm,groceries,Spices & Masala,100g,70,,50,,120
DM-7.4066,aama-ko-chicken-masala-60gm,Aama Ko Chicken Masala 60gm,groceries,Spices & Masala,60g,50,,11,,121
DM-7.3775,aama-ko-garam-masala-100gm,Aama Ko Garam Masala 100gm,groceries,Spices & Masala,100g,65,,48,,128
DM-7.4067,aama-ko-garam-masala-60gm,Aama Ko Garam Masala 60gm,groceries,Spices & Masala,60g,45,,57,,129
DM-7.4062,aama-ko-hot-cherry-pepper-sichuan-pepper-paste-380gm,Aama Ko Hot Cherry Pepper & Sichuan Pepper Paste 380gm,groceries,Spices & Masala,380g,210,,9,,133
DM-7.3772,aama-ko-jwano-masala-mix100gm,Aama Ko Jwano Masala mix100gm,groceries,Spices & Masala,100g,75,,57,,136
DM-7.3777,aama-ko-momo-masala-100gm,Aama Ko Momo Masala 100gm,groceries,Spices & Masala,100g,70,,30,,139
DM-7.3773,aama-ko-thukpa-masala-100gm,Aama Ko Thukpa Masala 100gm,groceries,Spices & Masala,100g,65,55,50,,144
DM-7.389,aashirbaad-chana-besan-500g,Aashirbaad Chana Besan 500g,groceries,Dal & Pulses,500g,120,,12,,145
DM-7.621,aayo-salt-pack-1kg,Aayo Salt Pack 1kg,groceries,"Salt, Sugar & Jaggery",1kg,105,,8,,146
DM-2.22,acnes-soothing-toner,Acnes Soothing Toner,beauty-skincare,Skin Care,1 pc,465,,52,,161
DM-2.799,ahsan-attar-mix-3ml,Ahsan Attar Mix 3ml,beauty-skincare,Fragrance & Deodorant,3ml,120,,17,,183
DM-2.8,ahsan-attar-mix-8ml,Ahsan Attar Mix 8ml,beauty-skincare,Fragrance & Deodorant,8ml,120,,49,,184
DM-7.1252,ajinamoto-1-kg,Ajinamoto 1 kg,groceries,Spices & Masala,1kg,505,,16,,220
DM-5.113,alfredo-no-sugar-added-100gm,Alfredo No Sugar Added 100gm,groceries,"Salt, Sugar & Jaggery",100g,20,,25,,232
DM-24.84,amul-pure-ghee-1kg,Amul Pure Ghee 1kg,dairy-frozen,"Milk, Butter & Cheese",1kg,815,,59,,268
DM-2.3439,asta-berry-honey-vitamin-e-nourishing-lotion-300ml,Asta Berry Honey & Vitamin E Nourishing Lotion 300ml,beauty-skincare,Skin Care,300ml,780,,48,,333
DM-2.3813,asta-berry-rice-water-brightening-face-wash-100ml,Asta Berry Rice Water Brightening Face Wash 100ml,beauty-skincare,Skin Care,100ml,340,,44,,342
DM-1.2228,augeea-soothing-calming-lrritation-shower-gel-500ml,Augeea Soothing&calming Lrritation Shower Gel 500ml,beauty-skincare,Bath & Body,500ml,465,,49,,365
DM-7.184,bmc-meat-masala-100g,BMC Meat Masala 100g,groceries,Spices & Masala,100g,80,,53,,755
DM-7.2739,bmc-chicken-masala-100g,BMC Chicken Masala 100g,groceries,Spices & Masala,100g,80,,58,,754
DM-7.3055,babari-soya-chunks,Babari Soya Chunks,groceries,Cooking Essentials,1 pc,110,,29,,387
DM-7.3873,bagrr-s-crunchy-muesli-500gm,Bagrr's Crunchy Muesli 500gm,groceries,Breakfast & Cereals,500g,325,,39,,454
DM-7.3683,bagrry-s-mixed-fruit-muesli-500g,"Bagrry""s Mixed Fruit Muesli 500g",groceries,Breakfast & Cereals,500g,375,350,39,,455
DM-7.3588,bagrry-s-white-oats-200gm,"Bagrry""s White Oats 200gm",groceries,Breakfast & Cereals,200g,190,,44,,458
DM-7.748,bagrry-s-white-oats-500g-packet,"Bagrry""s White Oats 500g Packet",groceries,Breakfast & Cereals,500g,375,,42,,459
DM-7.1971,bagrry-s-white-oats-1-5kg,"Bagrry""s White Oats 1.5kg",groceries,Breakfast & Cereals,1.5kg,795,745,38,,456
DM-7.526,bagrry-s-white-oats-1kg-jar,"Bagrry""s White Oats 1kg Jar",groceries,Breakfast & Cereals,1kg,590,,31,,457
DM-7.1617,bagrry-s-white-oats-refel-pack-1kg,"Bagrry""s White Oats Refel Pack 1kg",groceries,Breakfast & Cereals,1kg,645,590,15,,460
DM-7.571,bagrry-schocolate-whey-protein-muesli-500g,"Bagrry""schocolate Whey Protein Muesli 500g",groceries,Breakfast & Cereals,500g,375,315,15,,461
DM-7.3623,bagrry-s-nutty-fruity-muesli-850g-jar,Bagrry''s Nutty Fruity Muesli 850g Jar,groceries,Breakfast & Cereals,850g,535,,48,,462
DM-7.3106,bagrrys-0-added-sugar-muesli500gm,Bagrrys 0%added Sugar Muesli500gm,groceries,Breakfast & Cereals,500g,345,,36,,463
DM-7.585,bagrrys-crunchy-muesli-mix-500g-millet,Bagrrys Crunchy Muesli Mix 500g\millet,groceries,Breakfast & Cereals,500g,370,,32,,464
DM-7.3703,bakeland-atta-biscuits-rs20,Bakeland Atta Biscuits rs20,snacks,Biscuits & Cookies,1 pc,20,,38,,477
DM-7.1228,bambino-compounded-hing-16g,BamBino Compounded Hing 16g,groceries,Spices & Masala,16g,20,,47,,541
DM-7.84,bambino-vermicelli-150g,BamBino VERMICELLI 150g,groceries,"Noodles, Pasta & Soup",150g,55,,56,,540
DM-7.843,bambino-vermicelli-150gm,BamBino Vermicelli 150gm,groceries,"Noodles, Pasta & Soup",150g,55,,8,,562
DM-7.693,bambino-vermicelli-350gm,BamBino Vermicelli 350gm,groceries,"Noodles, Pasta & Soup",350g,125,110,46,,563
DM-7.1926,bambino-compounded-hing-40g,Bambino Compounded Hing 40g,groceries,Spices & Masala,40g,40,,41,,543
DM-7.426,bambino-macaroni-pep-mix-pasta750g,Bambino Macaroni Pep Mix pasta750g,groceries,"Noodles, Pasta & Soup",750g,215,,51,,549
DM-7.504,bambino-roasted-vermicelli-150g,Bambino Roasted Vermicelli 150g,groceries,"Noodles, Pasta & Soup",150g,60,,34,,554
DM-7.1495,bambino-roasted-vermicelli-350g,Bambino Roasted Vermicelli 350g,groceries,"Noodles, Pasta & Soup",350g,125,,50,,555
DM-7.2416,bambino-soya-chunks-220g,Bambino Soya Chunks 220g,groceries,Cooking Essentials,220g,145,120,10,,559
DM-7.506,bambino-sugar-free-soan-papdi-200g,Bambino Sugar Free Soan Papdi 200g,snacks,Chocolates & Candy,200g,360,,32,,560
DM-7.833,bambino-compounded-hing-25g,Bambino Compounded Hing 25g,groceries,Spices & Masala,25g,30,,47,,542
DM-7.4405,bambino-macaeroni-pep-pasta-675gm,Bambino Macaeroni Pep Pasta 675gm,groceries,"Noodles, Pasta & Soup",675g,180,,54,,547
DM-2.385,banjaras-rose-water-gel-sandal-water-gel-100ml,Banjaras Rose Water gel/sandal Water Gel 100ml,beauty-skincare,Skin Care,100ml,335,,52,,581
DM-7.3785,barari-black-salt-500gm,Barari Black Salt 500gm,groceries,"Salt, Sugar & Jaggery",500g,55,50,39,,592
DM-7.4303,barari-buckwheat-flour-800g,Barari Buckwheat Flour 800g,groceries,"Atta, Flour & Sooji",800g,95,,43,,593
DM-7.3786,barari-rock-black-salt-200gm,Barari Rock Black Salt 200gm,groceries,"Salt, Sugar & Jaggery",200g,25,,34,,605
DM-7.4472,barari-chat-masala-50gm,Barari Chat Masala 50gm,groceries,Spices & Masala,50g,45,,16,,594
DM-7.4471,barari-chicken-masala-50gm,Barari Chicken Masala 50gm,groceries,Spices & Masala,50g,40,,22,,596
DM-7.4473,barari-garam-masala-50gm,Barari Garam Masala 50gm,groceries,Spices & Masala,50g,40,,25,,597
DM-7.4071,barari-masala-papd-180gm,Barari Masala Papd 180gm,groceries,Spices & Masala,180g,120,,10,,600
DM-7.436,barari-meat-masala-50gm,Barari Meat Masala 50gm,groceries,Spices & Masala,50g,40,,14,,601
DM-7.447,barari-pani-puri-masala-50gm,Barari Pani Puri Masala 50gm,snacks,"Chips, Namkeen & Snacks",50g,45,,20,,602
DM-7.3951,barari-pink-salt-200gm,Barari Pink Salt 200gm,groceries,"Salt, Sugar & Jaggery",200g,30,,41,,603
DM-7.4377,bareland-atta-biscuits-150g,Bareland Atta Biscuits 150g,snacks,Biscuits & Cookies,150g,90,85,52,,609
DM-7.622,behuli-jeera-masino-rice-25kg,Behuli Jeera Masino Rice 25kg,groceries,Rice & Grains,25kg,3640,,41,,666
DM-7.324,bhansaghar-long-grain-rice-20kg,Bhansaghar Long Grain Rice 20KG,groceries,Rice & Grains,20kg,2980,,48,,687
DM-7.4716,bhansaghar-maida-1kg,Bhansaghar Maida 1kg,groceries,"Atta, Flour & Sooji",1kg,115,,17,,688
DM-7.3689,bhansaghar-suji-500gm,Bhansaghar Suji 500gm,groceries,"Atta, Flour & Sooji",500g,65,,52,,689
DM-7.1913,bikaji-moong-dal-180gm,Bikaji Moong Dal 180gm,groceries,Dal & Pulses,180g,55,,27,,707
DM-7.4686,bikaji-moong-dal-350gm,Bikaji Moong Dal 350gm,groceries,Dal & Pulses,350g,90,,39,yes,708
DM-7.4125,bikano-khatta-mitha-150gm,Bikano Khatta Mitha 150gm,snacks,"Chips, Namkeen & Snacks",150g,110,,20,,715
DM-7.465,britannia-50-50-sweet-salty-150g,Britannia 50 50 Sweet & Salty 150g,snacks,Chocolates & Candy,150g,250,,27,,811
DM-7.578,britannia-sugarfree-digestive-biscuit-350g,Britannia Sugarfree Digestive Biscuit 350g,snacks,Biscuits & Cookies,350g,190,,35,,827
DM-7.543,britannia-suji-toast-170g,Britannia Suji Toast 170g,dairy-frozen,"Bread, Cakes & Bakery",170g,85,,58,yes,829
DM-7.2662,bt-chilli-powder-200g,Bt Chilli Powder 200g,groceries,Spices & Masala,200g,120,,16,,843
DM-7.1745,current-nodles-hot-spicy-chill-pepper100g,CURRENT NODLES HOT@SPICY CHILL PEPPER100G,groceries,"Noodles, Pasta & Soup",100g,45,,46,,1274
DM-7.751,captain-oats-instant-oatmeal-500g,Captain Oats Instant Oatmeal 500g,groceries,Breakfast & Cereals,500g,370,,21,,901
DM-7.75,captain-oats-instant-oatmeal-800g,Captain Oats Instant Oatmeal 800g,groceries,Breakfast & Cereals,800g,460,,15,,902
DM-7.198,captain-oats-instant-oatmeal-1kg-jar,Captain Oats Instant Oatmeal 1kg Jar,groceries,Breakfast & Cereals,1kg,570,500,37,,899
DM-7.197,captain-oats-instant-oatmeal-500g-jar,Captain Oats Instant Oatmeal 500g Jar,groceries,Breakfast & Cereals,500g,365,,23,,900
DM-7.59,century-biriyani-masala-50g,Century Biriyani Masala 50g,groceries,Spices & Masala,50g,45,,53,,926
DM-7.866,century-black-pepper-25g,Century Black Pepper 25g,groceries,Spices & Masala,25g,30,,24,,927
DM-7.3469,century-black-salt-75g,Century Black Salt 75g,groceries,"Salt, Sugar & Jaggery",75g,20,,53,,929
DM-7.4179,century-chat-masala-200gm-30gm,Century Chat Masala 200gm+30gm,groceries,Spices & Masala,200g,110,105,8,,930
DM-7.193,century-chat-masala-50g,Century Chat Masala 50g,groceries,Spices & Masala,50g,40,,47,,931
DM-7.189,century-chatpate-masala-50-gm,Century Chatpate Masala 50 gm,snacks,"Chips, Namkeen & Snacks",50g,45,,29,,932
DM-7.4177,century-chicken-masala-200gm-30gm,Century Chicken Masala 200gm+30gm,groceries,Spices & Masala,200g,130,,53,,935
DM-7.628,century-chicken-masala-50g,Century Chicken Masala 50g,groceries,Spices & Masala,50g,45,,47,,936
DM-7.203,century-cumin-powder-200g,Century Cumin Powder 200g,groceries,Spices & Masala,200g,125,,57,,945
DM-7.191,century-garam-masala-50g,Century Garam Masala 50g,groceries,Spices & Masala,50g,40,,14,,949
DM-7.4176,century-meat-masala-200gm-30gm,Century Meat Masala 200gm+30gm,groceries,Spices & Masala,200g,115,105,59,,959
DM-7.19,century-meat-masala-25g,Century Meat Masala 25g,groceries,Spices & Masala,25g,30,,9,,960
DM-7.1205,century-meat-masala-500g,Century Meat Masala 500g,groceries,Spices & Masala,500g,235,,17,,961
DM-7.185,century-meat-masala-50g,Century Meat Masala 50g,groceries,Spices & Masala,50g,45,,25,,962
DM-7.867,century-mix-masala-175g,Century Mix Masala 175g,groceries,Spices & Masala,175g,105,,31,,964
DM-7.418,century-mix-masala-200gm-30gm,Century Mix Masala 200gm+30gm,groceries,Spices & Masala,200g,135,,49,,965
DM-7.1472,century-mix-masala-400g,Century Mix Masala 400g,groceries,Spices & Masala,400g,195,,18,,966
DM-7.192,century-momo-masala-50g,Century MoMo Masala 50g,groceries,Spices & Masala,50g,40,,14,,969
DM-7.8,century-rajma-masala-50g,Century Rajma Masala 50g,groceries,Dal & Pulses,50g,50,,22,,974
DM-7.183,century-sabji-masala-25g,Century Sabji Masala 25g,groceries,Spices & Masala,25g,25,,22,,975
DM-7.1204,century-sabji-masala-500g,Century Sabji Masala 500g,groceries,Spices & Masala,500g,280,,54,,976
DM-7.865,century-tea-masala-25g,Century Tea Masala 25g,beverages,Tea & Coffee,25g,65,,34,,984
DM-7.772,century-black-pepper50g,Century Black pepper50g,groceries,Spices & Masala,50g,45,,31,,928
DM-7.1953,century-chana-chhola-masala-50gm,Century Chana Chhola Masala 50gm,groceries,Dal & Pulses,50g,50,,34,,923
DM-7.217,century-chilli-powder-200g,Century Chilli Powder 200g,groceries,Spices & Masala,200g,135,,44,,939
DM-7.215,century-chilli-powder-500g,Century Chilli Powder 500g,groceries,Spices & Masala,500g,280,,28,,940
DM-7.218,century-chowmin-masala-50g,Century Chowmin Masala 50g,groceries,Spices & Masala,50g,45,,18,,924
DM-7.2447,century-cumin-powder-100gm,Century Cumin Powder 100gm,groceries,Spices & Masala,100g,65,,35,,944
DM-7.197-2,century-cumin-powder-500gm,Century Cumin Powder 500gm,groceries,Spices & Masala,500g,280,,48,,946
DM-7.219,century-fish-masala-50g,Century Fish Masala 50g,groceries,Spices & Masala,50g,45,,22,,948
DM-7.22,century-jal-jeera-50g,Century Jal Jeera 50g,groceries,Spices & Masala,50g,40,,39,,952
DM-7.221,century-sabji-masala-50g,Century Sabji Masala 50g,groceries,Spices & Masala,50g,40,,52,,977
DM-7.222,century-sekuwa-masala-50g,Century Sekuwa Masala 50g,groceries,Spices & Masala,50g,45,,59,,978
DM-7.2164,century-soya-chunks-nutrela-200g,Century Soya Chunks Nutrela 200g,groceries,Cooking Essentials,200g,140,130,59,,979
DM-7.1907,century-synthetic-vinegar-300ml,Century Synthetic Vinegar 300ml,groceries,"Sauces, Pickles & Spreads",300ml,175,,42,,982
DM-7.1908,century-synthetic-vinegar-700ml,Century Synthetic Vinegar 700ml,groceries,"Sauces, Pickles & Spreads",700ml,320,,59,,983
DM-7.2026,century-tea-masala-50g,Century Tea Masala 50g,beverages,Tea & Coffee,50g,105,,58,,985
DM-7.265,century-turmeric-powder-100gm,Century Turmeric Powder 100gm,groceries,Spices & Masala,100g,75,,49,,989
DM-7.264,century-turmeric-powder-200g,Century Turmeric Powder 200g,groceries,Spices & Masala,200g,120,,30,,990
DM-7.263,century-turmeric-powder-500g,Century Turmeric Powder 500g,groceries,Spices & Masala,500g,245,,18,,991
DM-7.784,chana-daal-1kg,Chana Daal 1kg,groceries,Dal & Pulses,1kg,185,,27,,1010
DM-7.618,chana-geda-1kg,Chana Geda 1kg,groceries,Dal & Pulses,1kg,195,,19,,1009
DM-7.4599,chapagetti-original-noodles-140gm,Chapagetti Original Noodles 140gm,groceries,"Noodles, Pasta & Soup",140g,50,,35,,1018
DM-7.44,chapagetti-spicy-noodles-137gm,Chapagetti Spicy Noodles 137gm,groceries,"Noodles, Pasta & Soup",137g,55,,29,,1019
DM-7.406,cheetos-crunchy-chilli-chatka-masala-munch-63-5gm,Cheetos Crunchy Chilli Chatka /Masala Munch 63.5gm,snacks,Chocolates & Candy,63.5g,125,,52,,1023
DM-7.4513,chicken-keema-masala-210gm,Chicken Keema Masala 210gm,groceries,Spices & Masala,210g,125,,21,,1045
DM-5.1063,chitale-bngebar-rice-flakes-all-flv,Chitale Bngebar Rice Flakes All Flv,groceries,Rice & Grains,1 pc,160,,51,,1055
DM-1.127,colgate-active-salt-100g,Colgate Active Salt 100g,beauty-skincare,Oral Care,100g,110,,9,,1150
DM-1.122,colgate-active-salt-toothpest-200gm,Colgate Active Salt Toothpest 200gm,beauty-skincare,Oral Care,200g,230,,24,yes,1151
DM-7.1965,corn-flour-1kg,Corn Flour 1kg,groceries,"Atta, Flour & Sooji",1kg,115,,29,,1221
DM-7.872,corn-flour-1kg-pack,Corn Flour 1kg Pack,groceries,"Atta, Flour & Sooji",1kg,100,,49,,1220
DM-7.1948,current-2x-spicy-black-schezwan-noodles,Current 2x Spicy Black /Schezwan Noodles,groceries,"Noodles, Pasta & Soup",1 pc,45,,45,,1251
DM-7.3331,current-chatpate-masala-50g,Current Chatpate Masala 50g,snacks,"Chips, Namkeen & Snacks",50g,40,,17,,1253
DM-7.438,current-chicken-masala-50g,Current Chicken Masala 50g,groceries,Spices & Masala,50g,45,,37,,1254
DM-7.3366,current-cumin-powder-100g,Current Cumin Powder 100g,groceries,Spices & Masala,100g,65,,44,,1261
DM-7.3367,current-cumin-powder-200g,Current Cumin Powder 200g,groceries,Spices & Masala,200g,135,,24,,1262
DM-7.4162,current-cumin-powder-35g,Current Cumin Powder 35g,groceries,Spices & Masala,35g,35,,53,,1263
DM-7.3369,current-cumin-powder-500g,Current Cumin Powder 500g,groceries,Spices & Masala,500g,235,,11,,1264
DM-7.4164,current-fish-curry-masala-50g,Current Fish Curry Masala 50g,groceries,Spices & Masala,50g,40,,52,,1265
DM-7.337,current-mix-masala-100g,Current Mix Masala 100g,groceries,Spices & Masala,100g,65,,33,,1271
DM-7.799,current-mix-masala-500g,Current Mix Masala 500g,groceries,Spices & Masala,500g,240,,25,,1272
DM-7.835,current-pani-puri-masala-50g,Current Pani Puri Masala 50g,snacks,"Chips, Namkeen & Snacks",50g,35,,22,,1276
DM-7.442,current-turmeric-powder-100g,Current Turmeric Powder 100g,groceries,Spices & Masala,100g,70,65,41,,1280
DM-7.838,current-turmeric-powder-200g,Current Turmeric Powder 200g,groceries,Spices & Masala,200g,120,,56,,1281
DM-7.244,current-biryani-masala-50gm,Current Biryani Masala 50gm,groceries,Spices & Masala,50g,45,,49,,1249
DM-7.233,current-chat-masala-50g,Current Chat Masala 50g,groceries,Spices & Masala,50g,45,,8,,1252
DM-7.446,current-chilli-powder-500gm,Current Chilli Powder 500gm,groceries,Spices & Masala,500g,270,,36,,1255
DM-7.3371,current-chilli-powder100gm,Current Chilli powder100gm,groceries,Spices & Masala,100g,65,,9,,1256
DM-7.445,current-chilli-powder200,Current Chilli powder200,groceries,Spices & Masala,1 pkt,95,,10,,1257
DM-7.235,current-chowmein-masala-50g,Current Chowmein Masala 50g,groceries,"Noodles, Pasta & Soup",50g,25,,54,,1258
DM-7.23,current-garam-masala-50g,Current Garam Masala 50g,groceries,Spices & Masala,50g,45,,17,,1266
DM-7.227,current-meat-masala-50g,Current Meat Masala 50g,groceries,Spices & Masala,50g,40,,18,,1270
DM-7.439,current-momo-masala-50g,Current Momo Masala 50g,groceries,Spices & Masala,50g,45,,8,,1273
DM-7.2847,current-noodles-60g,Current Noodles 60g,groceries,"Noodles, Pasta & Soup",60g,30,,57,,1275
DM-7.228,current-sabji-masala-50g,Current Sabji Masala 50g,groceries,Spices & Masala,50g,40,,33,,1278
DM-7.3372,current-turmeric-powder-500g,Current Turmeric Powder 500g,groceries,Spices & Masala,500g,280,265,35,,1282
DM-5.375,dabur-chyawanprash-sugarfree-500g,Dabur Chyawanprash Sugarfree 500g,health-hygiene,Health & Wellness,500g,525,,13,,1302
DM-1.101,daz-washing-powder-1kg,Daz Washing Powder 1kg,cleaning,Detergent & Laundry,1kg,260,,37,,1324
DM-7.3999,delhi-dhamaka-permium-indian-basmati-rice-25kg,Delhi Dhamaka Permium Indian Basmati Rice 25kg,groceries,Rice & Grains,25kg,3510,,58,,1345
DM-7.4021,devil-s-hot-chicken-noodles,Devil's Hot Chicken Noodles,groceries,"Noodles, Pasta & Soup",1 pc,40,,36,,1416
DM-1.1733,di-ling-washing-machine-slot-cleaning-block-dl-507,Di Ling Washing Machine Slot Cleaning Block DL-507,toys,Toys,1 pc,915,,28,,1435
DM-7.3273,divya-foods-black-bhatta-1kg,Divya Foods Black Bhatta 1kg,groceries,Dal & Pulses,1kg,215,,41,,1489
DM-7.4296,divya-foods-chana-daal-500gm,Divya Foods Chana Daal 500gm,groceries,Dal & Pulses,500g,125,,13,,1491
DM-7.4309,divya-foods-chana-geda-500gm,Divya Foods Chana Geda 500gm,groceries,Dal & Pulses,500g,125,110,21,,1492
DM-7.4284,divya-foods-dalchini-bokra-100gm,Divya Foods Dalchini Bokra 100gm,groceries,Spices & Masala,100g,70,,57,,1493
DM-7.4299,divya-foods-masoor-daal-500gm,Divya Foods Masoor Daal 500gm,groceries,Dal & Pulses,500g,110,,32,,1510
DM-7.4297,divya-foods-moong-daal-500gm,Divya Foods Moong Daal 500gm,groceries,Dal & Pulses,500g,105,,54,,1515
DM-7.4301,divya-foods-moong-geda-500gm,Divya Foods Moong Geda 500gm,groceries,Dal & Pulses,500g,130,120,59,,1516
DM-7.4312,divya-foods-rajma-geda-500gm,Divya Foods Rajma Geda 500gm,groceries,Dal & Pulses,500g,105,,16,,1517
DM-7.431,divya-foods-white-bhatta-500gm,Divya Foods White Bhatta 500gm,groceries,Dal & Pulses,500g,110,,53,,1526
DM-7.127,dizzle-paan-masala-mix-flvr-140g,Dizzle Paan Masala Mix Flvr 140g,groceries,Spices & Masala,140g,100,,8,,1536
DM-7.4514,dobate-sutkeri-masala-400gm,Dobate Sutkeri Masala 400gm,groceries,Spices & Masala,400g,205,,45,,1538
DM-7.4427,doonmalai-4star-rice-20kg,Doonmalai 4star Rice 20kg,groceries,Rice & Grains,20kg,3020,,16,,1583
DM-7.1791,doonmalai-5-star-briyani-rice-5kg,Doonmalai 5 Star Briyani Rice 5kg,snacks,Chocolates & Candy,5kg,3500,,57,,1584
DM-7.4115,doonmalai-5star-rice-20kg,Doonmalai 5star Rice 20kg,snacks,Chocolates & Candy,20kg,3500,,11,,1585
DM-7.1529,doonmalai-basmati-biryani-rice-1kg,Doonmalai Basmati Biryani Rice 1kg,groceries,Rice & Grains,1kg,245,,20,,1586
DM-7.3275,doonmalai-basmati-rice-4star-25kg,Doonmalai Basmati Rice 4Star 25kg,groceries,Rice & Grains,25kg,3770,,10,,1587
DM-1.1778,dove-crean-beauty-bathing-bar-3x100gm,Dove Crean Beauty Bathing Bar 3x100gm,groceries,Cooking Essentials,3 x 100g,160,130,11,,1624
DM-7.726,druck-synthetic-vinegar-700ml,Druck Synthetic Vinegar 700ml,groceries,"Sauces, Pickles & Spreads",700ml,335,,28,,1664
DM-7.15,druk-green-chillisayce-200g,Druk Green ChilliSayce 200g,groceries,Spices & Masala,200g,115,,41,,1669
DM-7.16,druk-sythetic-vinegar300ml,Druk Sythetic Vinegar300ml,groceries,"Sauces, Pickles & Spreads",300ml,170,,23,,1679
DM-7.1963,druk-tomato-sweet-n-spicy-chilli-200g,Druk Tomato Sweet 'n'spicy Chilli 200g,snacks,Chocolates & Candy,200g,375,,33,,1680
DM-7.131,eno-fruit-salt-lemon-flavour-5g,ENO Fruit Salt Lemon Flavour 5g,health-hygiene,Health & Wellness,5g,35,,9,,1810
DM-7.4749,figaro-capers-in-vinegar-60gm,Figaro Capers In Vinegar 60gm,groceries,"Sauces, Pickles & Spreads",60g,60,,20,,1940
DM-7.4462,figaro-cornichons-in-vinegar-190gm,Figaro Cornichons In Vinegar 190gm,groceries,"Sauces, Pickles & Spreads",190g,135,,36,,1941
DM-7.4817,first-choice-ajinamoto-200g,First Choice Ajinamoto 200g,groceries,Spices & Masala,200g,110,,15,,1949
DM-7.4807,first-choice-baking-powder-100g,First Choice Baking Powder 100g,groceries,Cooking Essentials,100g,80,,53,,1950
DM-7.2126,first-choice-black-pepper-25g,First Choice Black Pepper 25g,groceries,Spices & Masala,25g,25,,37,,1957
DM-7.3377,first-choice-mustard-seed100g,First Choice Mustard seed100g,groceries,Spices & Masala,100g,75,70,37,,3
DM-7.4657,first-choice-tej-patta-50g,First Choice Tej Patta 50g,groceries,Spices & Masala,50g,45,,35,,1981
DM-7.3382,first-choice-tej-patta25g,First Choice Tej patta25g,groceries,Spices & Masala,25g,30,,26,,1982
DM-7.2122,first-choice-panipuri-masala-50g,First Choice Panipuri Masala 50g,snacks,"Chips, Namkeen & Snacks",50g,40,,18,,1979
DM-7.4826,first-choice-chicken-masala-25gm,First Choice Chicken Masala 25gm,groceries,Spices & Masala,25g,25,,36,,1961
DM-7.4825,first-choice-garam-masala-25gm,First Choice Garam Masala 25gm,groceries,Spices & Masala,25g,25,,14,,1965
DM-7.4193,first-choice-mix-masala-100gm,First Choice Mix Masala 100gm,groceries,Spices & Masala,100g,80,,38,,1973
DM-7.4829,first-choice-mutton-curry-masala-50gm,First Choice Mutton Curry Masala 50gm,groceries,Spices & Masala,50g,45,,22,,1977
DM-7.4354,foodco-baking-powder-100gm,Foodco Baking Powder 100gm,groceries,Cooking Essentials,100g,70,,58,,2054
DM-7.4355,foodco-baking-powder-400gm,Foodco Baking Powder 400gm,groceries,Cooking Essentials,400g,245,,47,,2055
DM-7.4353,foodco-baking-soda-100gm,Foodco Baking Soda 100gm,groceries,Cooking Essentials,100g,70,,26,,2056
DM-7.4356,foodco-baking-soda-400gm,Foodco Baking Soda 400gm,groceries,Cooking Essentials,400g,225,,45,,2057
DM-7.4357,foodco-corn-flour-800gm,Foodco Corn Flour 800gm,groceries,"Atta, Flour & Sooji",800g,95,,35,,2058
DM-7.4415,fortune-aeveryday-basmati-rice-1-kg,Fortune AEveryday Basmati Rice 1 kg,groceries,Rice & Grains,1kg,230,,30,,2064
DM-7.4416,fortune-aeveryday-basmati-rice-5kg,Fortune AEveryday Basmati Rice 5kg,groceries,Rice & Grains,5kg,825,,15,,2065
DM-7.4414,fortune-premium-long-grain-basmati-rice-5-kg,Fortune Premium Long Grain Basmati Rice 5 kg,groceries,Rice & Grains,5kg,965,,47,,2067
DM-7.4417,fortune-rozana-gold-basmati-rice-1-kg,Fortune Rozana Gold Basmati Rice 1 kg,groceries,Rice & Grains,1kg,220,,14,yes,2071
DM-7.4413,fortune-soya-chunks-200g,Fortune Soya Chunks 200g,groceries,Oil & Ghee,200g,95,80,48,,2072
DM-7.4408,fortune-sunflour-oil-2-ltr,Fortune Sunflour Oil 2 ltr,groceries,Oil & Ghee,2L,570,,33,,2074
DM-7.4412,fortune-sunflour-oil-5-ltr,Fortune Sunflour Oil 5 ltr,groceries,Oil & Ghee,5L,1070,900,23,,2075
DM-7.4662,fortune-premium-long-grain-basmati-rice-20gm,Fortune Premium Long Grain Basmati Rice 20gm,groceries,Rice & Grains,20g,60,,44,,2066
DM-7.4426,fortune-rice-bran-health-oil-1ltr,Fortune Rice Bran Health Oil 1ltr,groceries,Rice & Grains,1L,230,,22,yes,2070
DM-7.3713,g4-chilli-garlic-mix-200gm,G4 Chilli Garlic Mix 200gm,groceries,Spices & Masala,200g,110,,9,,2098
DM-7.435,g4-fapar-noodles-100gm,G4 Fapar Noodles 100gm,groceries,"Noodles, Pasta & Soup",100g,35,,45,,2099
DM-7.4349,g4-mini-noodles-100gm,G4 Mini Noodles 100gm,groceries,"Noodles, Pasta & Soup",100g,25,,51,,2100
DM-7.3714,g4-refined-wheat-stick-noodles-1kg,G4 Refined Wheat Stick Noodles 1kg,groceries,"Noodles, Pasta & Soup",1kg,255,,17,,2101
DM-7.4466,gazzabko-piro-dalle-kursani-60g,Gazzabko Piro Dalle Kursani 60g,snacks,"Chips, Namkeen & Snacks",60g,45,,23,,2169
DM-1.1676,gillette-after-shave-splash-icy-cool-refreshing-100ml,Gillette After Shave Splash /icy cool/Refreshing 100ml,beauty-skincare,Men's Grooming,100ml,200,,14,,2185
DM-7.66,global-choice-classic-dalli-mushrooms-whole-400g,Global Choice/classic/dalli Mushrooms Whole 400g,groceries,Cooking Essentials,400g,220,,14,,2231
DM-7.4576,goodlife-jeera-cookies-biscuit-100gm,Goodlife Jeera Cookies Biscuit 100gm,snacks,Biscuits & Cookies,100g,60,,18,,2293
DM-7.4235,goodlife-sugar-free-cracker-biscuits-50gm,Goodlife Sugar Free Cracker Biscuits 50gm,snacks,Biscuits & Cookies,50g,35,,39,,2300
DM-7.4477,goodlife-sugar-free-digestive-biscuit-200gm,Goodlife Sugar Free Digestive Biscuit 200gm,snacks,Biscuits & Cookies,200g,100,,43,,2301
DM-7.9,goodric-sela-rice-25kg,Goodric Sela Rice 25kg,groceries,Rice & Grains,25kg,3740,,28,,2304
DM-7.54,gyan-chakki-atta-2kg,Gyan Chakki Atta 2kg,groceries,"Atta, Flour & Sooji",2kg,185,,31,,2328
DM-7.2439,gyan-chiura-800g,Gyan Chiura 800g,snacks,"Chips, Namkeen & Snacks",800g,450,,16,,2329
DM-7.1871,gyan-premium-maas-dal-1kg,Gyan Premium Maas Dal 1kg,groceries,Dal & Pulses,1kg,210,,21,,2331
DM-7.1872,gyan-premium-masoor-dal-1kg,Gyan Premium Masoor Dal 1kg,groceries,Dal & Pulses,1kg,175,,34,,2332
DM-7.3116,haldhiram-salted-peanut-360gm,Haldhiram Salted Peanut 360gm,snacks,"Chips, Namkeen & Snacks",360g,230,,15,,2361
DM-7.664,haldiram-aaj-delista-specialli-vermicelli-115g,Haldiram Aaj Delista Specialli Vermicelli 115g,groceries,"Noodles, Pasta & Soup",115g,50,45,44,,2365
DM-7.661,haldiram-aaloo-bhujia-400g,Haldiram Aaloo Bhujia 400g,snacks,"Chips, Namkeen & Snacks",400g,225,,38,,2366
DM-7.3897,haldiram-all-in-one-1kg,Haldiram All In One 1kg,snacks,"Chips, Namkeen & Snacks",1kg,505,,36,,2368
DM-7.666,haldiram-all-in-one-360g,Haldiram All In One 360g,snacks,"Chips, Namkeen & Snacks",360g,225,,52,yes,2369
DM-7.294,haldiram-aloo-bhujia-200g,Haldiram Aloo Bhujia 200g,snacks,"Chips, Namkeen & Snacks",200g,130,,38,,2371
DM-7.719,haldiram-bhujia-1kg,Haldiram Bhujia 1kg,snacks,"Chips, Namkeen & Snacks",1kg,500,,24,yes,2373
DM-7.555,haldiram-chana-cracker-200g,Haldiram Chana Cracker 200g,groceries,Dal & Pulses,200g,65,,38,yes,2374
DM-7.4536,haldiram-dalmoth-mixture-220g,Haldiram Dalmoth Mixture 220g,snacks,"Chips, Namkeen & Snacks",220g,140,125,19,,2375
DM-7.85,haldiram-deligta-macaronil-450g,Haldiram Deligta Macaronil 450g,groceries,"Noodles, Pasta & Soup",450g,140,,38,,2376
DM-7.802,haldiram-gulab-jamun-500g,Haldiram Gulab Jamun 500g,snacks,Chocolates & Candy,500g,765,,49,yes,2378
DM-7.277,haldiram-gulab-jamun-1kg,Haldiram Gulab Jamun 1kg,snacks,Chocolates & Candy,1kg,1350,,53,,2377
DM-7.859,haldiram-gup-shup-peanuts-namkeen-200gm,Haldiram Gup Shup Peanuts Namkeen 200gm,snacks,"Chips, Namkeen & Snacks",200g,120,,24,yes,2379
DM-7.4693,haldiram-matari-200g,Haldiram Matari 200g,snacks,"Chips, Namkeen & Snacks",200g,120,,10,yes,2384
DM-7.556,haldiram-navrattan-1kg,Haldiram Navrattan 1kg,snacks,"Chips, Namkeen & Snacks",1kg,585,,15,yes,2364
DM-7.177,haldiram-punjabi-masala-papad,Haldiram Punjabi Masala Papad,snacks,"Chips, Namkeen & Snacks",1 pkt,65,,43,yes,2393
DM-7.278,haldiram-rasgulla-1kg,Haldiram Rasgulla 1kg,snacks,Chocolates & Candy,1kg,1380,,14,,2395
DM-7.71,haldiram-rasgulla-500g,Haldiram Rasgulla 500g,snacks,Chocolates & Candy,500g,695,,37,yes,2396
DM-7.598,haldiram-soan-papdi-deshi-ghee-500g,Haldiram Soan Papdi Deshi Ghee 500g,snacks,Chocolates & Candy,500g,755,,50,,2398
DM-7.6,haldiram-soan-papdi-desi-ghee-250g,Haldiram Soan Papdi Desi Ghee 250g,snacks,Chocolates & Candy,250g,450,,27,yes,2399
DM-7.599,haldiram-soan-papdi-veg-oil-200g,Haldiram Soan Papdi Veg Oil 200g,snacks,Chocolates & Candy,200g,370,,29,,2400
DM-7.293,haldiram-all-in-one-180g,Haldiram All In One 180g,snacks,"Chips, Namkeen & Snacks",180g,105,,33,yes,2367
DM-7.667,haldiram-aloo-bhujia-1kg,Haldiram Aloo Bhujia 1kg,snacks,"Chips, Namkeen & Snacks",1kg,575,465,43,,2370
DM-7.29,haldiram-bhujia-180g,Haldiram Bhujia 180g,snacks,"Chips, Namkeen & Snacks",180g,120,,46,yes,2372
DM-7.285,haldiram-khatta-meetha-180g,Haldiram Khatta Meetha 180g,snacks,"Chips, Namkeen & Snacks",180g,110,,29,,2381
DM-7.171,haldiram-khatta-meetha-1kg,Haldiram Khatta Meetha 1kg,snacks,"Chips, Namkeen & Snacks",1kg,520,,27,yes,2363
DM-7.279,haldiram-khatta-meetha-360g,Haldiram Khatta Meetha 360g,snacks,"Chips, Namkeen & Snacks",360g,205,,34,,2382
DM-7.471,haldiram-matar-heeng-jeera-170gm,Haldiram Matar Heeng Jeera 170gm,snacks,"Chips, Namkeen & Snacks",170g,115,,38,yes,2383
DM-7.48,haldiram-moong-1kg,Haldiram Moong 1kg,groceries,Dal & Pulses,1kg,200,,15,,2386
DM-7.284,haldiram-moong-dal180g,Haldiram Moong Dal180g,groceries,Dal & Pulses,180g,65,,39,yes,2388
DM-7.281,haldiram-moong-dal-360gm,Haldiram Moong Dal 360gm,groceries,Dal & Pulses,360g,85,,22,yes,2387
DM-7.283,haldiram-nut-cracker-200gm,Haldiram Nut Cracker 200gm,snacks,Biscuits & Cookies,200g,115,,15,yes,2389
DM-7.292,haldiram-nut-cracker-400g,Haldiram Nut Cracker 400g,snacks,Biscuits & Cookies,400g,185,,19,yes,2390
DM-7.288,haldiram-plain-bhujia-180g,Haldiram Plain Bhujia 180g,snacks,"Chips, Namkeen & Snacks",180g,130,,48,,2391
DM-7.289,haldiram-plain-bhujia-360g,Haldiram Plain Bhujia 360g,snacks,"Chips, Namkeen & Snacks",360g,190,,12,,2392
DM-7.282,haldiram-punjabi-tadka-200g,Haldiram Punjabi Tadka 200g,snacks,"Chips, Namkeen & Snacks",200g,135,,26,yes,2394
DM-7.4558,haldiram-timur-furandana-220gm,Haldiram Timur Furandana 220gm,snacks,"Chips, Namkeen & Snacks",220g,140,130,38,,2401
DM-7.3831,haldiram-s-takatak-chatpata-masala-70gm,Haldiram's Takatak Chatpata Masala 70gm,snacks,"Chips, Namkeen & Snacks",70g,50,,31,,2402
DM-7.2178,haldirams-dal-biji-200g,Haldirams Dal Biji 200g,snacks,"Chips, Namkeen & Snacks",200g,130,,13,,2405
DM-7.369,haldirams-panchrattan-200g,Haldirams Panchrattan 200g,snacks,"Chips, Namkeen & Snacks",200g,115,,51,,2408
DM-7.868,haldirams-sada-papad,Haldirams Sada Papad,snacks,"Chips, Namkeen & Snacks",1 pc,60,,30,,2410
DM-7.37,haldirams-soan-papdi-classic-veg-oil-500g,Haldirams Soan Papdi Classic Veg Oil 500g,snacks,Chocolates & Candy,500g,750,,22,,2411
DM-7.37-2,haldirams-bhujia-360g,Haldirams Bhujia 360g,snacks,"Chips, Namkeen & Snacks",360g,220,,19,,2403
DM-7.16-2,haldirams-chana-jor-garam-180g,Haldirams Chana Jor Garam 180g,groceries,Dal & Pulses,180g,55,,25,,2404
DM-7.371,haldirams-navrattan-180g,Haldirams Navrattan 180g,snacks,"Chips, Namkeen & Snacks",180g,110,,11,,2406
DM-7.162,haldirams-plan-bhujia-1kg,Haldirams Plan Bhujia 1kg,snacks,"Chips, Namkeen & Snacks",1kg,500,,45,,2409
DM-7.1477,haldirams-soystix-chatpata-mashala-150g,Haldirams Soystix Chatpata Mashala 150g,snacks,"Chips, Namkeen & Snacks",150g,105,,11,,2412
DM-1.211,halo-nourishing-shampoo-conditioner-875ml,Halo Nourishing shampoo+conditioner 875ml,beauty-skincare,Hair Care,875ml,830,755,37,,2413
DM-7.3883,hanami-hot-chilli-flavour-prawn-110gm,Hanami Hot Chilli Flavour Prawn 110gm,groceries,Spices & Masala,110g,70,65,16,,2419
DM-9.771,happy-weaning-rice-ceremony,Happy Weaning /rice Ceremony,groceries,Rice & Grains,1 pc,190,,55,,2424
DM-5.264,happydent-wave-sugarfree-28-8g,Happydent Wave Sugarfree 28.8g,snacks,Chocolates & Candy,28.8g,65,55,39,,2436
DM-7.3122,harlals-salted-cashew-100gm,Harlals Salted Cashew 100gm,groceries,"Dry Fruits, Nuts & Seeds",100g,235,210,12,,2467
DM-7.3123,harlals-salted-cashew-200gm,Harlals Salted Cashew 200gm,groceries,"Dry Fruits, Nuts & Seeds",200g,385,,21,,2468
DM-7.1479,hi-life-soya-chunks-150gm,Hi- Life Soya Chunks 150gm,groceries,Cooking Essentials,150g,95,,17,,2521
DM-7.2294,hi-life-instant-oats-2min400gm,Hi-Life Instant Oats 2min400gm,groceries,Breakfast & Cereals,400g,260,,10,,2524
DM-7.2295,hi-life-white-oats-5min400gm,Hi-Life White Oats 5min400gm,groceries,Breakfast & Cereals,400g,280,,23,,2527
DM-7.2451,hi-life-instant-oats-450g-jar,Hi-life Instant Oats 450g Jar,groceries,Breakfast & Cereals,450g,335,,31,,2525
DM-7.1568,hi-life-super-fine-chiura-700g,Hi-life Super Fine Chiura 700g,snacks,"Chips, Namkeen & Snacks",700g,375,,58,,2526
DM-5.799,hilife-cornflakes-no-added-sugar-300gm,Hilife CornFlakes No Added Sugar 300gm,groceries,Breakfast & Cereals,300g,245,,9,,2561
DM-7.3076,hilife-cornflakes-sugar-free-450gm,Hilife Cornflakes Sugar Free 450gm,groceries,Breakfast & Cereals,450g,290,,52,,2562
DM-7.4793,hilife-everyaday-basmati-rice-1-kg,Hilife Everyaday Basmati Rice 1 kg,groceries,Rice & Grains,1kg,240,,15,,2564
DM-7.4746,hilife-everyaday-basmati-rice-5-kg,Hilife Everyaday Basmati Rice 5 kg,groceries,Rice & Grains,5kg,950,770,33,,2563
DM-7.405,hilife-extra-long-grain-basmati-rice-1-kg,Hilife Extra Long Grain Basmati Rice 1 kg,groceries,Rice & Grains,1kg,225,,41,,2565
DM-7.2165,hilife-instant-oats-950g-jar,Hilife Instant Oats 950g Jar,groceries,Breakfast & Cereals,950g,535,,48,,2566
DM-7.4672,hilife-muesli-cookie-magic-300g,Hilife Muesli Cookie Magic 300g,snacks,Biscuits & Cookies,300g,155,,32,,2570
DM-5.8,hilife-muesli-fruits-and-nuts-300gm-jar,Hilife Muesli Fruits And Nuts 300gm Jar,groceries,Breakfast & Cereals,300g,240,,31,,2571
DM-7.4048,hilife-pulao-basmati-rice-1-kg,Hilife Pulao Basmati Rice 1 kg,groceries,Rice & Grains,1kg,215,,43,,2572
DM-7.4049,hilife-pulao-basmati-rice-5-kg,Hilife Pulao Basmati Rice 5 kg,groceries,Rice & Grains,5kg,835,,14,,2573
DM-7.2794,hilife-white-oats-425gm-jar,Hilife White Oats 425gm Jar,groceries,Breakfast & Cereals,425g,275,,54,,2582
DM-7.2795,hilife-white-oats-950gm,Hilife White Oats 950gm,groceries,Breakfast & Cereals,950g,615,,49,,2581
DM-7.3981,hilife-quinoa-seed-400gm,Hilife Quinoa Seed 400gm,groceries,Rice & Grains,400g,105,,36,,2576
DM-7.443,hill-queen-basmati-rice-premium-1kg,Hill Queen Basmati Rice Premium 1kg,groceries,Rice & Grains,1kg,230,,25,,2584
DM-7.1528,hill-queen-basmati-rice-5kg,Hill Queen Basmati Rice 5kg,groceries,Rice & Grains,5kg,780,,17,,2583
DM-3.604,himalaya-baby-derma-cream-pure-cow-ghee50g,Himalaya Baby Derma Cream Pure Cow ghee50g,baby-care,Baby Bath & Skin Care,50g,130,,21,yes,2598
DM-2.2996,himalaya-dark-spot-clearing-turmeric-face-wash-100ml,Himalaya Dark Spot Clearing Turmeric Face Wash 100ml,beauty-skincare,Skin Care,100ml,340,310,47,,2607
DM-2.105,himalaya-herbals-aloe-cucumber-refreshing-200ml,Himalaya Herbals Aloe & Cucumber Refreshing 200ml,beauty-skincare,Skin Care,200ml,530,,38,yes,2626
DM-2.1699,himalaya-herbals-nourishing-skin-cream-50ml,Himalaya Herbals Nourishing Skin Cream 50ML,beauty-skincare,Skin Care,50ml,185,,39,yes,2638
DM-2.1375,himalaya-herbals-refreshing-clarifying-toner-100m,Himalaya Herbals Refreshing &Clarifying Toner 100m,beauty-skincare,Skin Care,1 pc,475,,32,yes,2644
DM-1.1224,himalaya-neem-turmeric-soap-75g,Himalaya Neem & Turmeric Soap 75g,beauty-skincare,Bath & Body,75g,90,,56,,2589
DM-1.851,himalaya-neem-turmeric-shop125,Himalaya Neem @Turmeric shop125,beauty-skincare,Skin Care,1 pc,475,,15,yes,2655
DM-2.98,himalaya-herbals-nourishing-body-lotion-200ml,Himalaya Herbals Nourishing Body Lotion 200ml,beauty-skincare,Bath & Body,200ml,210,,22,,2636
DM-2.803,himalaya-herbals-nourishing-skin-cream-100ml,Himalaya Herbals Nourishing Skin Cream 100ml,beauty-skincare,Skin Care,100ml,315,,32,yes,2637
DM-1.1083,himalaya-neem-turmeric-soap-buy3get-a1free75g,Himalaya Neem Turmeric Soap buy3get a1free75g,beauty-skincare,Bath & Body,75g,110,,50,yes,2656
DM-7.203-2,himali-mix-dalmoth-625gm,Himali Mix Dalmoth 625gm,snacks,"Chips, Namkeen & Snacks",625g,340,,26,,2681
DM-7.247,himali-mix-sada-dalmoth-850g,Himali Mix Sada Dalmoth 850g,snacks,"Chips, Namkeen & Snacks",850g,465,415,35,,2684
DM-7.2926,hing-peda-250gm,Hing Peda 250gm,snacks,Chocolates & Candy,250g,460,,24,,2689
DM-7.624,hulas-sonam-rice-20kg,Hulas Sonam Rice 20kg,groceries,Rice & Grains,20kg,2720,,14,,2730
DM-7.636,hulas-sonam-special-rice-5kg,Hulas Sonam Special Rice 5kg,groceries,Rice & Grains,5kg,765,,48,,2731
DM-7.1493,hulas-idly-mansuli-rice-5-kg,Hulas Idly Mansuli Rice 5 kg,groceries,Rice & Grains,5kg,945,770,40,,2729
DM-7.3499,india-gate-basmati-rice-daily-premium1kg,India Gate Basmati Rice Daily Premium1kg,groceries,Rice & Grains,1kg,220,,47,yes,2743
DM-7.3487,india-gate-basmati-rice-dubar-10kg,India Gate Basmati Rice Dubar 10kg,groceries,Rice & Grains,10kg,1550,1370,17,,2744
DM-7.1699,india-gate-basmati-rice-dubar-5-kg,India Gate Basmati Rice Dubar 5 kg,groceries,Rice & Grains,5kg,815,695,19,,2745
DM-7.414,jackpot-akabare-noodles-50gm,Jackpot Akabare Noodles 50gm,groceries,"Noodles, Pasta & Soup",50g,25,,59,,2759
DM-7.523,jacobs-soda-crackers-no-added-sugar,Jacobs Soda Crackers No Added Sugar,snacks,Biscuits & Cookies,1 pkt,65,55,43,,2763
DM-7.3707,jasmine-chicken-masala-50g,Jasmine Chicken Masala 50g,groceries,Rice & Grains,50g,60,,48,,2767
DM-7.4559,jasmine-cumin-powder-200gm,Jasmine Cumin Powder 200gm,groceries,Rice & Grains,200g,70,60,19,,2770
DM-7.4059,jasmine-garam-masala-50gm,Jasmine Garam Masala 50gm,groceries,Rice & Grains,50g,60,,40,,2771
DM-7.3708,jasmine-meat-masala-50g,Jasmine Meat Masala 50g,groceries,Rice & Grains,50g,60,,14,,2773
DM-7.4561,jasmine-mix-masala-100gm,Jasmine Mix Masala 100gm,groceries,Rice & Grains,100g,60,,35,,2774
DM-7.3704,jasmine-momo-masala-50g,Jasmine Momo Masala 50g,groceries,Rice & Grains,50g,60,,32,,2776
DM-7.3684,jeera-geda-100gm,Jeera Geda 100gm,groceries,Spices & Masala,100g,65,,38,,2792
DM-1.2227,jiessia-refreshing-cleaning-shower-gel-750ml,Jiessia Refreshing & Cleaning Shower Gel 750ml,beauty-skincare,Bath & Body,750ml,715,675,8,,2805
DM-2.103,joy-honey-almonds-ultimate-nourishing-body-lotion-400ml,Joy Honey & Almonds Ultimate Nourishing Body Lotion 400ml,beauty-skincare,Bath & Body,400ml,380,335,40,,2841
DM-2.163,joy-honey-almonds-nourishing-cream-100ml,Joy Honey & Almonds Nourishing Cream 100ml,beauty-skincare,Skin Care,100ml,295,,14,,2839
DM-7.1868,kabuli-chana-geda-500gm,Kabuli Chana Geda 500gm,groceries,Dal & Pulses,500g,105,,59,,2885
DM-7.4646,kanak-bandhani-hing,Kanak Bandhani Hing,groceries,Spices & Masala,1 pc,85,,54,,2889
DM-7.3602,kashmiri-kesar-low-sugar-rice-30kg,Kashmiri Kesar Low Sugar Rice 30kg,groceries,Rice & Grains,30kg,4380,,39,,2912
DM-2.3954,kejjan-s-rice-water-b8-b5-vitamin-face-wash-100gm,Kejjan's Rice Water B8-B5 Vitamin Face Wash 100gm,beauty-skincare,Skin Care,100g,285,,22,,2964
DM-5.1095,kellogg-s-choco-millet-muesli-400g,Kellogg's Choco Millet Muesli 400g,groceries,Breakfast & Cereals,400g,295,,29,,2972
DM-5.159,kelloggs-muesli-with-0-added-sugar-5-grains-500g,Kelloggs Muesli With 0% Added Sugar 5 Grains 500g,groceries,Breakfast & Cereals,500g,360,,20,,2982
DM-5.498,kelloggs-muesli-fruit-nut-magic-delight-500g,Kelloggs Muesli Fruit @nut /magic/delight 500g,groceries,Breakfast & Cereals,500g,355,300,30,,2981
DM-5.828,kelloggs-oats-1-5kg,Kelloggs Oats 1.5kg,groceries,Breakfast & Cereals,1.5kg,870,,52,,2984
DM-7.2526,khajurico-golden-mix-dalmoth500g,Khajurico Golden Mix Dalmoth500g,snacks,"Chips, Namkeen & Snacks",500g,290,,44,,3015
DM-6.163,khukuri-spiced-run-180ml,Khukuri Spiced Run 180ml,liquor-smoking,"Whisky, Rum & Spirits",180ml,910,,20,,3029
DM-7.4057,lali-noodles-hot-spicy-akabare-60gm,Lali Noodles Hot & Spicy Akabare 60gm,groceries,"Noodles, Pasta & Soup",60g,25,,29,,3146
DM-2.4056,leito-rice-water-sunscreen-with-niancinamide-spf-60,Leito Rice Water Sunscreen With Niancinamide Spf 60,beauty-skincare,Skin Care,1 pc,400,,40,,3185
DM-1.199,lifebuy-turmeric-and-honey-400g,LifeBuy Turmeric And Honey 400g,groceries,"Sauces, Pickles & Spreads",400g,220,,55,,3203
DM-6.118,lindeman-s-porphyry-sweet-refreshing-blanc-750ml,Lindeman`s Porphyry Sweet @Refreshing Blanc 750ml,snacks,Chocolates & Candy,750ml,1060,,24,,3209
DM-7.4584,local-faim-dalla-in-brine-350gm,Local Faim Dalla In Brine 350gm,groceries,Cooking Essentials,350g,190,,15,,3241
DM-7.4579,local-faim-dalle-and-garlic-350gm,Local Faim Dalle And Garlic 350gm,groceries,Spices & Masala,350g,175,,18,,3243
DM-2.365,london-refreshing-wipes-jasmine-lemon-white-ice-f,LonDon Refreshing Wipes jasmine/Lemon/white/ice F,cleaning,Tissues & Paper,1 pkt,110,,14,,3268
DM-2.2955,lords-keratin-nourishing-hair-mask-500g,Lords Keratin Nourishing Hair Mask 500g,beauty-skincare,Hair Care,500g,570,,51,,3278
DM-2.3769,lords-cares-rice-water-brightening-cream-100gm,Lords Cares Rice Water Brightening Cream 100gm,beauty-skincare,Skin Care,100g,340,,44,,3272
DM-2.3768,lords-cares-rice-water-gentle-cleanser-100ml,Lords Cares Rice Water Gentle Cleanser 100ml,beauty-skincare,Skin Care,100ml,300,,52,,3274
DM-1.854,loreal-6oil-nourish-nourishing-shampoo396,Loreal 6oil Nourish Nourishing shampoo396,beauty-skincare,Hair Care,1 pc,595,,44,,3292
DM-1.1593,loreal-extraordinary-oil-nourishing-conditioner-386ml,Loreal Extraordinary Oil Nourishing Conditioner 386ml,beauty-skincare,Hair Care,386ml,600,,29,,3294
DM-7.2363,maggi-2minutes-noodles-70g,Maggi -2Minutes Noodles 70g,groceries,"Noodles, Pasta & Soup",70g,30,,16,,3434
DM-7.1425,maggi-2-minute-noodles-140g,Maggi 2- Minute Noodles 140g,groceries,"Noodles, Pasta & Soup",140g,55,,15,yes,3435
DM-7.425,maggi-2minute-noodles-280gm,Maggi 2minute Noodles 280gm,groceries,"Noodles, Pasta & Soup",280g,95,90,15,,3436
DM-7.4557,maida-20kg,Maida 20kg,groceries,"Atta, Flour & Sooji",20kg,1590,,10,,3450
DM-7.128,maida-50kg,Maida 50kg,groceries,"Atta, Flour & Sooji",50kg,3320,,37,,3451
DM-3.518,mama-earth-deeply-nourishing-body-wash200ml,Mama Earth Deeply Nourishing Body wash200ml,beauty-skincare,Bath & Body,200ml,205,,24,,3482
DM-2.2417,mama-earth-rice-face-wash-100ml,Mama Earth Rice Face Wash 100ml,beauty-skincare,Skin Care,100ml,300,280,48,,3476
DM-2.3125,mama-earth-rice-water-dewy-sunscreen-50g,Mama Earth Rice Water Dewy Sunscreen 50g,beauty-skincare,Skin Care,50g,170,,30,,3499
DM-2.3309,mama-earth-rice-day-cream-50g,Mama Earth Rice Day Cream 50g,beauty-skincare,Skin Care,50g,185,,41,,3496
DM-2.3308,mama-earth-rice-face-scrub-100g,Mama Earth Rice Face Scrub 100g,beauty-skincare,Skin Care,100g,280,,56,,3497
DM-2.3313,mama-earth-rice-water-dewy-sunscreen-spf-50-80g,Mama Earth Rice Water Dewy Sunscreen Spf 50 80g,beauty-skincare,Skin Care,80g,280,,24,,3500
DM-2.3168,mamaearth-rice-oil-free-face-moisturizer-80gm,Mamaearth Rice Oil Free Face Moisturizer 80gm,beauty-skincare,Skin Care,80g,265,,53,,3522
DM-2.4096,mamaearth-rice-facial-kit,Mamaearth Rice Facial Kit,beauty-skincare,Skin Care,1 pc,450,,41,,3521
DM-2.3702,mamaearth-rice-water-dewy-face-toner-150ml,Mamaearth Rice Water Dewy Face Toner 150ml,beauty-skincare,Skin Care,150ml,440,,8,,3523
DM-1.2341,mamaearth-rice-water-strengthening-shampoo-400ml,Mamaearth Rice Water Strengthening Shampoo 400ml,beauty-skincare,Hair Care,400ml,420,,19,,3524
DM-7.396,mana-ko-chiura-granola-200gm,Mana Ko Chiura Granola 200gm,groceries,Breakfast & Cereals,200g,185,,50,,3534
DM-7.4748,masala-popcorn-55gm,Masala Popcorn 55gm,snacks,"Chips, Namkeen & Snacks",55g,50,,8,,3556
DM-7.61,masoor-daal-1-kg,Masoor Daal 1 kg,groceries,Dal & Pulses,1kg,205,,27,,3558
DM-7.3416,meidan-multi-grain-biscuit-sugar-free-365g,Meidan Multi -Grain Biscuit Sugar Free 365g,snacks,Biscuits & Cookies,365g,180,,49,,3592
DM-7.1362,meidan-soda-cracker-sugarfree-oat-seasame-mix-flvr-450g,Meidan Soda Cracker Sugarfree Oat/seasame & Mix Flvr 450g,groceries,Breakfast & Cereals,450g,280,,27,,3593
DM-2.4014,mg-goldline-rice-water-face-wash-100ml,Mg Goldline Rice Water Face Wash 100ml,beauty-skincare,Skin Care,100ml,285,,38,,3624
DM-2.3826,mini-tango-moiturizing-smoothing-lip-mask,Mini Tango Moiturizing & Smoothing Lip Mask,beauty-skincare,Skin Care,1 pc,270,,38,,3668
DM-7.356,misty-roll-dalchini-50gm,Misty Roll Dalchini 50gm,groceries,Spices & Masala,50g,45,,33,,3746
DM-7.619,moong-daal-1kg,Moong Daal 1kg,groceries,Dal & Pulses,1kg,215,,35,,3782
DM-7.3655,moong-geda-1kg,Moong Geda 1kg,groceries,Dal & Pulses,1kg,205,,32,,3783
DM-7.4622,munchys-sugar-crackers-390gm,Munchys Sugar Crackers 390gm,snacks,Biscuits & Cookies,390g,175,155,37,,3884
DM-7.4304,npf-pasta-chowmein-360g,NPF Pasta Chowmein 360g,groceries,"Noodles, Pasta & Soup",360g,120,,51,,4103
DM-7.391,npf-pasta-seviyan-150gm,NPF Pasta Seviyan 150gm,groceries,"Noodles, Pasta & Soup",150g,50,,32,,4102
DM-2.2688,natures-essence-nourishing-cream,Natures Essence Nourishing Cream,beauty-skincare,Skin Care,1 pc,485,460,39,,3936
DM-7.4103,naturesmith-regular-oregano-chilli-flakes,Naturesmith Regular oregano/ Chilli Flakes,groceries,Spices & Masala,1 pc,100,,33,,3938
DM-7.1334,naturesmith-peri-peri-spice-garlic-onion-powder-60g,Naturesmith Peri Peri spice/garlic/onion Powder 60g,groceries,Spices & Masala,60g,50,,16,,3937
DM-7.731,nebico-sugarfree-digestive-100g,Nebico Sugarfree Digestive 100g,snacks,Biscuits & Cookies,100g,55,45,46,,3945
DM-7.73,nebico-sugarfree-digestive-200g,Nebico Sugarfree Digestive 200g,snacks,Biscuits & Cookies,200g,120,,33,,3946
DM-7.3153,nesco-instant-oats-400gm,Nesco Instant Oats 400gm,groceries,Breakfast & Cereals,400g,295,,14,,3965
DM-5.7,nestle-cerelac-weat-rice-mixed-fuit-3,Nestle Cerelac Weat Rice Mixed Fuit 3,baby-care,Baby Food & Formula,1 pc,860,,15,,3972
DM-7.2587,newari-hill-grain-rice-20kg,Newari Hill Grain Rice 20kg,groceries,Rice & Grains,20kg,2910,,26,,3999
DM-7.2584,newari-shahi-pulao-basmati-rice-5kg,Newari Shahi Pulao Basmati Rice 5kg,groceries,Rice & Grains,5kg,820,660,26,,4001
DM-2.3866,nisha-refreshing-rose-water-50ml,Nisha Refreshing Rose Water 50ml,beauty-skincare,Skin Care,50ml,185,,26,,4029
DM-2.1616,nivea-extra-white-toner-refreshing-pearl-200ml,Nivea Extra White toner/ Refreshing Pearl 200ml,beauty-skincare,Bath & Body,200ml,240,,16,yes,4033
DM-2.706,nivea-visage-refreshing-cleansing-foam-100ml,Nivea Visage Refreshing Cleansing Foam 100ml,beauty-skincare,Bath & Body,100ml,120,,19,,4090
DM-7.1697,nutri-nesco-instant-oatmeal-oats-1-kg,Nutri/Nesco Instant Oatmeal Oats 1 kg,groceries,Breakfast & Cereals,1kg,660,,29,,4121
DM-16.254,okf-vinegar-zero-sugar-500-ml,OKF Vinegar Zero Sugar 500 ml,groceries,"Sauces, Pickles & Spreads",500ml,260,,13,,4148
DM-7.385,pintola-high-protein-dark-chocolate-muesli-400g,PIntola High Protein Dark Chocolate Muesli 400g,groceries,Breakfast & Cereals,400g,430,375,51,,4404
DM-7.4854,pahichan-buckewheat-pasta-400gm,Pahichan Buckewheat Pasta 400gm,groceries,"Noodles, Pasta & Soup",400g,120,,25,,4199
DM-7.4855,pahichan-millet-pasta-400gm,Pahichan Millet Pasta 400gm,groceries,"Noodles, Pasta & Soup",400g,140,,40,,4200
DM-7.1607,paicho-green-chilli-sause-200g,Paicho Green Chilli Sause 200g,groceries,"Sauces, Pickles & Spreads",200g,125,,49,,4204
DM-7.1462,paicho-white-vinegar-700ml,Paicho White Vinegar 700ml,groceries,"Sauces, Pickles & Spreads",700ml,325,,11,,4221
DM-7.1145,paicho-white-vinegar-300ml,Paicho White Vinegar 300ml,groceries,"Sauces, Pickles & Spreads",300ml,155,,10,,4220
DM-7.634,parle-monaco-classic-salty-snacks-150g,Parle Monaco Classic Salty Snacks 150g,snacks,Biscuits & Cookies,150g,75,,12,yes,4286
DM-20.136,patanjali-haldi-chandan-kanti-body-soap-100g,Patanjali Haldi Chandan Kanti Body Soap 100g,beauty-skincare,Bath & Body,100g,135,110,20,,4333
DM-20.144,patanjali-haldi-chandan-kanti-soap-25g,Patanjali Haldi Chandan Kanti Soap 25g,beauty-skincare,Bath & Body,25g,55,,29,,4334
DM-20.2,patanjali-haldi-chandan-kanti-soap-75g,Patanjali Haldi Chandan Kanti Soap 75g,beauty-skincare,Bath & Body,75g,100,80,53,,4335
DM-20.95,patanjali-haldi-chandan-kanti-150g,Patanjali Haldi Chandan Kanti 150g,groceries,Spices & Masala,150g,85,,12,yes,4332
DM-7.4074,pintola-high-protein-muesli-dark-chocolate-1-kg,Pintola High Protein Muesli Dark Chocolate 1 kg,groceries,Breakfast & Cereals,1kg,905,,50,,4405
DM-7.4075,pintola-high-protein-oats-chocolate-1-kg,Pintola High Protein Oats Chocolate 1 kg,groceries,Breakfast & Cereals,1kg,930,,12,,4406
DM-7.3846,pintola-high-protein-oats-chocolate-100gm,Pintola High Protein Oats Chocolate 100gm,groceries,Breakfast & Cereals,100g,160,,22,,4407
DM-7.4,platinum-basmati-rice-25kg,Platinum Basmati Rice 25kg,groceries,Rice & Grains,25kg,3920,,15,,4427
DM-2.2921,plom-salicylic-lactic-acid-skin-smoothing-gel-moisturizer-50g,Plom Salicylic & Lactic Acid Skin -smoothing Gel Moisturizer 50g,beauty-skincare,Fragrance & Deodorant,50g,240,,31,,4476
DM-2.3878,plom-rice-water-niacinamide-2-clear-moisture-gel-cream-25gm,Plom Rice Water & Niacinamide 2% Clear Moisture Gel Cream 25gm,beauty-skincare,Fragrance & Deodorant,25g,165,,28,,4469
DM-2.3279,plom-rice-water-niacinamide-clear-moisture-creme,Plom Rice Water & Niacinamide Clear Moisture Creme,beauty-skincare,Skin Care,1 pc,445,,11,,4470
DM-2.3283,plom-rice-water-niacinamide-simply-bright-face-wash-100ml,Plom Rice Water & Niacinamide Simply Bright Face Wash 100ml,beauty-skincare,Skin Care,100ml,330,,31,,4471
DM-2.241,ponds-dreamflower-fragrant-sandal-50g,Ponds Dreamflower Fragrant /sandal 50g,beauty-skincare,Skin Care,50g,215,,36,yes,4496
DM-2.152,ponds-dreamflower-sandal-fragrant-talc-100g,Ponds Dreamflower/sandal Fragrant Talc 100g,beauty-skincare,Bath & Body,100g,115,100,25,,4497
DM-7.3282,poshan-food-anadi-rice-1kg,Poshan Food Anadi Rice 1kg,groceries,Rice & Grains,1kg,235,,46,,4514
DM-7.2377,poshan-food-fapar-aata-buckwheat-powder-500g,Poshan Food Fapar aata(Buckwheat Powder )500g,groceries,Rice & Grains,500g,115,105,22,,4524
DM-7.2405,poshan-food-moong-geda500g,Poshan Food Moong Geda500g,groceries,Dal & Pulses,500g,115,,39,,4534
DM-7.3281,poshan-food-taichan-rice-1-kg,Poshan Food Taichan Rice 1 kg,groceries,Rice & Grains,1kg,235,,21,,4538
DM-7.2414,poshan-food-chana-sattu-gram-500g,Poshan Food Chana Sattu (gram )500g,groceries,Dal & Pulses,500g,120,,33,,4520
DM-7.2376,poshan-foods-jau-daliya-500g,Poshan Foods Jau Daliya 500g,groceries,Breakfast & Cereals,500g,375,,16,,4540
DM-7.3726,poshan-food-gau-daliya-wheat-grits-1-kg,Poshan Food Gau Daliya ( Wheat Grits) 1 kg,groceries,Breakfast & Cereals,1kg,530,,30,,4526
DM-7.4283,poshan-food-chana-besan-400gm,Poshan Food Chana Besan 400gm,groceries,Dal & Pulses,400g,95,,33,,4519
DM-7.3871,poshan-food-makai-bhatta-300gm,Poshan Food Makai Bhatta 300gm,groceries,Dal & Pulses,300g,90,,38,,4530
DM-7.4574,poshan-food-mix-daliya-1kg,Poshan Food Mix Daliya 1kg,groceries,Breakfast & Cereals,1kg,620,,17,,4532
DM-7.4391,poshan-food-mix-daliya-500gm,Poshan Food Mix Daliya 500gm,groceries,Breakfast & Cereals,500g,335,,59,,4533
DM-7.4575,poshan-food-sosta-rajma-daal-1kg,Poshan Food Sosta Rajma Daal 1kg,groceries,Dal & Pulses,1kg,215,,30,,4537
DM-7.1862,pran-delight-ghee-toast-biscuit-100gm,Pran Delight Ghee Toast Biscuit 100gm,dairy-frozen,"Bread, Cakes & Bakery",100g,55,,25,,4565
DM-7.3413,prasukh-premium-rice-25kg,Prasukh Premium Rice 25kg,groceries,Rice & Grains,25kg,3840,,27,,4580
DM-7.372,preeti-instant-noodles-meal-pack-90g,Preeti Instant Noodles Meal Pack 90g,groceries,"Noodles, Pasta & Soup",90g,40,,39,,4583
DM-7.4436,preeti-hot-chicken-noodles-60gm,Preeti Hot Chicken Noodles 60gm,groceries,"Noodles, Pasta & Soup",60g,30,,17,,4582
DM-7.1398,preeti-spicy-hot-chicken-noodles-50gm,Preeti Spicy Hot Chicken Noodles 50gm,groceries,"Noodles, Pasta & Soup",50g,25,,38,,4584
DM-7.3754,premium-red-star-rice-25kg,Premium Red Star Rice 25kg,groceries,Rice & Grains,25kg,3690,,38,,4589
DM-7.2463,priyagold-creme-crackers-sugar-free-300g,Priyagold Creme Crackers Sugar Free 300g,snacks,Biscuits & Cookies,300g,150,,39,,4604
DM-7.887,purnima-chilli-power-150gm,Purnima Chilli Power 150gm,groceries,Spices & Masala,150g,95,,39,,4619
DM-7.884,purnima-mix-masala-200g,Purnima Mix Masala 200g,groceries,Spices & Masala,200g,120,,34,,4623
DM-7.883,purnima-mix-masala-400g,Purnima Mix Masala 400g,groceries,Spices & Masala,400g,195,,25,,4624
DM-7.1522,purnima-turmeric-power-400g,Purnima Turmeric Power 400g,groceries,Spices & Masala,400g,215,180,45,,4626
DM-7.1299,purnima-turmeric-power-150g,Purnima Turmeric Power 150g,groceries,Spices & Masala,150g,100,,42,,4625
DM-7.1296,purnima-chilli-power-300g,Purnima Chilli Power 300g,groceries,Spices & Masala,300g,170,,22,,4620
DM-7.3486,quaker-oats-1kg,Quaker Oats 1kg,groceries,Breakfast & Cereals,1kg,560,,44,,4636
DM-7.3037,quaker-oats-400gm,Quaker Oats 400gm,groceries,Breakfast & Cereals,400g,320,,19,,4637
DM-7.3304,r-r-kushal-chana-chur-namkeen-200g,R&R Kushal Chana Chur Namkeen 200g,snacks,"Chips, Namkeen & Snacks",200g,125,,49,,4645
DM-7.4234,r-r-moong-daal-170gm,R&R Moong Daal 170gm,groceries,Dal & Pulses,170g,65,,41,,4652
DM-7.608,rajma-geda-1gk,Rajma Geda 1gk,groceries,Dal & Pulses,1 kg,185,,55,,4674
DM-7.4447,rakura-organic-turmeric-tulsi-ginger-green-tea,"Rakura Organic turmeric,tulsi&ginger Green Tea",beverages,Tea & Coffee,1 pc,270,,57,,4683
DM-7.4213,rakura-pure-masala-tea,Rakura Pure Masala Tea,beverages,Tea & Coffee,1 pc,225,,20,,4685
DM-7.692,ramba-noodles-70g,Ramba Noodles 70g,groceries,"Noodles, Pasta & Soup",70g,30,,12,,4687
DM-7.5,ramro-royal-sugar-free-cake-nuts-raisin,Ramro Royal Sugar Free Cake Nuts & Raisin,dairy-frozen,"Bread, Cakes & Bakery",1 pc,85,,15,,4700
DM-7.1236,ramro-sugar-free-coconut-cookies-90-10g,Ramro Sugar Free Coconut Cookies 90+10g,snacks,Biscuits & Cookies,10g,15,,16,,4704
DM-7.123,ramro-sugarfree-whole-wheat-digestive-cookies-90g,Ramro Sugarfree Whole Wheat Digestive Cookies 90g,snacks,Biscuits & Cookies,90g,55,,46,,4707
DM-7.1339,ramro-sugar-free-whole-wheat-digestive-cookies-130g,Ramro Sugar Free Whole Wheat Digestive Cookies 130g,snacks,Biscuits & Cookies,130g,80,70,40,,4705
DM-7.3306,ramro-sugar-free-whole-wheat-jeera-cookies-120g,Ramro Sugar Free Whole Wheat Jeera Cookies 120g,snacks,Biscuits & Cookies,120g,70,,26,,4706
DM-7.2826,rangeela-mix-dalmonth-600g,Rangeela Mix Dalmonth 600g,snacks,"Chips, Namkeen & Snacks",600g,295,,53,,4716
DM-7.2693,rara-ghee-1kg,Rara Ghee 1kg,groceries,"Noodles, Pasta & Soup",1kg,300,245,40,,4722
DM-7.4708,rara-hot-spicy-noodles-100g,Rara Hot & Spicy Noodles 100g,groceries,"Noodles, Pasta & Soup",100g,35,,38,,4723
DM-7.144,rara-instant-noodles-60g,Rara Instant Noodles 60g,groceries,"Noodles, Pasta & Soup",60g,30,,13,,4724
DM-7.3937,ratna-malika-roasted-chana-160gm,Ratna Malika Roasted Chana 160gm,groceries,Dal & Pulses,160g,60,,37,,4735
DM-7.394,ratna-malika-roasted-chana-310gm,Ratna Malika Roasted Chana 310gm,groceries,Dal & Pulses,310g,85,,28,,4736
DM-4.486,rice-spoon-plastic,Rice Spoon Plastic,kitchen-household,Kitchen Tools,1 pc,230,,15,,4772
DM-7.4667,rice-paper-400gm,Rice Paper 400gm,stationery,Notebooks & Paper,400g,120,110,26,,4770
DM-2.389,rice-sherbet-body-scrub-natural-500ml,Rice Sherbet Body Scrub Natural 500ml,beauty-skincare,Skin Care,500ml,1100,,40,,4771
DM-7.2757,rijal-kabuli-chana-200-g,Rijal Kabuli Chana 200 g,groceries,Dal & Pulses,200g,60,55,30,,4778
DM-7.2575,rijals-namkeen-top-10-mix-dalmoth,Rijals Namkeen Top 10 Mix Dalmoth,snacks,"Chips, Namkeen & Snacks",1 pack,65,,25,,4784
DM-7.314,rijals-namkeen-matar-masala-180g,Rijals Namkeen Matar Masala 180g,snacks,"Chips, Namkeen & Snacks",180g,120,,49,,4783
DM-7.302,rijals-rangeela-dalmoth-450g,Rijals Rangeela Dalmoth 450g,snacks,"Chips, Namkeen & Snacks",450g,250,,43,,4787
DM-7.152,rijals-rangeela-mixture-dalmoth-800g,Rijals Rangeela Mixture Dalmoth 800g,snacks,"Chips, Namkeen & Snacks",800g,380,,9,,4786
DM-7.137,rijals-salted-peanuts-300g,Rijals Salted Peanuts 300g,snacks,"Chips, Namkeen & Snacks",300g,175,,35,,4789
DM-7.2388,rijals-salted-peanuts-500g,Rijals Salted Peanuts 500g,snacks,"Chips, Namkeen & Snacks",500g,280,,13,,4790
DM-7.306,rijals-moong-dal180g,Rijals Moong dal180g,groceries,Dal & Pulses,180g,55,45,43,,4782
DM-7.529,roasted-chana-200g,Roasted Chana 200g,groceries,Dal & Pulses,200g,65,,30,,4801
DM-7.163,roasted-chana-375g,Roasted Chana 375g,groceries,Dal & Pulses,375g,95,,32,,4802
DM-7.4126,romeo-intant-noodles20gm,Romeo Intant noodles20gm,groceries,"Noodles, Pasta & Soup",20g,20,,38,,4822
DM-17.407,rose-flour-hair-bun-cover,Rose Flour Hair Bun Cover,dairy-frozen,"Bread, Cakes & Bakery",1 pc,70,,41,,4825
DM-7.3288,royal-bivab-chiura-1kg,Royal Bivab Chiura 1kg,snacks,"Chips, Namkeen & Snacks",1kg,475,,41,,4845
DM-7.3923,royal-timur-chilli-chop-250gm,Royal Timur-chilli Chop 250gm,groceries,"Sauces, Pickles & Spreads",250g,150,,20,,4864
DM-7.33,royal-bivab-chiura-700g,Royal Bivab Chiura 700g,snacks,"Chips, Namkeen & Snacks",700g,410,,24,,4846
DM-7.4634,royal-bivab-chowmein-noodles-200gm,Royal Bivab Chowmein Noodles 200gm,groceries,"Noodles, Pasta & Soup",200g,65,,41,,4847
DM-7.3983,royal-bivab-hakka-noodles-200gm,Royal Bivab Hakka Noodles 200gm,groceries,"Noodles, Pasta & Soup",200g,80,,22,,4848
DM-7.4635,royal-bivab-masala-paasta-175gm,Royal Bivab Masala Paasta 175gm,groceries,Spices & Masala,175g,120,,33,,4849
DM-7.4506,royal-bivab-penne-rigatoni-pasta-400gm,Royal Bivab Penne Rigatoni Pasta 400gm,groceries,"Noodles, Pasta & Soup",400g,120,105,57,,4850
DM-7.4636,royal-bivab-vermicelli-150gm,Royal Bivab Vermicelli 150gm,groceries,"Noodles, Pasta & Soup",150g,50,,51,,4851
DM-7.2604,s4-suji-rusk-with-elichi-250g,S4 Suji Rusk With Elichi 250g,dairy-frozen,"Bread, Cakes & Bakery",250g,115,,45,,4887
DM-7.1667,sf-cream-crackers-no-added-sugar-360g,SF Cream Crackers No Added Sugar 360g,snacks,Biscuits & Cookies,360g,165,,40,,5010
DM-2.938,sadore-hair-removal-mousse-silky-refreshing-care-150ml,Sadore Hair Removal Mousse Silky Refreshing Care 150ml,beauty-skincare,Hair Care,150ml,220,,35,,4890
DM-7.781,saffola-oats-1kg,Saffola Oats 1kg,groceries,Breakfast & Cereals,1kg,530,,32,,4898
DM-7.78,saffola-oats-400g,Saffola Oats 400g,groceries,Breakfast & Cereals,400g,305,,16,,4899
DM-7.1197,sai-kripa-gold-masala-tea-1kg,Sai Kripa Gold Masala Tea 1kg,beverages,Tea & Coffee,1kg,1130,955,14,,4909
DM-7.3429,sai-kripa-gold-masala-tea-250g-jar,Sai Kripa Gold Masala Tea 250g Jar,beverages,Tea & Coffee,250g,350,,44,,4910
DM-7.3428,sai-kripa-gold-masala-tea-3kg,Sai Kripa Gold Masala Tea 3kg,beverages,Tea & Coffee,3kg,3000,,49,,4911
DM-7.118,samyang-ramen-hot-chicken-2x-spicy-noodles-140g-lovely-hot,Samyang Ramen Hot Chicken/ 2x Spicy Noodles 140g\Lovely Hot,groceries,"Noodles, Pasta & Soup",140g,55,,34,,4925
DM-7.444,samyang-tangle-noodles-100g,Samyang Tangle Noodles 100g,groceries,"Noodles, Pasta & Soup",100g,45,,50,,4926
DM-7.1348,sarathi-siddhu-g-jeera-powder-500g,Sarathi /Siddhu-G Jeera Powder 500g,groceries,Spices & Masala,500g,280,,21,,4939
DM-7.1353,sarathi-mix-masala-100g,Sarathi Mix Masala 100g,groceries,Spices & Masala,100g,65,55,26,,4946
DM-7.1379,sarathi-chilli-powder-100gm,Sarathi Chilli Powder 100gm,groceries,Spices & Masala,100g,60,,20,,4941
DM-7.1349,sarathi-jeera-cumin-powder-100g,Sarathi jeera/cumin Powder 100g,groceries,Spices & Masala,100g,65,,18,,4943
DM-7.377,selva-pasta-all-flvr-500g,Selva Pasta All Flvr 500g,groceries,"Noodles, Pasta & Soup",500g,135,,39,,4978
DM-2.3445,senova-natural-fruit-papaya-nourishing-gentle-cleanser-100gm,Senova Natural Fruit Papaya Nourishing Gentle Cleanser 100gm,beauty-skincare,Skin Care,100g,340,,53,,4984
DM-2.3444,senova-natural-plants-camellia-smoothing-gentle-cleanser-100gm,Senova Natural Plants Camellia Smoothing Gentle Cleanser 100gm,beauty-skincare,Skin Care,100g,350,,13,,4987
DM-7.1764,sheetal-chana-besan-500gm,Sheetal Chana Besan 500gm,groceries,Dal & Pulses,500g,125,,38,,5015
DM-7.1752,sheetal-chana-besan250gm,Sheetal Chana besan250gm,groceries,Dal & Pulses,250g,70,,52,,5016
DM-7.828,shin-ramyun-noodle-soup-120g,Shin Ramyun Noodle Soup 120g,groceries,"Noodles, Pasta & Soup",120g,50,,23,,5023
DM-7.4399,shin-kimchi-cup-noodles-75gm,Shin Kimchi Cup Noodles 75gm,groceries,"Noodles, Pasta & Soup",75g,35,,19,,5020
DM-7.4398,shin-kimchi-noodles-120gm,Shin Kimchi Noodles 120gm,groceries,"Noodles, Pasta & Soup",120g,45,,47,,5021
DM-7.4397,shin-ramyun-stri-fry-noodles-131gm,Shin Ramyun Stri Fry Noodles 131gm,groceries,"Noodles, Pasta & Soup",131g,50,,26,,5025
DM-7.4396,shin-red-super-spicy-noodles-120gm,Shin Red Super Spicy Noodles 120gm,groceries,"Noodles, Pasta & Soup",120g,45,,59,,5026
DM-7.3674,shincup-noodle-soup-114g,Shincup Noodle Soup 114g,groceries,"Noodles, Pasta & Soup",114g,45,,18,,5027
DM-7.44-2,shincup-noodle-soup-75g,Shincup Noodle Soup 75g,groceries,"Noodles, Pasta & Soup",75g,30,,38,,5028
DM-7.4035,siddhi-vinayak-mix-dalmoth-160gm,Siddhi Vinayak Mix Dalmoth 160gm,snacks,"Chips, Namkeen & Snacks",160g,110,,8,,5042
DM-7.4034,siddhi-vinayak-mix-dalmoth-80gm,Siddhi Vinayak Mix Dalmoth 80gm,snacks,"Chips, Namkeen & Snacks",80g,60,55,24,,5043
DM-7.4033,siddhi-vinayak-moong-daal-80gm,Siddhi Vinayak Moong Daal 80gm,groceries,Dal & Pulses,80g,50,,52,,5044
DM-7.4032,siddhi-vinayak-moong-daal160gm,Siddhi Vinayak Moong daal160gm,groceries,Dal & Pulses,160g,50,,22,,5045
DM-7.4038,siddhi-vinayak-salted-peanuts,Siddhi Vinayak Salted Peanuts,snacks,"Chips, Namkeen & Snacks",1 pc,65,,35,,5049
DM-2.3991,silcon-rice-water-glow-boost-foam-cleanser-100gm,Silcon Rice Water Glow Boost Foam Cleanser 100gm,beauty-skincare,Skin Care,100g,300,,53,,5075
DM-7.1527,simi-dal-white-red-1kg,Simi Dal White / Red 1kg,groceries,Dal & Pulses,1kg,195,,30,,5090
DM-7.3301,six-villa-soya-chunks-150gm,Six Villa Soya Chunks 150gm,groceries,Cooking Essentials,150g,105,,27,,5115
DM-7.2777,soaltee-kurilo-instant-noodles-75gm,Soaltee Kurilo Instant Noodles 75gm,groceries,"Noodles, Pasta & Soup",75g,35,,54,,5153
DM-7.898,soda-crackers-sugarfree-450g,Soda Crackers Sugarfree 450g,snacks,Biscuits & Cookies,450g,230,,37,,5156
DM-7.4395,soon-veggie-ramyun-noodles-112gm,Soon Veggie Ramyun Noodles 112gm,groceries,"Noodles, Pasta & Soup",112g,45,,14,,5203
DM-7.47,soyum-nepali-keema-noodles-chicken-flavored-130g,Soyum Nepali Keema Noodles Chicken Flavored 130g,groceries,"Noodles, Pasta & Soup",130g,55,,38,,5210
DM-7.256,sugar-1kg,Sugar 1kg,groceries,"Salt, Sugar & Jaggery",1kg,110,,19,,5302
DM-7.4253,sugar-free-d-lite-cookies-mix-75g,Sugar Free D Lite Cookies Mix 75g,snacks,Biscuits & Cookies,75g,45,,13,,5303
DM-5.899,sugar-free-d-lite-rich-orange-chocolate-80gm,Sugar Free D Lite Rich\Orange Chocolate 80gm,snacks,Chocolates & Candy,80g,165,,10,,5304
DM-7.3171,sugar-free-digestive-biscut-110gm,Sugar Free Digestive Biscut 110gm,snacks,Biscuits & Cookies,110g,60,55,54,,5305
DM-7.878,sugar-free-gold-powder-100g,Sugar Free Gold Powder 100g,groceries,"Salt, Sugar & Jaggery",100g,20,,59,,5309
DM-7.4201,sumana-foods-udhyog-tea-masala-25gm,Sumana Foods Udhyog Tea Masala 25gm,beverages,Tea & Coffee,25g,75,,24,,5313
DM-7.28,summo-rice-10kg,Summo Rice 10kg,groceries,Rice & Grains,10kg,1620,,14,,5315
DM-7.623,summo-rice-25kg,Summo Rice 25kg,groceries,Rice & Grains,25kg,3550,,42,,5316
DM-7.2801,summo-rice-5kg,Summo Rice 5kg,groceries,Rice & Grains,5kg,970,,34,,5317
DM-7.1934,tempura-flour-150g,Tempura Flour 150g,groceries,"Atta, Flour & Sooji",150g,40,,39,,5438
DM-7.4237,tia-fresh-sandal-wood-filter-coffee,Tia Fresh Sandal wood/filter Coffee,beverages,Tea & Coffee,1 pc,410,345,46,,5500
DM-7.2931,timur-khursani-chilli-chop,Timur Khursani (Chilli Chop),groceries,"Sauces, Pickles & Spreads",1 pc,225,,36,,5527
DM-7.3819,tirsana-dalmoth-500g,Tirsana Dalmoth 500g,snacks,"Chips, Namkeen & Snacks",500g,255,,33,,5530
DM-7.4502,tirsana-dalmot-900gm,Tirsana Dalmot 900gm,snacks,"Chips, Namkeen & Snacks",900g,460,375,14,,5535
DM-7.684,tokala-masala-tea-1kg-bag,Tokala Masala Tea 1kg Bag,beverages,Tea & Coffee,1kg,1110,,37,,5559
DM-7.937,tokla-masala-tea-500g,Tokla Masala Tea 500g,beverages,Tea & Coffee,500g,640,,52,yes,5566
DM-7.4773,urmila-sahi-pulao-rice-20kg,Urmila Sahi Pulao Rice 20kg,groceries,Rice & Grains,20kg,2910,2550,23,,5651
DM-7.3215,uttam-white-sugar-sachets5gm-200,Uttam White Sugar Sachets5gm*200,groceries,"Salt, Sugar & Jaggery",5g,20,,52,,5657
DM-7.851,victory-agmark-jeera-500g,VICTORY AGMARK JEERA 500g,groceries,Spices & Masala,500g,285,,23,,5747
DM-7.852,victory-agmark-jeera-200g,Victory Agmark JEERA 200g,groceries,Spices & Masala,200g,110,,18,,5746
DM-7.853,victory-agmark-jeera-100g,Victory Agmark Jeera 100g,groceries,Spices & Masala,100g,70,,8,,5745
DM-7.683,viva-italia-chilli-flakes-30gm,Viva Italia Chilli Flakes 30gm,groceries,Spices & Masala,30g,30,,8,,5770
DM-7.3799,wai-wai-noodles-vhujiya-200g,Wai Wai Noodles Vhujiya 200g,groceries,"Noodles, Pasta & Soup",200g,65,,44,,5788
DM-7.2507,wai-wai-veg-noodles-60g,Wai Wai Veg Noodles 60g,groceries,"Noodles, Pasta & Soup",60g,30,,21,,5791
DM-7.321,weikfield-baking-powder-100g,Weikfield Baking Powder 100g,groceries,Cooking Essentials,100g,80,,26,,5821
DM-7.36,weikfield-baking-powder-double-action400g,Weikfield Baking Powder Double Action400g,groceries,Cooking Essentials,400g,215,195,43,,5822
DM-7.914,weikfield-cornflour-500g,Weikfield Cornflour 500g,groceries,"Atta, Flour & Sooji",500g,60,,22,,5828
DM-7.595,weikfield-corn-flour-100g,Weikfield Corn Flour 100g,groceries,"Atta, Flour & Sooji",100g,40,,24,,5827
DM-7.2563,well-bell-mix-fruit-muesli-300g,Well Bell Mix Fruit Muesli 300g,groceries,Breakfast & Cereals,300g,245,235,17,,5864
DM-7.2564,well-bell-diet-muesli-800gm,Well Bell Diet Muesli 800gm,groceries,Breakfast & Cereals,800g,550,,18,,5862
DM-7.4644,well-bell-corn-flakes-no-added-sugar-350gm,Well Bell Corn Flakes No Added Sugar 350gm,groceries,Breakfast & Cereals,350g,250,,8,,5861
DM-7.4266,well-bell-instant-oats-300gm,Well Bell Instant Oats 300gm,groceries,Breakfast & Cereals,300g,250,,34,,5863
DM-7.2567,well-bell-instant-oats-jar-500g,Well Bell Instant Oats Jar 500g,groceries,Breakfast & Cereals,500g,360,,29,,5855
DM-7.606,white-bhatta,White/ Bhatta,groceries,Dal & Pulses,1 pc,160,,30,,5892
DM-7.4359,yuku-pizza-pasta-seasoning-75g,"Yuku Pizza ,Pasta Seasoning 75g",groceries,"Noodles, Pasta & Soup",75g,35,,27,,5975
DM-7.1746,zoopy-instant-noodles90g,ZOOPY INSTANT NOODLES90G,groceries,"Noodles, Pasta & Soup",90g,35,,17,,6004
DM-7.3692,zabreen-biryani-basmati-rice-10kg,Zabreen Biryani Basmati Rice 10kg,groceries,Rice & Grains,10kg,1420,,59,,5981
DM-16.229,zero-sugar-coke-sprite-250ml,Zero Sugar Coke/ Sprite 250ml,beverages,Soft Drinks & Soda,250ml,40,,22,yes,5990
DM-16.281,zero-sugar-coke-sprite-500ml,Zero Sugar Coke/ Sprite 500ml,beverages,Soft Drinks & Soda,500ml,65,55,47,,5991
DM-7.216,century-chilli-powder-100g,Century Chilli Powder 100g,groceries,Spices & Masala,100g,70,,10,,938
DM-7.4805,first-choice-turmeric-powder-500g,First Choice Turmeric Powder 500g,groceries,Spices & Masala,500g,280,,15,,1983
DM-7.436-2,haldiram-salted-peanut-180g,Haldiram Salted Peanut 180g,snacks,"Chips, Namkeen & Snacks",180g,125,,22,yes,2397
DM-7.28-2,haldiram-kaju-mixture-200g,Haldiram Kaju Mixture 200g,snacks,"Chips, Namkeen & Snacks",200g,140,,55,,2380
DM-7.42,haldirams-navrattan360g,Haldirams navrattan360g,snacks,"Chips, Namkeen & Snacks",360g,230,,13,,2407
DM-7.3093,himali-rosted-chana-300gm,Himali Rosted Chana 300gm,groceries,Dal & Pulses,300g,70,,47,,2686
DM-7.3705,jasmine-mix-masala-200g,Jasmine Mix Masala 200g,groceries,Rice & Grains,200g,70,60,57,,2775
DM-7.551,khajurico-atta-cookies,Khajurico Atta Cookies,snacks,Biscuits & Cookies,1 pc,65,,10,,3011
DM-7.4581,local-faim-dalla-in-oil-350gm,Local Faim Dalla In Oil 350gm,groceries,Oil & Ghee,350g,155,130,36,,3242
DM-7.4856,pahichan-semolina-pasta-400gm,Pahichan Semolina Pasta 400gm,groceries,"Noodles, Pasta & Soup",400g,125,,26,,4201
DM-5.7-2,parle-guava-chilli-imli-bite280g,Parle Guava Chilli /imli bite280g,snacks,Biscuits & Cookies,280g,140,130,48,,4271
DM-2.3592,plom-rice-water-and-niacinamide-spf50-80g,Plom Rice Water And Niacinamide spf50 80g,beauty-skincare,Fragrance & Deodorant,80g,360,,50,,4472
DM-2.2898,plom-rice-water-and-niacinamide-spf5050gm,Plom Rice Water And Niacinamide spf5050gm,beauty-skincare,Fragrance & Deodorant,5050g,4500,4220,12,,4473
DM-7.3962,poshillo-nutty-delight-satu-sugar-free-400gm,Poshillo Nutty Delight Satu Sugar Free 400gm,beverages,Health & Energy Drinks,400g,330,,31,,4549
DM-7.3965,poshilo-nutri-satu-sugar-free-400gm,Poshilo Nutri Satu Sugar Free 400gm,beverages,Health & Energy Drinks,400g,330,,58,,4551
DM-7.3966,poshilo-nutty-delight-satu-no-added-sugar-750gm,Poshilo Nutty Delight Satu No Added Sugar 750gm,beverages,Health & Energy Drinks,750g,645,,46,,4552
DM-7.3305,ramro-sugar-free-whole-wheat-coconut-cookies-200g,Ramro Sugar Free Whole Wheat Coconut Cookies 200g,snacks,Biscuits & Cookies,200g,105,,38,,4703
DM-7.3735,six-villa-dal-pitho-180gm,Six Villa Dal Pitho 180gm,groceries,"Atta, Flour & Sooji",180g,40,,56,,5112
DM-7.533,sugar-free-gold-110-pellets,Sugar Free Gold 110 Pellets,groceries,"Salt, Sugar & Jaggery",1 pc,55,,26,,5306
DM-7.532,sugar-free-gold-300pellets,Sugar Free Gold 300pellets,groceries,"Salt, Sugar & Jaggery",1 pc,65,,49,,5307
DM-7.531,sugar-free-gold-500pellets,Sugar Free Gold 500pellets,groceries,"Salt, Sugar & Jaggery",1 pc,60,,57,,5308
DM-7.1675,weikfield-baking-soda100g,Weikfield Baking soda100g,groceries,Cooking Essentials,100g,80,,15,,5823
DM-7.3769,aama-ko-dry-fish-timur-chhop-200gm,Aama Ko Dry Fish & Timur Chhop 200gm,groceries,"Sauces, Pickles & Spreads",200g,130,,28,,127
DM-7.3763,aama-ko-tangy-flaxseeds-200gm,Aama Ko Tangy Flaxseeds 200gm,groceries,"Dry Fruits, Nuts & Seeds",200g,330,,42,,143
DM-7.3568,al-aziz-king-of-date-bumaan-dates-500gm,Al Aziz King Of Date Bumaan Dates 500gm,groceries,"Dry Fruits, Nuts & Seeds",500g,735,,17,,228
DM-7.1543,anjir-100g,Anjir 100g,groceries,"Dry Fruits, Nuts & Seeds",100g,225,,29,,273
DM-16.284,arjun-dhara-badam-almond-drink-180ml,Arjun Dhara Badam Almond Drink 180ml,beverages,Health & Energy Drinks,180ml,200,,49,,310
DM-2.3763,bellavita-pistachio-parfum-100ml,BELLAVITA Pistachio Parfum 100ml,beauty-skincare,Fragrance & Deodorant,100ml,615,510,24,,668
DM-2.555,bajaj-almond-drops-hair-oil-50ml,Bajaj Almond Drops Hair Oil 50ml,beauty-skincare,Hair Care,50ml,105,,35,,469
DM-2.604,bajaj-almonds-drop-hair-oil-190ml,Bajaj Almonds Drop Hair Oil 190ml,beauty-skincare,Hair Care,190ml,230,,25,,471
DM-2.603,bajaj-almond-drop-hair-oil-300ml,Bajaj Almond Drop Hair Oil 300ml,beauty-skincare,Hair Care,300ml,355,,24,,467
DM-2.554,bajaj-almond-drops-114ml,Bajaj Almond Drops 114ml,beauty-skincare,Hair Care,114ml,155,,34,,468
DM-2.602,bajaj-almonds-hair-oil-500ml,Bajaj Almonds Hair Oil 500ml,beauty-skincare,Hair Care,500ml,555,,23,,472
DM-7.4741,banbooti-dates-king-500gm,Banbooti Dates King 500gm,groceries,"Dry Fruits, Nuts & Seeds",500g,805,,59,,572
DM-7.4602,banbooti-kalmi-dates-250gm,Banbooti Kalmi Dates 250gm,groceries,"Dry Fruits, Nuts & Seeds",250g,405,,29,,573
DM-1.2012,bellavita-oud-ceo-skai-glam-date-mix-shower-gel-250ml,Bellavita OUD/CEO/SKAI/GLAM/DATE Mix Shower Gel 250ml,beauty-skincare,Fragrance & Deodorant,250ml,1420,,31,,676
DM-2.3297,bellavita-luxury-giftset-date-woman-fresh-unisexv80ml,Bellavita Luxury Giftset Date Woman / Fresh unisexv80ml,beauty-skincare,Fragrance & Deodorant,80ml,595,,10,,672
DM-2.3296,bellavita-luxury-white-ode-date-woman-mix-flv-100ml,Bellavita Luxury White ode/date Woman Mix Flv 100ml,beauty-skincare,Fragrance & Deodorant,100ml,660,,8,,674
DM-7.4689,bikaji-badam-laccha-pancharatna-350g,Bikaji Badam Laccha Pancharatna 350g,snacks,"Chips, Namkeen & Snacks",350g,215,,25,yes,703
DM-7.4682,bikaji-crusty-nuts-175g,Bikaji Crusty Nuts 175g,snacks,"Chips, Namkeen & Snacks",175g,110,,15,yes,706
DM-7.754,borges-figaro-black-pitted-olives-340g,Borges/Figaro Black Pitted Olives 340g,groceries,"Dry Fruits, Nuts & Seeds",340g,845,,34,,777
DM-7.484,britannia-good-day-pista-badam-cookies-200g,Britannia Good Day Pista Badam Cookies 200g,snacks,Biscuits & Cookies,200g,100,,32,,819
DM-5.48,complan-kesar-badam-flavour-500g,Complan Kesar Badam Flavour 500g,beverages,Health & Energy Drinks,500g,460,385,53,,1207
DM-2.3557,dabar-almond-amla-hair-oil-180ml,Dabar Almond Amla Hair Oil 180ml,beauty-skincare,Hair Care,180ml,230,,28,,1295
DM-7.458,date-crown-daily-goodness-500g,Date Crown Daily Goodness 500g,ladies-wear,Jewellery,500g,255,,17,,1320
DM-5.108,dates-bar-all-flv,Dates Bar All Flv,groceries,"Dry Fruits, Nuts & Seeds",1 pc,355,,15,,1321
DM-2.244,dekar-whitening-facial-scrub-walnut-apricot100g,Dekar Whitening Facial Scrub Walnut @apricot100g,beauty-skincare,Skin Care,100g,305,,52,,1343
DM-16.198,delish-keshar-badam-juice-180ml,Delish Keshar Badam Juice 180ml,beverages,Juices & Squash,180ml,50,,36,,1353
DM-7.2213,divya-foods-dates-500g,Divya Foods Dates 500g,groceries,"Dry Fruits, Nuts & Seeds",500g,710,,59,,1494
DM-7.25,divya-foods-dates-white-200g,Divya Foods Dates White 200g,groceries,"Dry Fruits, Nuts & Seeds",200g,340,290,51,,1495
DM-7.2344,divya-foods-wallnuts-500g,Divya Foods Wallnuts 500g,groceries,"Dry Fruits, Nuts & Seeds",500g,820,,25,,1525
DM-5.1028,dry-fruits-mix-toffees-450gm,Dry Fruits Mix Toffees 450gm,snacks,Chocolates & Candy,450g,745,660,49,,1687
DM-7.4768,evertytime-almond-250gm-jar,Evertytime Almond 250gm Jar,groceries,"Dry Fruits, Nuts & Seeds",250g,430,,34,,1845
DM-7.4767,evertytime-roasted-kaju-400gm,Evertytime Roasted Kaju 400gm,groceries,"Dry Fruits, Nuts & Seeds",400g,650,560,30,,1846
DM-7.4727,everytime-2-mix-nuts-180gm,Everytime 2 Mix Nuts 180gm,groceries,"Dry Fruits, Nuts & Seeds",180g,355,,37,,1847
DM-7.4728,everytime-3-mix-nuts-180gm,Everytime 3 Mix Nuts 180gm,groceries,"Dry Fruits, Nuts & Seeds",180g,350,,51,,1848
DM-7.4769,everytime-almond-nuts-500gm-jar,Everytime Almond Nuts 500gm Jar,groceries,"Dry Fruits, Nuts & Seeds",500g,830,,41,,1849
DM-7.4765,everytime-kaju-180gm,Everytime Kaju 180gm,groceries,"Dry Fruits, Nuts & Seeds",180g,315,,23,,1853
DM-7.4726,everytime-kaju-1kg,Everytime Kaju 1kg,groceries,"Dry Fruits, Nuts & Seeds",1kg,1230,1090,31,,1854
DM-7.4725,everytime-kaju-400gm,Everytime Kaju 400gm,groceries,"Dry Fruits, Nuts & Seeds",400g,615,,34,,1855
DM-7.4771,everytime-kaju-500gm-jar,Everytime Kaju 500gm Jar,kitchen-household,Bottles & Lunch Boxes,500g,230,205,33,,1856
DM-7.4723,everytime-kaju-70gm,Everytime Kaju 70gm,groceries,"Dry Fruits, Nuts & Seeds",70g,155,,29,,20
DM-7.4724,everytime-kaju-90gm,Everytime Kaju 90gm,groceries,"Dry Fruits, Nuts & Seeds",90g,210,,37,,1857
DM-7.4665,everytime-morning-diet-mix-dry-fruit-500gm,Everytime Morning Diet Mix Dry Fruit 500gm,groceries,"Dry Fruits, Nuts & Seeds",500g,785,665,34,,1861
DM-7.477,everytime-pistachios-400gm-jar,Everytime Pistachios 400gm Jar,kitchen-household,Bottles & Lunch Boxes,400g,245,,19,,1862
DM-7.4345,faseel-dates-500gm,Faseel Dates 500gm,groceries,"Dry Fruits, Nuts & Seeds",500g,760,715,51,,1924
DM-7.1742,figaro-pitted-green-olives-340g,Figaro Pitted Green Olives 340g,groceries,"Dry Fruits, Nuts & Seeds",340g,555,,37,,1942
DM-2.656,garnier-men-acno-fight-face-wash-100g,Garnier Men Acno Fight Face Wash 100g,beauty-skincare,Skin Care,100g,295,,48,,2135
DM-2.716,garnier-men-acnofight-whitening-cream-45g,Garnier Men AcnoFight Whitening Cream 45g,beauty-skincare,Men's Grooming,45g,115,,50,yes,2137
DM-2.1554,garnier-men-acno-fight-pimple-clearing-brightening-moisturiser-20gm,Garnier Men Acno Fight Pimple Clearing Brightening Moisturiser 20gm,beauty-skincare,Men's Grooming,20g,80,70,18,,2136
DM-1.1818,godrej-germ-fighter-handwash-725ml,Godrej Germ Fighter Handwash 725ml,beauty-skincare,Bath & Body,725ml,660,,48,,2267
DM-7.317,goodlifedigestive-nuts-300gm,GoodLifeDigestive Nuts 300gm,snacks,Biscuits & Cookies,300g,160,,21,,2303
DM-7.402,goodday-cashew-cookies-200g,Goodday Cashew Cookies 200g,snacks,Biscuits & Cookies,200g,105,,22,,2283
DM-7.3507,goodlife-digestive-nuts-biscuit-120-10gm,Goodlife Digestive Nuts Biscuit 120+10gm,snacks,Biscuits & Cookies,10g,15,,8,,2288
DM-7.3506,goodlife-digestive-nuts-biscuit-540gm,Goodlife Digestive Nuts Biscuit 540gm,snacks,Biscuits & Cookies,540g,270,,52,,2289
DM-7.1789,harlalka-dry-fruit-nuts-mix-200g,Harlalka Dry Fruit Nuts Mix 200g,groceries,"Dry Fruits, Nuts & Seeds",200g,380,,17,,2442
DM-7.132,harlals-almond-100g,Harlals Almond 100g,groceries,"Dry Fruits, Nuts & Seeds",100g,220,,19,,2444
DM-7.1321,harlals-almond-200g,Harlals Almond 200g,groceries,"Dry Fruits, Nuts & Seeds",200g,355,330,14,,2445
DM-7.1615,harlals-almonds-500g,Harlals Almonds 500g,groceries,"Dry Fruits, Nuts & Seeds",500g,810,,42,,2446
DM-7.16-3,harlals-cashewnut-500g,Harlals Cashewnut 500g,groceries,"Dry Fruits, Nuts & Seeds",500g,825,665,54,,2447
DM-7.1322,harlals-cashews-100g,Harlals Cashews 100g,groceries,"Dry Fruits, Nuts & Seeds",100g,210,,56,,2448
DM-7.1323,harlals-cashews-200g,Harlals Cashews 200g,groceries,"Dry Fruits, Nuts & Seeds",200g,375,330,47,,2449
DM-7.313,harlals-chia-seed-100gm,Harlals Chia Seed 100gm,groceries,"Dry Fruits, Nuts & Seeds",100g,225,,49,,2450
DM-7.1318,harlals-pista-100g,Harlals Pista 100g,groceries,"Dry Fruits, Nuts & Seeds",100g,230,,47,,2456
DM-7.4654,harlals-pista-180g,Harlals Pista 180g,groceries,"Dry Fruits, Nuts & Seeds",180g,320,,22,,2457
DM-7.1319,harlals-pista-200g,Harlals Pista 200g,groceries,"Dry Fruits, Nuts & Seeds",200g,335,,35,,2458
DM-7.4653,harlals-pista-360g,Harlals Pista 360g,groceries,"Dry Fruits, Nuts & Seeds",360g,610,550,11,,2459
DM-7.4655,harlals-pista-90g,Harlals Pista 90g,groceries,"Dry Fruits, Nuts & Seeds",90g,190,,48,,2461
DM-7.3124,harlals-pumpkin-seed-100gm,Harlals Pumpkin Seed 100gm,groceries,"Dry Fruits, Nuts & Seeds",100g,230,,37,,2463
DM-7.1324,harlals-raisins-100g,Harlals Raisins 100g,groceries,"Dry Fruits, Nuts & Seeds",100g,220,,58,,2464
DM-7.1325,harlals-raisins-200g,Harlals Raisins 200g,groceries,"Dry Fruits, Nuts & Seeds",200g,375,,27,,2465
DM-7.3199,harlals-raisins-500g,Harlals Raisins 500g,groceries,"Dry Fruits, Nuts & Seeds",500g,770,,43,,2466
DM-7.3127,harlals-sunflower-seed-200gm,Harlals Sunflower Seed 200gm,groceries,"Dry Fruits, Nuts & Seeds",200g,360,,49,,2470
DM-7.3131,harlals-chia-seed-200gm,Harlals Chia Seed 200gm,groceries,"Dry Fruits, Nuts & Seeds",200g,365,,27,,2451
DM-7.1788,harlals-mix-nuts-200g,Harlals Mix Nuts 200g,groceries,"Dry Fruits, Nuts & Seeds",200g,335,,26,,2454
DM-7.3841,harlals-pista-500gm,Harlals Pista 500gm,groceries,"Dry Fruits, Nuts & Seeds",500g,705,,52,,2460
DM-7.3126,harlals-sunflower-seed-100gm,Harlals Sunflower Seed 100gm,groceries,"Dry Fruits, Nuts & Seeds",100g,220,,30,,2469
DM-7.2796,hilife-chia-seeds-200gm,Hilife Chia Seeds 200gm,groceries,"Dry Fruits, Nuts & Seeds",200g,320,265,48,,2544
DM-7.2667,hilife-chia-seeds-350gm,Hilife Chia Seeds 350gm,groceries,"Dry Fruits, Nuts & Seeds",350g,635,585,13,,2545
DM-7.3084,hilife-pumpkin-seeds-200gm,Hilife Pumpkin Seeds 200gm,groceries,"Dry Fruits, Nuts & Seeds",200g,375,,39,,2574
DM-7.3625,hilife-pumpkin-seeds-350gm,Hilife Pumpkin Seeds 350gm,groceries,"Dry Fruits, Nuts & Seeds",350g,575,,42,,2575
DM-1.462,himalaya-herbals-almond-rose-soap-125g,Himalaya Herbals Almond & Rose Soap 125g,beauty-skincare,Bath & Body,125g,155,,56,yes,2625
DM-2.1371,himalaya-herbals-g-e-walnut-scrub-100g,Himalaya Herbals G.E. Walnut Scrub 100g,beauty-skincare,Skin Care,100g,320,290,44,,2633
DM-2.161,joy-honey-almonds-nourising-cream-50ml,Joy Honey & Almonds Nourising Cream 50ml,beauty-skincare,Skin Care,50ml,185,,11,,2840
DM-2.102,joy-honey-almonds-nouristiong-body-lotion-100ml,Joy Honey& Almonds Nouristiong Body Lotion 100ml,beauty-skincare,Bath & Body,100ml,135,,39,,2842
DM-7.251,khajuriko-puffino-sesame-bar-12pkt,Khajuriko Puffino Sesame Bar 12pkt,groceries,Spices & Masala,1 pc,80,,47,,3018
DM-5.963,m-ms-crispy-bar-chocolate-bar-almond-bar-44g,M&MS Crispy Bar/ Chocolate Bar/ Almond Bar 44g,snacks,Chocolates & Candy,44g,100,,18,,3410
DM-16.7,mtr-badam-drink,MTR Badam Drink,beverages,Health & Energy Drinks,1 pc,310,,33,,3830
DM-7.4841,master-chef-mixed-nuts-500gm-jar,Master Chef Mixed Nuts 500gm Jar,groceries,"Dry Fruits, Nuts & Seeds",500g,765,,52,,3561
DM-7.4589,mazafati-dates-500gm,Mazafati Dates 500gm,groceries,"Dry Fruits, Nuts & Seeds",500g,755,,36,,3585
DM-7.567,meizan-sunflower-seed-oil-2ltr,Meizan Sunflower Seed Oil 2ltr,groceries,Oil & Ghee,2L,465,,13,,3594
DM-7.3531,misty-almond-100gm,Misty Almond 100gm,groceries,"Dry Fruits, Nuts & Seeds",100g,210,,22,,3687
DM-7.3532,misty-almond-200gm,Misty Almond 200gm,groceries,"Dry Fruits, Nuts & Seeds",200g,385,360,45,,3688
DM-7.3533,misty-almond-500gm,Misty Almond 500gm,groceries,"Dry Fruits, Nuts & Seeds",500g,845,,41,,3689
DM-7.3525,misty-kaju-100g,Misty Kaju 100g,groceries,"Dry Fruits, Nuts & Seeds",100g,225,,47,,3716
DM-7.3526,misty-kaju-200g,Misty Kaju 200g,groceries,"Dry Fruits, Nuts & Seeds",200g,400,,42,,3717
DM-7.3527,misty-kaju-500g,Misty Kaju 500g,groceries,"Dry Fruits, Nuts & Seeds",500g,745,,13,,3719
DM-7.3529,misty-kaju-bold-200g,Misty Kaju Bold 200g,groceries,"Dry Fruits, Nuts & Seeds",200g,355,,43,,3720
DM-7.353,misty-kaju-bold-500g,Misty Kaju Bold 500g,groceries,"Dry Fruits, Nuts & Seeds",500g,725,,47,,3721
DM-7.3567,misty-mixed-nuts-100gm,Misty Mixed Nuts 100gm,groceries,"Dry Fruits, Nuts & Seeds",100g,225,,42,,3737
DM-7.3542,misty-pista-100gm,Misty Pista 100gm,groceries,"Dry Fruits, Nuts & Seeds",100g,225,,25,,3739
DM-7.3543,misty-pista-200gm,Misty Pista 200gm,groceries,"Dry Fruits, Nuts & Seeds",200g,385,,36,,3740
DM-7.3544,misty-pista-500gm,Misty Pista 500gm,groceries,"Dry Fruits, Nuts & Seeds",500g,780,,22,,3741
DM-7.3554,misty-pumpkin-seed-100gm,Misty Pumpkin Seed 100gm,groceries,"Dry Fruits, Nuts & Seeds",100g,205,,44,,3742
DM-7.3555,misty-pumpkin-seed-200gm,Misty Pumpkin Seed 200gm,groceries,"Dry Fruits, Nuts & Seeds",200g,335,,14,,3744
DM-7.3557,misty-sunflower-seed-200gm,Misty Sunflower Seed 200gm,groceries,"Dry Fruits, Nuts & Seeds",200g,355,,39,,3752
DM-7.4083,misty-anjir-100gm,Misty Anjir 100gm,groceries,"Dry Fruits, Nuts & Seeds",100g,195,,39,,3690
DM-7.4084,misty-anjir-200gm,Misty Anjir 200gm,groceries,"Dry Fruits, Nuts & Seeds",200g,330,,51,,3691
DM-7.4764,misty-cashew-200gm-jar,Misty Cashew 200gm Jar,groceries,"Dry Fruits, Nuts & Seeds",200g,345,,54,,3695
DM-7.4595,misty-chia-seed-200gm-jar,Misty Chia Seed 200gm Jar,groceries,"Dry Fruits, Nuts & Seeds",200g,380,335,38,,3696
DM-7.4594,misty-chia-seed-500gm-jar,Misty Chia Seed 500gm Jar,groceries,"Dry Fruits, Nuts & Seeds",500g,785,,35,,3697
DM-7.3791,misty-dates-100gm,Misty Dates 100gm,groceries,"Dry Fruits, Nuts & Seeds",100g,230,,25,,3704
DM-7.3792,misty-dates-200gm,Misty Dates 200gm,groceries,"Dry Fruits, Nuts & Seeds",200g,330,,42,,3705
DM-7.3793,misty-dates-500gm,Misty Dates 500gm,groceries,"Dry Fruits, Nuts & Seeds",500g,700,,13,,3706
DM-7.4742,misty-dried-cherry-200gm,Misty Dried Cherry 200gm,groceries,"Dry Fruits, Nuts & Seeds",200g,320,,28,,3708
DM-7.4743,misty-kaju-500gm-jar,Misty Kaju 500gm Jar,kitchen-household,Bottles & Lunch Boxes,500g,255,215,14,,3718
DM-7.4628,misty-mix-dry-fruit-200gm-jar,Misty Mix Dry Fruit 200gm Jar,kitchen-household,Bottles & Lunch Boxes,200g,165,,34,,3732
DM-7.4004,misty-mix-dry-fruits-100gm,Misty Mix Dry Fruits 100gm,groceries,"Dry Fruits, Nuts & Seeds",100g,215,195,45,,3733
DM-7.4003,misty-mix-dry-fruits-200gm,Misty Mix Dry Fruits 200gm,groceries,"Dry Fruits, Nuts & Seeds",200g,345,,57,,3734
DM-7.4005,misty-mix-dry-fruits-500gm,Misty Mix Dry Fruits 500gm,groceries,"Dry Fruits, Nuts & Seeds",500g,695,,32,,3735
DM-7.4591,misty-mix-dry-fruits-jar-500gm,Misty Mix Dry Fruits Jar 500gm,kitchen-household,Bottles & Lunch Boxes,500g,280,265,35,,3736
DM-7.4597,misty-pumpkin-seed-200gm-jar,Misty Pumpkin Seed 200gm Jar,groceries,"Dry Fruits, Nuts & Seeds",200g,360,,13,,3743
DM-7.4596,misty-pumpkin-seed-500gm-jar,Misty Pumpkin Seed 500gm Jar,groceries,"Dry Fruits, Nuts & Seeds",500g,820,,28,,3745
DM-7.4593,misty-sunflower-seed-200gm-jar,Misty Sunflower Seed 200gm Jar,groceries,"Dry Fruits, Nuts & Seeds",200g,365,,12,,3751
DM-7.4592,misty-sunflower-seeds-500gm-jar,Misty Sunflower Seeds 500gm Jar,groceries,"Dry Fruits, Nuts & Seeds",500g,800,,48,,3753
DM-7.3742,misty-wallnuts-200gm,Misty Wallnuts 200gm,groceries,"Dry Fruits, Nuts & Seeds",200g,335,,42,,3757
DM-7.3585,mr-happy-kaju-cookies-all-flv-120gm,Mr Happy Kaju Cookies All Flv 120gm,snacks,Biscuits & Cookies,120g,80,,13,,3821
DM-2.24,natures-almonds-honey-body-lotion-100ml,Natures Almonds & Honey Body Lotion 100ml,beauty-skincare,Bath & Body,100ml,120,,35,,3932
DM-2.3034,navaratna-ayurvedic-almond-oil-270ml,Navaratna Ayurvedic Almond Oil 270ml,beauty-skincare,Hair Care,270ml,320,,35,,3939
DM-5.901,nestle-munch-nuts-max-37-5-gm,Nestle Munch Nuts Max 37.5 gm,snacks,Chocolates & Candy,37.5g,85,,14,,3989
DM-5.912,nuts-crips-chocolate-400g,Nuts Crips Chocolate 400g,snacks,Chocolates & Candy,400g,715,,13,,4125
DM-5.496,nuts-crisp-chocolate-250g,Nuts Crisp Chocolate 250g,snacks,Chocolates & Candy,250g,460,,58,,4126
DM-9.727,plane-fighter-no-286-35,Plane Fighter NO.286-35,toys,Toys,1 pc,855,,40,,4419
DM-7.2773,poshan-makai-badam-300gm,Poshan Makai Badam 300gm,groceries,Rice & Grains,300g,85,,8,,4543
DM-7.688,ramro-nutty-kaju-cookies,Ramro Nutty Kaju Cookies,snacks,Biscuits & Cookies,1 pc,60,,58,,4696
DM-7.3893,ramro-nutty-kaju-cookies-250gm,Ramro Nutty Kaju Cookies 250gm,snacks,Biscuits & Cookies,250g,125,,26,,4695
DM-7.4024,ratna-malika-cashew-cookies-150gm,Ratna Malika Cashew Cookies 150gm,snacks,Biscuits & Cookies,150g,75,,40,,4729
DM-7.4023,ratna-malika-cashew-cookies-300gm,Ratna Malika Cashew Cookies 300gm,snacks,Biscuits & Cookies,300g,145,,24,,4730
DM-2.3725,raughan-badam-shireen-100ml,Raughan Badam Shireen 100ml,groceries,"Dry Fruits, Nuts & Seeds",100ml,210,,47,,4741
DM-2.3723,raughan-badam-shireen-25ml,Raughan Badam Shireen 25ml,groceries,"Dry Fruits, Nuts & Seeds",25ml,100,85,46,,4742
DM-2.3724,raughan-badam-shireen-50ml,Raughan Badam Shireen 50ml,groceries,"Dry Fruits, Nuts & Seeds",50ml,145,,51,,4743
DM-7.927,raw-badam-200g,Raw Badam 200g,groceries,"Dry Fruits, Nuts & Seeds",200g,335,,23,,4744
DM-7.435-2,raw-badam-500,Raw Badam 500,groceries,"Dry Fruits, Nuts & Seeds",1 pkt,375,,55,,4745
DM-7.4583,rijals-mixed-nuts-70g,Rijals Mixed Nuts 70g,groceries,"Dry Fruits, Nuts & Seeds",70g,150,,23,,4781
DM-5.422,rinda-almond-toffee-200g,Rinda Almond Toffee 200g,snacks,Chocolates & Candy,200g,385,,21,,4796
DM-21.153,royal-bites-american-nuts-jambo-cup120-ml,Royal Bites American Nuts Jambo cup120 ml,groceries,"Dry Fruits, Nuts & Seeds",120ml,220,,13,,4838
DM-16.246,rush-badam-drink-180ml,Rush Badam Drink 180ml,beverages,Health & Energy Drinks,180ml,180,,33,,4885
DM-7.4801,tirsana-mumfali-badam-250gm,Tirsana Mumfali Badam 250gm,groceries,"Dry Fruits, Nuts & Seeds",250g,410,,27,,5537
DM-7.4802,tirsana-mumfali-badam-500gm,Tirsana Mumfali Badam 500gm,groceries,"Dry Fruits, Nuts & Seeds",500g,770,,15,,5538
DM-7.3839,tirsana-pumpkin-seeds-300gm,Tirsana Pumpkin Seeds 300gm,groceries,"Dry Fruits, Nuts & Seeds",300g,475,,10,,5540
DM-5.397,toblerone-milk-dark-chocolate-honey-almond-100g,Toblerone Milk/Dark Chocolate Honey & Almond 100g,snacks,Chocolates & Candy,100g,335,,37,,5545
DM-7.4224,tong-garden-mala-mixed-peanuts-120gm,Tong Garden Mala Mixed Peanuts 120gm,kitchen-household,Kitchen Tools,120g,225,,12,,5572
DM-5.1087,truffe-selection-almond-chocolate-250gm,Truffe Selection Almond Chocolate 250gm,snacks,Chocolates & Candy,250g,440,355,41,,5618
DM-5.434,truffino-almond-coconut-hazelnut-chocolate-450g,Truffino Almond & Coconut/Hazelnut Chocolate 450g,snacks,Chocolates & Candy,450g,735,,22,,5619
DM-21.18,vadilal-all-ice-cream-of-bomber-nuts-rs-75-70-ml,Vadilal All Ice- Cream Of Bomber Nuts Rs 75 70 ml,dairy-frozen,Ice Cream & Frozen,70ml,80,,56,,56
DM-21.68,vadilal-gourmet-pistachio-almond-fudge-choco-brownie-dip120ml,Vadilal Gourmet Pistachio Almond Fudge \choco Brownie dip120ml,dairy-frozen,Ice Cream & Frozen,120ml,100,80,13,,5674
DM-21.111,vadilal-flingochocobrownie-kesar-pista-110ml,Vadilal flingoChocoBrownie/kesar Pista 110ml,dairy-frozen,Ice Cream & Frozen,110ml,95,,49,,5673
DM-5.97,wafesto-almond-cocount-chocolate-300gm,Wafesto Almond&cocount Chocolate 300gm,snacks,Chocolates & Candy,300g,440,,32,,5784
DM-4.1046,walnut-crackers,Walnut Crackers,snacks,Biscuits & Cookies,1 pc,65,,28,,5804
DM-21.135,azzabko-frozen-desser-cholate-valalina-115-ml,AZZABKO FROZEN DEsser Cholate Valalina 115 ml,dairy-frozen,Ice Cream & Frozen,115ml,95,,26,,372
DM-21.159,azzabko-shahi-mango-kulfi-60ml,Azzabko Shahi/Mango Kulfi 60ml,dairy-frozen,Ice Cream & Frozen,60ml,65,,21,,374
DM-24.15,french-fries-frozen-2-25kg,French Fries Frozen 2.25kg,dairy-frozen,Ice Cream & Frozen,2.25kg,830,,34,,2082
DM-24.72,french-fries-frozen-2-25kg-2,French Fries Frozen 2.25kg,dairy-frozen,Ice Cream & Frozen,2.25kg,830,,43,,2083
DM-24.16,frozen-green-peas-1kg-three-star,Frozen Green Peas 1kg (three star),dairy-frozen,Ice Cream & Frozen,1kg,505,,13,,2091
DM-24.74,frozen-french-fries1-kg,Frozen French fries1 kg,dairy-frozen,Ice Cream & Frozen,1kg,470,425,19,,2090
DM-21.158,milky-bites-mawa-kulfi-50ml,Milky Bites Mawa Kulfi 50ml,dairy-frozen,Ice Cream & Frozen,50ml,60,,26,,3641
DM-21.144,royal-bites-crunchy-butter-ice-cream-rs-70,Royal Bites Crunchy Butter Ice Cream Rs 70,dairy-frozen,Ice Cream & Frozen,1 pc,70,,19,,4843
DM-24.87,ssg-farm-fresh-frozen-green-peas-1kg,SSG Farm Fresh Frozen Green Peas 1kg,dairy-frozen,Ice Cream & Frozen,1kg,495,415,35,,5235
DM-21.114,vadilal-flingo-nutty-butterscoth-strawberry-swirl-cake-ice-cream,Vadilal Flingo Nutty ButterScoth/strawberry Swirl Cake Ice Cream,dairy-frozen,Ice Cream & Frozen,1 pc,260,235,41,,5672
DM-21.79,vadilal-matka-kulfi100ml,Vadilal Matka Kulfi100ml,dairy-frozen,Ice Cream & Frozen,100ml,90,80,32,,5675
DM-21.8,vadilal-rabdi-kulfi-50ml,Vadilal Rabdi Kulfi 50ml,dairy-frozen,Ice Cream & Frozen,50ml,55,50,16,,5676
DM-5.638,2pm-cheese-ball-60g,2pm Cheese Ball 60g,toys,Sports & Fitness,60g,710,,16,,73
DM-7.4566,2pm-cup-noodles-mushroom-cheese,2pm Cup Noodles Mushroom Cheese,groceries,"Noodles, Pasta & Soup",1 pc,50,,14,,74
DM-7.4291,2pm-try-mee-thin-crispy-cheese-crackers,2pm Try Mee Thin&crispy Cheese Crackers,snacks,Biscuits & Cookies,1 pc,60,,53,,81
DM-7.4623,american-garden-butter-popcorn-273gm,American Garden Butter Popcorn 273gm,snacks,"Chips, Namkeen & Snacks",273g,180,,21,,247
DM-7.1658,american-garden-popcorn-butter-natural-cheese273g,American Garden Popcorn butter/natural/ cheese273g,snacks,"Chips, Namkeen & Snacks",273g,185,,29,,251
DM-24.21,amul-butter-100g,Amul Butter 100g,dairy-frozen,"Milk, Butter & Cheese",100g,110,,57,yes,256
DM-24.22,amul-butter-500g,Amul Butter 500g,dairy-frozen,"Milk, Butter & Cheese",500g,375,,13,,257
DM-24.23,amul-cheese-slice-200g,Amul Cheese Slice 200g,beverages,Soft Drinks & Soda,200g,30,,23,yes,258
DM-24.65,amul-diced-cheese-200gm,Amul Diced Cheese 200gm,dairy-frozen,"Milk, Butter & Cheese",200g,190,,53,yes,261
DM-24.24,amul-pizza-cheese-200gm,Amul Pizza Cheese 200gm,dairy-frozen,"Milk, Butter & Cheese",200g,210,,42,,266
DM-24.2,amul-pizza-cheese-diced-1kg,Amul Pizza Cheese Diced 1kg,dairy-frozen,"Milk, Butter & Cheese",1kg,750,,16,,267
DM-24.19,amul-pizza-block-cheese-1kg,Amul Pizza Block Cheese 1kg,toys,Toys,1kg,920,,33,yes,265
DM-2.3551,asta-berry-coca-butter-honey-vitamin-e-lotion-100ml,Asta Berry Coca butter/honey&vitamin E Lotion 100ml,beauty-skincare,Skin Care,100ml,345,285,30,,326
DM-21.105,azzabko-butterscoth-1000ml,Azzabko Butterscoth 1000ml,dairy-frozen,Ice Cream & Frozen,1000ml,440,,22,,369
DM-10.527,butterfles-calor-estheticism-love,BUTTERFLES Calor Estheticism & Love,dairy-frozen,"Milk, Butter & Cheese",1 pc,265,,20,,868
DM-7.2466,bakeland-jumbo-butter-biscuits-pkt,Bakeland Jumbo Butter Biscuits Pkt,snacks,Biscuits & Cookies,1 pc,65,55,42,,485
DM-7.1739,bakeland-cheese-cream50gm,Bakeland Cheese cream50gm,dairy-frozen,"Milk, Butter & Cheese",50g,70,,14,,478
DM-7.185-2,bakeland-cheese-lite-crackers170gm,Bakeland Cheese Lite crackers170gm,snacks,Biscuits & Cookies,170g,90,,54,,479
DM-7.3676,bakeland-cheese-lite-rs10,Bakeland Cheese Lite rs10,dairy-frozen,"Milk, Butter & Cheese",1 pc,40,,14,,480
DM-21.11,big-t-royal-chocolate-butter-scotch-cone,Big T Royal Chocolate Butter Scotch Cone,snacks,Chocolates & Candy,1 pc,110,,59,,699
DM-7.343,britannia-good-day-butter-cookies-250g,Britannia Good Day Butter Cookies 250g,snacks,Biscuits & Cookies,250g,150,,53,yes,818
DM-7.517,buldak-mix-jjajiing-hot-chicken-carbonara-hot-chicken-ramen-140gm-cheese-habanero-lime-3x-samyang-140gm,Buldak Mix Jjajiing Hot chicken\Carbonara Hot Chicken Ramen 140gm\Cheese\Habanero Lime \3x Samyang 140gm,groceries,"Noodles, Pasta & Soup",140g,50,,29,,861
DM-7.32,buldak-quattro-cheese-145gm,Buldak Quattro Cheese 145gm,groceries,"Noodles, Pasta & Soup",145g,50,,55,,862
DM-17.265,butterfly-clip-2pcs-set,Butterfly Clip 2pcs Set,stationery,School & Office Supplies,2 pcs,170,,55,,869
DM-9.709,butterfly-popet-bag,Butterfly Popet Bag,home-living,"Bags, Umbrellas & Travel",1 pc,940,,32,,870
DM-7.55,captain-kid-crunchy-smooth-peanut-butter-510g,Captain Kid Crunchy/Smooth Peanut Butter/ 510g,groceries,"Sauces, Pickles & Spreads",510g,280,255,47,,897
DM-7.594,captain-kid-celebs-smooth-peanut-butter-340g,Captain Kid/celebs Smooth Peanut Butter 340g,groceries,"Sauces, Pickles & Spreads",340g,175,,37,,898
DM-7.144-2,celebs-peanut-butter-creamy-crunchy-510g,Celebs Peanut Butter Creamy/Crunchy 510g,groceries,"Sauces, Pickles & Spreads",510g,275,255,41,,917
DM-7.3154,celebs-peanut-butter-sugar-free-340gm,Celebs Peanut Butter Sugar Free 340gm,groceries,"Sauces, Pickles & Spreads",340g,190,165,16,,918
DM-7.2338,celebs-peanut-butter-creamy-crunchy-227gm,Celebs Peanut Butter creamy/crunchy 227gm,groceries,"Sauces, Pickles & Spreads",227g,155,,59,,916
DM-7.4478,celebs-regular-creamy-peanut-butter-1kg,Celebs Regular Creamy Peanut Butter 1kg,groceries,"Sauces, Pickles & Spreads",1kg,445,,57,,919
DM-7.4479,celebs-regular-crunchy-peanut-butter-1kg,Celebs Regular Crunchy Peanut Butter 1kg,groceries,"Sauces, Pickles & Spreads",1kg,410,,49,,920
DM-5.653,century-cheese-ball-60g,Century Cheese Ball 60g,toys,Sports & Fitness,60g,660,,31,,933
DM-5.1057,century-chicken-bomb-cheese-ball-55gm,Century Chicken Bomb Cheese Ball 55gm,toys,Sports & Fitness,55g,625,,21,,934
DM-7.3828,chef-s-choice-peanut-butter-510gm,Chef's Choice Peanut Butter 510gm,groceries,"Sauces, Pickles & Spreads",510g,270,,21,,1028
DM-7.4226,current-instant-noodles-cheese-butter,Current Instant Noodles CHEESE & BUTTER,groceries,"Noodles, Pasta & Soup",1 pc,45,,36,,1268
DM-5.86,current-cheese-balls-60g,Current Cheese Balls 60g,snacks,"Chips, Namkeen & Snacks",60g,45,,49,,1250
DM-5.762,doritos-nacho-cheese-82-50gm-sizzlin-sweet-chilli,Doritos Nacho Cheese 82.50gm Sizzlin \Sweet Chilli,snacks,Chocolates & Candy,82.50g,145,120,8,,1590
DM-7.3023,elixir-cheese-seasoning-powder-250gm,Elixir Cheese Seasoning Powder 250gm,groceries,Spices & Masala,250g,140,,56,,1772
DM-7.3274,elixir-cheese-seasoning-powder-100gm,Elixir Cheese Seasoning Powder 100gm,groceries,Spices & Masala,100g,70,,11,,1771
DM-7.318,goodlife-cheese-balls60gm,Goodlife Cheese Balls60gm,snacks,Biscuits & Cookies,60g,40,,10,,2284
DM-7.3325,goodlife-top-butter-cheese-crackers-150g,Goodlife Top Butter &cheese Crackers 150g,snacks,Biscuits & Cookies,150g,80,70,47,,2302
DM-7.3323,goodlife-good-life-butter-cookies-150g,Goodlife Good Life Butter Cookies 150g,snacks,Biscuits & Cookies,150g,75,65,19,,2292
DM-17.28,hair-rubber-with-metal-butterfly,Hair Rubber With Metal Butterfly,ladies-wear,Hair Accessories,1 pc,80,,48,,2354
DM-7.3401,hilife-classic-peanut-butter-340g,HiLife Classic Peanut Butter 340g,groceries,"Sauces, Pickles & Spreads",340g,200,,36,,2553
DM-7.34,hilife-classic-peanut-butter-500gm,HiLife Classic Peanut Butter 500gm,groceries,"Sauces, Pickles & Spreads",500g,285,,46,,2554
DM-7.3891,hilife-classic-peanut-butter-crunchy-340gm,Hilife Classic Peanut Butter Crunchy 340gm,groceries,"Sauces, Pickles & Spreads",340g,205,,30,,2555
DM-2.1099,himalaya-herbals-cocoa-butter-body-lotion-200ml,Himalaya Herbals Cocoa Butter Body Lotion 200ml,beauty-skincare,Bath & Body,200ml,215,,38,yes,2630
DM-17.21,kata-butterfly-design-344d,Kata Butterfly Design 344D,ladies-wear,Hair Accessories,1 pc,70,,38,,2925
DM-7.794,khajuriko-butter-cookies-150g,Khajuriko Butter Cookies 150g,snacks,Biscuits & Cookies,150g,95,,34,,3019
DM-7.3816,kissan-peanut-butter-creamy-350gm,Kissan Peanut Butter Creamy 350gm,groceries,"Sauces, Pickles & Spreads",350g,195,,45,,3063
DM-7.472,kwality-20-20-butter-cookies-pkt,Kwality 20-20 Butter Cookies Pkt,snacks,Biscuits & Cookies,1 pc,55,,55,,3102
DM-7.4722,kwality-top-butter-cracker-biscuits-140gm,Kwality Top Butter Cracker Biscuits 140gm,snacks,Biscuits & Cookies,140g,90,,29,,3104
DM-7.3159,kwiks-premium-cheese-balls-60gm,Kwiks Premium Cheese Balls 60gm,snacks,"Chips, Namkeen & Snacks",60g,45,,19,,3107
DM-7.4842,master-chef-cheese-powder-100gm,Master Chef Cheese Powder 100gm,dairy-frozen,"Milk, Butter & Cheese",100g,125,,53,,3560
DM-21.131,milky-bites-butter-scotch-500ml,Milky Bites Butter Scotch 500ml,dairy-frozen,Ice Cream & Frozen,500ml,275,,34,,3639
DM-7.3844,munchy-s-butter-sandwich-crackers-270gm,Munchy''s Butter Sandwich Crackers 270gm,snacks,Biscuits & Cookies,270g,145,,32,,3879
DM-7.18,munchys-crackers-cheese-cream-300g,Munchys Crackers Cheese Cream 300g,snacks,Biscuits & Cookies,300g,145,,27,,3880
DM-7.332,munchys-lexus-vegetable-peanut-butter-200g,Munchys Lexus vegetable/peanut Butter 200g,groceries,"Sauces, Pickles & Spreads",200g,120,,48,,3881
DM-7.4544,mutlu-mac-cheese-cheddar-210gm,Mutlu Mac&cheese Cheddar 210gm,dairy-frozen,"Milk, Butter & Cheese",210g,290,,40,,3890
DM-7.399,parle-20-20-butter-cokies-150g,Parle 20-20 Butter Cokies 150g,snacks,Biscuits & Cookies,150g,95,75,17,,4264
DM-7.412,parle-20-20-butter-cookies-rs10,Parle 20/20 Butter Cookies Rs10,snacks,Biscuits & Cookies,1 pkt,10,,52,,4265
DM-7.2274,pintola-peanut-butter-all-natural-creamy-crunchy-dark-1kg,Pintola Peanut Butter All Natural Creamy\Crunchy\dark 1kg,groceries,"Sauces, Pickles & Spreads",1kg,740,,49,,4409
DM-7.2272,pintola-peanut-butter-classic-creamy-350g,Pintola Peanut Butter Classic Creamy 350g,groceries,"Sauces, Pickles & Spreads",350g,350,,11,,4411
DM-7.2275,pintola-peanut-butter-classic-creamy-1kg,Pintola Peanut Butter Classic Creamy 1kg,groceries,"Sauces, Pickles & Spreads",1kg,700,615,27,,4410
DM-7.2271,pintola-peanut-butter-dark-chocolate-creany-350g,Pintola Peanut Butter Dark Chocolate Creany 350g,groceries,"Sauces, Pickles & Spreads",350g,280,,28,,4412
DM-7.227-2,pintola-peanut-butter-all-natural-creamy-crunchy-350g,Pintola Peanut Butter All Natural Creamy\crunchy 350g,groceries,"Sauces, Pickles & Spreads",350g,305,,29,,4408
DM-2.3591,plom-body-lovin-mashmallow-melt-body-lotion-with-shea-butter-400-ml,Plom Body Lovin Mashmallow Melt Body Lotion With Shea Butter 400 ml,beauty-skincare,Fragrance & Deodorant,400ml,1490,,26,,4435
DM-7.4348,premia-cheese-seasoning-powder-250gm,Premia Cheese Seasoning Powder 250gm,groceries,Spices & Masala,250g,160,,24,,4586
DM-7.467,priyagold-butter-delite-150g,Priyagold Butter Delite 150g,snacks,Biscuits & Cookies,150g,85,,8,,4597
DM-7.2462,priyagold-butter-delite-butter-biscuits-350g,Priyagold Butter Delite Butter Biscuits 350g,snacks,Biscuits & Cookies,350g,160,,48,,4598
DM-7.3975,priyagold-cheese-cracker-128g,Priyagold Cheese Cracker 128g,snacks,Biscuits & Cookies,128g,70,,35,,4599
DM-7.549,priyagold-cheese-cracker-200g,Priyagold Cheese Cracker 200g,snacks,Biscuits & Cookies,200g,120,,56,,4600
DM-7.3607,ramro-peanut-butter-cookies-130gm,Ramro Peanut Butter Cookies 130gm,groceries,"Sauces, Pickles & Spreads",130g,100,,30,,4697
DM-7.2032,ramro-rich-butter-cookies-180g,Ramro Rich Butter Cookies 180g,snacks,Biscuits & Cookies,180g,100,90,31,,4698
DM-21.156,royal-bites-strawberry-cheese-cake-cup,Royal Bites Strawberry Cheese Cake Cup,kitchen-household,"Cups, Mugs & Glassware",1 pc,380,,43,,4844
DM-9.808,star-butterfly-light,Star Butterfly Light,electronics,Lights & Electricals,1 pc,350,,19,,5242
DM-7.2412,super-nutri-peanut-butter-crunchy-creamy-510g,Super Nutri Peanut Butter Crunchy /Creamy 510g,groceries,"Sauces, Pickles & Spreads",510g,240,,35,,5385
DM-21.22,vadilal-all-icecream-crunchy-butter-scotc1,Vadilal All Icecream Crunchy Butter scotc1,dairy-frozen,Ice Cream & Frozen,1 pc,225,,26,,57
DM-7.2337,weik-field-peanut-butter-creamy-crunchy340g,Weik Field Peanut Butter Creamy /Crunchy340g,groceries,"Sauces, Pickles & Spreads",340g,180,,49,,5820
DM-7.4714,well-bell-classic-peanut-butter-creamy-crunchy-510gm,Well Bell Classic Peanut Butter creamy/crunchy 510gm,snacks,Biscuits & Cookies,510g,230,210,50,,5857
DM-7.4113,well-bell-classic-peanut-butter-crunchy-creamy-1kg,Well Bell Classic Peanut Butter Crunchy Creamy 1kg,snacks,Biscuits & Cookies,1kg,440,,13,,5858
DM-7.3935,well-bell-peanut-butter-crunchy-creamy510gm,Well Bell Peanut Butter Crunchy /creamy510gm,snacks,Biscuits & Cookies,510g,270,,25,,5865
DM-17.331,butterfly-side-clip-4-pcs-set,Butterfly Side Clip 4 pcs Set,ladies-wear,Hair Accessories,4 pcs,80,,52,,871
DM-2.3832,kata-butterfly-design-big,Kata Butterfly Design Big,ladies-wear,Hair Accessories,1 pc,75,,19,,2926
DM-7.4719,kwality-20-20-butter-cookies-150gm,Kwality 20-20 Butter Cookies 150gm,snacks,Biscuits & Cookies,150g,80,,30,,3101
DM-5.1023,alfredo-milk-chocolate-all-flv-100gm,Alfredo Milk Chocolate All Flv 100gm,snacks,Chocolates & Candy,100g,175,160,39,,231
DM-2.3325,asta-berry-gold-rose-cleansing-milk-150ml,Asta Berry gold/rose Cleansing Milk 150ml,beauty-skincare,Skin Care,150ml,435,,16,,332
DM-2.341,asta-berry-rose-cleanising-milk-cream-150ml,Asta Berry Rose Cleanising Milk Cream 150ml,beauty-skincare,Skin Care,150ml,405,,28,,343
DM-7.311,britannia-milk-rusk-620g,Britannia Milk Rusk 620g,dairy-frozen,"Bread, Cakes & Bakery",620g,245,,36,yes,824
DM-7.2174,brittannia-milk-bikis-biscuits-25g-pack,Brittannia Milk Bikis Biscuits 25g Pack,snacks,Biscuits & Cookies,25g,25,,39,,835
DM-5.267,cadbury-dairy-milk-chocolate-25g,Cadbury Dairy Milk Chocolate 25g,snacks,Chocolates & Candy,25g,60,,19,yes,877
DM-5.601,cadbury-dairy-milk-chocolate-46g,Cadbury Dairy Milk Chocolate 46G,snacks,Chocolates & Candy,46g,90,,35,yes,876
DM-5.224,cadbury-dairy-milk-chocolate-family-pack-123g,Cadbury Dairy Milk Chocolate Family Pack 123g,snacks,Chocolates & Candy,123g,210,,43,,879
DM-5.223,cadbury-dairy-milk-silk-bubbly-46g,Cadbury Dairy Milk Silk Bubbly 46g,snacks,Chocolates & Candy,46g,110,,11,,880
DM-5.437,cadbury-dairy-milk-silk-fruit-nut-137g,Cadbury Dairy Milk Silk Fruit & Nut 137g,snacks,Chocolates & Candy,137g,260,,37,yes,883
DM-5.83,cadbury-dairy-milk-silk-fruit-nut-55g,Cadbury Dairy Milk Silk Fruit & Nut 55g,snacks,Chocolates & Candy,55g,105,95,42,,884
DM-5.16,cadbury-dairy-milk-silk-oreo-130g,Cadbury Dairy Milk Silk Oreo 130g,snacks,Chocolates & Candy,130g,220,,14,yes,885
DM-5.304,cadbury-dairy-milk-silk-oreo-60g,Cadbury Dairy Milk Silk Oreo 60g,snacks,Chocolates & Candy,60g,140,,20,,886
DM-5.303,cadbury-dairy-milk-silk-roast-almond-58g,Cadbury Dairy Milk Silk Roast Almond 58g,snacks,Chocolates & Candy,58g,115,,42,yes,887
DM-5.892,cadbury-dairy-milk-silk-chocolate-55gm,Cadbury Dairy Milk Silk Chocolate 55gm,snacks,Chocolates & Candy,55g,120,110,47,,882
DM-5.171,cadbury-dairy-milk-chocolate-13-8g,Cadbury Dairy Milk Chocolate 13.8g,snacks,Chocolates & Candy,13.8g,40,,26,,878
DM-5.133,cadbury-dairy-milk-silk-bubly-120g,Cadbury Dairy Milk Silk Bubly 120g,snacks,Chocolates & Candy,120g,205,,29,,881
DM-16.111,cavin-s-milk-shake-all-flv-180ml,"Cavin""s Milk Shake All Flv 180ml",beverages,Health & Energy Drinks,180ml,190,,54,,913
DM-7.801,century-paneer-masala-50g,Century Paneer Masala 50g,groceries,Spices & Masala,50g,45,,13,,970
DM-16.262,cream-bell-kesar-badam-milk-shake-180ml,Cream Bell Kesar Badam Milk Shake 180ml,beauty-skincare,Skin Care,180ml,525,,41,,1235
DM-7.2969,crunch-milk-cream-vanilla-chocolate,Crunch Milk Cream\Vanilla\Chocolate,snacks,Chocolates & Candy,1 pc,90,,11,,1239
DM-7.237,current-shahi-paneer-masala-50g,Current Shahi Paneer Masala 50g,groceries,Spices & Masala,50g,45,,17,,1279
DM-5.335,dairy-milk-silk-oreo-130g,Dairy Milk Silk Oreo 130g,snacks,Chocolates & Candy,130g,250,,22,yes,1314
DM-2.157,dekar-gold-cleasing-milk-200ml,Dekar Gold Cleasing Milk 200ml,beauty-skincare,Skin Care,200ml,560,,32,,1330
DM-2.2837,dekar-whitening-cleansing-milk-100ml,Dekar Whitening Cleansing Milk 100ml,beauty-skincare,Skin Care,100ml,305,,43,,1342
DM-2.2601,dekar-whitening-cleansing-milk-200ml,Dekar Whitening Cleansing Milk 200ml,beauty-skincare,Skin Care,200ml,535,480,14,,1339
DM-2.3545,glam-glory-cleansing-milk-350ml,Glam&glory Cleansing Milk 350ml,beauty-skincare,Skin Care,350ml,915,,13,,2205
DM-16.206,gopi-badam-milk-drink-180ml,Gopi Badam Milk Drink 180ml,beverages,Health & Energy Drinks,180ml,185,,55,,2308
DM-4.43,healthy-happy-milk-cup,Healthy Happy Milk Cup,kitchen-household,"Cups, Mugs & Glassware",1 pc,375,,53,,2498
DM-2.1374,himalaya-herbals-refreshing-cleansing-milk-100ml,Himalaya Herbals Refreshing Cleansing Milk 100ml,beauty-skincare,Skin Care,100ml,275,225,14,,2645
DM-24.92,jk-foods-top-french-fries-2-5kg,JK Foods Top French Fries 2.5kg,ladies-wear,Clothing,2.5kg,1040,,15,,2806
DM-24.91,jayas-chicken-sausage-200gm,Jayas Chicken Sausage 200gm,dairy-frozen,Ice Cream & Frozen,200g,140,,50,,2784
DM-24.81,jayas-chicken-sausage-500gm,Jayas Chicken Sausage 500gm,dairy-frozen,Ice Cream & Frozen,500g,280,,15,,2785
DM-24.85,jayas-spicy-chicken-sausage-200gm,Jayas Spicy Chicken Sausage 200gm,dairy-frozen,Ice Cream & Frozen,200g,140,,39,,2786
DM-24.86,jayas-spicy-chicken-sausage-500gm,Jayas Spicy Chicken Sausage 500gm,dairy-frozen,Ice Cream & Frozen,500g,270,245,29,,2787
DM-3.52,johnsons-baby-milk-cream-50gm,Johnsons Baby Milk Cream 50gm,baby-care,Baby Bath & Skin Care,50g,115,100,19,,2816
DM-3.55,johnsons-baby-milk-cream-30g,Johnsons Baby Milk Cream 30g,baby-care,Baby Bath & Skin Care,30g,85,,23,,2815
DM-7.3414,khajurico-daily-xpress-milk-500gm,Khajurico Daily Xpress Milk 500gm,dairy-frozen,"Milk, Butter & Cheese",500g,440,,46,,3012
DM-2.3323,lakme-peach-milk-moisture-riser-25g,Lakme Peach Milk Moisture Riser 25g,beauty-skincare,Skin Care,25g,125,,58,,3138
DM-2.2983,lakme-peach-milk-moisture-riser-50g,Lakme Peach Milk Moisture Riser 50g,beauty-skincare,Skin Care,50g,190,,24,,3139
DM-2.3362,lakme-skin-perfect-collectoin-peach-milk-200ml,Lakme Skin Perfect Collectoin Peach Milk 200ml,beauty-skincare,Makeup & Nail Care,200ml,1670,,51,,3140
DM-2.4023,leito-milk-protin-body-lotion-spf25-400ml,Leito Milk Protin Body Lotion spf25 400ml,beauty-skincare,Bath & Body,400ml,370,,39,,3180
DM-2.584,lotus-herbal-whiteglow-cleansing-milk-80ml,Lotus Herbal Whiteglow Cleansing Milk 80ml,beauty-skincare,Skin Care,80ml,250,,34,,3335
DM-2.101,lotus-herbals-lemonpure-cleansing-milk-80ml,Lotus Herbals Lemonpure Cleansing Milk 80ml,beauty-skincare,Skin Care,80ml,245,220,37,,3340
DM-2.4049,mg-goldline-cosmetics-gold-cleansing-milk-vitamin-e-c-400ml,MG Goldline Cosmetics Gold Cleansing Milk Vitamin E&c 400ml,beauty-skincare,Skin Care,400ml,945,,40,,3619
DM-2.4028,mg-milk-moisturizing-body-lotion-240ml,MG Milk Moisturizing Body Lotion 240ml,beauty-skincare,Bath & Body,240ml,225,,37,,3630
DM-5.1051,milkymist-milk-chocolate-classic-40gm,MIlkymist Milk Chocolate Classic 40gm,snacks,Chocolates & Candy,40g,85,,35,,3659
DM-5.1132,madoc-lacmi-milk-chocolate-350gm,Madoc Lacmi Milk Chocolate 350gm,snacks,Chocolates & Candy,350g,580,,57,,3430
DM-3.404,mama-earth-milk-soft-bathing-bar-75g,Mama Earth Milk Soft Bathing Bar 75g,dairy-frozen,"Milk, Butter & Cheese",75g,100,,15,,3473
DM-3.383,mamaearth-milk-soft-face-cream-for-babies-60g,Mamaearth Milk Soft Face Cream For Babies 60g,beauty-skincare,Skin Care,60g,210,200,44,,3513
DM-5.787,milk-candy-160gm,Milk Candy 160gm,snacks,Chocolates & Candy,160g,305,,39,,3636
DM-21.132,milk-bites-oreo,Milk Bites Oreo,dairy-frozen,"Milk, Butter & Cheese",1 pc,225,,40,yes,3634
DM-21.124,milk-bitesstraw-berry-creamy-bliss-500ml,Milk bitesStraw Berry Creamy Bliss 500ml,dairy-frozen,"Milk, Butter & Cheese",500ml,430,,32,,3635
DM-5.978,milky-mist-capella-milk-chocolate-classic-80gm,Milky Mist Capella Milk Chocolate Classic 80gm,snacks,Chocolates & Candy,80g,160,,23,,3647
DM-5.979,milky-mist-capella-milk-chocolatehazelnut-80gm,Milky Mist Capella Milk Chocolatehazelnut 80gm,snacks,Chocolates & Candy,80g,155,,55,,3648
DM-5.1122,milkymist-capella-caramel-sea-salt-milk-chocolate-40gm,Milkymist Capella Caramel&sea Salt Milk Chocolate 40gm,snacks,Chocolates & Candy,40g,80,,43,,3654
DM-5.1006,milkymist-capella-milk-chocolate-fruit-nut-40gm,Milkymist Capella Milk Chocolate Fruit&nut 40gm,snacks,Chocolates & Candy,40g,90,,18,,3658
DM-2.649,newlook-cleansing-milk-240ml,Newlook Cleansing Milk 240ml,beauty-skincare,Skin Care,240ml,660,,12,,4003
DM-2.3488,nivea-body-lotion-shea-smooth-body-milk-600-ml,Nivea Body Lotion Shea Smooth / Body Milk 600 ml,beauty-skincare,Bath & Body,600ml,615,,11,yes,4039
DM-2.2977,nivea-body-milk-intensive-moisture-200ml,Nivea Body Milk Intensive Moisture 200ml,beauty-skincare,Bath & Body,200ml,240,,11,yes,4040
DM-2.19,nivea-body-milk-intensive-moisture-400ml,Nivea Body Milk Intensive Moisture 400ml,beauty-skincare,Bath & Body,400ml,360,,19,,4041
DM-2.104,parachute-coconut-milk-soft-touch-body-lotion-250ml,Parachute Coconut Milk Soft Touch Body Lotion 250ml,beauty-skincare,Hair Care,250ml,270,,18,,38
DM-20.86,patanjali-kesh-kanti-milk-protein-hair-cleanser-200ml,Patanjali Kesh Kanti Milk Protein Hair Cleanser 200ml,beauty-skincare,Hair Care,200ml,265,,17,yes,4344
DM-20.102,patanjali-kesh-kanti-milk-protein-hair-cleanser-450ml,Patanjali Kesh Kanti Milk Protein Hair Cleanser 450ML,beauty-skincare,Hair Care,450ml,510,,41,yes,4345
DM-1.1875,plom-coconut-milk-peptides-strength-shine-conditioner-175gm,Plom Coconut Milk & Peptides Strength & Shine Conditioner 175gm,beauty-skincare,Fragrance & Deodorant,175g,730,,19,,4446
DM-1.1874,plom-coconut-milk-peptides-strength-shine-shampoo-250ml,Plom Coconut Milk & Peptides Strength & Shine Shampoo 250ml,beauty-skincare,Fragrance & Deodorant,250ml,890,,58,,4447
DM-24.51,quality-chicken-sausage-hot-400g,Quality Chicken Sausage Hot 400g,dairy-frozen,Ice Cream & Frozen,400g,235,,39,,44
DM-24.8,quality-chicken-ho-spicy-sausage-400g,Quality Chicken Ho& Spicy Sausage 400g,dairy-frozen,Ice Cream & Frozen,400g,220,,17,,4638
DM-7.4505,ramro-dingdong-milk-cake-100gm,Ramro Dingdong Milk Cake 100gm,dairy-frozen,"Bread, Cakes & Bakery",100g,60,,17,,4693
DM-5.383,runiu-milk-candy,Runiu Milk & Candy,snacks,Chocolates & Candy,1 pc,100,,10,,4884
DM-1.2264,santoor-soap-sandal-turmeric-and-sandal-almond-milk-4pcs-pack,Santoor Soap Sandal&turmeric And Sandal&almond Milk 4pcs Pack,beauty-skincare,Bath & Body,4 pcs,160,,49,,4936
DM-4.129,sausage-sticks-500g,Sausage Sticks 500g,dairy-frozen,Ice Cream & Frozen,500g,245,,14,,4963
DM-4.1513,sausage-stick-long,Sausage Stick Long,dairy-frozen,Ice Cream & Frozen,1 pc,260,,38,,4962
DM-1.1735,soap-goats-milk-180g,Soap Goats Milk 180g,beauty-skincare,Bath & Body,180g,185,,23,,5155
DM-2.2063,sumnima-herbal-cleansing-milk-leamon-aloe400ml,Sumnima Herbal Cleansing Milk leamon/aloe400ml,beauty-skincare,Skin Care,400ml,960,,26,,5321
DM-2.3291,sumnima-herbal-gold-cleansing-milk-400ml,Sumnima Herbal Gold Cleansing Milk 400ml,beauty-skincare,Skin Care,400ml,945,,52,,5324
DM-7.1561,super-nutremilk-cereal-with-brown-rice,Super NutreMilk Cereal With Brown Rice,groceries,Breakfast & Cereals,1 pkt,375,,20,,5384
DM-24.46,three-star-breakfast-sausage-400gm,Three Star Breakfast Sausage 400gm,dairy-frozen,Ice Cream & Frozen,400g,215,,44,,5482
DM-24.3,three-star-buff-sausage-200g,Three Star Buff Sausage 200g,dairy-frozen,Ice Cream & Frozen,200g,130,,26,,5484
DM-24.4,three-star-buff-sausage-400g,Three Star Buff Sausage 400g,dairy-frozen,Ice Cream & Frozen,400g,195,,53,,5485
DM-24.97,three-star-chicken-nuggets-500g,Three Star Chicken Nuggets 500g,dairy-frozen,Ice Cream & Frozen,500g,265,,43,,5489
DM-24.2-2,three-star-chicken-sausage-200g,Three Star Chicken Sausage 200g,dairy-frozen,Ice Cream & Frozen,200g,120,,20,,5490
DM-24.41,three-star-hotdog-chicken-sausage-500gm,Three Star Hotdog Chicken Sausage 500gm,dairy-frozen,Ice Cream & Frozen,500g,235,,50,,5496
DM-24.59,three-chop-chop-chicken-nuggets-200gm,Three Chop Chop Chicken Nuggets 200gm,groceries,"Sauces, Pickles & Spreads",200g,140,125,36,,5478
DM-24.105,three-chop-chop-veg-nuggets-500gm,Three Chop Chop Veg Nuggets 500gm,groceries,"Sauces, Pickles & Spreads",500g,285,,31,,5480
DM-24.1,three-star-chicken-sausage-400g,Three Star Chicken Sausage 400g,dairy-frozen,Ice Cream & Frozen,400g,230,,29,,5491
DM-24.96,three-star-fish-sausage-400g,Three Star Fish Sausage 400g,dairy-frozen,Ice Cream & Frozen,400g,240,205,41,,5495
DM-24.95,three-star-chicken-frankfurter-sausage-500gm,Three Star Chicken Frankfurter Sausage 500gm,dairy-frozen,Ice Cream & Frozen,500g,250,215,32,,5486
DM-24.79,three-star-cocktail-chicken-sausage-500gm,Three Star Cocktail Chicken Sausage 500gm,dairy-frozen,Ice Cream & Frozen,500g,250,,46,,5494
DM-24.107,three-star-pork-sausage-200gm,Three Star Pork Sausage 200gm,dairy-frozen,Ice Cream & Frozen,200g,125,,20,,5497
DM-2.2838,well-10-deep-pure-cleansing-milk-120ml,Well 10 Deep Pure Cleansing Milk 120ml,beauty-skincare,Skin Care,120ml,385,,43,,5839
DM-2.4118,well-10-professional-hydrating-facial-milk-120ml,Well 10 Professional Hydrating Facial Milk 120ml,beauty-skincare,Hair Care,120ml,170,,54,,5849
DM-2.4119,well-10-professional-hydrating-facial-milk-o-d-120ml,Well 10 Professional Hydrating Facial Milk O+D 120ml,beauty-skincare,Hair Care,120ml,190,180,8,,5850
DM-2.1617,yc-whitening-vitamin-c-face-wash-milk-extract100ml,YC Whitening vITAMIN C Face Wash Milk Extract100ml,beauty-skincare,Skin Care,100ml,335,315,8,,5938
DM-2.3897,yc-whitening-camel-milk-lotion-double-milk-lotion-250gm,YC Whitening Camel Milk lotion/double Milk Lotion 250gm,beauty-skincare,Skin Care,250g,660,,40,,5934
DM-10.356,acrylic-paint-set-acrylic-colour-water-colour,ACRYLIC PAINT SET Acrylic Colour /water Colour,stationery,Art & Craft,1 set,260,,57,,172
DM-5.1082,ace-eclairs-chocolate-500gm,Ace Eclairs Chocolate 500gm,snacks,Chocolates & Candy,500g,835,,50,,153
DM-5.3,aksu-chocolate-packet-300g,Aksu Chocolate Packet 300g,snacks,Chocolates & Candy,300g,450,,18,,224
DM-5.1117,aksu-truffica-chocolate-all-flv-400gm,Aksu Truffica Chocolate All Flv 400gm,snacks,Chocolates & Candy,400g,625,,20,,225
DM-5.1131,alfredo-chocolate-85-73-100gm,Alfredo Chocolate 85%/73% 100gm,snacks,Chocolates & Candy,100g,215,205,50,,230
DM-5.1114,altalita-chocolate-box-500gm,Altalita Chocolate Box 500gm,snacks,Chocolates & Candy,500g,715,585,59,,242
DM-7.4366,american-garden-chocolate-cake-mix-500gm,American Garden Chocolate Cake Mix 500gm,dairy-frozen,"Bread, Cakes & Bakery",500g,190,,31,,249
DM-5.894,amul-99-cacao-ultimate-dark-chocolate-125gm,Amul 99% Cacao Ultimate Dark Chocolate 125gm,snacks,Chocolates & Candy,125g,260,,26,,255
DM-5.456,amul-dark-chocolate-150g,Amul Dark Chocolate 150g,snacks,Chocolates & Candy,150g,265,,28,yes,259
DM-5.472,amul-dark-chocolate-40g,Amul Dark Chocolate 40g,snacks,Chocolates & Candy,40g,90,,21,,260
DM-5.473,amul-fruit-n-nut-dark-chocolate-40g,"Amul Fruit""n""Nut/ Dark Chocolate 40g",snacks,Chocolates & Candy,40g,95,,59,,263
DM-5.504,amul-intense-dark-chocolate-sf-dark-chocolate-150g,Amul Intense Dark chocolate/SF Dark Chocolate 150g,snacks,Chocolates & Candy,150g,295,260,43,,264
DM-5.1046,ankit-delexe-chocolate-box-600gm,Ankit Delexe Chocolate Box 600gm,snacks,Chocolates & Candy,600g,935,,23,,274
DM-16.139,appy-fizz-apple-drink-250ml,Appy Fizz Apple Drink 250ml,beverages,Juices & Squash,250ml,55,,27,,290
DM-16.134,appy-apple-drink-200ml,Appy Apple Drink 200ml,beverages,Juices & Squash,200ml,50,,59,,288
DM-16.128,appy-apple-drink-125ml,Appy Apple Drink 125ml,beverages,Juices & Squash,125ml,35,,34,,287
DM-16.129,appy-fizz-apple-drink-160ml,Appy Fizz Apple Drink 160ml,beverages,Juices & Squash,160ml,45,,59,,289
DM-21.87,azzabko-chocolate-1000ml,Azzabko Chocolate 1000ml,snacks,Chocolates & Candy,1000ml,1470,,51,,370
DM-21.84,azzabko-chocolate-500ml,Azzabko Chocolate 500ml,snacks,Chocolates & Candy,500ml,865,,37,,371
DM-7.4207,bru-gold-edition-coffee-100g,BRU GOLD Edition Coffee 100g,beverages,Tea & Coffee,100g,330,,27,,838
DM-7.4206,bru-gold-edition-coffee-55g,BRU GOLD Edition Coffee 55g,beverages,Tea & Coffee,55g,190,155,8,,839
DM-7.4095,bru-pure-instant-coffee-100g,BRU Pure Instant Coffee 100g,beverages,Tea & Coffee,100g,295,,9,,841
DM-7.466,bru-instant-rich-aroma-granues-coffe,BRU Instant Rich Aroma Granues Coffe,beverages,Tea & Coffee,1 pc,270,,57,,840
DM-3.586,babisil-water-drinking-cup,Babisil Water Drinking Cup,kitchen-household,"Cups, Mugs & Glassware",1 pc,335,,20,,388
DM-16.26,bambami-mix-juice-drink-500ml,BamBami Mix Juice Drink 500ml,beverages,Juices & Squash,500ml,100,,27,,539
DM-2.3855,banjaras-rose-water-120ml,Banjaras Rose Water 120ml,beauty-skincare,Skin Care,120ml,315,,29,,580
DM-7.3715,bhanbhori-rose-water-190ml,Bhanbhori Rose Water 190ml,beauty-skincare,Skin Care,190ml,535,,59,,686
DM-5.13,bonjen-compound-chocolate-500g,Bonjen Compound Chocolate 500g,snacks,Chocolates & Candy,500g,820,,26,,765
DM-5.597,bonjen-compound-chocolate-1kg,Bonjen Compound Chocolate 1kg,snacks,Chocolates & Candy,1kg,1290,,43,,764
DM-5.275,bounty-chocolate-57g,Bounty Chocolate 57g,snacks,Chocolates & Candy,57g,110,,21,,786
DM-9.561,bubble-water-game-no-6658-38a,Bubble Water Game NO.6658-38A,toys,Toys,1 pc,820,,35,,851
DM-16.237,c2-tradao-drink-455ml,C2 Tradao Drink 455ml,beverages,Juices & Squash,455ml,85,,51,,872
DM-4.454,coffee-frother-beater,COffee Frother /Beater,beverages,Tea & Coffee,1 pc,440,,15,,1134
DM-5.791,cadbury-bournville-classic-50-dark-chocolate,Cadbury Bournville Classic 50% Dark Chocolate,snacks,Chocolates & Candy,1 pc,100,,26,,875
DM-7.3206,cafe-rite-rich-coffee-50gm,Cafe Rite Rich Coffee 50gm,beverages,Tea & Coffee,50g,180,,15,,888
DM-16.263,campa-cola-lemon-orange-lemonite-all-flv-1ltr,Campa cola/lemon/orange/lemonite All Flv 1ltr,beverages,Soft Drinks & Soda,1L,110,,20,,890
DM-16.264,campa-orange-cola-lemon-flv-250ml,Campa orange/cola/lemon Flv 250ml,beverages,Soft Drinks & Soda,250ml,35,,32,,891
DM-16.97,ceres-juice-mix-1ltr,Ceres Juice Mix 1Ltr,beverages,Juices & Squash,1L,140,,56,,995
DM-16.279,chabaa-mandarin-orange-juice-1ltr,Chabaa Mandarin Orange Juice 1ltr,beverages,Juices & Squash,1L,175,,52,,1007
DM-7.4484,chef-s-choice-kewra-water-220ml,Chef's Choice Kewra Water 220ml,beverages,Water,220ml,20,,36,,1026
DM-7.4482,chef-s-choice-rose-water-500ml,Chef's Choice Rose Water 500ml,beauty-skincare,Skin Care,500ml,1040,,21,,1031
DM-5.975,choco-quad-chocolate-400gm,Choco Quad Chocolate 400gm,snacks,Chocolates & Candy,400g,670,590,37,,1063
DM-5.967,choco-quad-chocolate-800gm,Choco Quad Chocolate 800gm,snacks,Chocolates & Candy,800g,1260,,9,,1064
DM-5.1115,choco-quad-chocolate-box,Choco Quad Chocolate Box,snacks,Chocolates & Candy,1 box,90,,26,,1065
DM-5.972,choco-quad-chocolate-double-alta-1000gm,Choco Quad chocolate/double/alta 1000gm,snacks,Chocolates & Candy,1000g,1390,1310,58,,1066
DM-16.278,coco-moco-mixed-fruit-drink-350ml,Coco Moco Mixed Fruit Drink 350ml,beverages,Juices & Squash,350ml,80,,48,,1124
DM-5.1084,cocotun-chocolate-600gm,Cocotun Chocolate 600gm,snacks,Chocolates & Candy,600g,880,,48,,1131
DM-1.885,cola-fresh-toothbrush,Cola Fresh Toothbrush,beauty-skincare,Oral Care,1 pc,115,,17,,1145
DM-1.1542,colagate-zig-zag-4pack,Colagate Zig Zag 4pack,beauty-skincare,Oral Care,1 pc,115,,40,,1146
DM-5.404,complan-chocolate-flavour-1kg,Complan Chocolate Flavour 1kg,beverages,Health & Energy Drinks,1kg,815,,19,,1203
DM-5.35,complan-chocolate-flavour-500g,Complan Chocolate Flavour 500g,beverages,Health & Energy Drinks,500g,435,,48,,1204
DM-5.34,complan-chocolate-flavour200g,Complan Chocolate Flavour200g,beverages,Health & Energy Drinks,200g,235,,52,,1205
DM-2.1312,dabur-gulabari-rosewater-59ml,Dabur Gulabari Rosewater 59ml,beauty-skincare,Bath & Body,59ml,90,,9,,1305
DM-16.115,demand-rapti-drinking-water-1ltr,Demand /Rapti Drinking Water 1ltr,beverages,Water,1L,25,,24,,1355
DM-7.4799,didian-coffee-flavored-biscuits-420gm,Didian Coffee Flavored Biscuits 420gm,beverages,Tea & Coffee,420g,1050,,46,,1439
DM-7.108,dilmah-jasmine-green-tea-pure-green30g,Dilmah Jasmine Green Tea Pure Green30g,beverages,Tea & Coffee,30g,80,,51,,1448
DM-7.2483,dilmah-pure-greentea-bags-20bag,Dilmah Pure greenTea Bags 20bag,beverages,Tea & Coffee,1 pkt,260,,42,,1449
DM-7.763,dilmah-all-flvr-tea-bags-30s,Dilmah All Flvr Tea Bags 30s,beverages,Tea & Coffee,30 pcs,260,,40,,1447
DM-7.759,dilmah-green-tea-bags-20bag,Dilmah Green Tea Bags 20bag,beverages,Tea & Coffee,1 pc,270,,52,,1446
DM-5.1116,diorec-compound-chocolate-all-flv-80gm,Diorec Compound Chocolate All Flv 80gm,snacks,Chocolates & Candy,80g,175,,44,,1465
DM-5.1013,double-decker-truffle-chocolate-700gm,Double Decker Truffle Chocolate 700gm,snacks,Chocolates & Candy,700g,1060,,28,,1619
DM-5.1019,egg-chocolate-coin-box-120pc,Egg Chocolate Coin Box 120pc,snacks,Chocolates & Candy,120 pc,110,,56,,1761
DM-4.362,electromax-hot-water-bag,ElectroMax Hot Water Bag,home-living,"Bags, Umbrellas & Travel",1 pc,880,,48,,1767
DM-5.23,elvan-truffle-chocolate-1kg,Elvan Truffle Chocolate 1kg,snacks,Chocolates & Candy,1kg,1450,,46,,1778
DM-5.348,elven-cocos-chocolate-500g,Elven Cocos Chocolate 500g,snacks,Chocolates & Candy,500g,865,,13,,1779
DM-5.1083,exara-bar-all-flv-chocolate-90gm,Exara Bar All Flv Chocolate 90gm,snacks,Chocolates & Candy,90g,195,,14,,1866
DM-5.312,foreve-r-only-fortunna-lovechocolate-double-decor-t16-box-200g,Foreve/r only/fortunna loveChocolate Double Decor T16 Box 200g,snacks,Chocolates & Candy,200g,305,,32,,2060
DM-5.908,fortunna-chocolate-200gm,Fortunna Chocolate 200gm,snacks,Chocolates & Candy,200g,360,,14,,2077
DM-5.561,fortunna-heart-chocolate-12pc150g,Fortunna Heart Chocolate 12pc150g,snacks,Chocolates & Candy,150g,300,,21,,2078
DM-5.897,fortunna-heart-chocolate-18pc150g,Fortunna Heart Chocolate 18pc150g,snacks,Chocolates & Candy,150g,245,,52,,2079
DM-5.56,fortunna-chocolate-8pc-100g,Fortunna Chocolate 8pc 100g,snacks,Chocolates & Candy,100g,190,,47,,2076
DM-16.59,frooti-mango-drink-125ml,Frooti Mango Drink 125ml,beverages,Juices & Squash,125ml,35,,18,,2087
DM-16.28,frooti-mango-drink-200ml,Frooti Mango Drink 200ml,beverages,Juices & Squash,200ml,50,,34,yes,2086
DM-16.6,frootina-mango-drink-1000ml,Frootina Mango Drink 1000ml,beverages,Juices & Squash,1000ml,170,,55,,2089
DM-16.239,fruit-gems-strawberrry-drink-250ml,Fruit Gems Strawberrry Drink 250ml,beverages,Juices & Squash,250ml,60,55,9,,2092
DM-5.922,ginger-coconut-candy-bonbon-chocolate-250g,Ginger Coconut Candy Bonbon Chocolate 250g,snacks,Chocolates & Candy,250g,445,,38,,2195
DM-1.526,green-tea-facial-cleansing-wipes-neem-aloe,Green Tea Facial Cleansing Wipes Neem/Aloe,beverages,Tea & Coffee,1 pc,280,,34,,2317
DM-5.698,horlicks-classic-malt-2kg,HORLICKS Classic Malt 2kg,beverages,Health & Energy Drinks,2kg,1530,,51,yes,2705
DM-5.17,horlicks-classic-malt-500g,HORLICKS Classic Malt 500g,beverages,Health & Energy Drinks,500g,425,,52,yes,2706
DM-2.3726,hamdard-pure-rose-water-100ml,Hamdard Pure Rose Water 100ml,health-hygiene,Health & Wellness,100ml,135,,33,,2417
DM-5.928,happy-smile-compound-chocolate-400g,Happy Smile Compound Chocolate 400g,snacks,Chocolates & Candy,400g,620,,54,,2435
DM-1.224,hearttouch-green-tea-bathroom-tissues-160gm,Hearttouch Green Tea Bathroom Tissues 160gm,beverages,Tea & Coffee,160g,240,,56,,2501
DM-7.4499,hent-cream-hazelnut-dark-chocolate-350gm,Hent Cream Hazelnut Dark Chocolate 350gm,snacks,Chocolates & Candy,350g,630,595,57,,2514
DM-1.1575,himalaya-anti-dandruff-tea-tree-shampoo-340ml,Himalaya Anti Dandruff Tea Tree Shampoo 340ml,beauty-skincare,Hair Care,340ml,410,,57,yes,2590
DM-5.119,horlicks-classic-malt-1kg,Horlicks Classic Malt 1kg,beverages,Health & Energy Drinks,1kg,705,,19,,2703
DM-5.355,horlicks-classic-malt-200g,Horlicks Classic Malt 200g,beverages,Health & Energy Drinks,200g,215,,23,,2704
DM-5.242,horlics-chocolate-delight-500g,Horlics Chocolate Delight 500g,snacks,Chocolates & Candy,500g,835,,46,,2709
DM-4.6,jony-tea-coasters-6pc-set,Jony Tea Coasters 6pc Set,kitchen-household,Dinnerware & Serving,6 pc,425,,49,,2829
DM-16.221,karta-coconut-water-330ml,Karta Coconut Water 330ml,beverages,Water,330ml,20,,37,,2911
DM-5.398,kitkat-dark-chocolate-coated-wafer-50g,Kitkat Dark Chocolate Coated Wafer 50g,snacks,Chocolates & Candy,50g,115,,21,yes,3074
DM-5.682,kitkat-dark-chocolate-coated-wafer-150g,Kitkat Dark Chocolate Coated Wafer 150g,snacks,Chocolates & Candy,150g,290,,46,,3073
DM-9.873,kock-water-balloons,Kock Water Balloons,gifts-puja,Gifts & Party,1 pack,270,,16,,3085
DM-2.3775,lakme-micellar-pure-water-100ml,Lakme Micellar Pure Water 100ml,beauty-skincare,Makeup & Nail Care,100ml,850,,39,,3137
DM-16.276,lavila-mixed-fruit-drink-1ltr,Lavila Mixed Fruit Drink 1ltr,beverages,Juices & Squash,1L,150,,30,,3160
DM-5.854,lexus-ccconut-coffee-hazelnit-cream-500g,Lexus Ccconut/coffee\hazelnit Cream 500g,beauty-skincare,Skin Care,500g,1910,,9,,3190
DM-5.686,lexus-hazelnut-cream-chocolate-200g,Lexus Hazelnut Cream Chocolate 200g,snacks,Chocolates & Candy,200g,355,,8,,3191
DM-5.111,lindts-chocolate-70-cocoa-intense-dark-100gm,Lindts Chocolate 70% Cocoa Intense Dark 100gm,snacks,Chocolates & Candy,100g,285,,14,,3211
DM-7.1759,liption-green-tea-tulsi-natura-honey-lemon-25bag,Liption Green Tea Tulsi Natura Honey Lemon 25bag,beverages,Tea & Coffee,1 pc,240,,22,,3216
DM-7.3925,lipton-green-tea-clear-light-25-bag,Lipton Green Tea Clear&Light 25 Bag,beverages,Tea & Coffee,1 pc,265,,50,,3217
DM-7.3657,lipton-green-tea-lemon-zest-35gm,Lipton Green Tea Lemon Zest 35gm,beverages,Tea & Coffee,35g,85,,8,,3218
DM-7.3926,lipton-green-tea-lemongrass-ginger-25-bag,Lipton Green Tea Lemongrass Ginger 25 Bag,beverages,Tea & Coffee,1 pc,255,,51,,3219
DM-7.3927,lipton-green-tea-raspberry-mint-25-bag,Lipton Green Tea Raspberry Mint 25 Bag,beverages,Tea & Coffee,1 pc,220,,13,,3220
DM-2.362,lotus-herbals-teatree-wash-120gm,Lotus Herbals Teatree Wash 120gm,beauty-skincare,Skin Care,120g,355,300,23,,3349
DM-5.824,love-mix-compound-chocolate-500gm,Love Mix Compound Chocolate 500gm,snacks,Chocolates & Candy,500g,735,,20,,3385
DM-5.599,love-candy-mix-chocolate-150g,Love Candy Mix Chocolate 150g,snacks,Chocolates & Candy,150g,245,,16,,3381
DM-5.941,m-s-chocolate-cycle-games-80gm,M& S Chocolate Cycle Games 80gm,snacks,Chocolates & Candy,80g,160,,44,,33
DM-7.1414,maccoffee-gold-100g,MacCoffee Gold 100g,beverages,Tea & Coffee,100g,320,,10,,3422
DM-7.4002,maccoffee-gold-50g,MacCoffee Gold 50g,beverages,Tea & Coffee,50g,205,,47,,3423
DM-7.437,maccoffee-original-100g,MacCoffee Original 100g,beverages,Tea & Coffee,100g,285,,18,,3424
DM-7.238,maccoffee-original-3b1-mini,MacCoffee Original 3B1 Mini,beverages,Tea & Coffee,1 pack,240,,44,,3426
DM-7.3467,maccoffee-original-3b1-mini24stick,MacCoffee Original 3B1 Mini24stick,beverages,Tea & Coffee,1 pc,490,,51,,3425
DM-7.3468,maccoffee-original-95g,MacCoffee Original 95g,beverages,Tea & Coffee,95g,325,,41,,3427
DM-7.1512,maccoffee-original-glass-pack-50g,MacCoffee Original Glass Pack 50g,beverages,Tea & Coffee,50g,190,165,15,,3428
DM-7.4627,maccoffee-caferite-rich-300gm,Maccoffee Caferite Rich 300gm,beverages,Tea & Coffee,300g,675,540,56,,3421
DM-5.1037,madoc-goa-special-chocolate-700gm,Madoc Goa Special Chocolate 700gm,snacks,Chocolates & Candy,700g,1010,915,51,,3429
DM-5.56-2,magic-assorted-chocolate-400g,Magic Assorted Chocolate 400g,snacks,Chocolates & Candy,400g,675,,27,,3439
DM-10.368,magic-water-book-no-2012a,Magic Water Book NO.2012a,toys,Toys,1 pc,945,,45,,3446
DM-2.301,mama-earth-tea-tree-foaming-face-wash-150ml,Mama Earth Tea Tree Foaming Face Wash 150ml,beauty-skincare,Skin Care,150ml,460,385,59,,3501
DM-5.33,marshmallow-mello-mellow-soft-chocolate140g,Marshmallow/mello Mellow Soft chocolate140g,snacks,Chocolates & Candy,140g,230,,24,,3555
DM-5.57,max-sweet-love-rose-4-pc-chocolate-50g,Max Sweet Love Rose 4 pc Chocolate 50g,snacks,Chocolates & Candy,50g,110,,21,,3574
DM-16.92,max-tiger-energy-drink-250ml,Max Tiger Energy Drink 250ml,beverages,Health & Energy Drinks,250ml,265,215,19,,3575
DM-5.993,max-sweet-chocolate-120gm,Max Sweet Chocolate 120gm,snacks,Chocolates & Candy,120g,200,,21,,3572
DM-5.968,max-sweet-chocolate-3pcs,Max Sweet Chocolate 3pcs,snacks,Chocolates & Candy,3 pcs,90,,14,,3573
DM-5.44,max-fortunna-sweet-chocolate-heart-200g-16pc,Max/Fortunna Sweet Chocolate Heart 200g (16pc),snacks,Chocolates & Candy,200g,310,,59,,3577
DM-5.945,mell-s-caramel-chocolate-250gm,Mell's Caramel Chocolate 250gm,snacks,Chocolates & Candy,250g,375,,49,,3595
DM-5.507,mentos-chocolate,Mentos Chocolate,snacks,Chocolates & Candy,1 pc,95,,54,,3598
DM-21.133,milky-bites-chocolate-bites-500ml,Milky Bites Chocolate Bites 500ml,snacks,Chocolates & Candy,500ml,820,,46,,3640
DM-5.955,milkymist-capella-70-dark-chocolate-classic-80gm,Milkymist Capella 70% Dark Chocolate Classic 80gm,snacks,Chocolates & Candy,80g,170,145,43,,3649
DM-5.1007,milkymist-capella-70-dark-chocolate-fruit-nut-80gm,Milkymist Capella 70% Dark Chocolate Fruit&nut 80gm,snacks,Chocolates & Candy,80g,180,,43,,3650
DM-5.956,milkymist-capella-70-dark-chocolate-fruit-nut-hazelnut-80gm,Milkymist Capella 70% Dark Chocolate fruit&nut/hazelnut 80gm,snacks,Chocolates & Candy,80g,165,,34,,3651
DM-5.101,milkymist-capella-70-dark-chocolate-orange-80gm,Milkymist Capella 70% Dark Chocolate Orange 80gm,snacks,Chocolates & Candy,80g,150,,51,,3652
DM-5.1009,milkymist-capella-dark-chocolate-55-classic-40gm,Milkymist Capella Dark Chocolate 55% Classic 40gm,snacks,Chocolates & Candy,40g,90,,55,,3655
DM-5.1008,milkymist-capella-dark-chocolate-55-friut-nut-125gm,Milkymist Capella Dark Chocolate 55% Friut&nut 125gm,snacks,Chocolates & Candy,125g,225,,59,,3656
DM-5.1077,milkymist-capella-dark-chocolate-55-friut-nut-40gm,Milkymist Capella Dark Chocolate 55% Friut&nut 40gm,snacks,Chocolates & Candy,40g,95,85,34,,3657
DM-16.28-2,mono-coco-drink-all-flv-320ml,Mono Coco Drink All Flv 320ml,beverages,Juices & Squash,320ml,65,,35,,3778
DM-5.1026,morde-white-comound-chocolate-500gm,Morde White Comound Chocolate 500gm,snacks,Chocolates & Candy,500g,785,,13,,3791
DM-16.265,mountain-7up-super-duper-refresher-400ml,Mountain 7up Super-duper Refresher 400ml,beverages,Soft Drinks & Soda,400ml,50,,36,,3806
DM-16.13,mountain-dew-500ml,Mountain Dew 500ml,beverages,Soft Drinks & Soda,500ml,60,,15,,3807
DM-16.123,mountain-dew-pepsi-mirinda-1-5ltr,Mountain Dew/Pepsi /mirinda 1.5ltr,beverages,Soft Drinks & Soda,1.5L,150,,14,,3805
DM-16.245,mountain-dewpepsi-mirinda-400ml,Mountain DewPepsi/mirinda 400ml,beverages,Soft Drinks & Soda,400ml,55,,46,,3811
DM-16.88,mountain-dew-pepsi-mirinda-2-25ltr,Mountain dew/pepsi /mirinda 2.25Ltr,beverages,Soft Drinks & Soda,2.25L,215,,30,,3808
DM-16.192,mountain-dew-pepsi-mirinda-2-ltr,Mountain dew/pepsi /mirinda 2.Ltr,beverages,Soft Drinks & Soda,1 pc,85,,34,yes,3809
DM-16.142,mountain-dew250ml,Mountain dew250ml,beverages,Soft Drinks & Soda,250ml,35,,13,,3810
DM-5.364,nansi-chocolate-taste-500gm,Nansi Chocolate Taste 500gm,snacks,Chocolates & Candy,500g,700,,52,,3926
DM-16.227,nato-nat-cocodrink-juice320ml,Nato Nat Cocodrink juice320ml,beverages,Juices & Squash,320ml,60,,20,,3930
DM-7.3845,nescafe-3in1-creamy-delight-450gm,Nescafe 3in1 Creamy Delight 450GM,beverages,Tea & Coffee,450g,1070,,17,yes,3949
DM-7.101,nescafe-all-in-1-16g,Nescafe ALl In 1 16g,beverages,Tea & Coffee,16g,90,80,10,,3950
DM-7.2269,nescafe-black-roast-95g,Nescafe Black Roast 95g,beverages,Tea & Coffee,95g,325,,40,,3948
DM-7.107,nescafe-classic-24g,Nescafe Classic 24g,beverages,Tea & Coffee,24g,130,,19,yes,3951
DM-7.3268,nescafe-classic-3-5gm,Nescafe Classic 3.5gm,beverages,Tea & Coffee,3.5g,65,,52,,3952
DM-7.105,nescafe-classic-45g,Nescafe Classic 45g,beverages,Tea & Coffee,45g,180,160,52,,3954
DM-7.2487,nescafe-classic-90g,Nescafe Classic 90g,beverages,Tea & Coffee,90g,300,,58,yes,3955
DM-7.1267,nescafe-classic-coffee-free-glass-180gm,Nescafe Classic Coffee Free Glass 180gm,beverages,Tea & Coffee,180g,540,,12,yes,3957
DM-7.3509,nescafe-classic-stick-144-120x0-9gm-in,Nescafe Classic Stick 144 (120x0.9gm) IN,beverages,Tea & Coffee,120 x 0.9g,310,,48,,3958
DM-16.99,nescafe-cold-cofee-can-mix-180ml,Nescafe Cold Cofee Can Mix 180ml,beverages,Tea & Coffee,180ml,425,,13,,3959
DM-7.83,nescafe-gold-blend-100g,Nescafe Gold Blend 100g,beverages,Tea & Coffee,100g,310,250,39,,3960
DM-7.103,nescafe-gold-blend-50g,Nescafe Gold Blend 50g,beverages,Tea & Coffee,50g,210,,19,yes,3961
DM-7.2488,nescafe-gold-original200g,Nescafe Gold Original200g,beverages,Tea & Coffee,200g,485,430,22,,3962
DM-7.169,nescafe-red-cup-380g,Nescafe Red Cup 380g,kitchen-household,"Cups, Mugs & Glassware",380g,685,,19,yes,3964
DM-7.936,nescafe-classic-400g,Nescafe Classic 400g,beverages,Tea & Coffee,400g,890,,51,yes,3953
DM-7.409,nescafe-classic-cntnr-jar-192gm,Nescafe Classic Cntnr Jar 192gm,kitchen-household,Bottles & Lunch Boxes,192g,290,,45,yes,3956
DM-7.4839,nescafe-intenso-coffee-1kg,Nescafe Intenso Coffee 1kg,beverages,Tea & Coffee,1kg,1900,1700,35,,3963
DM-5.814,nestle-classic-chocolate-28gm,Nestle Classic Chocolate 28gm,snacks,Chocolates & Candy,28g,75,,35,,3974
DM-2.2889,newlook-spa-rose-water-120ml,Newlook Spa Rose Water 120ml,beauty-skincare,Skin Care,120ml,360,,58,,4006
DM-3.598,nuby-comfort-silicone-water-flask,Nuby Comfort Silicone Water Flask,baby-care,Baby Accessories,1 pc,430,,35,,4110
DM-16.261,okf-coffee-all-flv-240ml,OKF Coffee All Flv 240ml,beverages,Tea & Coffee,240ml,545,480,28,,4146
DM-16.15,okf-smoothic-mix-juice-350ml,OKF Smoothic Mix Juice 350ml,beverages,Juices & Squash,350ml,75,70,38,,4147
DM-16.199,okf-water-melon-drink-juice-340ml,Okf Water Melon Drink Juice 340ml,beverages,Juices & Squash,340ml,65,,21,,4149
DM-5.46,only-love-forever-chocolate-heart-5pc-62-5g,Only Love /forever/ Chocolate Heart (5pc)62.5g,snacks,Chocolates & Candy,62.5g,130,,22,,4168
DM-5.248,only-milky-chocolate-500g,Only Milky Chocolate 500g,snacks,Chocolates & Candy,500g,825,,23,,4169
DM-5.643,parle-grand-londonderry-chocolate198g,Parle Grand Londonderry chocolate198g,snacks,Chocolates & Candy,198g,340,,16,yes,4270
DM-7.1285,parle-kreams-gold-chocolate-105g,Parle Kreams Gold Chocolate 105g,snacks,Chocolates & Candy,105g,195,,53,yes,4279
DM-5.327,parle-melody-chocolaty-195g,Parle Melody Chocolaty 195g,snacks,Biscuits & Cookies,195g,100,90,25,,4285
DM-5.1054,parle-chataka-mango-chocolate-candy-280gm,Parle Chataka Mango Chocolate Candy 280gm,snacks,Chocolates & Candy,280g,470,,9,yes,4267
DM-7.4469,peach-tea-drink-lemon-tea-drink-400gm,Peach Tea drink/lemon Tea Drink 400gm,beverages,Tea & Coffee,400g,465,390,56,,4368
DM-5.311,pedia-sure-premium-chocolate-400g,Pedia Sure Premium Chocolate 400g,snacks,Chocolates & Candy,400g,610,,16,,4372
DM-2.2781,plom-bulgarian-valley-rose-water-vally-100ml,Plom Bulgarian Valley Rose Water Vally 100ml,beauty-skincare,Fragrance & Deodorant,100ml,385,,16,,4438
DM-2.2783,plom-green-tea-alcohol-free-toner200ml,Plom Green Tea Alcohol Free Toner200ml,beverages,Tea & Coffee,200ml,280,230,24,,4453
DM-2.3128,plom-green-tea-oli-free-moisturizer-fragrance-free50ml,Plom Green Tea Oli-Free Moisturizer Fragrance Free50ml,beverages,Tea & Coffee,50ml,115,,31,,4454
DM-2.3374,plom-green-tea-zinc-spf50-50g0,Plom Green Tea & Zinc spf50+ 50g0,beverages,Tea & Coffee,1 pc,270,,44,,4452
DM-2.3804,plom-green-tea-pore-clean-face-wash-100m,Plom Green Tea Pore Clean Face Wash 100m,beauty-skincare,Skin Care,1 pc,470,,9,,4456
DM-2.3284,plom-green-tea-pore-clean-face-wash-100ml,Plom Green Tea Pore Clean Face Wash 100ml,beauty-skincare,Skin Care,100ml,320,,48,,4455
DM-1.1873,plom-tea-tree-dandruff-control-shampoo-250ml,Plom Tea Tree Dandruff Control Shampoo 250ml,beauty-skincare,Fragrance & Deodorant,250ml,835,,37,,4478
DM-5.823,poky-chocolate-1000gm,Poky Chocolate 1000gm,snacks,Chocolates & Candy,1000g,1430,,59,,4485
DM-5.72,poky-twist-chocolate-1kg,Poky Twist Chocolate 1kg,snacks,Chocolates & Candy,1kg,1350,,27,,4486
DM-5.73,poky-twist-chocolate-500g,Poky Twist Chocolate 500g,snacks,Chocolates & Candy,500g,695,,27,,4487
DM-16.146,pran-litchi-drink-juice-125ml,Pran Litchi Drink Juice 125ml,beverages,Juices & Squash,125ml,40,,49,,4572
DM-16.67,pran-mango-drink-tetra-pack-250ml,Pran Mango Drink Tetra Pack 250ml,beverages,Juices & Squash,250ml,60,,29,,4573
DM-5.11,pran-nata-drinks-130ml,Pran Nata Drinks 130ml,beverages,Juices & Squash,130ml,40,,23,,4574
DM-16.2,pran-pomegranate-drink-1ltr,Pran Pomegranate Drink 1ltr,beverages,Juices & Squash,1L,170,145,46,,4577
DM-16.54,pran-frooto-mango-drink-1000ml,Pran Frooto Mango Drink 1000ml,beverages,Juices & Squash,1000ml,140,,54,,4568
DM-16.283,pran-fruit-cocktail-fruit-drink-250ml,Pran Fruit Cocktail Fruit Drink 250ml,beverages,Juices & Squash,250ml,60,,35,,4570
DM-7.4199,pran-oh-cake-banana-chocolate-flv-pack,Pran Oh Cake banana/chocolate Flv Pack,dairy-frozen,"Bread, Cakes & Bakery",1 pc,75,,58,,4576
DM-5.1072,pules-chocolate-mix-flv,Pules Chocolate Mix Flv,snacks,Chocolates & Candy,1 pc,110,,49,,4613
DM-5.805,raffaello-chocolate,Raffaello Chocolate,snacks,Chocolates & Candy,1 pc,175,,10,,4672
DM-7.94,rakura-green-tea-25-tea-bags,Rakura Green Tea 25 Tea Bags,beverages,Tea & Coffee,1 pc,265,230,30,,4679
DM-7.234,rakura-himalayan-black-tea-all-flv-25bag,Rakura Himalayan Black Tea All Flv 25bag,beverages,Tea & Coffee,1 pc,220,,8,,4680
DM-7.2339,rakura-organic-green-tea-25g,Rakura Organic Green Tea 25g,beverages,Tea & Coffee,25g,75,,28,,4682
DM-7.4519,rakura-classic-himalayan-breakfast-tea-1kg,Rakura Classic Himalayan Breakfast Tea 1kg,beverages,Tea & Coffee,1kg,1120,,47,,4677
DM-7.452,rakura-classic-himalayan-breakfast-tea-500gm,Rakura Classic Himalayan Breakfast Tea 500gm,beverages,Tea & Coffee,500g,595,,16,,4678
DM-7.4609,rakura-himalayan-black-teas-selection,Rakura Himalayan Black Teas Selection,beverages,Tea & Coffee,1 pc,245,,11,,4681
DM-7.4214,rakura-pure-green-tea,Rakura Pure Green Tea,beverages,Tea & Coffee,1 pc,235,,47,,4684
DM-7.4446,rakura-supreme-organic-gree-tea-100gm,Rakura Supreme Organic Gree Tea 100gm,beverages,Tea & Coffee,100g,185,,18,,4686
DM-7.1237,ramro-royale-fruit-chocolate-cake165g,Ramro Royale Fruit/chocolate cake165g,snacks,Chocolates & Candy,165g,260,,56,,4702
DM-5.126,rapinda-chocolate-400g,Rapinda Chocolate 400g,snacks,Chocolates & Candy,400g,705,,43,,4717
DM-5.255,rapinda-compound-chocolate-1000g,Rapinda Compound Chocolate 1000g,snacks,Chocolates & Candy,1000g,1470,,17,,4718
DM-7.1251,rasna-instant-drink-mango-1kg,Rasna Instant Drink Mango 1kg,beverages,Health & Energy Drinks,1kg,750,675,16,,4727
DM-7.1231,rasna-instant-drink-orange-lemon-1kg-pineapplr,Rasna Instant Drink Orange/Lemon 1kg/Pineapplr,beverages,Health & Energy Drinks,1kg,755,,51,,4728
DM-16.55,real-juice-active-mixed-fiber-fruit-1ltr,Real Juice Active Mixed/fiber Fruit 1Ltr,beverages,Juices & Squash,1L,170,,27,,4747
DM-16.21,real-juice-cranberry-1ltr,Real Juice Cranberry 1ltr,beverages,Juices & Squash,1L,170,,41,,4748
DM-16.9,real-juice-guava-1l,Real Juice Guava 1l,beverages,Juices & Squash,1L,175,,58,yes,4749
DM-16.14,real-juice-mango-1l,Real Juice Mango 1l,beverages,Juices & Squash,1L,165,,50,yes,4750
DM-16.12,real-juice-orange-1l,Real Juice Orange 1l,beverages,Juices & Squash,1L,175,,33,yes,4751
DM-16.11,real-juice-pomegranate-1l,Real Juice Pomegranate 1l,beverages,Juices & Squash,1L,160,,29,,4752
DM-16.15-2,real-mixed-fruit-juice-1l,Real Mixed Fruit Juice 1l,beverages,Juices & Squash,1L,145,,15,,4757
DM-5.1092,red-cherish-delight-chocolate-192gm,Red Cherish Delight Chocolate 192gm,snacks,Chocolates & Candy,192g,320,,24,,4759
DM-16.236,redbull-energy-drink-330ml,Redbull Energy Drink 330ml,beverages,Health & Energy Drinks,330ml,300,255,36,,4765
DM-7.4625,ritebite-max-protein-daily-chocolate-bar-all-flv-50gm,Ritebite Max Protein Daily Chocolate Bar All Flv 50gm,snacks,Chocolates & Candy,50g,110,,45,,4800
DM-5.1098,rochello-coconut-white-chocolate-500g,Rochello Coconut White Chocolate 500g,snacks,Chocolates & Candy,500g,830,,36,,4808
DM-7.4245,royal-arabica-coffee-beanus-medium-dark-1-kg,Royal Arabica Coffee Beanus Medium Dark 1 kg,beverages,Tea & Coffee,1kg,1850,,33,,4835
DM-7.4244,royal-arabica-coffee-beanus-medium-roast-1-kg,Royal Arabica Coffee Beanus Medium Roast 1 kg,beverages,Tea & Coffee,1kg,2190,1780,53,,4836
DM-21.151,royal-bites-belgian-chocolate-cup,Royal Bites Belgian Chocolate Cup,snacks,Chocolates & Candy,1 pc,95,85,51,,4839
DM-5.1089,ruffles-white-chocolate-topping-180gm,Ruffles White Chocolate Topping 180gm,snacks,Chocolates & Candy,180g,330,270,31,,4881
DM-7.1613,savory-bhanbhori-rose-water-190ml,SAVORY/Bhanbhori Rose Water 190ml,beauty-skincare,Skin Care,190ml,520,,29,,4966
DM-7.3517,sai-kripa-gold-greentea-bag-125gm-jar,Sai Kripa Gold GreenTea Bag 125gm Jar,beverages,Tea & Coffee,125g,180,,8,,4907
DM-7.3516,sai-kripa-gold-greentea-bag-25pc-50gm,Sai Kripa Gold GreenTea Bag 25pc 50gm,beverages,Tea & Coffee,50g,115,95,30,,4908
DM-7.92,sai-kripa-gold-tea-100g-pouch,Sai Kripa Gold Tea 100g Pouch,beverages,Tea & Coffee,100g,180,,28,,4912
DM-7.919,sai-kripa-gold-tea-200g-pouch,Sai Kripa Gold Tea 200g Pouch,beverages,Tea & Coffee,200g,275,,38,,4914
DM-7.918,sai-kripa-gold-tea-500g-pouch,Sai Kripa Gold Tea 500g Pouch,beverages,Tea & Coffee,500g,580,,56,,4915
DM-5.863,sapphire-eclairs-chocolate-400g,Sapphire Eclairs Chocolate 400g,snacks,Chocolates & Candy,400g,700,640,30,,4937
DM-7.4029,sarbada-tea-100gm,Sarbada Tea 100gm,beverages,Tea & Coffee,100g,165,145,25,,4954
DM-2.3446,senova-natural-pants-green-tea-face-wash-100gm,Senova Natural Pants Green Tea Face Wash 100gm,beauty-skincare,Skin Care,100g,285,,57,,4986
DM-2.3064,seven-girl-3d-eye-liner-water-proof,Seven Girl 3D Eye Liner Water Proof,beauty-skincare,Makeup & Nail Care,1 pc,390,,39,,5008
DM-7.3235,shai-kripa-tea-1kg-jar,Shai Kripa Tea 1kg Jar,beverages,Tea & Coffee,1kg,1090,,36,,5011
DM-7.3236,shai-kripa-tea-500gm-jar,Shai Kripa Tea 500gm Jar,beverages,Tea & Coffee,500g,605,,35,,5012
DM-6.343,somersby-apple-fruit-drink-320ml,Somersby Apple Fruit Drink 320ml,liquor-smoking,Beer,320ml,230,,27,,5184
DM-2.2424,sonata-urban-water-proof-eye-liner-4ml,Sonata Urban Water Proof Eye Liner 4ml,beauty-skincare,Makeup & Nail Care,4ml,85,,21,,5200
DM-16.147,sting-energy-drink-250g,Sting Energy Drink 250g,beverages,Health & Energy Drinks,250g,230,,48,,5264
DM-16.256,storia-tender-coconut-water-180ml,Storia Tender Coconut Water 180ml,beverages,Water,180ml,20,,49,,5266
DM-16.257,storia-tender-coconut-water-750ml,Storia Tender Coconut Water 750ml,beverages,Water,750ml,20,,10,,5267
DM-5.933,strike-mix-wafer-cocolate,Strike Mix Wafer Cocolate,snacks,Biscuits & Cookies,1 pc,60,,55,,5296
DM-2.2161,sumnima-herbal-gulab-jal-rose-water-120ml,Sumnima Herbal Gulab Jal Rose Water 120ml,beauty-skincare,Skin Care,120ml,345,,21,,5318
DM-2.216,sumnima-herbal-rose-water-50ml,Sumnima Herbal Rose Water 50ml,beauty-skincare,Skin Care,50ml,210,,16,,5330
DM-16.224,sweet-coffee-all-flv-200ml,Sweet Coffee All Flv 200ml,beverages,Tea & Coffee,200ml,505,,26,,5401
DM-10.476,teast-good-pen,Teast Good Pen,stationery,"Pens, Pencils & Erasers",1 pc,35,,30,,5434
DM-7.674,tokala-gold-premium-tea-pack-200g,Tokala Gold Premium Tea Pack 200g,beverages,Tea & Coffee,200g,305,,32,,5553
DM-7.857,tokala-green-tea-25-bags37-5g,Tokala Green Tea 25 Bags37.5g,beverages,Tea & Coffee,37.5g,85,75,51,,5557
DM-7.672,tokala-green-tea-100g,Tokala Green Tea 100g,beverages,Tea & Coffee,100g,165,,29,,5556
DM-7.856,tokala-masal-tea50gm,Tokala Masal Tea50gm,beverages,Tea & Coffee,50g,95,,44,,5558
DM-7.452-2,tokala-gold-tea-box-200g,Tokala Gold Tea Box 200g,beverages,Tea & Coffee,200g,310,,23,,5554
DM-7.453,tokala-gold-tea-box-500g,Tokala Gold Tea Box 500g,beverages,Tea & Coffee,500g,660,,44,,5555
DM-7.448,tokala-tea-bag-1kg,Tokala Tea Bag 1kg,beverages,Tea & Coffee,1kg,1200,,43,,5560
DM-7.455,tokala-tea-bag-2-100bags-200g,Tokala Tea Bag 2*100bags=200g,beverages,Tea & Coffee,200g,310,,16,,5561
DM-7.45,tokala-tea-jaar-1kg,Tokala Tea Jaar 1kg,beverages,Tea & Coffee,1kg,1090,,27,,5562
DM-7.449,tokala-tea-pouch-500g,Tokala Tea Pouch 500g,beverages,Tea & Coffee,500g,620,,35,,5563
DM-7.91,tokla-tea-jar-500g,Tokla Tea Jar 500g,beverages,Tea & Coffee,500g,590,,55,,5568
DM-7.513,tokla-tea-jar-200g,Tokla Tea Jar 200g,beverages,Tea & Coffee,200g,310,,20,yes,5567
DM-7.125,tokla-tea-pkt-100gm,Tokla Tea Pkt 100gm,beverages,Tea & Coffee,100g,155,,19,yes,5569
DM-7.204,tokla-gold-premium-tea-1kg,Tokla Gold Premium Tea 1kg,beverages,Tea & Coffee,1kg,1200,,14,,5564
DM-7.1797,tokla-green-tea-lemon-honey37-5g,Tokla Green Tea lemon@honey37.5g,beverages,Tea & Coffee,37.5g,95,,41,yes,5565
DM-5.1133,truffe-box-chocolate-250gm,Truffe Box Chocolate 250gm,snacks,Chocolates & Candy,250g,460,,57,,5617
DM-4.1171,union-coffee-cup-ug-392-6pcs-set,Union Coffee Cup UG-392 6pcs Set,kitchen-household,"Cups, Mugs & Glassware",6 pcs,560,,47,,5639
DM-5.506,united-coffee-candy-125g,United Coffee Candy 125g,beverages,Tea & Coffee,125g,325,,39,,5646
DM-2.905,vlcc-water-resistant-sunscreen-gel-creamspf60-100g,VLCC Water Resistant SunScreen Gel creamSpf60 100g,beauty-skincare,Skin Care,100g,290,,45,,5779
DM-21.123,vadilal-chocolate-sunde-bc-90-ml,Vadilal Chocolate Sunde Bc 90 ml,snacks,Chocolates & Candy,90ml,190,,12,,5671
DM-6.284,vibe-ice-tea-peach,Vibe Ice Tea Peach,beverages,Tea & Coffee,1 pc,275,,9,,5738
DM-5.23-2,vigos-compound-chocolate-1kg,Vigos Compound Chocolate 1kg,snacks,Chocolates & Candy,1kg,1580,1360,27,,5749
DM-5.204,vigos-compound-chocolate-yellow-500g,Vigos Compound Chocolate Yellow 500g,snacks,Chocolates & Candy,500g,735,670,31,,5750
DM-16.24,vinut-bubble-tea-all-flv-330ml,Vinut Bubble Tea All Flv 330ml,beverages,Tea & Coffee,330ml,435,,36,,5760
DM-7.4185,vinut-cafe-coffee-3in1-320gm,Vinut Cafe Coffee 3in1 320gm,beverages,Tea & Coffee,320g,855,,28,,5762
DM-16.215,vinut-nuoc-thanh-long-mix-flv-juice-drink-330ml,Vinut Nuoc Thanh Long Mix Flv Juice Drink 330ml,beverages,Juices & Squash,330ml,75,,33,,5763
DM-16.214,vinut-popping-bubble-tea-lychee-320ml,Vinut Popping Bubble Tea Lychee 320ml,beverages,Tea & Coffee,320ml,395,,21,,5764
DM-5.1012,volcano-chocolates-700gm,Volcano Chocolates 700gm,snacks,Chocolates & Candy,700g,1140,,35,,5781
DM-5.969,wafesto-hazelnut-chocolate-150gm,Wafesto Hazelnut & Chocolate 150gm,snacks,Chocolates & Candy,150g,275,,24,,5785
DM-10.4,water-color-brush-setart-no-2312,Water Color Brush SetArt.NO.2312,stationery,Art & Craft,1 pc,240,,23,,5813
DM-10.404,water-colour-draw-12-colourw12-9,Water Colour Draw 12 colourW12-9,stationery,Art & Craft,1 pc,275,,28,,5814
DM-4.178,water-glass-yja-1010,Water Glass YJA-1010,kitchen-household,"Cups, Mugs & Glassware",1 pc,310,,11,,5815
DM-17.302,water-keyring,Water Keyring,home-living,"Tools, Hardware & Auto",1 pc,385,,54,,5816
DM-7.924,weikfield-drinking-chocolate-100g,Weikfield Drinking Chocolate 100g,snacks,Chocolates & Candy,100g,170,,14,,5831
DM-7.4373,weikfield-drinking-chocolate-200gm,Weikfield Drinking Chocolate 200gm,snacks,Chocolates & Candy,200g,330,275,38,,5832
DM-7.3447,weikfield-drinking-chocolate-500gm,Weikfield Drinking Chocolate 500gm,snacks,Chocolates & Candy,500g,690,,53,,5833
DM-7.79,weikfields-drinking-chocolate-500g,Weikfields Drinking Chocolate 500g,snacks,Chocolates & Candy,500g,770,,12,,5834
DM-5.1086,wobniar-gold-chocolate-375gm,Wobniar Gold Chocolate 375gm,snacks,Chocolates & Candy,375g,655,,36,,5908
DM-16.23,x-cite-energy-drink-330ml,X Cite Energy Drink 330ml,beverages,Health & Energy Drinks,330ml,270,,22,,5914
DM-16.232,x-tonic-water-330-ml,X Tonic Water 330 ml,beverages,Soft Drinks & Soda,330ml,45,,45,,5916
DM-6.147,xtreme-energy-drink-classic-200ml,Xtreme Energy Drink Classic 200ml,beverages,Health & Energy Drinks,200ml,220,,59,,5922
DM-4.403,yujing-yja-water-glass-1012,Yujing -yja - Water Glass 1012,kitchen-household,"Cups, Mugs & Glassware",1 pc,365,310,42,,5970
DM-4.1071,yujing-yjf-6010-water-glass,Yujing Yjf -6010-Water Glass,kitchen-household,"Cups, Mugs & Glassware",1 pc,360,340,16,,5971
DM-5.811,dole-box-chocolate-400gm,Dole Box CHocolate 400gm,snacks,Chocolates & Candy,400g,640,,28,,1568
DM-16.17,pran-fruit-cocktail-drink,Pran Fruit Cocktail Drink,beverages,Juices & Squash,1 pc,120,,18,,4569
DM-7.3629,sai-kripa-gold-tea-200g-jar,Sai Kripa Gold Tea 200g Jar,beverages,Tea & Coffee,200g,290,,40,,4913
DM-4.1358,vaccum-coffee-cup,Vaccum Coffee Cup,kitchen-household,"Cups, Mugs & Glassware",1 pc,630,,35,,5665
DM-5.836,123-x-nax-spicy-cheezy-puffcorn,123 X-nax Spicy Cheezy Puffcorn,snacks,"Chips, Namkeen & Snacks",1 pc,60,,18,,67
DM-7.4432,2pm-hot-n-spicy-stix-70g,2Pm Hot'N' Spicy Stix 70g,snacks,"Chips, Namkeen & Snacks",70g,50,,17,,76
DM-7.2885,2pm-fire-cracker-chicken-onion-rings-50gm,2pm Fire Cracker/Chicken/Onion Rings 50gm,snacks,Biscuits & Cookies,50g,40,,56,,75
DM-7.4276,900-biscuits,900 Biscuits,snacks,Biscuits & Cookies,1 pc,60,,51,,114
DM-7.4543,ace-lemon-flavor-sandwich-biscuit-128gm,ACE Lemon Flavor Sandwich Biscuit 128gm,snacks,Biscuits & Cookies,128g,75,,47,,154
DM-21.134,azzabko-strawbery-bar-60ml,AZZABKO Strawbery Bar 60ml,dairy-frozen,Ice Cream & Frozen,60ml,65,,21,,376
DM-6.5,al-akbar-hukka-coal-small,Al Akbar Hukka Coal Small,liquor-smoking,Hookah & Smoking,1 bottle,195,,18,,227
DM-6.135,al-akbar-hukka-coal-big,Al Akbar Hukka Coal Big,liquor-smoking,Hookah & Smoking,1 pc,375,,38,,226
DM-5.886,alpenliebe-rich-milky-candy-32gm,Alpenliebe Rich Milky Candy 32gm,snacks,Chocolates & Candy,32g,75,,41,,238
DM-5.15,amira-makam-tamarind-candy,Amira Makam Tamarind Candy,snacks,Chocolates & Candy,1 pkt,95,,28,,253
DM-5.1069,asuman-marshmallow-100gm,Asuman Marshmallow 100gm,snacks,Chocolates & Candy,100g,190,160,20,,364
DM-21.138,azzabko-mango-bar-60ml,Azzabko Mango Bar 60ml,dairy-frozen,Ice Cream & Frozen,60ml,65,,56,,373
DM-7.707,britannia-degestive-biscuit-500g,BRITANNIA Degestive Biscuit 500g,snacks,Biscuits & Cookies,500g,270,,27,yes,815
DM-7.1501,bakeland-coco-crunch-biscuit-230g,Bakeland Coco Crunch Biscuit 230g,snacks,Chocolates & Candy,230g,385,330,51,,481
DM-7.3463,bakeland-coco-crunch-biscuit-300g,Bakeland Coco Crunch Biscuit 300G,snacks,Chocolates & Candy,300g,500,415,27,,482
DM-7.1149,bakeland-oat-marie-biscuits-265g,Bakeland Oat Marie Biscuits 265g,snacks,Biscuits & Cookies,265g,125,,52,,486
DM-7.3464,bakeland-panda-choco-biscuits6pc-pkt,Bakeland Panda Choco Biscuits6pc Pkt,snacks,Chocolates & Candy,6 pc,110,100,33,,489
DM-7.174,bakeland-coco-crunch80g,Bakeland Coco crunch80g,snacks,Chocolates & Candy,80g,175,,27,,483
DM-7.4849,bakeland-digestive-biscuits-pack,Bakeland Digestive Biscuits Pack,snacks,Biscuits & Cookies,1 pc,60,,54,,484
DM-7.4346,bakeland-original-digestive-biscuits-250gm,Bakeland Original Digestive Biscuits 250gm,snacks,Biscuits & Cookies,250g,125,,30,,487
DM-7.4347,bakeland-original-digestive-biscuits-400gm,Bakeland Original Digestive Biscuits 400gm,snacks,Biscuits & Cookies,400g,215,,19,,488
DM-5.958,banana-chips-100gm,Banana Chips 100gm,snacks,"Chips, Namkeen & Snacks",100g,75,,16,,569
DM-5.985,banana-chips-50gm,Banana Chips 50gm,snacks,"Chips, Namkeen & Snacks",50g,40,,34,,570
DM-7.33-2,bechi-phu-candy-50g,Bechi Phu Candy 50g,snacks,Chocolates & Candy,50g,110,,30,,662
DM-7.4688,bikaji-shahi-mixture-350g,Bikaji Shahi Mixture 350g,snacks,"Chips, Namkeen & Snacks",350g,220,,30,,710
DM-7.3601,bisk-club-vegetable-crackers-240gm,Bisk Club Vegetable Crackers 240gm,snacks,Biscuits & Cookies,240g,125,,33,,732
DM-7.4445,bisk-farm-top-herbs-biscuits-200gm,Bisk Farm Top Herbs Biscuits 200gm,snacks,Biscuits & Cookies,200g,105,,36,,734
DM-7.2997,britannia-50-50-biscuit-25g,Britannia 50 50 Biscuit 25g,snacks,Biscuits & Cookies,25g,25,,56,yes,810
DM-7.2159,britannia-cake-choco-chill110gm,Britannia Cake Choco chill110gm,dairy-frozen,"Bread, Cakes & Bakery",110g,60,,30,yes,813
DM-7.1609,britannia-little-heart-biscuits75gm,Britannia Little Heart Biscuits75gm,snacks,Biscuits & Cookies,75g,55,,8,,820
DM-7.146,britannia-suger-free-digestive-biscuits200g,Britannia Suger Free Digestive Biscuits200g,snacks,Biscuits & Cookies,200g,100,,46,yes,828
DM-7.1518,britannia-treat-kool-vanilla-biscuit-60g,Britannia Treat Kool Vanilla Biscuit 60g,snacks,Biscuits & Cookies,60g,45,,48,yes,832
DM-5.794,candy-stick-punk-40g,Candy Stick Punk 40g,snacks,Chocolates & Candy,40g,100,,44,,895
DM-5.1091,choco-coco-coconut-bar-200gm,Choco Coco Coconut Bar 200gm,snacks,Chocolates & Candy,200g,345,,18,,1062
DM-5.185,chocofun-crispy-wafer,ChocoFun Crispy Wafer,snacks,Biscuits & Cookies,1 pkt,60,,19,,1068
DM-9.946,croissani-keyring-cake-keyring,Croissani Keyring /cake Keyring,home-living,"Tools, Hardware & Auto",1 pc,355,,10,,1237
DM-9.949,cup-cake-keyring,Cup Cake Keyring,kitchen-household,"Cups, Mugs & Glassware",1 pc,340,,36,,1244
DM-5.593,current-potato-cracker-naga-chilly-50g,Current Potato cracker/ Naga Chilly 50g,snacks,Biscuits & Cookies,50g,40,,48,,1277
DM-2.3451,dabar-amla-hair-oil-45ml,Dabar Amla Hair Oil 45ml,beauty-skincare,Hair Care,45ml,100,,53,,1296
DM-5.37,dabar-chyawanprash-1kg,Dabar Chyawanprash 1kg,health-hygiene,Health & Wellness,1kg,1060,,41,,1297
DM-5.627,dabar-chyawanprash-250g,Dabar Chyawanprash 250g,health-hygiene,Health & Wellness,250g,305,,33,,1298
DM-5.36,dabar-chyawanprash-500g,Dabar Chyawanprash 500g,health-hygiene,Health & Wellness,500g,600,,11,,1299
DM-7.51,dabar-honey-500g,Dabar Honey 500g,groceries,"Sauces, Pickles & Spreads",500g,250,,27,,1300
DM-1.135,dabar-red-peste-for-teeth-gums-175g,Dabar Red Peste For Teeth & Gums 175g,beauty-skincare,Oral Care,175g,200,190,26,,1301
DM-9.598,delicious-party-cake-set-no-8939,Delicious Party Cake Set NO.8939,gifts-puja,Gifts & Party,1 pc,250,,9,,1352
DM-1.953,dhoni-herbal-dish-wash-bar-150g,Dhoni Herbal Dish Wash Bar 150g,cleaning,Dishwash,150g,55,50,8,,1428
DM-7.1243,didian-biscuits-banana-pineapple-crisp-450g,Didian Biscuits Banana/ Pineapple Crisp 450g,snacks,Biscuits & Cookies,450g,210,,21,,1438
DM-7.3716,didian-compressed-energy-biscuits-strawbery-peanut-flv,Didian Compressed Energy Biscuits strawbery/peanut Flv,beverages,Health & Energy Drinks,1 pc,340,,22,,1440
DM-5.883,doriva-coco-world-coconut-bar-500gm,Doriva Coco World Coconut Bar 500gm,groceries,"Dry Fruits, Nuts & Seeds",500g,715,575,43,,1591
DM-1.1616,dove-bar-white-100gm,Dove Bar White 100gm,snacks,"Chips, Namkeen & Snacks",100g,80,65,22,,1621
DM-1.439,dove-white-beauty-bar-50g,Dove White Beauty Bar 50g,snacks,"Chips, Namkeen & Snacks",50g,45,,35,yes,1641
DM-7.4285,ego-golden-bear-cream-biscuits-all-flv,Ego Golden Bear Cream Biscuits All Flv,snacks,Biscuits & Cookies,1 pc,60,,39,,1762
DM-7.4375,english-cracker-cream-150gm,English Cracker Cream 150gm,snacks,Biscuits & Cookies,150g,85,75,22,,1809
DM-1.32,fiama-gel-bar-mix-soap-125-gm,Fiama Gel Bar Mix Soap 125 gm,snacks,"Chips, Namkeen & Snacks",125g,95,,42,,1937
DM-1.2231,fiama-moisturizing-bar-japanese-125gm,Fiama Moisturizing Bar Japanese 125gm,snacks,"Chips, Namkeen & Snacks",125g,85,,43,,1938
DM-5.63,fortunna-marshmallow-140g,Fortunna Marshmallow 140g,snacks,Chocolates & Candy,140g,225,,15,,2080
DM-5.1064,fulfire-marshmallow-120gm,Fulfire Marshmallow 120gm,snacks,Chocolates & Candy,120g,245,,12,,2095
DM-7.4541,golden-crispy-small-biscuits-128gm,Golden Crispy Small Biscuits 128gm,snacks,Biscuits & Cookies,128g,50,,28,,2271
DM-7.4624,golden-fuji-crispy-small-biscuits-128gm,Golden Fuji Crispy Small Biscuits 128gm,snacks,Biscuits & Cookies,128g,45,,23,,2272
DM-7.454,golden-nine-mushrooms-soda-biscuit-230gm,Golden Nine Mushrooms Soda Biscuit 230gm,groceries,Cooking Essentials,230g,135,,59,,2273
DM-7.3286,goodlife-coconut-cookies150g,Goodlife Coconut Cookies150g,snacks,Biscuits & Cookies,150g,95,,58,,2286
DM-7.3177,goodlife-cookies-digestive-mix-175gm,Goodlife Cookies Digestive Mix 175gm,snacks,Biscuits & Cookies,175g,105,,30,,2287
DM-7.378,goodlife-digestive-wheat-biscuits-300gm,Goodlife Digestive Wheat Biscuits 300gm,snacks,Biscuits & Cookies,300g,165,,10,,2290
DM-7.3945,goodlife-coconut-cookies-60gm,Goodlife Coconut Cookies 60gm,snacks,Biscuits & Cookies,60g,40,,16,,2285
DM-7.4626,goodlife-kodo-digestive-biscuits,Goodlife Kodo Digestive Biscuits,snacks,Biscuits & Cookies,1 pack,60,50,18,,2295
DM-7.3944,goodlife-kodo-digestive-biscuits-rs-50,Goodlife Kodo Digestive Biscuits Rs 50,snacks,Biscuits & Cookies,1 pack,50,45,36,,2296
DM-9.767,happy-party-cake-topper,Happy Party Cake Topper,gifts-puja,Gifts & Party,1 pc,280,,16,,2434
DM-1.662,henko-stain-champion-bar-250g,Henko Stain Champion Bar 250g,cleaning,Detergent & Laundry,250g,90,75,41,,2512
DM-7.379,himali-mix-namkeen-550gm,Himali Mix Namkeen 550gm,snacks,"Chips, Namkeen & Snacks",550g,340,,26,,2683
DM-7.179,himali-sada-mix-namkeen-325gm,Himali Sada Mix Namkeen 325gm,snacks,"Chips, Namkeen & Snacks",325g,200,170,10,,2680
DM-7.4265,hurray-gems-rs50,Hurray Gems rs50,snacks,Chocolates & Candy,1 pc,55,,24,,2733
DM-7.3481,kasthamandap-sweet-namkeen-400gm,Kasthamandap Sweet Namkeen 400gm,snacks,Chocolates & Candy,400g,645,,23,,2918
DM-7.3699,khajurico-digestive-biscuits-50gm,Khajurico Digestive Biscuits 50gm,snacks,Biscuits & Cookies,50g,40,,55,,3014
DM-7.1212,khajurico-peanut-cookies-150g,Khajurico Peanut Cookies 150g,snacks,Biscuits & Cookies,150g,90,,32,,3017
DM-7.4501,khajurico-digestive-biscuits-100gm,Khajurico Digestive Biscuits 100gm,snacks,Biscuits & Cookies,100g,55,,18,,3013
DM-7.793,khajuriko-coconut-cookies-150g,Khajuriko Coconut Cookies 150g,snacks,Biscuits & Cookies,150g,80,,21,,3020
DM-7.792,khajuriko-quminie-cookies,Khajuriko Quminie Cookies,snacks,Biscuits & Cookies,1 pc,65,55,26,,3022
DM-7.3508,kodo-digestive-biscuit-50gm,Kodo Digestive Biscuit 50gm,snacks,Biscuits & Cookies,50g,40,,58,,3086
DM-7.3505,kodo-digestive-biscuits-300-30gm-gm,Kodo Digestive Biscuits 300+30gm gm,snacks,Biscuits & Cookies,30g,25,,42,,3087
DM-5.1118,kravour-wafer-biscuits-all-flv-100gm,Kravour Wafer Biscuits All Flv 100gm,snacks,Biscuits & Cookies,100g,55,45,57,,3092
DM-5.1119,kravour-wafer-biscuits-all-flv-60gm,Kravour Wafer Biscuits All Flv 60gm,snacks,Biscuits & Cookies,60g,45,,27,,3093
DM-7.4721,kwality-bonbon-biscuits-pkt,Kwality Bonbon Biscuits Pkt,snacks,Biscuits & Cookies,1 pack,65,,13,,3103
DM-7.3184,kwiks-gourmet-cream-onion-potato-chips65gm,Kwiks Gourmet Cream & Onion Potato chips65gm,snacks,"Chips, Namkeen & Snacks",65g,45,,21,,3105
DM-5.696,kwiks-timure-stix-75g-lemony,Kwiks Timure Stix 75g\Lemony,snacks,"Chips, Namkeen & Snacks",75g,50,,54,,3108
DM-7.1513,lapsi-candy-sweet-swore-200g,Lapsi Candy Sweet & Swore 200g,snacks,Chocolates & Candy,200g,340,280,29,,3152
DM-5.929,lips-strawerry-candy-10g,Lips Strawerry Candy 10g,beauty-skincare,Makeup & Nail Care,10g,160,,12,,3214
DM-7.1938,lotte-orion-custard-cream-cake-6pack,Lotte/Orion Custard Cream Cake 6pack,beauty-skincare,Skin Care,1 pkt,485,,12,,3324
DM-5.907,love-candy-150gm,Love Candy 150gm,snacks,Chocolates & Candy,150g,290,,25,,3380
DM-5.631,marshmallow-pop-small,Marshmallow Pop Small,snacks,Chocolates & Candy,1 pc,60,,23,,3553
DM-5.1039,marshmallow-pop-30gm,Marshmallow Pop 30gm,snacks,Chocolates & Candy,30g,75,65,43,,3551
DM-5.548,marshmallow-pop-60g,Marshmallow Pop 60g,snacks,Chocolates & Candy,60g,120,100,27,,3552
DM-7.3317,meidan-fruit-biscuit-orange-flv-420g,Meidan Fruit Biscuit Orange Flv 420g,snacks,Biscuits & Cookies,420g,225,,41,,3591
DM-5.214,mello-mellow-fruit-flavr-marshmallow-150g,Mello Mellow Fruit Flavr Marshmallow 150g,snacks,Chocolates & Candy,150g,300,,54,,3596
DM-5.774,milky-bar-42gm,Milky Bar 42gm,snacks,Chocolates & Candy,42g,90,,22,,3638
DM-21.127,milky-bites-vanilla-chips-iml-500-ml,Milky Bites Vanilla Chips Iml 500 ml,dairy-frozen,Ice Cream & Frozen,500ml,260,,13,,3643
DM-7.478,mitho-fapar-cookies-250gm,Mitho Fapar Cookies 250gm,snacks,Biscuits & Cookies,250g,135,125,23,,3760
DM-7.4774,mitho-jau-cookies-250gm,Mitho Jau Cookies 250gm,snacks,Biscuits & Cookies,250g,145,120,8,,3761
DM-7.4775,mitho-kodo-cookies-250gm,Mitho Kodo Cookies 250gm,snacks,Biscuits & Cookies,250g,130,,19,,3762
DM-7.4776,mitho-makai-cookies-250gm,Mitho Makai Cookies 250gm,groceries,Rice & Grains,250g,80,,47,,3763
DM-7.4778,mitho-moring-cookies-250gm,Mitho Moring Cookies 250gm,snacks,Biscuits & Cookies,250g,135,,50,,3764
DM-7.4777,mitho-multigrain-cookies-250gm,Mitho Multigrain Cookies 250gm,snacks,Biscuits & Cookies,250g,145,135,56,,3765
DM-7.4779,mitho-sisno-cookies-250gm,Mitho Sisno Cookies 250gm,snacks,Biscuits & Cookies,250g,135,,45,,3768
DM-5.931,mix-flavoured-candy-100g,Mix Flavoured Candy 100g,snacks,Chocolates & Candy,100g,205,,9,,3771
DM-7.2978,mix-nut-trail-healthy-snacking-250gm,Mix Nut Trail Healthy Snacking 250gm,snacks,"Chips, Namkeen & Snacks",250g,160,,55,,3773
DM-7.4709,modern-bakery-cookies-peanut-180gm,Modern Bakery Cookies Peanut 180gm,dairy-frozen,"Bread, Cakes & Bakery",180g,80,,10,,3776
DM-7.1175,mr-happy-premium-cookies,Mr. Happy Premium Cookies,snacks,Biscuits & Cookies,1 pc,60,,21,,3824
DM-7.41,munchys-vege-crackers-kraker-sayuran-peanut-sandwich-biscuits390g,Munchys Vege Crackers Kraker Sayuran /peanut Sandwich biscuits390g,snacks,Biscuits & Cookies,390g,185,,45,,3885
DM-7.393,munchys-oat-krunch-biscuit-78gm,Munchys Oat Krunch Biscuit 78gm,snacks,Biscuits & Cookies,78g,50,45,44,,3883
DM-7.462,munchys-wheat-crackers-276gm,Munchys Wheat Crackers 276gm,snacks,Biscuits & Cookies,276g,135,,56,,3886
DM-7.1559,munchys-top-fun-mix-biscuits-295g,Munchys! top/fun Mix Biscuits 295g,snacks,Biscuits & Cookies,295g,145,,57,,3887
DM-5.84,nastle-milkybar-moosha-38g,Nastle MilkyBar Moosha 38g,snacks,Chocolates & Candy,38g,95,,45,,3929
DM-5.331,nestle-milkybar-moosha20g,Nestle Milkybar moosha20g,snacks,Chocolates & Candy,20g,50,40,48,,3985
DM-5.925,nestle-mikybar-classic-10gm,Nestle Mikybar Classic 10gm,snacks,Chocolates & Candy,10g,35,,28,,3984
DM-6.78,old-durbar-180ml,Old Durbar 180ml,liquor-smoking,"Whisky, Rum & Spirits",180ml,900,,45,,4158
DM-6.66,old-durbar-black-750ml,Old Durbar Black 750ml,liquor-smoking,"Whisky, Rum & Spirits",750ml,2450,,43,yes,4160
DM-6.2,old-durbar-black-chimney-180ml,Old Durbar Black Chimney 180ml,liquor-smoking,"Whisky, Rum & Spirits",180ml,885,760,56,,4161
DM-6.86,old-durbar-black-chimney-180ml-2,Old Durbar Black Chimney 180ml,liquor-smoking,"Whisky, Rum & Spirits",180ml,765,,11,yes,4162
DM-6.92,old-durbar-black-chimney-375ml,Old Durbar Black Chimney 375ml,liquor-smoking,"Whisky, Rum & Spirits",375ml,1540,,28,,4163
DM-6.91,old-durbar-red-375ml,Old Durbar Red 375ml,liquor-smoking,"Whisky, Rum & Spirits",375ml,1320,,29,,4164
DM-6.31,old-durbar-750ml,Old Durbar 750ml,liquor-smoking,"Whisky, Rum & Spirits",750ml,2630,,52,yes,4159
DM-5.1073,orego-cookies-cream-choco-cream-40gm,Orego Cookies cream/choco Cream 40gm,snacks,Chocolates & Candy,40g,80,65,39,,4171
DM-5.1049,parle-xhale-mint-candy-280g,Parle XHALE Mint Candy 280g,snacks,Chocolates & Candy,280g,450,,22,yes,4292
DM-5.1055,parle-banana-candy-300gm,Parle Banana Candy 300gm,snacks,Chocolates & Candy,300g,535,,22,yes,4266
DM-7.1572,parle-happy-happy-biscuitrs115,Parle Happy Happy biscuitRs115,snacks,Biscuits & Cookies,1 pc,60,55,17,,4273
DM-7.47-2,parle-nutricrunch-digestive-cookies-200gm,Parle Nutricrunch Digestive Cookies 200gm,snacks,Biscuits & Cookies,200g,120,,9,yes,4288
DM-5.1141,pepero-amond-choco-cookie-32gm,Pepero amond/choco Cookie 32gm,snacks,Chocolates & Candy,32g,80,,13,,4385
DM-2.313,plom-candy-melts-tinted-lip-balmred-velvet-love-4-5g,Plom Candy Melts Tinted Lip BalmRed Velvet Love 4.5g,beauty-skincare,Makeup & Nail Care,4.5g,105,,13,,4441
DM-2.3281,plom-candy-melts-berry-feast-melon-bubble-yum-red-velvet-love-lip-balm,Plom Candy Melts Berry Feast / Melon Bubble-yum / Red Velvet Love Lip Balm,beauty-skincare,Makeup & Nail Care,1 pc,370,310,24,,4442
DM-5.114,popping-corn-chips-all-flv-67gm,Popping Corn Chips All Flv 67gm,snacks,"Chips, Namkeen & Snacks",67g,55,50,10,,4506
DM-7.166,potata-spicy-flavoured-biscuit-75-gm,Potata Spicy Flavoured Biscuit 75 gm,snacks,Biscuits & Cookies,75g,50,,47,,4553
DM-7.3133,potato-cracker-45gm,Potato Cracker 45gm,snacks,Biscuits & Cookies,45g,35,,37,,4554
DM-7.2074,prawn-crackers-100gm,Prawn Crackers 100gm,snacks,Biscuits & Cookies,100g,60,,25,,4581
DM-7.496,priyagold-cnc-biscuits-200g,Priyagold CNC Biscuits 200g,snacks,Biscuits & Cookies,200g,105,,45,,4601
DM-7.396-2,priyagold-cnc-biscuits-70g,Priyagold CNC Biscuits 70g,snacks,Biscuits & Cookies,70g,50,,44,,4602
DM-5.1104,r-r-a-one-chips-potato-45gm,R&R A One Chips Potato 45gm,snacks,"Chips, Namkeen & Snacks",45g,40,,25,,4646
DM-7.3475,r-r-kushal-mr-namkeen300gm,R&R Kushal Mr Namkeen300gm,snacks,"Chips, Namkeen & Snacks",300g,165,,23,,4647
DM-7.3303,r-r-kushal-namkeen800g,R&R Kushal Namkeen800g,snacks,"Chips, Namkeen & Snacks",800g,440,,57,,4650
DM-7.4637,r-r-kushal-namkeen-225gm,R&R Kushal Namkeen 225gm,snacks,"Chips, Namkeen & Snacks",225g,155,,50,,4648
DM-7.4633,r-r-kushal-namkeen-65gm,R&R Kushal Namkeen 65gm,snacks,"Chips, Namkeen & Snacks",65g,55,45,15,,4649
DM-17.313,rabbar-2pc-set,Rabbar 2pc Set,ladies-wear,Hair Accessories,2 pc,85,70,37,,4669
DM-7.1229,ramro-cherry-cookies,Ramro Cherry Cookies,groceries,"Dry Fruits, Nuts & Seeds",1 pc,325,,30,,4689
DM-7.497,ramro-ding-dong-cake,Ramro Ding Dong Cake,dairy-frozen,"Bread, Cakes & Bakery",1 pc,70,,41,,4690
DM-7.3739,ramro-dingdong-donut-choco-vanilla-cake-50g,Ramro Dingdong Donut Choco Vanilla Cake 50g,dairy-frozen,"Bread, Cakes & Bakery",50g,30,,45,,4692
DM-7.3168,ramro-royale-fruit-cake-78gm,Ramro Royale Fruit Cake 78gm,dairy-frozen,"Bread, Cakes & Bakery",78g,50,,45,,4701
DM-7.687,ramro-tayal-bakery-cookies,Ramro Tayal Bakery Cookies,dairy-frozen,"Bread, Cakes & Bakery",1 pc,80,,36,,4708
DM-7.4279,ramro-dingdong-cake-100gm-rs100,Ramro Dingdong Cake 100gm rs100,dairy-frozen,"Bread, Cakes & Bakery",100g,95,,18,,4691
DM-7.3892,ramro-multi-7-grains-digestive-cookies-250gm,Ramro multi-7 Grains Digestive Cookies 250gm,snacks,Biscuits & Cookies,250g,145,,40,,4694
DM-7.3661,ramro-royal-cake-sliced-200-10gm-free,Ramro Royal Cake Sliced 200+10gm Free,dairy-frozen,"Bread, Cakes & Bakery",10g,20,,15,,4699
DM-4.1101,refined-series-glass-candy-jar-tg016,Refined Series Glass Candy Jar TG016,kitchen-household,"Cups, Mugs & Glassware",1 pc,315,,30,,4768
DM-7.3909,rijal-namkeen-furnadana-600gm,Rijal Namkeen Furnadana 600gm,snacks,"Chips, Namkeen & Snacks",600g,305,,37,,4777
DM-7.2454,rijals-aakbare-chips-53-g,Rijals Aakbare Chips 53.g,snacks,"Chips, Namkeen & Snacks",1 pack,60,55,59,,4779
DM-7.928,rijals-potato-chips-135gm,Rijals Potato Chips 135gm,snacks,"Chips, Namkeen & Snacks",135g,100,,31,,4780
DM-7.816,rijals-potato-chips-72gm,Rijals Potato Chips 72gm,snacks,"Chips, Namkeen & Snacks",72g,55,,41,,4785
DM-1.1414,rin-bar-125gm,Rin Bar 125gm,cleaning,Detergent & Laundry,125g,65,,39,,4791
DM-21.137,royal-big-chocobar-60ml,Royal Big Chocobar 60ml,dairy-frozen,Ice Cream & Frozen,60ml,70,,51,,4837
DM-21.149,royal-bites-cookies-cream-creamy-bliss,Royal Bites Cookies&cream Creamy Bliss,snacks,Biscuits & Cookies,1 pc,65,,46,,4841
DM-7.491,smb-mahesh-namkeen-280gm,SMB Mahesh Namkeen 280gm,snacks,"Chips, Namkeen & Snacks",280g,170,,56,,5132
DM-7.488,smb-shital-namkeen-280gm,SMB Shital Namkeen 280gm,snacks,"Chips, Namkeen & Snacks",280g,160,,24,,5136
DM-7.3904,smb-cornflex-micture-shital-namkeen-300gm,SMB Cornflex Micture Shital Namkeen 300gm,snacks,"Chips, Namkeen & Snacks",300g,200,,53,,5131
DM-7.4112,sasna-cookies-all-flv-125gm,Sasna Cookies All Flv 125gm,snacks,Biscuits & Cookies,125g,85,,36,,4959
DM-7.4666,searious-nacks-crispy-seaweed-snacks-4gm,Searious Nacks Crispy Seaweed Snacks 4gm,snacks,"Chips, Namkeen & Snacks",4g,10,,40,,4970
DM-5.1137,shrimp-cracker-original-75gm,Shrimp Cracker Original 75gm,snacks,Biscuits & Cookies,75g,55,,43,,5037
DM-7.4368,shrinav-diet-mixture-furandana-400gm,Shrinav Diet Mixture Furandana 400gm,snacks,"Chips, Namkeen & Snacks",400g,255,,25,,5038
DM-7.4041,siddhi-vinayak-nut-cracker-160gm,Siddhi Vinayak Nut Cracker 160gm,snacks,Biscuits & Cookies,160g,95,85,34,,5046
DM-7.347,six-villa-prawn-cracker200gm,Six Villa Prawn Cracker200gm,snacks,Biscuits & Cookies,200g,125,,50,,5114
DM-1.1926,tide-white-bar-200gm,Tide White Bar 200gm,cleaning,Detergent & Laundry,200g,75,70,58,,5507
DM-7.4539,totaste-garlic-oyster-flavor-soda-biscuit-308gm,Totaste Garlic Oyster Flavor Soda Biscuit 308gm,snacks,Biscuits & Cookies,308g,165,,9,,5585
DM-1.2334,v-series-super-dishwash-bar-125gm,V-Series Super Dishwash Bar 125gm,cleaning,Dishwash,125g,50,,48,,5664
DM-1.281,vim-bar-500g,Vim Bar 500g,cleaning,Dishwash,500g,130,,30,,5753
DM-5.1067,vogs-mugello-wafer-balls-250gm,Vogs Mugello Wafer Balls 250gm,snacks,Biscuits & Cookies,250g,145,,36,,5780
DM-7.422,britannia-cake-fruity-fun110gm,Britannia Cake Fruity fun110gm,dairy-frozen,"Bread, Cakes & Bakery",110g,55,,31,yes,814
DM-5.1112,kravour-strawberry-choco-wafer-100gm,Kravour Strawberry /choco Wafer 100gm,snacks,Chocolates & Candy,100g,210,,19,,3091
DM-5.123,kwiks-potato-chips-rs50,Kwiks Potato Chips Rs50,snacks,"Chips, Namkeen & Snacks",1 pkt,45,,57,,3106
DM-5.991,london-delights-mubarak-choco-biscuit-200gm,London Delights Mubarak Choco Biscuit 200gm,snacks,Chocolates & Candy,200g,325,285,31,,3267
DM-5.923,marshmallow-fruit-20gm,Marshmallow Fruit 20gm,snacks,Chocolates & Candy,20g,55,50,30,,3554
DM-7.39,parle-g-gold-biscuits-200g,Parle -G Gold Biscuits 200g,snacks,Biscuits & Cookies,200g,110,,58,yes,4262
DM-7.1488,parle-top-biscuits-rs-10-ko-12pcs,Parle Top Biscuits Rs 10 Ko 12pcs,snacks,Biscuits & Cookies,12 pcs,10,,11,,4291
DM-7.397,priyagold-snack-zig-zag-200g,Priyagold Snack Zig Zag 200g,beauty-skincare,Oral Care,200g,240,,31,,4606
DM-7.4671,priyagold-snack-zig-zag-70g,Priyagold Snack Zig Zag 70g,beauty-skincare,Oral Care,70g,85,,46,,4607
DM-7.485,shrimp-cracker-hot-spicy-75gm,Shrimp Cracker Hot&spicy 75gm,snacks,Biscuits & Cookies,75g,50,,50,,5036
DM-1.1718,surf-excel-big-bar-250gm,Surf Excel Big Bar 250gm,cleaning,Detergent & Laundry,250g,95,,32,yes,5391
DM-7.377-2,aama-ko-bitter-gourd-pickle-380gm,Aama Ko Bitter Gourd Pickle 380gm,groceries,"Sauces, Pickles & Spreads",380g,205,165,23,,118
DM-7.3755,aama-ko-chicken-pickle-450gm,Aama Ko Chicken Pickle 450gm,groceries,"Sauces, Pickles & Spreads",450g,225,,8,,122
DM-7.3757,aama-ko-dalla-in-brine-pickle-380gm,Aama Ko Dalla In Brine Pickle 380gm,groceries,"Sauces, Pickles & Spreads",380g,210,200,37,,124
DM-7.3759,aama-ko-dalla-lime-pickle-380gm,Aama Ko Dalla Lime Pickle 380gm,groceries,"Sauces, Pickles & Spreads",380g,190,,37,,125
DM-7.3758,aama-ko-dalla-pickle-in-oil-380gm,Aama Ko Dalla Pickle In Oil 380gm,groceries,"Sauces, Pickles & Spreads",380g,200,,9,,126
DM-7.3765,aama-ko-garlic-pickle-380gm,Aama Ko Garlic Pickle 380gm,groceries,"Sauces, Pickles & Spreads",380g,205,,15,,130
DM-7.3767,aama-ko-green-chilly-pickle-380gm,Aama Ko Green Chilly Pickle 380gm,groceries,"Sauces, Pickles & Spreads",380g,195,,22,,131
DM-7.3756,aama-ko-hot-spicy-lapsi-pickle-400gm,Aama Ko Hot & Spicy Lapsi Pickle 400gm,groceries,"Sauces, Pickles & Spreads",400g,195,,28,,132
DM-7.4608,aama-ko-hot-mango-pickle-1kg,Aama Ko Hot Mango Pickle 1kg,groceries,"Sauces, Pickles & Spreads",1kg,515,,11,,134
DM-7.3761,aama-ko-hot-mango-pickle-380,Aama Ko Hot Mango Pickle 380,groceries,"Sauces, Pickles & Spreads",1 pc,235,,15,,135
DM-7.4065,aama-ko-mango-ginger-garlic-pickle-380gm,"Aama Ko mango,ginger&garlic Pickle 380gm",groceries,"Sauces, Pickles & Spreads",380g,220,,56,,137
DM-7.376,aama-ko-mixed-pickle-380gm,Aama Ko Mixed Pickle 380gm,groceries,"Sauces, Pickles & Spreads",380g,195,,52,,138
DM-7.3764,aama-ko-radish-pickle-380gm,Aama Ko Radish Pickle 380gm,groceries,"Sauces, Pickles & Spreads",380g,215,175,30,,140
DM-7.3768,aama-ko-red-chilli-timur-garlic-pickle-200gm,Aama Ko Red Chilli Timur & Garlic Pickle 200gm,groceries,"Sauces, Pickles & Spreads",200g,125,,38,,141
DM-7.3766,aama-ko-sweet-lapsi-pickle-400gm,Aama Ko Sweet Lapsi Pickle 400gm,groceries,"Sauces, Pickles & Spreads",400g,225,,35,,142
DM-7.2278,acharya-black-teel-25gm,Acharya Black Teel 25gm,groceries,Spices & Masala,25g,30,,38,,155
DM-7.2156,acharya-panipuri-masala50gm,Acharya Panipuri Masala50gm,snacks,"Chips, Namkeen & Snacks",50g,40,,15,,157
DM-7.4132,acharya-jeera-geda-50gm,Acharya Jeera Geda 50gm,groceries,Spices & Masala,50g,40,,15,,156
DM-7.4131,acharya-white-teel-80gm,Acharya White Teel 80gm,groceries,Spices & Masala,80g,60,,14,,158
DM-7.3919,alpenliebe-juzt-jelly-67-5,Alpenliebe Juzt Jelly 67.5,snacks,Chocolates & Candy,1 pc,90,,28,,236
DM-7.1661,america-garden-traditional-pasta-sauce-397g,America Garden Traditional Pasta Sauce 397g,groceries,"Noodles, Pasta & Soup",397g,115,105,35,,244
DM-7.3574,american-chocolate-syrup-680gm,American Chocolate Syrup 680gm,groceries,"Sauces, Pickles & Spreads",680g,295,,59,,245
DM-7.35,american-garden-bbq-sauce-original-510g,American Garden BBQ Sauce Original 510g,groceries,"Sauces, Pickles & Spreads",510g,260,,37,,246
DM-7.1925,american-garden-pizza-sauce-397g,American Garden Pizza Sauce 397g,groceries,"Sauces, Pickles & Spreads",397g,205,,49,,250
DM-7.4315,american-garden-caramel-syrup-6880gm,American Garden Caramel Syrup 6880gm,groceries,"Sauces, Pickles & Spreads",6880g,2200,,27,,248
DM-7.1259,american-garden-us-mustard-sauce-227g,American Garden Us Mustard Sauce 227g,groceries,"Sauces, Pickles & Spreads",227g,150,,36,,252
DM-2.367,anylady-jelly-tint-lip-gloss,Anylady Jelly TINT Lip Gloss,beauty-skincare,Makeup & Nail Care,1 pc,320,,9,,277
DM-7.2888,apis-mixed-fruit-jam-orange-strawberry-mango-450gm,Apis Mixed Fruit Jam orange\ strawberry\ Mango 450gm,groceries,"Sauces, Pickles & Spreads",450g,230,,52,,280
DM-7.3747,apis-paineapple-jam-450gm,Apis Paineapple Jam 450gm,groceries,"Sauces, Pickles & Spreads",450g,255,,14,,281
DM-4.347,bbq-skewera-10piece,BBQ Skewera 10piece,kitchen-household,Kitchen Tools,1 pc,225,,9,,628
DM-7.446-2,buldak-hot-sauce-2spicy-200gm,Buldak Hot Sauce 2spicy 200gm,groceries,"Sauces, Pickles & Spreads",200g,130,120,37,,860
DM-7.1335,chabaa-pineapple-mix-orange-blueberry-strawberry-fruit-jam-240g,CHABAA Pineapple/mix/orange/blueberry/strawberry Fruit Jam 240g,groceries,"Sauces, Pickles & Spreads",240g,135,,46,,1008
DM-7.244-2,century-hot-sweet-chilly-tomato-sauce-200g,Century Hot & Sweet Chilly Tomato Sauce 200g,groceries,"Sauces, Pickles & Spreads",200g,125,,45,,950
DM-7.2441,century-hot-sweet-chilly-tomato-sauce-500g,Century Hot & Sweet Chilly Tomato Sauce 500g,groceries,"Sauces, Pickles & Spreads",500g,260,,48,,951
DM-7.1777,century-mixed-mango-pickle-400g,Century Mixed/mango Pickle 400g,groceries,"Sauces, Pickles & Spreads",400g,230,,27,,968
DM-7.2524,century-soya-sauce-350g,Century Soya Sauce 350g,groceries,"Sauces, Pickles & Spreads",350g,205,,10,,980
DM-7.211,century-soya-sauce-800g,Century Soya Sauce 800g,groceries,"Sauces, Pickles & Spreads",800g,350,,14,,981
DM-7.2108,century-tomato-ketchup-1kg,Century Tomato Ketchup 1kg,groceries,"Sauces, Pickles & Spreads",1kg,455,,19,,986
DM-7.1891,century-mix-fruit-jam-500g,Century Mix Fruit Jam 500g,groceries,"Sauces, Pickles & Spreads",500g,240,220,35,,963
DM-7.1952,century-mixed-pickle-1-kg,Century Mixed Pickle 1 kg,groceries,"Sauces, Pickles & Spreads",1kg,495,450,57,,967
DM-7.1629,century-pickle-masala50g,Century Pickle masala50g,groceries,"Sauces, Pickles & Spreads",50g,50,,34,,973
DM-7.1894,century-tomato-ketchup-200g,Century Tomato Ketchup 200g,groceries,"Sauces, Pickles & Spreads",200g,140,,48,,987
DM-7.1895,century-tomato-ketchup-500g,Century Tomato Ketchup 500g,groceries,"Sauces, Pickles & Spreads",500g,265,,24,,988
DM-7.4481,chef-s-choice-american-mustrad-sauce-227gm,Chef's Choice American Mustrad Sauce 227gm,groceries,"Sauces, Pickles & Spreads",227g,130,120,51,,1024
DM-7.4483,chef-s-choice-american-mustrad-sauce-396gm,Chef's Choice American Mustrad Sauce 396gm,groceries,"Sauces, Pickles & Spreads",396g,205,165,15,,1025
DM-7.4486,chef-s-choice-original-bbq-sauce-510gm,Chef's Choice Original Bbq Sauce 510gm,groceries,"Sauces, Pickles & Spreads",510g,260,,32,,1027
DM-7.4487,chef-s-choice-pizza-sauce-400gm,Chef's Choice Pizza Sauce 400gm,groceries,"Sauces, Pickles & Spreads",400g,215,,14,,1029
DM-7.383,chef-s-choice-regular-mayonnaise-946ml,Chef's Choice Regular Mayonnaise 946ml,groceries,"Sauces, Pickles & Spreads",946ml,425,,59,,1030
DM-7.4485,chef-s-choice-sweet-chilli-sauce-355gm,Chef's Choice Sweet Chilli Sauce 355gm,groceries,"Sauces, Pickles & Spreads",355g,205,,34,,1032
DM-7.4489,chef-s-choice-sweet-chilli-sauce-710gm,Chef's Choice Sweet Chilli Sauce 710gm,groceries,"Sauces, Pickles & Spreads",710g,380,,58,,1033
DM-7.448-2,chef-s-pasta-sauce-400gm,Chef's Pasta Sauce 400gm,groceries,"Noodles, Pasta & Soup",400g,115,,26,,1034
DM-5.614,current-achari-stick-crispy-n-crunchy-kurmure-80g,Current Achari Stick Crispy 'N' Crunchy Kurmure 80g,snacks,"Chips, Namkeen & Snacks",80g,60,,57,,1248
DM-7.1604,druk-apple-jam-500gm,DRUK Apple Jam 500gm,groceries,"Sauces, Pickles & Spreads",500g,260,,31,,1665
DM-5.988,dolphin-jelly-with-nata-de-coco-256g,Dolphin Jelly With Nata De Coco 256g,snacks,Chocolates & Candy,256g,435,,38,,19
DM-5.1129,dolphin-jelly-with-nata-de-coco-320gm,Dolphin Jelly With Nata De Coco 320gm,snacks,Chocolates & Candy,320g,535,,42,,1580
DM-5.1128,dolphin-pudding-with-nata-decoco-jelly-320gm,Dolphin Pudding With Nata Decoco Jelly 320gm,snacks,Chocolates & Candy,320g,485,,12,,1581
DM-7.56,druk-dalla-pickle-akbare-in-oil380g,Druk Dalla Pickle (akbare) In oil380G,groceries,"Sauces, Pickles & Spreads",380g,195,,51,,1667
DM-7.8-2,druk-green-chilli-pickle-in-oil-400g,Druk Green Chilli Pickle In Oil 400g,groceries,"Sauces, Pickles & Spreads",400g,205,190,30,,1668
DM-7.63,druk-mango-jam-pection-mixed-500g,Druk Mango Jam Pection Mixed 500g,groceries,"Sauces, Pickles & Spreads",500g,245,,22,,1670
DM-7.3,druk-mango-pickle-in-oil-400g,Druk Mango Pickle In Oil 400g,groceries,"Sauces, Pickles & Spreads",400g,235,,38,,1671
DM-7.7,druk-mixed-fruit-jam-pectin-mixed,Druk Mixed Fruit Jam Pectin Mixed,groceries,"Sauces, Pickles & Spreads",1 pc,235,,20,,1672
DM-7.11,druk-mixed-pickle-in-oil-1kg,Druk Mixed Pickle In Oil 1kg,groceries,"Sauces, Pickles & Spreads",1kg,485,,41,,1673
DM-7.22-2,druk-soya-sauce-350g,Druk Soya Sauce 350g,groceries,"Sauces, Pickles & Spreads",350g,185,,26,,1676
DM-7.23-2,druk-soya-sauce-800g,Druk Soya Sauce 800g,groceries,"Sauces, Pickles & Spreads",800g,410,,53,,1677
DM-7.2163,druk-strawberry-jam-500g,Druk Strawberry Jam 500g,groceries,"Sauces, Pickles & Spreads",500g,255,,10,,1678
DM-7.18-2,druk-tomato-ketchup-1kg,Druk Tomato Ketchup 1kg,groceries,"Sauces, Pickles & Spreads",1kg,455,,39,,1682
DM-7.2,druk-tomato-ketchup-200g,Druk Tomato Ketchup 200g,groceries,"Sauces, Pickles & Spreads",200g,125,115,18,,1683
DM-7.3-2,druk-tomato-ketchup-5kg,Druk Tomato Ketchup 5kg,groceries,"Sauces, Pickles & Spreads",5kg,1960,,56,,1684
DM-7.691,druk-tomato-ketchup-500g,Druk Tomato Ketchup 500g,groceries,"Sauces, Pickles & Spreads",500g,255,,31,,1681
DM-7.1949,druk-tomato-ketchup-sachet-1-360-pack,Druk Tomato Ketchup Sachet 1*360 Pack,groceries,"Sauces, Pickles & Spreads",1 pkt,225,,53,,1685
DM-7.495,druk-mixed-pickle-in-oil-400g,Druk Mixed Pickle In Oil 400g,groceries,"Sauces, Pickles & Spreads",400g,215,,33,,1674
DM-7.4363,druk-red-chilli-sauce-200gm,Druk Red Chilli Sauce 200gm,groceries,"Sauces, Pickles & Spreads",200g,135,,18,,1675
DM-7.4444,fine-lemon-pickle-400gm,Fine Lemon Pickle 400gm,groceries,"Sauces, Pickles & Spreads",400g,225,,28,,1945
DM-7.4443,fine-mango-pickle-400gm,Fine Mango Pickle 400gm,groceries,"Sauces, Pickles & Spreads",400g,220,,35,,1946
DM-7.4442,fine-mixed-pickle-400gm,Fine Mixed Pickle 400gm,groceries,"Sauces, Pickles & Spreads",400g,240,,16,,1947
DM-7.4351,g4-sesame-chilly-sauce-230gm,G4 Sesame Chilly Sauce 230gm,groceries,"Sauces, Pickles & Spreads",230g,155,,14,,2102
DM-7.1269,herman-mayonnaise-473ml,Herman Mayonnaise 473ml,groceries,"Sauces, Pickles & Spreads",473ml,225,,26,,2516
DM-7.775,hersheys-chocolate-syrup-600g,Hersheys Chocolate Syrup 600g,groceries,"Sauces, Pickles & Spreads",600g,435,,53,,2517
DM-7.4358,hersheys-chocolate-syrup-680g,Hersheys Chocolate Syrup 680g,groceries,"Sauces, Pickles & Spreads",680g,550,,39,,2518
DM-7.3876,hersheys-strawberry-flavor-syrup-623gm,Hersheys Strawberry Flavor Syrup 623gm,beverages,Juices & Squash,623g,185,165,53,,2519
DM-7.3118,hilife-mixed-fruit-jam-500gm,Hilife Mixed Fruit Jam 500gm,groceries,"Sauces, Pickles & Spreads",500g,275,,57,,2569
DM-5.1081,inaco-nata-decoco-jelly-300gm,Inaco Nata Decoco Jelly 300gm,snacks,Chocolates & Candy,300g,465,,14,,2742
DM-5.66,jelly-bbq-stick-chocolate,Jelly BBQ Stick Chocolate,snacks,Chocolates & Candy,1 pc,105,,36,,2794
DM-3.18,jelly-bowl-colourful-lx-754-l,Jelly Bowl Colourful LX 754 L,kitchen-household,Dinnerware & Serving,754L,440,395,26,,2795
DM-5.1068,jelly-candy-drop-all-flv,Jelly Candy Drop All Flv,snacks,Chocolates & Candy,1 pc,95,,38,,2796
DM-5.1134,jelly-coowy-fruit-300gm,Jelly Coowy Fruit 300gm,snacks,Chocolates & Candy,300g,485,410,31,,2797
DM-5.1135,jelly-lollipops-candy-drop-rs,Jelly Lollipops Candy Drop RS,snacks,Chocolates & Candy,1 pc,105,,58,,2798
DM-7.1625,karmacharaya-sugar-free-digestive-150g,Karmacharaya Sugar Free Digestive 150g,snacks,Biscuits & Cookies,150g,90,,52,,2899
DM-7.3852,karmacharya-coconuts-biskuts-500g,Karmacharya Coconuts Biskuts 500g,snacks,Biscuits & Cookies,500g,250,,25,,2901
DM-7.1451,karmacharya-digestive-biscuits-150gm,Karmacharya Digestive Biscuits 150gm,snacks,Biscuits & Cookies,150g,85,,46,,2902
DM-7.25-2,karmacharya-digestive-biscuits-500g,Karmacharya Digestive Biscuits 500g,snacks,Biscuits & Cookies,500g,245,,17,,2903
DM-7.2115,karmacharya-good-bite-biscuits-200g,Karmacharya Good Bite Biscuits 200g,snacks,Biscuits & Cookies,200g,120,,15,,2904
DM-7.3753,karmacharya-good-bite-biscuits-500gm,Karmacharya Good Bite Biscuits 500gm,snacks,Biscuits & Cookies,500g,245,,42,,2905
DM-7.4441,karmacharya-coconut-biscuits-150gm,Karmacharya Coconut Biscuits 150gm,snacks,Biscuits & Cookies,150g,80,,58,,2900
DM-7.2501,karmacharya-sugar-free-digestive-biscuits-500g,Karmacharya Sugar Free Digestive Biscuits 500g,snacks,Biscuits & Cookies,500g,220,,26,,2907
DM-7.1515,karmacharya-sugar-free-digestive-biscuits-300g,Karmacharya Sugar Free Digestive Biscuits 300g,snacks,Biscuits & Cookies,300g,155,,23,,2906
DM-7.1173,kissan-fresh-tomato-ketchup-435gm,Kissan Fresh Tomato Ketchup 435gm,groceries,"Sauces, Pickles & Spreads",435g,215,185,55,,3059
DM-7.3408,kissan-fresh-tomato-ketchup-1kg,Kissan Fresh Tomato Ketchup 1kg,groceries,"Sauces, Pickles & Spreads",1kg,420,350,12,,3057
DM-7.574,kissan-mixed-fruit-jam-500g,Kissan Mixed Fruit Jam 500g,groceries,"Sauces, Pickles & Spreads",500g,275,,25,,3062
DM-7.451,kissan-chilli-totato-sauce-500gm,Kissan Chilli Totato Sauce 500gm,groceries,"Sauces, Pickles & Spreads",500g,260,240,55,,3055
DM-7.4707,kissan-fresh-tomato-ketchup-200g,Kissan Fresh Tomato Ketchup 200g,groceries,"Sauces, Pickles & Spreads",200g,120,110,33,,3058
DM-7.1174,kissan-fresh-tomato-ketchup-500g,Kissan Fresh Tomato Ketchup 500g,groceries,"Sauces, Pickles & Spreads",500g,255,,48,,3060
DM-7.573,kissan-mango-pinepple-jam-490g,Kissan mango/pinepple/ Jam 490g,groceries,"Sauces, Pickles & Spreads",490g,255,,32,,3061
DM-5.1032,krmacharya-cocobite-coconut-sprinkle-chocolate-wafer,Krmacharya Cocobite Coconut Sprinkle Chocolate Wafer,snacks,Chocolates & Candy,1 pc,95,85,59,,3094
DM-7.4585,local-faim-chicken-pickle-350gm,Local Faim Chicken Pickle 350gm,groceries,"Sauces, Pickles & Spreads",350g,210,175,19,,3240
DM-7.458-2,local-faim-hot-mango-pickle-350gm,Local Faim Hot Mango Pickle 350gm,groceries,"Sauces, Pickles & Spreads",350g,195,,40,,3244
DM-7.4582,local-faim-mixed-pickle-350gm,Local Faim Mixed Pickle 350gm,groceries,"Sauces, Pickles & Spreads",350g,195,,56,,3245
DM-5.578,lotte-jellies-jelly-lollipop-16g,Lotte Jellies Jelly Lollipop 16g,snacks,Chocolates & Candy,16g,50,,45,,3318
DM-7.17,maggi-hot-sweet-tomato-chilli-sauce-500g,Maggi Hot & Sweet Tomato Chilli Sauce 500g,groceries,"Sauces, Pickles & Spreads",500g,260,,26,,3438
DM-7.493,maggi-hot-sweet-tomato-chilli-sauce-200g,Maggi Hot & Sweet Tomato Chilli Sauce 200g,groceries,"Sauces, Pickles & Spreads",200g,140,,29,yes,3437
DM-7.4211,maiju-ko-akabare-khursani-achar-350gm,Maiju Ko Akabare Khursani Achar 350gm,groceries,"Sauces, Pickles & Spreads",350g,195,,20,,3452
DM-7.4209,maiju-ko-chicken-achar-500gm,Maiju Ko Chicken Achar 500gm,groceries,"Sauces, Pickles & Spreads",500g,260,,51,,3453
DM-7.4797,maiju-ko-chicken-pickle-350gm,Maiju Ko Chicken Pickle 350gm,groceries,"Sauces, Pickles & Spreads",350g,190,155,24,,3454
DM-7.421,maiju-ko-fish-achar-200gm,Maiju Ko Fish Achar 200gm,groceries,"Sauces, Pickles & Spreads",200g,135,,28,,3455
DM-7.4795,maiju-ko-mango-pickle-500gm,Maiju Ko Mango Pickle 500gm,groceries,"Sauces, Pickles & Spreads",500g,240,,39,,3456
DM-7.4389,maiju-ko-mix-achar-500gm,Maiju Ko Mix Achar 500gm,groceries,"Sauces, Pickles & Spreads",500g,245,,15,,3457
DM-7.4798,maiju-ko-mutto-achar-350gm,Maiju Ko Mutto Achar 350gm,groceries,"Sauces, Pickles & Spreads",350g,210,170,51,,3458
DM-5.344,mix-fruit-jelly-candy-330g,Mix Fruit Jelly Candy 330g,snacks,Chocolates & Candy,330g,560,,45,,3772
DM-7.2675,nutella-hazelnut-spread-350g,Nutella Hazelnut Spread 350g,groceries,"Sauces, Pickles & Spreads",350g,330,285,14,,4119
DM-2.4042,oil-bolla-jam-tint-lip-gloss,Oil Bolla Jam Tint Lip Gloss,groceries,"Sauces, Pickles & Spreads",1 pc,210,,59,,4143
DM-7.2469,orient-gardens-mayonnaise-sauce946-ml,Orient Gardens Mayonnaise sauce946.ml,groceries,"Sauces, Pickles & Spreads",1 pc,230,,44,,4178
DM-7.1708,oyster-sauce-600ml-thailand,Oyster Sauce 600ml Thailand,groceries,"Sauces, Pickles & Spreads",600ml,325,,52,,4197
DM-7.95,paicho-green-chilli-sauce-1ltr,Paicho Green Chilli Sauce 1ltr,groceries,"Sauces, Pickles & Spreads",1L,425,,55,,4203
DM-7.1459,paicho-hot-sweet-sauce-200g,Paicho Hot & Sweet Sauce 200g,groceries,"Sauces, Pickles & Spreads",200g,120,,46,,4205
DM-7.1154,paicho-mango-pickle-1kg,Paicho Mango Pickle 1kg,groceries,"Sauces, Pickles & Spreads",1kg,465,,36,,4207
DM-7.3109,paicho-mix-jam-250gm,Paicho Mix Jam 250gm,groceries,"Sauces, Pickles & Spreads",250g,145,,13,,4208
DM-7.3427,paicho-mix-pickle-1kg,Paicho Mix Pickle 1kg,groceries,"Sauces, Pickles & Spreads",1kg,500,,45,,4209
DM-7.658,paicho-red-pepper-with-garlic-pickle-500g,Paicho Red Pepper With Garlic Pickle 500g,groceries,"Sauces, Pickles & Spreads",500g,240,,32,,4213
DM-7.1461,paicho-soya-sauce-800gm,Paicho Soya Sauce 800gm,groceries,"Sauces, Pickles & Spreads",800g,395,,44,,4214
DM-7.1458,paicho-tomato-ketchup-500g,Paicho Tomato Ketchup 500g,groceries,"Sauces, Pickles & Spreads",500g,235,,49,,4217
DM-7.1457,paicho-tomato-ketchup-200g,Paicho Tomato Ketchup 200g,groceries,"Sauces, Pickles & Spreads",200g,125,,10,,4216
DM-7.1455,paicho-mixed-aachar-kagati-aamala-mango-methi-g-chilli400g,Paicho Mixed Aachar/kagati/aamala/mango/Methi/g.chilli400g,groceries,"Dry Fruits, Nuts & Seeds",400g,625,,48,,4210
DM-7.1463,paicho-mixed-jam-500gm,Paicho Mixed Jam 500gm,groceries,"Sauces, Pickles & Spreads",500g,265,,58,,4211
DM-7.273,paicho-red-pepper-pickle-400g,Paicho Red Pepper Pickle 400g,groceries,"Sauces, Pickles & Spreads",400g,210,,49,,4212
DM-7.1664,paicho-super-soya-sauce-350gm,Paicho Super Soya Sauce 350gm,groceries,"Sauces, Pickles & Spreads",350g,185,,51,,4215
DM-7.1655,paicho-tomato-ketchup-5kg,Paicho Tomato Ketchup 5kg,groceries,"Sauces, Pickles & Spreads",5kg,1870,1670,43,,4218
DM-5.917,pran-pudding-jelly-all-flv,Pran Pudding Jelly All Flv,snacks,Chocolates & Candy,1 pc,110,,31,,4579
DM-5.68,raribo-maoam-mix-jelly,Raribo/Maoam Mix Jelly,snacks,Chocolates & Candy,1 pkt,105,90,34,,4725
DM-5.296,rico-pudding-jelly-fruit-flvr,Rico/pudding Jelly Fruit Flvr,snacks,Chocolates & Candy,1 pc,90,,43,,4775
DM-7.76,roza-fried-mackerel-with-chilli-sauce,Roza Fried Mackerel With Chilli Sauce,groceries,"Sauces, Pickles & Spreads",1 pc,195,,50,,4869
DM-7.3879,roza-sweet-chilli-sauce-320gm,Roza Sweet Chilli Sauce 320gm,groceries,"Sauces, Pickles & Spreads",320g,175,,34,,4870
DM-7.4316,salsa-vanilla-syrup-flavoured-1000ml,Salsa Vanilla Syrup Flavoured 1000ml,beverages,Juices & Squash,1000ml,165,,52,,4917
DM-7.4031,samriddha-buhari-chicken-pickles-100gm,Samriddha Buhari Chicken Pickles 100gm,groceries,"Sauces, Pickles & Spreads",100g,85,,19,,4922
DM-7.2169,samriddha-buhari-chicken-pickles-350gm,Samriddha Buhari Chicken Pickles 350gm,groceries,"Sauces, Pickles & Spreads",350g,195,,49,,4923
DM-7.217-2,samriddha-buhari-chilli-pickle-350gm,Samriddha Buhari Chilli Pickle 350gm,groceries,"Sauces, Pickles & Spreads",350g,180,,38,,4919
DM-7.2171,samriddha-buhari-ginger-garlic-pickle-350gm,Samriddha Buhari Ginger Garlic Pickle 350gm,groceries,"Sauces, Pickles & Spreads",350g,175,,11,,4920
DM-7.2173,samriddha-buhari-mix-pickle-500gm,Samriddha Buhari Mix Pickle 500gm,groceries,"Sauces, Pickles & Spreads",500g,245,205,35,,4924
DM-7.2277,samriddha-buhari-turmeric-pickle350g,Samriddha Buhari Turmeric pickle350g,groceries,"Sauces, Pickles & Spreads",350g,210,,54,,4921
DM-7.74,sardine-in-tomato-sauce-roza-150g,Sardine In Tomato Sauce Roza 150g,groceries,"Sauces, Pickles & Spreads",150g,115,,59,,4956
DM-7.3881,shangi-schezwan-sauce-250gm,Shangi Schezwan Sauce 250gm,groceries,"Sauces, Pickles & Spreads",250g,140,,35,,5013
DM-5.161,snow-queen-jelly-100g,Snow Queen Jelly 100g,snacks,Chocolates & Candy,100g,200,,18,,5150
DM-5.215,soft-jelly-orange-jelly-candy,Soft Jelly Orange Jelly Candy,snacks,Chocolates & Candy,1 pc,105,,48,,5162
DM-5.647,super-viviga-fruit-marshmallow-jam-filling-150g,Super Viviga Fruit Marshmallow Jam Filling 150g,groceries,"Sauces, Pickles & Spreads",150g,105,,22,,5389
DM-7.4621,super-chef-mayonnaise-236ml-80z,Super Chef Mayonnaise 236ml 80z,groceries,"Sauces, Pickles & Spreads",236ml,145,,16,,5369
DM-5.779,sweet-rainbow-jelly-100gm,Sweet Rainbow Jelly 100gm,snacks,Chocolates & Candy,100g,170,,45,,5407
DM-5.188,sweet-rainbow-queen-jelly-small-55g,Sweet Rainbow Queen Jelly Small 55g,snacks,Chocolates & Candy,55g,75,,52,,5408
DM-7.6-2,timur-chhop-pickle-400g,Timur Chhop Pickle 400g,groceries,"Sauces, Pickles & Spreads",400g,225,,27,,5526
DM-2.166,vaseline-blueseal-oreginal-jelly-50,Vaseline Blueseal Oreginal Jelly 50,beauty-skincare,Bath & Body,1 pc,190,,13,yes,5683
DM-2.2027,vaseline-dairy-brightening-jelly-vitamin-b3-100ml,Vaseline Dairy Brightening Jelly Vitamin B3 100ml,beauty-skincare,Skin Care,100ml,295,265,41,,5689
DM-7.388,virginia-green-garden-hokt-sauce-88ml,Virginia Green Garden Hokt Sauce 88ml,groceries,"Sauces, Pickles & Spreads",88ml,80,,15,,5767
DM-7.1774,century-mango-pickle-1kg,Century Mango Pickle 1kg,groceries,"Sauces, Pickles & Spreads",1kg,445,,44,,958
DM-7.2531,druk-dalla-pickle-400g,Druk Dalla Pickle 400g,groceries,"Sauces, Pickles & Spreads",400g,215,,51,,1666
DM-7.4181,kukhhurako-masuko-achar-350gm,Kukhhurako Masuko Achar 350gm,groceries,"Sauces, Pickles & Spreads",350g,220,,59,,3096
DM-16.25,3-sisters-malt-beverage-330ml,3 Sisters Malt Beverage 330ml,liquor-smoking,Beer,330ml,225,,54,,85
DM-6.88,8848-vodka-180ml,8848 Vodka 180ml,liquor-smoking,"Whisky, Rum & Spirits",180ml,830,,14,,111
DM-6.53,8848-vodka-750ml,8848 Vodka 750ml,liquor-smoking,"Whisky, Rum & Spirits",750ml,2620,,27,,113
DM-6.9,8848-vodka-375ml,8848 Vodka 375ml,liquor-smoking,"Whisky, Rum & Spirits",375ml,1390,,35,yes,112
DM-6.173,arna-strong-beer-650ml,ARNA STRONG Beer 650ml,liquor-smoking,Beer,650ml,385,365,45,,313
DM-6.1,absolute-vodka-500ml,Absolute Vodka 500ml,liquor-smoking,"Whisky, Rum & Spirits",500ml,2730,,23,,150
DM-6.9-2,absolute-vodka-1ltr,Absolute Vodka 1ltr,liquor-smoking,"Whisky, Rum & Spirits",1L,5700,,37,,148
DM-6.11,absolute-vodka-200ml,Absolute Vodka 200ml,liquor-smoking,"Whisky, Rum & Spirits",200ml,1580,,52,,149
DM-6.252,akira-sweet-white-wine-750ml,Akira Sweet White Wine 750ml,liquor-smoking,Wine,750ml,1480,,57,,222
DM-6.251,akira-wine-750ml,Akira Wine 750ml,liquor-smoking,Wine,750ml,1550,,8,,223
DM-6.225,arna-6-4-beer-650ml,Arna 6.4 Beer 650ml,liquor-smoking,Beer,650ml,365,325,59,,312
DM-2.1279,asta-berry-wine-facewash100ml,Asta Berry Wine Facewash100ml,beauty-skincare,Skin Care,100ml,335,,58,,359
DM-2.2986,asta-berry-wine-facewash60ml,Asta Berry Wine Facewash60ml,beauty-skincare,Skin Care,60ml,195,170,54,,360
DM-2.2947,astaberry-vitamin-c-face-serum30ml,Astaberry Vitamin-C Face serum30ml,beauty-skincare,Skin Care,30ml,140,,15,,361
DM-6.31-2,big-master-red-box-wine-4ltr,BIG Master Red Box Wine 4ltr,liquor-smoking,Wine,4L,6550,,26,,693
DM-6.311,big-master-white-box-wine-4-ltr,BIG Master White Box Wine 4 ltr,liquor-smoking,Wine,4L,6700,,50,,696
DM-2.3091,bajaj-almond-drops-hair-serum-50ml,Bajaj Almond Drops Hair Serum 50ml,beauty-skincare,Hair Care,50ml,110,,28,,470
DM-2.3033,bajaj-pure-virgin-cold-coconut-oli-250ml,Bajaj Pure Virgin & Cold Coconut Oli 250ml,groceries,"Dry Fruits, Nuts & Seeds",250ml,385,,50,,476
DM-6.22,barahinge-lager-beer-650ml,Barahinge Lager Beer 650ml,liquor-smoking,Beer,650ml,380,325,14,,586
DM-6.264,barahsinghe-strong-eight-beer-330ml,Barahsinghe Strong Eight Beer 330ml,liquor-smoking,Beer,330ml,240,,58,,591
DM-6.246,barahsinghe-strong-beer-650ml,Barahsinghe Strong Beer 650ml,liquor-smoking,Beer,650ml,325,,21,,590
DM-7.3952,barari-kurum-kurum-chiura-400gm,Barari Kurum Kurum Chiura 400gm,snacks,"Chips, Namkeen & Snacks",400g,235,215,23,,599
DM-6.24,baron-d-arignac-wine-750ml,Baron D Arignac Wine 750ml,liquor-smoking,Wine,750ml,1480,,43,,610
DM-2.3693,beardo-whisky-smoke-eaude-parfum-100ml,Beardo Whisky Smoke Eaude Parfum 100ml,liquor-smoking,"Whisky, Rum & Spirits",100ml,560,,16,,15
DM-1.2168,beardo-whisky-smoke-b-acne-clear-body-wash-200ml,Beardo Whisky smoke/b-acne Clear Body Wash 200ml,beauty-skincare,Men's Grooming,200ml,355,325,17,,647
DM-4.1166,beer-mug-msg-600,Beer Mug MSG-600,kitchen-household,"Cups, Mugs & Glassware",1 pc,390,,55,,665
DM-6.346,big-master-red-wine-375-ml,Big Master Red Wine 375 ml,liquor-smoking,Wine,375ml,1010,,45,,694
DM-6.1-2,big-master-red-wine-750ml,Big Master Red Wine 750ml,liquor-smoking,Wine,750ml,1800,,22,,695
DM-6.187,big-master-white-wine-375ml,Big Master White Wine 375ml,liquor-smoking,Wine,375ml,1010,,22,,697
DM-6.17,big-master-white-wine750ml,Big Master White wine750ml,liquor-smoking,Wine,750ml,1790,,46,,692
DM-6.273,big-master-wine-750ml,Big Master Wine 750ml,liquor-smoking,Wine,750ml,1730,,19,,698
DM-7.1718,borges-extra-virgin-olive-oil-500ml,Borges Extra Virgin Olive Oil 500ml,groceries,Oil & Ghee,500ml,305,,57,,773
DM-7.1719,borges-extra-virgin-olive-oil-250ml,Borges Extra Virgin Olive Oil 250ml,groceries,Oil & Ghee,250ml,165,,55,,772
DM-7.4198,bread-crumbs-crunch-1kg,Bread Crumbs Crunch 1kg,groceries,Cooking Essentials,1kg,550,,38,,809
DM-6.99,calvet-varietals-merlot-syrah-wine-750ml,Calvet Varietals merlot/syrah Wine 750ml,liquor-smoking,Wine,750ml,1600,1420,43,,889
DM-6.176,carlsberg-beer-650ml,Carlsberg Beer 650ml,liquor-smoking,Beer,650ml,365,,18,,905
DM-16.252,classic-malt-beverage-250ml-can,Classic Malt Beverage 250ml Can,liquor-smoking,Beer,250ml,195,,22,,1084
DM-2.2175,coco-soul-cold-pressed-virgin-coconut-oil-500ml,CoCO Soul Cold Pressed Virgin Coconut Oil 500ml,beauty-skincare,Hair Care,500ml,565,,23,,1125
DM-2.3392,coco-soul-virgin-coconut-oli-250-ml,Coco Soul Virgin Coconut Oli 250 ml,groceries,"Dry Fruits, Nuts & Seeds",250ml,410,,36,,1126
DM-2.2044,dr-rashel-face-serum-50ml,DR. Rashel Face Serum 50ml,beauty-skincare,Skin Care,50ml,175,,46,,1644
DM-2.4046,dr-rashel-whie-skin-fade-spots-serum-50ml,DR. Rashel Whie Skin Fade Spots Serum 50ml,beauty-skincare,Skin Care,50ml,175,,56,,1647
DM-2.2412,dekar-hair-serum-50ml,Dekar Hair Serum 50ml,beauty-skincare,Hair Care,50ml,100,,37,,1334
DM-2.1539,dekar-hair-serum-100ml,Dekar Hair Serum 100ml,beauty-skincare,Hair Care,100ml,145,130,17,,1333
DM-4.474,deli-glassware-wine-glass-6135,Deli Glassware Wine Glass 6135,kitchen-household,"Cups, Mugs & Glassware",1 pc,385,,22,,1351
DM-2.1484,denver-insight-arcane-pride-perume-100ml,Denver insight/ Arcane/ Pride Perume 100ml,beauty-skincare,Men's Grooming,100ml,205,,28,,1368
DM-2.3103,derma-co-10-vitamin-cface-serum-30ml,Derma Co 10%Vitamin Cface Serum 30ml,beauty-skincare,Skin Care,30ml,140,,33,,1375
DM-2.3089,derma-co2-alpha-arbutin-face-serum-30ml,Derma co2%Alpha Arbutin Face Serum 30ml,beauty-skincare,Skin Care,30ml,130,,16,,1377
DM-7.449-2,dip-son-bread-crumb-1kg,Dip Son Bread Crumb 1kg,dairy-frozen,"Bread, Cakes & Bakery",1kg,410,350,30,,1466
DM-6.64,divine-white-wine-750ml,Divine /white Wine 750ml,liquor-smoking,Wine,750ml,1700,,23,,1484
DM-6.161,divine-wine-red-750ml,Divine Wine Red 750ml,liquor-smoking,Wine,750ml,1790,,24,,1485
DM-2.3747,dot-key-10-vitamin-c-e-super-bright-face-serum-30ml,Dot&key 10% Vitamin c+e Super Bright Face Serum 30ml,beauty-skincare,Skin Care,30ml,130,,49,,1594
DM-2.3951,dot-key-strawberry-bright-10-niacinamide-face-serum-30ml,Dot&key Strawberry Bright 10% Niacinamide Face Serum 30ml,beauty-skincare,Skin Care,30ml,145,,25,,1605
DM-6.57,double-black-whiskey-1ltr,Double Black Whiskey 1ltr,liquor-smoking,"Whisky, Rum & Spirits",1L,2940,,39,,1617
DM-6.21,dragon-strong-beer-650ml,Dragon Strong Beer 650ml,liquor-smoking,Beer,650ml,360,290,27,,1658
DM-2.3547,elantine-men-s-face-serum-2-30ml,Elantine Men's Face Serum 2% 30ml,beauty-skincare,Skin Care,30ml,155,,56,,1764
DM-4.1489,exquisite-wine-glass-185ml-l13,Exquisite Wine Glass 185ml L13,kitchen-household,"Cups, Mugs & Glassware",185ml,350,310,29,,1873
DM-6.167,gorkha-strong-beer-650ml,GORKHA STRONG Beer 650ml,liquor-smoking,Beer,650ml,385,,18,,2312
DM-2.855,garnier-color-natural-wine-burgundy-4-20-60ml-50g,Garnier Color Natural WIne Burgundy 4.20 60ml+50g,liquor-smoking,Wine,60ml,600,,22,,2121
DM-2.2652,garnier-hydra-bombright-complete-vitamin-c-serum-mask-28g,Garnier Hydra BomBright Complete Vitamin C Serum Mask 28g,beauty-skincare,Skin Care,28g,145,,24,yes,2134
DM-2.3072,garnier-super-uvinvisible-serum-sunscreen-30mlspf-50,Garnier Super UvInvisible Serum Sunscreen 30mlSpf 50,beauty-skincare,Skin Care,1 pc,475,,33,yes,2155
DM-2.3478,garnier-super-uvinvisible-serum-sunscreen-60mlspf-50,Garnier Super UvInvisible Serum Sunscreen 60mlSpf 50,beauty-skincare,Skin Care,1 pc,455,,32,,2156
DM-2.2748,garnr-bright-complete-vitamin-c-serum-mask-28g,Garnr Bright Complete Vitamin C Serum Mask 28g,beauty-skincare,Skin Care,28g,120,110,56,,2161
DM-2.3748,glam-glory-snail-white-serum,Glam&glory Snail White Serum,beauty-skincare,Skin Care,1 pc,480,395,57,,2207
DM-6.289,gorkha-craft-beer-330ml-bottle,Gorkha Craft Beer 330ml Bottle,liquor-smoking,Beer,330ml,240,,25,,2310
DM-6.27,gorkha-pilsner-beer-650ml,Gorkha Pilsner Beer 650ml,liquor-smoking,Beer,650ml,340,,8,,2311
DM-6.153,grokha-extra-strong-beer-330ml-bottle,Grokha Extra Strong Beer 330ml Bottle,liquor-smoking,Beer,330ml,205,,24,,2319
DM-6.113,grokha-strong-can-beer-500ml,Grokha Strong Can Beer 500ml,liquor-smoking,Beer,500ml,325,,36,,2320
DM-6.148,gurkha-guns-whiskey-750ml,Gurkha & Guns Whiskey 750ml,liquor-smoking,"Whisky, Rum & Spirits",750ml,2580,,41,,2324
DM-6.141,hardys-nottage-hill-wine-750ml,HARDYs Nottage Hill Wine 750ml,liquor-smoking,Wine,750ml,1820,,14,,2439
DM-6.58,hardys-vr-moscato-white-wine-750ml,Hardys VR Moscato White Wine 750ml,liquor-smoking,Wine,750ml,1660,,40,,2440
DM-6.351,hardys-vr-sweet-red-wine-750ml,Hardys Vr Sweet Red Wine 750ml,liquor-smoking,Wine,750ml,1700,,45,,2441
DM-7.18-3,hi-life-kurumkurum-chiura-450gm,Hi -life KurumKurum Chiura 450gm,snacks,"Chips, Namkeen & Snacks",450g,255,,44,,2520
DM-7.2498,hilife-kurum-kurum-chiura-1kg,Hilife Kurum Kurum Chiura 1kg,snacks,"Chips, Namkeen & Snacks",1kg,535,,31,,2567
DM-6.347,himalayan-dragon-strong-beer-can-500ml,Himalayan Dragon Strong Beer Can 500ml,liquor-smoking,Beer,500ml,285,,22,,2671
DM-6.255,himalayan-reserve-whisky-750ml,Himalayan Reserve Whisky 750ml,liquor-smoking,"Whisky, Rum & Spirits",750ml,2630,,21,,2676
DM-6.48,j-p-chenet-medium-sweet-white-wine,J.P. Chenet Medium Sweet White Wine,liquor-smoking,Wine,1 pc,1880,,34,,2753
DM-6.172,jack-daniels-whiskey-750m,Jack Daniels Whiskey 750m,liquor-smoking,"Whisky, Rum & Spirits",1 pc,2380,2020,43,,2758
DM-6.151,jacob-s-creek-moscato-wine-750ml,Jacob'S Creek Moscato Wine 750ml,liquor-smoking,Wine,750ml,1470,,58,,2760
DM-6.45,jacobs-creek-classic-merlot-red-wine-750ml,Jacobs Creek Classic Merlot Red Wine 750ml,liquor-smoking,Wine,750ml,1770,,26,,2761
DM-2.1166,joy-hair-serum-damage-protection-100ml-blue,Joy Hair Serum Damage Protection 100ml Blue,beauty-skincare,Hair Care,100ml,140,,33,,2835
DM-2.912,joy-hair-serum-damage-protection-50ml,Joy Hair Serum Damage Protection 50ml,beauty-skincare,Hair Care,50ml,105,,50,,2836
DM-2.1167,joy-hair-serum-instant-shine-100ml-yellow,Joy Hair Serum Instant Shine 100ml Yellow,beauty-skincare,Hair Care,100ml,165,,39,,2837
DM-2.1717,joy-hair-serum-instant-shine50ml,Joy Hair Serum Instant shine50ml,beauty-skincare,Hair Care,50ml,90,,54,,2838
DM-9.725,junca-little-trumpet-perform-no-rj2866a,Junca Little Trumpet Perform No.Rj2866A,toys,Toys,1 pc,870,,45,,2878
DM-2.2178,karite-rose-serum-serum-lip-gloss,KARITE Rose Serum Serum Lip Gloss,beauty-skincare,Skin Care,1 pc,495,,48,,2895
DM-2.3546,kejjan-s-iiiuminating-radiance-serum-moisturising-shimmer-30ml,Kejjan's Iiiuminating Radiance Serum Moisturising Shimmer 30ml,beauty-skincare,Skin Care,30ml,145,,47,,2958
DM-2.3548,kejjan-s-snail-face-night-serum-30ml,Kejjan's Snail Face Night Serum 30ml,beauty-skincare,Skin Care,30ml,140,,45,,2965
DM-2.3549,kejjan-s-snail-face-serum-30ml,Kejjan's Snail Face Serum 30ml,beauty-skincare,Skin Care,30ml,145,,8,,2966
DM-2.3875,kejjan-s-snail-mucin-acne-expert-serum-30ml,Kejjan's Snail Mucin Acne Expert Serum 30ml,beauty-skincare,Skin Care,30ml,130,,14,,2967
DM-2.3874,kejjan-s-snail-mucin-hyaluronic-acid-face-serum-30ml,Kejjan's Snail Mucin&hyaluronic Acid Face Serum 30ml,beauty-skincare,Skin Care,30ml,140,,17,,2968
DM-2.3872,kejjan-s-vitamin-c-face-serum-30ml,Kejjan's Vitamin c+ Face Serum 30ml,beauty-skincare,Skin Care,30ml,130,,22,,2969
DM-6.12,khukuri-rum-180ml,Khukuri Rum 180ml,liquor-smoking,"Whisky, Rum & Spirits",180ml,890,,38,,3025
DM-6.119,khukuri-rum-375ml,Khukuri Rum 375ml,liquor-smoking,"Whisky, Rum & Spirits",375ml,1310,,56,,3026
DM-6.82,khukuri-rum-750ml,Khukuri Rum 750ml,liquor-smoking,"Whisky, Rum & Spirits",750ml,2580,,8,,3027
DM-6.162,khukuri-spiced-rum-750ml,Khukuri Spiced Rum 750ml,liquor-smoking,"Whisky, Rum & Spirits",750ml,2570,,14,,3028
DM-2.3577,kiss-beauty-rose-serum-primer-30ml,Kiss Beauty Rose Serum Primer 30ml,beauty-skincare,Skin Care,30ml,125,,45,,3050
DM-4.1325,lg-lucky-whiskey-glass-no-100608-single,LG Lucky Whiskey Glass NO.100608 Single,kitchen-household,"Cups, Mugs & Glassware",1 pc,230,,13,,3193
DM-2.4039,leito-chamomile-face-repairing-serum-40ml,Leito Chamomile Face Repairing Serum 40ml,beauty-skincare,Skin Care,40ml,170,,26,,3174
DM-2.4048,leito-repair-serum-rice-water-with-niancinamide,Leito Repair Serum Rice Water With Niancinamide,beauty-skincare,Skin Care,1 pc,400,,35,,3184
DM-6.81,lindeman-s-bin-50-shiraz-red-sweet-wine-750ml,"Lindeman""s Bin 50 Shiraz Red Sweet Wine 750ml",liquor-smoking,Wine,750ml,1580,,43,,3208
DM-6.98,lindemants-bin-46-sweet-red-wine-750ml,Lindemants Bin 46 Sweet Red Wine 750ml,liquor-smoking,Wine,750ml,1660,,24,,3210
DM-2.1573,livon-serum-5x-10x,Livon Serum 5X 10X,beauty-skincare,Skin Care,1 pc,505,,51,,3227
DM-2.2491,livon-serum-5x-10x45ml,Livon Serum 5X 10X45ml,beauty-skincare,Skin Care,10 x 45ml,1150,,16,,3226
DM-2.3498,livon-keratin-serum-100ml,Livon Keratin Serum 100ml,beauty-skincare,Skin Care,100ml,305,,32,,3225
DM-2.3767,lords-cares-rice-water-elixir-serum-25ml,Lords Cares Rice Water Elixir Serum 25ml,beauty-skincare,Skin Care,25ml,125,100,23,,3273
DM-2.377,lords-dream-bright-sunscreen-serum-50ml,Lords Dream Bright Sunscreen Serum 50ml,beauty-skincare,Skin Care,50ml,190,155,16,,3277
DM-2.3796,lords-korean-glass-skin-retinol-facae-serum-30ml,Lords Korean Glass Skin Retinol Facae Serum 30ml,beauty-skincare,Skin Care,30ml,150,,35,,3280
DM-2.3765,lords-magic-glow-sunscreen-serum-50ml,Lords Magic Glow Sunscreen Serum 50ml,beauty-skincare,Skin Care,50ml,170,,28,,3282
DM-2.348,loreal-paris-hyaluron-moisture-serum-40ml,Loreal Paris Hyaluron Moisture Serum 40ml,beauty-skincare,Skin Care,40ml,255,,41,,3305
DM-2.2645,loreal-paris-instant-glowing-face-serum,Loreal Paris Instant Glowing Face Serum,beauty-skincare,Skin Care,1 pc,750,,30,,3309
DM-2.3199,loreal-paris-instant-glowing-face-serum-30ml,Loreal Paris Instant Glowing Face Serum 30ml,beauty-skincare,Skin Care,30ml,250,,43,,3308
DM-2.3386,lotus-herbals-ultra-rx-sunscreen-serum-50ml-spf60,Lotus Herbals Ultra Rx Sunscreen Serum 50ml spf60++,beauty-skincare,Skin Care,50ml,170,,16,,3350
DM-2.2569,mg-goldline-hair-serum-100ml,MG Goldline Hair Serum 100ml,beauty-skincare,Hair Care,100ml,145,,32,,3615
DM-2.24-2,mama-earth-onion-hair-serum-100ml,Mama Earth Onion Hair Serum 100ml,beauty-skincare,Hair Care,100ml,155,,52,,3493
DM-2.242,mama-earth-vitamin-c-daily-glow-face-serum-30ml,Mama Earth Vitamin C Daily Glow Face Serum 30ml,beauty-skincare,Skin Care,30ml,130,,8,,3507
DM-2.39,mama-earth-rice-water-dewy-active-serum-50ml,Mama Earth Rice Water Dewy Active Serum 50ml,beauty-skincare,Skin Care,50ml,195,,57,,3498
DM-2.3146,mamaearth-tea-tree-face-serum-30ml,Mamaearth Tea Tree Face Serum 30ml,beauty-skincare,Skin Care,30ml,145,,49,,3528
DM-4.1007,master-gourment-chef-wine-opener-heavy,Master Gourment Chef Wine Opener Heavy,kitchen-household,Kitchen Tools,1 pc,275,,34,,3562
DM-5.1074,milkymist-capella-belgium-crumbs-engligh-toffee-milk-chocolate,Milkymist Capella Belgium crumbs/engligh Toffee Milk Chocolate,snacks,Chocolates & Candy,1 pc,90,,44,,3653
DM-2.3798,nisha-every-silk-hair-serum-100ml,Nisha Every Silk Hair Serum 100ml,beauty-skincare,Hair Care,100ml,145,,54,,4027
DM-2.1561,nivea-body-lotion-aloe-hydration-serum-200ml,Nivea Body Lotion Aloe Hydration Serum 200ml,beauty-skincare,Skin Care,200ml,550,510,23,,4036
DM-2.3974,nivea-vitamin-body-serum-extra-bright-c-aha-170ml,Nivea Vitamin Body Serum Extra Bright C&aha 170ml,beauty-skincare,Skin Care,170ml,480,,41,,4091
DM-2.3971,nivea-vitamin-body-serum-extra-bright-c-aha-300ml,Nivea Vitamin Body Serum Extra Bright C&aha 300ml,beauty-skincare,Skin Care,300ml,780,,54,yes,4092
DM-2.3973,nivea-vitamin-body-serum-extra-bright-c-e-170ml,Nivea Vitamin Body Serum Extra Bright C&e 170ml,beauty-skincare,Skin Care,170ml,500,,28,,4093
DM-2.3972,nivea-vitamin-body-serum-extra-bright-c-e-300ml,Nivea Vitamin Body Serum Extra Bright C&e 300ml,beauty-skincare,Skin Care,300ml,725,,20,,4094
DM-2.3975,nivea-vitamin-body-serum-extra-bright-super-c-spf50-170ml,Nivea Vitamin Body Serum Extra Bright Super c+ spf50 170ml,beauty-skincare,Skin Care,170ml,445,,59,yes,4095
DM-6.192,nude-superior-vodka-180ml,Nude Superior Vodka 180ml,liquor-smoking,"Whisky, Rum & Spirits",180ml,800,665,50,,4111
DM-6.254,nude-superior-vodka-375ml,Nude Superior Vodka 375ml,liquor-smoking,"Whisky, Rum & Spirits",375ml,1500,,51,,4112
DM-6.175,nude-superior-vodka-750ml,Nude Superior Vodka 750ml,liquor-smoking,"Whisky, Rum & Spirits",750ml,2550,,56,,4113
DM-7.1249,organic-virgin-coconut-oil-500ml,Organic Virgin Coconut Oil 500ml,beauty-skincare,Hair Care,500ml,455,,49,,4176
DM-7.2468,organic-virgin-coconut-oil200ml,Organic Virgin Coconut Oil200ml,beauty-skincare,Hair Care,200ml,220,,38,,4177
DM-2.2458,parachute-extra-virgin-coconut-oil-200ml,Parachute Extra Virgin Coconut Oil 200ml,beauty-skincare,Hair Care,200ml,235,220,56,,4247
DM-3.41,parachute-extra-virgin-coconut-baby-oil-250ml,Parachute Extra Virgin Coconut Baby Oil 250ml,baby-care,Baby Bath & Skin Care,250ml,355,,35,,4246
DM-2.2919,plom-alpha-arbutin-hyaluronic-acid-face-serum-30ml,Plom Alpha Arbutin & Hyaluronic Acid Face Serum 30ml,beauty-skincare,Skin Care,30ml,130,,44,,4430
DM-2.2918,plom-bakuchiol-retinol-1-serum-collagen-boost-20ml,Plom Bakuchiol & Retinol 1%Serum Collagen Boost 20ml,beauty-skincare,Skin Care,20ml,110,,20,,4432
DM-2.368,plom-green-tea-zinc-complex-3-serum-30ml,Plom Green Tea&Zinc Complex 3%SERUM 30ML,beauty-skincare,Skin Care,30ml,130,,23,,4457
DM-2.2772,plom-mandarin-vitamin-c15-serum-glow-boost-20ml,Plom Mandarin & Vitamin C15% Serum Glow Boost 20ml,beauty-skincare,Skin Care,20ml,110,95,47,,4461
DM-2.2768,plom-niacinamide-5-face-serum-30ml,Plom Niacinamide 5%face Serum 30ml,beauty-skincare,Skin Care,30ml,150,,54,,4463
DM-2.277,plom-niacinamide-serum-10-15ml,Plom Niacinamide Serum (10%)15ml,beauty-skincare,Skin Care,15ml,95,,50,,4464
DM-2.2769,plom-niacinamide-serum-10-30ml,Plom Niacinamide Serum (10%)30ml,beauty-skincare,Skin Care,30ml,155,,28,,4465
DM-1.1969,plom-body-lovin-shower-gel-hawaiian-rumba-250ml,Plom Body Lovin Shower Gel Hawaiian Rumba 250ml,beauty-skincare,Fragrance & Deodorant,250ml,820,,20,,4436
DM-2.3608,plom-calendula-10-vitamin-c-barrier-boosting-glow-serum-30ml,Plom Calendula & 10% Vitamin C Barrier boosting+glow Serum 30ml,beauty-skincare,Skin Care,30ml,150,,34,,4439
DM-2.3376,plom-coconut-squalane-nutri-shine-hair-serum-75ml,Plom Coconut & Squalane Nutri-shine Hair Serum 75ml,beauty-skincare,Hair Care,75ml,120,,31,,4445
DM-2.3772,plom-encapsulated-salicylic-acid-2-face-serum-30ml,Plom Encapsulated Salicylic Acid 2% Face Serum 30ml,beauty-skincare,Skin Care,30ml,135,,45,,4450
DM-6.56,robertson-winery-natural-sweet-white-750ml,Robertson Winery Natural Sweet White 750ml,liquor-smoking,Wine,750ml,1540,,30,,4805
DM-6.3,robertson-winery-natural-sweet-red-750ml,Robertson Winery Natural Sweet Red 750ml,liquor-smoking,Wine,750ml,1540,,29,,4804
DM-4.1323,royal-serve-whisky-glass-lavish-perk-decent-rsgs-205-204-206,Royal Serve Whisky Glass Lavish /perk /Decent RSGS/205/204/206,kitchen-household,"Cups, Mugs & Glassware",1 pc,380,,55,,4857
DM-7.3522,rum-pum-instant-noodles60gm,Rum Pum Instant Noodles60gm,liquor-smoking,"Whisky, Rum & Spirits",60g,470,430,25,,4883
DM-6.169,seto-baga-vodka-750ml,SETO BAGA Vodka 750ml,liquor-smoking,"Whisky, Rum & Spirits",750ml,2530,,18,,5005
DM-6.208,seto-bagh-vodka-180ml,Seto Bagh Vodka 180ml,liquor-smoking,"Whisky, Rum & Spirits",180ml,805,,10,,5006
DM-6.207,seto-bagh-vodka-375ml,Seto Bagh Vodka 375ml,liquor-smoking,"Whisky, Rum & Spirits",375ml,1510,,28,,5007
DM-6.35,shlok-himalayan-premium-whisky-180ml,Shlok Himalayan Premium Whisky 180ml,liquor-smoking,"Whisky, Rum & Spirits",180ml,875,755,23,,5033
DM-6.349,shlok-himalayan-premium-whisky-750ml,Shlok Himalayan Premium Whisky 750ml,liquor-smoking,"Whisky, Rum & Spirits",750ml,2520,,17,,5034
DM-2.3997,silcon-niacinamide-10-hydra-bright-serum-30ml,Silcon Niacinamide 10% Hydra Bright Serum 30ml,beauty-skincare,Skin Care,30ml,145,,35,,5070
DM-2.3993,silcon-retinal-firming-serum-30ml,Silcon Retinal Firming Serum 30ml,beauty-skincare,Skin Care,30ml,140,115,29,,5074
DM-2.3992,silcon-rice-water-glow-boost-serum-30gm,Silcon Rice Water Glow Boost Serum 30gm,beauty-skincare,Skin Care,30g,135,,8,,5076
DM-2.3929,silcon-vitamin-c-face-serum-30ml,Silcon Vitamin C Face Serum 30ml,beauty-skincare,Skin Care,30ml,135,110,56,,5078
DM-6.229,simrnoff-vodka-180ml,Simrnoff Vodka 180ml,liquor-smoking,"Whisky, Rum & Spirits",180ml,910,,16,,5102
DM-6.228,simrnoff-vodka-375ml,Simrnoff Vodka 375ml,liquor-smoking,"Whisky, Rum & Spirits",375ml,1460,,24,,5103
DM-7.3954,six-villa-kurum-kurum-chiura-700gm,Six Villa Kurum Kurum Chiura 700gm,snacks,"Chips, Namkeen & Snacks",700g,395,,29,,5113
DM-2.184,skin-aqua-moisturizing-serum-75ml,Skin Aqua Moisturizing Serum 75ml,beauty-skincare,Skin Care,75ml,280,,43,,5120
DM-6.227,smirnoff-vodka-750-ml,Smirnoff Vodka 750 ml,liquor-smoking,"Whisky, Rum & Spirits",750ml,2580,,19,,5142
DM-6.55,somersby-apple-cider-250ml,Somersby Apple Cider 250ml,liquor-smoking,Beer,250ml,195,,30,,5185
DM-2.973,streax-hair-serum-with-walnut-oil-45ml,Streax Hair Serum With Walnut Oil 45ml,beauty-skincare,Hair Care,45ml,100,,19,,5287
DM-2.669,streax-hair-serum-with-walnut-oil-100ml,Streax Hair Serum With Walnut Oil 100ml,beauty-skincare,Hair Care,100ml,165,,50,,5286
DM-2.1512,streax-pro-hair-serum-45ml,Streax Pro Hair Serum 45ml,beauty-skincare,Hair Care,45ml,100,,30,,5289
DM-2.597,streax-pro-hair-serum-vita-gloss-100,Streax Pro Hair Serum Vita Gloss 100,beauty-skincare,Hair Care,1 pc,355,,41,,5290
DM-2.1024,streax-pro-hair-serum-vitariche-gloss200ml,Streax Pro Hair Serum Vitariche gloss200ml,beauty-skincare,Hair Care,200ml,250,,48,,5291
DM-2.3339,streax-canvo-line-hair-sarum-100ml,Streax Canvo Line Hair Sarum 100ml,beauty-skincare,Hair Care,100ml,145,130,28,,5271
DM-2.4018,sunsilk-serum-super-shine-100ml,Sunsilk Serum Super Shine 100ml,beauty-skincare,Skin Care,100ml,325,,49,yes,5360
DM-6.166,tuborg-premium-gold-beer-650ml,TUBORG PREMIUM GOLD Beer 650ml,liquor-smoking,Beer,650ml,365,,57,,5621
DM-2.323,the-derma-1-kojic-arbutin-night-repair-face-serum-gel-50gm,The Derma 1% Kojic Arbutin Night Repair Face Serum Gel 50gm,beauty-skincare,Skin Care,50g,190,,14,,5447
DM-2.3155,the-derma-2-kojic-acid-face-serum-30ml,The Derma 2%Kojic Acid Face Serum 30ml,beauty-skincare,Skin Care,30ml,135,115,29,,5453
DM-2.3234,the-derma-20-vitamin-c-face-serum-20ml,The Derma 20% Vitamin C Face Serum 20ml,beauty-skincare,Skin Care,20ml,105,,49,,5454
DM-2.3162,the-derma-5-niacinamide-daily-face-serum-30ml,The Derma 5% Niacinamide Daily Face Serum 30ml,beauty-skincare,Skin Care,30ml,150,,41,,5459
DM-2.3154,the-derma-5-vitamin-c-daily-face-serum-30ml,The Derma 5% Vitamin C Daily Face Serum 30ml,beauty-skincare,Skin Care,30ml,140,,13,,5460
DM-2.3173,the-derma-5-caffeine-under-eye-serum-15ml,The Derma 5%caffeine Under Eye Serum 15ml,beauty-skincare,Skin Care,15ml,110,,8,,5461
DM-2.3235,the-derma-pore-minimizing-face-serum-30ml,The Derma Pore Minimizing FAce Serum 30ml,beauty-skincare,Skin Care,30ml,130,,39,,5465
DM-2.3305,the-derma-sali-cinamide-anti-acne-serum,The Derma Sali-cinamide Anti-acne Serum,beauty-skincare,Skin Care,1 pc,425,,43,,5467
DM-2.3174,the-drama-2-salicylic-acid-face-serum-30ml,The Drama 2%salicylic Acid Face Serum 30ml,beauty-skincare,Skin Care,30ml,150,,22,,5470
DM-6.16,the-glenlivent-single-malt-scotch-whisky-750ml,The Glenlivent Single Malt Scotch Whisky 750ml,liquor-smoking,"Whisky, Rum & Spirits",750ml,1640,,38,,5471
DM-6.18,the-glenlivet-single-malt-scotch-whisky-1ltr,The Glenlivet Single Malt Scotch Whisky 1ltr,liquor-smoking,"Whisky, Rum & Spirits",1L,3040,,58,,5472
DM-2.3233,the-derma-10-niacinmide-face-serum-30ml,The Derma 10% Niacinmide Face Serum 30ml,beauty-skincare,Skin Care,30ml,130,,23,,5449
DM-2.2946,true-derma-vita-c-skin-whitening-serum-20ml,True Derma Vita-C Skin Whitening Serum 20ml,beauty-skincare,Skin Care,20ml,125,,37,,5609
DM-2.3203,truederma-true-evco-extra-virgin-coconut-oil,Truederma True Evco Extra Virgin Coconut Oil,beauty-skincare,Hair Care,1 pc,365,,22,,5614
DM-6.168,tuborg-strong-beer-bottle-650ml,Tuborg Strong Beer Bottle 650ml,liquor-smoking,Beer,650ml,405,330,45,,5623
DM-6.22-2,tuborg-strong-beer-bottle-330-ml,Tuborg Strong Beer Bottle 330 ml,liquor-smoking,Beer,330ml,210,,34,,5622
DM-6.97,tuborg-strong-can-beer-500ml,Tuborg Strong Can Beer 500ml,liquor-smoking,Beer,500ml,325,,18,yes,5624
DM-7.1159,uncle-barns-bread-crumbs-1kg,Uncle Barns Bread Crumbs 1kg,groceries,Cooking Essentials,1kg,435,385,10,,5635
DM-7.1486,uncle-barns-bread-crums-crunch-500g,Uncle Barns Bread Crums Crunch 500g,dairy-frozen,"Bread, Cakes & Bakery",500g,220,195,19,,5636
DM-4.1523,union-beer-glassware-ug-373,Union Beer Glassware UG-373,kitchen-household,"Cups, Mugs & Glassware",1 pc,315,,42,,5638
DM-2.382,ushas-lip-serum-vitamin-e,Ushas Lip Serum Vitamin E,beauty-skincare,Skin Care,1 pc,495,,33,,5656
DM-1.2221,vaseline-gluta-hya-dewy-radiance-serum-in-lotion-70ml,Vaseline Gluta-Hya Dewy Radiance Serum-in Lotion 70ml,beauty-skincare,Skin Care,70ml,225,,12,yes,5695
DM-7.3399,virginia-green-garden-apple-cider-vinegar-473ml,Virginia Green Garden Apple Cider Vinegar 473ml,groceries,"Sauces, Pickles & Spreads",473ml,230,,35,,5765
DM-2.3328,vlcc-serum-face-wash-all-flv-mix-100ml,Vlcc Serum Face Wash All Flv Mix 100ml,beauty-skincare,Skin Care,100ml,330,275,14,,5777
DM-6.32,wild-himalayan-arna-beer-330ml,WILD Himalayan Arna Beer 330ml,liquor-smoking,Beer,330ml,240,,30,,5895
DM-6.204,wild-himalayan-arna-beer-500ml,WILD Himalayan Arna Beer 500ml,liquor-smoking,Beer,500ml,270,,12,,5896
DM-6.203,wild-himalayan-arna-beer-650ml,WILD Himalayan Arna Beer 650ml,liquor-smoking,Beer,650ml,385,,15,,5897
DM-2.2842,well-10-hair-serum-100ml,Well 10 Hair Serum 100ml,beauty-skincare,Hair Care,100ml,140,,38,,5841
DM-2.4116,well-10-professional-keratin-hair-serum-100ml,Well 10 Professional Keratin Hair Serum 100ml,beauty-skincare,Hair Care,100ml,150,,51,,5851
DM-2.2843,well10hair-serum-50ml,Well10Hair Serum 50ml,beauty-skincare,Hair Care,50ml,100,,16,,5868
DM-4.1492,wine-glass-240ml-3065,Wine Glass 240ml 3065,kitchen-household,"Cups, Mugs & Glassware",240ml,360,,19,,5903
DM-4.1461,yera-bm-360-beer-mug,Yera BM 360 Beer Mug,kitchen-household,"Cups, Mugs & Glassware",1 pc,370,,12,,5940
DM-4.1343,yera-prima-berlin-whiskey-glass-6pcs-set,Yera Prima Berlin Whiskey Glass 6pcs Set,kitchen-household,"Cups, Mugs & Glassware",6 pcs,350,,26,,5955
DM-4.1342,yera-prima-oak-whiskey-glass-6pcs-set,Yera Prima Oak Whiskey Glass 6pcs Set,kitchen-household,"Cups, Mugs & Glassware",6 pcs,325,,18,,5939
DM-7.4232,yuku-apple-cider-vinegar-500ml,Yuku Apple Cider Vinegar 500ml,groceries,"Sauces, Pickles & Spreads",500ml,235,,29,,5973
DM-7.459,yuku-green-apple-cider-vinegar-500ml,Yuku Green Apple Cider Vinegar 500ml,groceries,"Sauces, Pickles & Spreads",500ml,285,,9,,5974
DM-2.3137,bajaj-hair-serum-100ml,Bajaj Hair Serum 100ml,beauty-skincare,Hair Care,100ml,145,125,13,,475
DM-7.3297,century-kurum-kurum-chiura-1kg,Century Kurum Kurum Chiura 1kg,snacks,"Chips, Namkeen & Snacks",1kg,585,,31,,957
DM-6.266,coolberg-malt-beverage-330ml,Coolberg Malt Beverage 330ml,liquor-smoking,Beer,330ml,230,,49,,1218
DM-6.112,double-black-whiskey-750ml,Double Black Whiskey 750ml,liquor-smoking,"Whisky, Rum & Spirits",750ml,2670,,32,,1618
DM-7.4816,first-choice-bread-crumb-175gm,First Choice Bread Crumb 175gm,dairy-frozen,"Bread, Cakes & Bakery",175g,90,,53,,1959
DM-2.2901,whiteninguv-sunblock-spf-60-viyamin-c-serum,Whiteninguv sunBlock Spf 60+Viyamin C Serum,beauty-skincare,Skin Care,1 pc,485,410,41,,5893
DM-4.711,wine-glass-small-size,Wine Glass Small Size,kitchen-household,"Cups, Mugs & Glassware",1 pc,185,,36,,5904
DM-2.2459,24k-gold-magic-lip-oil,24k Gold Magic Lip Oil,beauty-skincare,Makeup & Nail Care,1 pack,385,,53,,5
DM-1.1743,3-one-silkhair-keratin-treatment-shampoo-280ml,3 One Silkhair Keratin Treatment Shampoo 280ml,beauty-skincare,Hair Care,280ml,355,335,58,,82
DM-1.1742,3-one-silkhair-professional-keratin-shampoo-500ml,3 One Silkhair Professional Keratin Shampoo 500ml,beauty-skincare,Hair Care,500ml,510,,19,,83
DM-2.3134,3-one-silkhair-professional-use-hair-treatment-950ml,3 One Silkhair Professional Use Hair Treatment 950ml,beauty-skincare,Hair Care,950ml,930,880,39,,84
DM-2.4027,3q-beauty-magic-lipbalm,3Q Beauty Magic Lipbalm,beauty-skincare,Makeup & Nail Care,1 pc,370,,47,,96
DM-2.4026,3q-beauty-super-stay-lip-gloss-10ml,3Q Beauty Super Stay Lip Gloss 10ml,beauty-skincare,Makeup & Nail Care,10ml,170,,47,,98
DM-2.3456,3q-beauty-super-stay-vitamin-c-lip-oil,3Q Beauty Super Stay Vitamin C Lip Oil,beauty-skincare,Skin Care,1 pc,410,,33,,93
DM-2.4011,3q-beauty-blusher-stick-bl-124,3Q Beauty Blusher Stick bl-124,beauty-skincare,Makeup & Nail Care,1 pc,325,,18,,94
DM-2.4065,3q-beauty-highlight-yara-hlt-152,3Q Beauty Highlight Yara Hlt 152,beauty-skincare,Skin Care,1 pc,435,,31,,95
DM-2.3638,3q-beauty-super-cool-glitter-lip-oil-6-5ml,3Q Beauty Super Cool Glitter Lip Oil 6.5ml,beauty-skincare,Makeup & Nail Care,6.5ml,130,,33,,97
DM-2.4064,3q-beauty-yara-blush-bl158,3Q Beauty Yara Blush bl158,beauty-skincare,Makeup & Nail Care,1 pc,310,,49,,99
DM-1.2059,3pcs-alshabab-razor,3pcs Alshabab Razor,beauty-skincare,Men's Grooming,3 pcs,330,,30,,92
DM-2.3412,7-glycolic-acid-hydrating-toner-150ml,7% Glycolic Acid Hydrating Toner 150ml,beauty-skincare,Skin Care,150ml,415,,32,,104
DM-2.3059,apk-in-love-eyeliner-waterproof-liquid-liner,APK In Love Eyeliner Waterproof Liquid Liner,beauty-skincare,Makeup & Nail Care,1 pc,325,,40,,282
DM-2.1261,asta-berry-uv-guard-sun-protection-creme-spf30,ASTA BERRY UV GUARD Sun Protection Creme spf30,beauty-skincare,Skin Care,1 pc,470,,51,,351
DM-2.737,acnes-cream-wash-face-wash-50g,Acnes Cream Wash Face Wash 50g,beauty-skincare,Skin Care,50g,195,,13,,162
DM-2.2359,acnes-vitamin-cleanser-face-wash-150g,Acnes Vitamin Cleanser Face Wash 150g,beauty-skincare,Skin Care,150g,395,,35,,167
DM-2.732,acnes-vitamin-cleanser-facial-wash-100g,Acnes Vitamin Cleanser Facial Wash 100g,beauty-skincare,Skin Care,100g,340,310,52,,168
DM-2.738,acnes-vitamin-cleanser-50gm,Acnes Vitamin Cleanser 50gm,beauty-skincare,Skin Care,50g,210,180,32,,166
DM-2.2017,acnes-oli-control-cleanser-fase-wash-gel-100g,Acnes Oli Control Cleanser Fase Wash Gel 100g,beauty-skincare,Skin Care,100g,290,,35,,164
DM-2.3463,acnes-whitening-cleanser-face-wash-100gm,Acnes whitening+cleanser Face Wash 100gm,beauty-skincare,Skin Care,100g,290,,26,,169
DM-2.3708,adivasi-hair-oil-100ml,Adivasi Hair Oil 100ml,beauty-skincare,Hair Care,100ml,150,,48,,177
DM-3.65,adongfresh-cute-typ-toothbrush,Adongfresh Cute Typ Toothbrush,beauty-skincare,Oral Care,1 pc,110,,33,,179
DM-1.2305,adongfresh-soft-toothbrush,Adongfresh Soft Toothbrush,beauty-skincare,Oral Care,1 pc,135,,15,,180
DM-1.2307,adongfresh-soft-toothbrush-no-237,Adongfresh Soft Toothbrush No 237,beauty-skincare,Oral Care,1 pc,135,120,58,,181
DM-1.2306,adongfresh-toothbrush-no-81,Adongfresh Toothbrush No 81,beauty-skincare,Oral Care,1 pc,115,,14,,182
DM-3.569,aiwibi-kid-s-toothpaste-toothbrush-set-60g,Aiwibi Kid's Toothpaste & Toothbrush Set 60g,baby-care,Baby Bath & Skin Care,60g,120,,36,,216
DM-2.91,allura-tinkle-eye-brow-face-razor-1856,Allura Tinkle /EYE Brow Face Razor -1856,beauty-skincare,Men's Grooming,1 pc,285,,49,,235
DM-2.4132,alshabab-shaving-razor-1-4-razor,Alshabab Shaving Razor 1+4 Razor,beauty-skincare,Men's Grooming,1 pc,315,,33,,239
DM-1.2062,alshabab-shaving-razor-2-blades,Alshabab Shaving Razor 2 Blades,beauty-skincare,Men's Grooming,1 pc,285,,16,,240
DM-2.3986,alshabab-shaving-razor-silicone-handile-6-blades,Alshabab Shaving Razor Silicone Handile 6 Blades,beauty-skincare,Men's Grooming,1 pc,305,275,17,,241
DM-2.3675,anylady-eyeshadow-58gpurse,Anylady Eyeshadow 58gpurse,beauty-skincare,Makeup & Nail Care,1 pc,340,,23,,276
DM-2.3674,anylady-regal-eyeshadow-9g,Anylady Regal Eyeshadow 9g,beauty-skincare,Makeup & Nail Care,9g,140,,46,,278
DM-2.3606,apple-setting-spray-jasmine-flower-make-up-fix-120ml,Apple Setting spray/jasmine Flower Make Up Fix 120ml,beauty-skincare,Makeup & Nail Care,120ml,1030,,32,,284
DM-1.1711,argan-hair-nursing-conditioner-sleek-smooth-900ml,Argan Hair Nursing Conditioner Sleek & Smooth 900ml,beauty-skincare,Hair Care,900ml,920,,8,,295
DM-1.102,argan-oil-collagen-moisturing-nourish-shampoo1000ml,Argan Oil Collagen Moisturing &nourish shampoo1000ml,beauty-skincare,Skin Care,1000ml,1960,,41,,296
DM-1.2317,arika-soap-250gm,Arika Soap 250gm,beauty-skincare,Bath & Body,250g,245,,11,,309
DM-17.468,artificial-flower-hair-clip,Artificial Flower Hair Clip,ladies-wear,Hair Accessories,1 pc,85,,18,,317
DM-2.2991,asta-berry-detan-skin-brightening-face-wash60ml,Asta Berry Detan Skin Brightening Face wash60ml,beauty-skincare,Skin Care,60ml,230,200,52,,327
DM-2.769,asta-berry-detan-skin-whitening-face-wash100ml,Asta Berry Detan Skin Whitening Face wash100ml,beauty-skincare,Skin Care,100ml,305,275,34,,328
DM-2.1151,asta-berry-dimond-skin-whitening-hair-remover-cream-60g,Asta Berry Dimond/skin Whitening Hair Remover Cream 60g,beauty-skincare,Hair Care,60g,110,,40,,329
DM-2.14,asta-berry-enchanting-rose-hair-remover-cream-60gm,Asta Berry Enchanting Rose Hair Remover Cream 60gm,beauty-skincare,Hair Care,60g,120,,27,,330
DM-2.32,asta-berry-ikin-papaya-gold-hair-remover-creme-60gm,Asta Berry Ikin Papaya / Gold Hair Remover Creme 60gm,beauty-skincare,Skin Care,60g,205,,41,,334
DM-2.1041,asta-berry-neem-aloe-face-wash-100ml,Asta Berry Neem & Aloe Face Wash 100ml,beauty-skincare,Skin Care,100ml,295,,38,,336
DM-2.2985,asta-berry-neem-aloe-face-wash-50ml,Asta Berry Neem & Aloe Face Wash 50ml,beauty-skincare,Skin Care,50ml,210,,43,,337
DM-2.1884,asta-berry-onion-hair-oil-200ml,Asta Berry Onion Hair Oil 200ml,beauty-skincare,Hair Care,200ml,240,,47,,339
DM-2.618,asta-berry-papaya-orange-face-wash-100ml,Asta Berry Papaya/orange Face Wash 100ml,beauty-skincare,Skin Care,100ml,325,280,17,,341
DM-2.58,asta-berry-uv-guard-sun-protection-creme-spf60,Asta Berry UV Guard Sun Protection Creme SPF60,beauty-skincare,Skin Care,1 pc,470,,43,,354
DM-2.2432,asta-berry-uv-guard-sun-protection-creme-50gspf50,Asta Berry UV Guard Sun Protection Creme 50gspf50,beauty-skincare,Skin Care,1 pc,435,,53,,344
DM-2.2323,asta-berry-uv-guard-sun-protection-creme100mlspf70,Asta Berry UV Guard Sun Protection Creme100mlSPF70,beauty-skincare,Skin Care,1 pc,465,,29,,345
DM-2.3107,asta-berry-uv-guard-sun-protection-creme50mlspf70,Asta Berry UV Guard Sun Protection Creme50mlSPF70,beauty-skincare,Skin Care,1 pc,450,,16,,355
DM-2.2434,asta-berry-uv-guard-sun-protection-creme-50mlspf40,Asta Berry UV Guard Sun Protection Creme 50mlspf40,beauty-skincare,Skin Care,1 pc,405,,40,,349
DM-2.2538,asta-berry-uv-guard-tinted-matte-sun-protection-creme-75mlspf50,Asta Berry UV Guard tINTED Matte Sun Protection Creme 75mlspf50,beauty-skincare,Skin Care,1 pc,485,440,27,,356
DM-2.2622,asta-berry-vitamin-c-face-wash-scrub-100ml,Asta Berry Vitamin C FACE WASH SCRUB 100ML,beauty-skincare,Skin Care,100ml,350,,45,,357
DM-2.2989,asta-berry-vitamin-c-face-wash-scrub-60ml,Asta Berry Vitamin-C Face Wash Scrub 60ml,beauty-skincare,Skin Care,60ml,215,,58,,358
DM-2.1885,asta-berry-onion-hair-oil-100ml,Asta Berry Onion Hair Oil 100ml,beauty-skincare,Hair Care,100ml,150,,53,,338
DM-2.2541,asta-berry-uv-guard-in-tensive-moisturizer100ml-spf20,Asta Berry UV Guard In Tensive Moisturizer100ml spf20,beauty-skincare,Skin Care,100ml,330,,21,,346
DM-2.128,asta-berry-uv-guard-sun-protection-creme-spf40-100ml,Asta Berry UV Guard Sun Protection Creme SPF40 100ml,beauty-skincare,Skin Care,100ml,325,,53,,352
DM-2.2431,asta-berry-uv-guard-sun-protection-creme-50ml-spf60,Asta Berry UV Guard Sun Protection Creme 50ml Spf60,beauty-skincare,Skin Care,50ml,175,,55,,348
DM-2.4094,asta-berry-uv-guard-sun-protection-creme-spf-70,Asta Berry UV Guard Sun Protection Creme SPF 70,beauty-skincare,Skin Care,1 pc,490,,20,,350
DM-2.483,asta-berry-uv-guard-sun-protection-creme-spf50,Asta Berry UV Guard Sun Protection Creme SPF50,beauty-skincare,Skin Care,1 pc,440,,40,,353
DM-2.1159,asta-berry-papaya-face-wash-60ml,Asta Berry Papaya Face Wash 60ml,beauty-skincare,Skin Care,60ml,200,170,24,,340
DM-2.2555,astaberry-kumkumadi-night-cream-50g,Astaberry Kumkumadi Night Cream 50g,beauty-skincare,Skin Care,50g,195,180,54,,362
DM-2.2549,astaberry-vitamin-c-face-moisturizer-cream100ml,Astaberry Vitamin C Face Moisturizer cream100ml,beauty-skincare,Skin Care,100ml,280,,17,,363
DM-2.3761,bellavita-mango-parfum-100ml,BELLAVITA Mango Parfum 100ml,beauty-skincare,Fragrance & Deodorant,100ml,735,,42,,667
DM-2.3762,bellavita-vanilla-parfum-100ml,BELLAVITA Vanilla Parfum 100ml,beauty-skincare,Fragrance & Deodorant,100ml,720,,39,,669
DM-1.2325,brk-body-wash-all-flv-550ml,BRK Body Wash All Flv 550ml,beauty-skincare,Bath & Body,550ml,485,,35,,836
DM-2.266,btc-silk-shine-hair-spa-1000ml,BTC Silk & Shine Hair Spa 1000ml,beauty-skincare,Hair Care,1000ml,850,,55,,844
DM-2.1882,btc-silk-shine-hair-spa-500g,BTC Silk & Shine Hair Spa 500g,beauty-skincare,Hair Care,500g,515,,36,,845
DM-17.16,baby-hair-clip-5pc-pkt,Baby Hair Clip 5pc Pkt,ladies-wear,Hair Accessories,5 pc,80,,10,,413
DM-2.2805,baby-lips-color-lip-balm,Baby Lips Color Lip Balm,beauty-skincare,Makeup & Nail Care,1 pc,350,,50,,416
DM-17.35,baby-hair-clip-jodi-moti,Baby Hair Clip Jodi Moti,ladies-wear,Hair Accessories,1 pc,70,,10,,414
DM-3.292,baby-toothbrush-w-watch-k505,Baby Toothbrush w/ Watch K505,baby-care,Baby Bath & Skin Care,1 pc,310,,59,,438
DM-3.305,baby-toothbrush-w-car-030-5319,Baby Toothbrush w/car 030/5319,baby-care,Baby Bath & Skin Care,1 pc,375,325,38,,439
DM-3.215,baby-toothbrush-w-skate-board-8335,Baby Toothbrush w/skate Board 8335,baby-care,Baby Bath & Skin Care,1 pc,340,,29,,442
DM-2.3851,banjaras-multani-mitti-face-wash-100gm,Banjaras Multani Mitti Face Wash 100gm,beauty-skincare,Skin Care,100g,340,,15,,578
DM-2.3852,banjaras-multani-mitti-face-wash-50gm,Banjaras Multani Mitti Face Wash 50gm,beauty-skincare,Skin Care,50g,190,,41,,579
DM-2.3857,banjaras-samvridhi-hair-oil-125ml,Banjaras Samvridhi Hair Oil 125ml,beauty-skincare,Hair Care,125ml,180,,24,,582
DM-2.3637,baoishi-lip-gloss,Baoishi Lip Gloss,beauty-skincare,Makeup & Nail Care,1 pc,350,,31,,583
DM-4.1517,baol-beauty-makeu-tools,Baol Beauty Makeu Tools,beauty-skincare,Skin Care,1 pc,490,,26,,584
DM-2.3683,beardo-charcoal-face-wash-100ml,Beardo Charcoal Face Wash 100ml,beauty-skincare,Skin Care,100ml,290,,32,,632
DM-1.2093,beardo-dandruff-control-shampoo-200ml,Beardo Dandruff Control Shampoo 200ml,beauty-skincare,Men's Grooming,200ml,350,310,43,,633
DM-2.3685,beardo-de-tan-face-wash-100ml,Beardo De-Tan Face Wash 100ml,beauty-skincare,Skin Care,100ml,335,285,24,,634
DM-2.4093,beardo-don-eau-de-parfum-100ml,Beardo Don Eau De Parfum 100ml,beauty-skincare,Fragrance & Deodorant,100ml,425,,51,,635
DM-2.3694,beardo-godfather-eau-de-parfume-100ml,Beardo Godfather Eau De Parfume 100ml,beauty-skincare,Fragrance & Deodorant,100ml,390,355,19,,637
DM-2.3689,beardo-neem-face-wash-100ml,Beardo Neem Face Wash 100ml,beauty-skincare,Skin Care,100ml,345,,59,,644
DM-2.3687,beardo-ultra-glow-face-cream-spf-30,Beardo Ultra Glow Face Cream Spf 30,beauty-skincare,Men's Grooming,1 pc,320,,31,,646
DM-1.2169,beardo-god-father-body-wash-200ml,Beardo God Father Body Wash 200ml,beauty-skincare,Men's Grooming,200ml,395,,33,,636
DM-1.2172,beardo-hair-growth-vitalizer-shampoo-200ml,Beardo Hair Growth Vitalizer Shampoo 200ml,beauty-skincare,Men's Grooming,200ml,365,,38,,638
DM-2.3686,beardo-ice-blast-face-wash-100ml,Beardo Ice Blast Face Wash 100ml,beauty-skincare,Skin Care,100ml,315,,26,,640
DM-1.217,beardo-ice-blast-body-wash-200ml,Beardo Ice Blast Body Wash 200ml,beauty-skincare,Men's Grooming,200ml,350,,42,,639
DM-2.4129,beardo-iceman-maverick-falcon-wolf-perfume-150ml,Beardo iceman/maverick/falcon/wolf Perfume 150ml,beauty-skincare,Fragrance & Deodorant,150ml,550,,46,,641
DM-1.2171,beardo-thin-hair-thickening-shampoo-200ml,Beardo Thin Hair Thickening Shampoo 200ml,beauty-skincare,Men's Grooming,200ml,415,,44,,645
DM-2.3749,beardo-white-opium-parfum-100ml,Beardo White Opium Parfum 100ml,beauty-skincare,Fragrance & Deodorant,100ml,395,345,13,,648
DM-22.47,bearing-groomers-choice-conditioning-shampoo-365ml,Bearing Groomers Choice Conditioning Shampoo 365ml,beauty-skincare,Hair Care,365ml,425,,15,,650
DM-2.3643,beauty-lipstick-velvet-matte-color,Beauty Lipstick Velvet Matte Color,beauty-skincare,Makeup & Nail Care,1 pc,345,,58,,660
DM-2.4012,beauty-model-new-matte-lipgloss-no-188,Beauty Model New Matte Lipgloss no-188,beauty-skincare,Makeup & Nail Care,1 pc,320,,59,,661
DM-2.3559,bellavita-luxury-date-glam-honey-senorita-skai-oud-mix-fragrance-body-spray-120ml,Bellavita Luxury Date/Glam/Honey/Senorita/Skai/Oud Mix Fragrance Body Spray 120ml,groceries,"Sauces, Pickles & Spreads",120ml,150,130,11,,671
DM-2.3295,bellavita-oud-white-fine-luxury-perfume-all-flv150ml,Bellavita Oud White Fine Luxury Perfume All flv150ml,beauty-skincare,Fragrance & Deodorant,150ml,1060,,51,,675
DM-1.209,berry-berry-wax-strips,Berry Berry Wax Strips,beauty-skincare,Skin Care,1 pc,465,,26,,678
DM-1.2324,blkrento-body-wash-all-flv-750ml,Blkrento Body Wash All Flv 750ml,beauty-skincare,Bath & Body,750ml,635,510,9,,749
DM-2.279,body-lovin-orchid-you-not-parfum-15ml,Body Lovin Orchid You Not Parfum 15ml,beauty-skincare,Fragrance & Deodorant,15ml,135,120,39,,760
DM-7.1454,borges-olive-hair-oil-250ml,Borges Olive Hair Oil 250ml,beauty-skincare,Hair Care,250ml,505,,33,,775
DM-17.36,bow-hair-clip,Bow Hair Clip,ladies-wear,Hair Accessories,1 pc,75,,53,,790
DM-17.45,bow-hair-clip-red-343d,Bow Hair Clip Red 343d,ladies-wear,Hair Accessories,1 pc,75,,52,,791
DM-17.48,bow-hair-clip-with-moti,Bow Hair Clip With Moti,ladies-wear,Hair Accessories,1 pc,80,,11,,792
DM-2.3251,cerave-hydrating-mineral-sunscreen-50face,CERAVE Hydrating Mineral Sunscreen 50Face,beauty-skincare,Skin Care,1 pc,475,,39,,992
DM-2.3061,cr-magnetic-matte-lip-gloss,CR Magnetic Matte Lip Gloss,beauty-skincare,Makeup & Nail Care,1 pc,345,,59,,1230
DM-2.4044,cv3-teint-matt-foundation-pressed-powder,CV3 Teint Matt Foundation Pressed Powder,beauty-skincare,Makeup & Nail Care,1 pc,375,,9,,1294
DM-2.4003,candid-shampoo-75ml,Candid Shampoo 75ml,beauty-skincare,Hair Care,75ml,130,115,48,,894
DM-2.256,castledew-hair-spray-100ml,Castledew Hair Spray 100ml,beauty-skincare,Hair Care,100ml,150,,36,,911
DM-2.3697,cerave-hydrating-facial-cleanser-3fl-87ml,Cerave Hydrating Facial Cleanser 3fl 87ml,beauty-skincare,Skin Care,87ml,280,,32,,994
DM-2.2304,cetaphil-gentle-skin-cleanser-125ml,Cetaphil Gentle Skin Cleanser 125ml,beauty-skincare,Skin Care,125ml,655,,41,,997
DM-2.2931,cetaphil-gentle-skin-cleanser-250ml,Cetaphil Gentle Skin Cleanser 250ml,beauty-skincare,Skin Care,250ml,970,,53,,998
DM-2.2953,cetaphil-gentle-skin-cleanser-500ml,Cetaphil Gentle Skin Cleanser 500ml,beauty-skincare,Skin Care,500ml,1910,,41,,999
DM-2.3904,cetaphil-oily-skin-cleanser-118ml,Cetaphil Oily Skin Cleanser 118ml,beauty-skincare,Skin Care,118ml,580,,44,,1004
DM-2.4004,cetaphil-oily-skin-cleanser-236ml,Cetaphil Oily Skin Cleanser 236ml,beauty-skincare,Skin Care,236ml,1020,,38,,1005
DM-2.3062,chanlanya-lip-gloss-lip-tint,Chanlanya Lip gloss/lip Tint,beauty-skincare,Makeup & Nail Care,1 pc,340,,48,,1013
DM-2.2354,chanlanya-make-up-lip-color,Chanlanya Make Up Lip Color,beauty-skincare,Makeup & Nail Care,1 pc,315,,34,,1015
DM-2.4034,chanlanya-moisturing-lip-gloss-kering-mix,Chanlanya Moisturing Lip Gloss Kering Mix,toys,Toys,1 pc,885,,23,,1016
DM-2.4024,chanlanya-professional-makeup-snail-highlighter,Chanlanya Professional Makeup Snail Highlighter,stationery,"Pens, Pencils & Erasers",1 pc,35,,23,,1017
DM-1.152,chmer-3side-toothbrush-no-816,Chmer 3side Toothbrush No 816,beauty-skincare,Oral Care,1 pc,125,,57,,1060
DM-17.49,cleansing-cotton-wash-puff,Cleansing Cotton Wash Puff,beauty-skincare,Makeup & Nail Care,1 pc,370,,51,,1091
DM-2.581,clear-cac-hair-oil-150ml,Clear CAC Hair Oil 150ml,beauty-skincare,Hair Care,150ml,205,,51,,1092
DM-2.615,clear-cac-hair-oil-75ml,Clear CAC Hair Oil 75ml,beauty-skincare,Hair Care,75ml,135,,57,,1093
DM-2.3564,clear-women-anti-dandruff-hairfall-shampoo-625-ml,Clear Women Anti - Dandruff / Hairfall Shampoo 625 ml,beauty-skincare,Hair Care,625ml,570,,37,,1097
DM-2.3563,clear-women-anti-dandruff-hairfall-shampoo325,Clear Women Anti - Dandruff / Hairfall shampoo325,beauty-skincare,Hair Care,1 pc,360,,22,,1098
DM-1.2285,clear-men-legend-by-cr7-ronaldo-shampoo,Clear Men Legend By cr7 Ronaldo Shampoo,beauty-skincare,Hair Care,1 pc,335,,45,,1096
DM-1.602,clinic-plus-strong-long-health-shampoo-325ml,Clinic Plus Strong&Long Health Shampoo 325ml,beauty-skincare,Hair Care,325ml,355,,8,,1106
DM-1.189,clinic-plus-strong-long-health-shampoo-325ml-2,Clinic Plus Strong & Long Health Shampoo 325ml,beauty-skincare,Hair Care,325ml,365,295,53,,1102
DM-1.384,clinic-plus-strong-long-health-shampoo-625ml,Clinic Plus Strong & Long Health Shampoo 625ml,beauty-skincare,Hair Care,625ml,570,,46,,1103
DM-1.1326,clinic-plus-health-shampoo-with-egg-protein-325ml,Clinic Plus Health Shampoo With Egg Protein 325ml,beauty-skincare,Hair Care,325ml,320,,16,,1101
DM-1.1889,clinic-plus-strong-long-herlath-shampoo-625-nk,Clinic Plus Strong & Long Herlath Shampoo 625 Nk,beauty-skincare,Hair Care,1 pc,315,255,9,,1104
DM-1.575,colgate-360-white-toothbrush-2-get-41-free,Colgate 360 White Toothbrush 2 Get 41 Free,beauty-skincare,Oral Care,1 pc,115,,36,,1149
DM-1.118,colgate-cibaca-toothbrush-1-2-3,Colgate Cibaca Toothbrush 1-2-3,beauty-skincare,Oral Care,1 pc,110,,47,yes,1157
DM-1.1499,colgate-gentle-enamel-toothbrush-single-pic,Colgate Gentle Enamel Toothbrush Single Pic,beauty-skincare,Oral Care,1 pc,75,70,25,,1159
DM-1.574,colgate-plax-peepermint-fresh-mouthwash-250ml,Colgate Plax Peepermint Fresh Mouthwash 250ml,beauty-skincare,Oral Care,250ml,280,,25,,1166
DM-1.1949,colgate-total-active-prevention-150g-with-premum-toothbrush,Colgate Total Active Prevention 150g With Premum Toothbrush,beauty-skincare,Oral Care,150g,165,,31,yes,1
DM-1.132,colgate-anticavity-toothpaste-harbal-200g,Colgate Anticavity Toothpaste Harbal 200g,beauty-skincare,Oral Care,200g,230,,58,,1152
DM-1.98,colgate-kids-2-toothbrush,Colgate Kids +2 Toothbrush,beauty-skincare,Oral Care,1 pkt,115,,23,yes,1162
DM-1.12,colgate-sensitive-toothpaste160gg,Colgate Sensitive toothpaste160gg,beauty-skincare,Oral Care,1 pc,120,105,43,,1169
DM-1.1099,collagen-moisturizing-nourish-conditioner-1000ml,Collagen Moisturizing &Nourish Conditioner 1000ML,beauty-skincare,Skin Care,1000ml,2140,,9,,1185
DM-2.4037,color-six-paris-foundation-spf-30-40ml,Color Six Paris Foundation Spf 30 40ml,beauty-skincare,Makeup & Nail Care,40ml,465,,25,,1187
DM-1.1199,comfort-fabric-conditioner-mix-860ml,Comfort Fabric Conditioner Mix 860ml,cleaning,Detergent & Laundry,860ml,215,,29,,1199
DM-1.759,comfort-fabric-conditioner-mix-flev-2-liter,Comfort Fabric Conditioner Mix Flev. 2 Liter,cleaning,Detergent & Laundry,2L,420,,44,,1200
DM-1.2204,commander-soap-1500gm,Commander Soap 1500gm,beauty-skincare,Bath & Body,1500g,1140,,49,,1202
DM-1.1689,comsoft-medicated-wipes-cleansing-wipes,Comsoft Medicated Wipes Cleansing Wipes,cleaning,Tissues & Paper,1 pc,130,,49,,1208
DM-2.4006,cool-sharp-disposable-razors,Cool Sharp Disposable Razors,beauty-skincare,Men's Grooming,1 pc,290,,14,,1215
DM-2.3649,crasy-girl-lip-oil,Crasy Girl Lip Oil,beauty-skincare,Makeup & Nail Care,1 pc,385,,12,,1232
DM-2.2973,creme-21-germany-daily-brightening-body-lotion250ml,Creme 21 Germany Daily Brightening Body Lotion250ml,beauty-skincare,Skin Care,250ml,725,,42,,1236
DM-17.337,curved-claw-hair-clip,Curved Claw Hair Clip,ladies-wear,Hair Accessories,1 pc,90,,23,,1283
DM-2.389-2,dr-rashel-vitamin-c-night-cream-50ml,DR-RASHEL Vitamin C Night Cream 50ml,beauty-skincare,Skin Care,50ml,200,,58,,1643
DM-2.3455,dr-rashel-vitamin-c-spf50-sunscreen-50g,DR.Rashel Vitamin C spf50 SunScreen 50g,beauty-skincare,Skin Care,50g,175,,51,,1655
DM-2.3894,dr-rashel-vitamin-c-facial-cleanser-80gm,DR.Rashel Vitamin C Facial Cleanser 80gm,beauty-skincare,Skin Care,80g,250,,48,,1654
DM-2.3895,dr-rashel-white-skin-fade-sport-night-cream-50gm,DR.Rashel White Skin Fade Sport Night Cream 50gm,beauty-skincare,Skin Care,50g,180,,51,,1656
DM-2.4057,dr-rashel-whitening-skin-sunscreen-spf50,DR.Rashel Whitening Skin Sunscreen spf50,beauty-skincare,Skin Care,1 pc,455,,29,,1657
DM-17.419,darenxiu-hair-comb-premium-quality,Darenxiu Hair Comb Premium Quality,ladies-wear,Hair Accessories,1 pc,80,,16,,1316
DM-17.328,darenxiu-hair-comb-brush,Darenxiu Hair Comb Brush,ladies-wear,Hair Accessories,1 pc,85,,49,,1315
DM-2.3648,dawang-rose-matte-lipstick,Dawang Rose Matte Lipstick,beauty-skincare,Makeup & Nail Care,1 pc,385,,31,,1322
DM-2.3682,dekar-deep-hydrating-moisturizer100ml,Dekar Deep Hydrating Moisturizer100ml,beauty-skincare,Skin Care,100ml,330,280,49,,18
DM-2.789,denver-body-spray-green-105g,Denver Body Spray Green 105g,beauty-skincare,Men's Grooming,105g,210,,51,,1359
DM-2.26,denver-body-spray-honour-victor-riden105g,Denver Body Spray Honour/victor Riden105g,beauty-skincare,Men's Grooming,105g,235,220,47,,1360
DM-2.273,denver-body-spray-pride-105g,Denver Body Spray Pride 105g,beauty-skincare,Men's Grooming,105g,220,,26,,1362
DM-2.3543,denver-body-spray-sporting-club-165ml,Denver Body Spray Sporting Club 165ml,beauty-skincare,Men's Grooming,165ml,325,,32,,1363
DM-2.3207,denver-body-spray-with-fine-fragrance-hamilton-18ml,Denver Body Spray With Fine Fragrance Hamilton 18ml,beauty-skincare,Men's Grooming,18ml,65,,15,,1364
DM-2.94,denver-hamilton-perfume-natural-spray-100ml,Denver Hamilton Perfume Natural Spray 100ml,beauty-skincare,Fragrance & Deodorant,100ml,480,,33,,1366
DM-2.1292,denver-honour-hamilton-perfume-100ml,Denver Honour Hamilton Perfume 100ml,beauty-skincare,Fragrance & Deodorant,100ml,440,370,48,,1367
DM-2.59,denver-black-code-champ-victor-goal-rider-perfume-60ml,Denver Black code/champ/Victor/Goal/Rider Perfume 60ml,beauty-skincare,Fragrance & Deodorant,60ml,315,295,52,,1358
DM-2.143,denver-body-spray-imperial-105g,Denver Body Spray Imperial 105g,beauty-skincare,Men's Grooming,105g,215,,53,,1361
DM-2.2075,denver-mix-body-spray-parfim-gift-pack-165ml,Denver Mix Body spray+ Parfim Gift Pack 165ml,beauty-skincare,Men's Grooming,165ml,285,245,45,,1369
DM-2.165,denver-pocket-perfume18ml,Denver Pocket perfume18ml,beauty-skincare,Fragrance & Deodorant,18ml,145,130,53,,1370
DM-2.33,derma-1-kojic-acid-lip-balm,Derma 1% Kojic Acid Lip Balm,beauty-skincare,Makeup & Nail Care,1 pc,370,340,29,,1371
DM-2.3301,derma-2-niacinamide-gentle-skin-cleanser-face-wash,Derma 2% Niacinamide Gentle Skin Cleanser Face Wash,beauty-skincare,Skin Care,1 pc,430,360,50,,1372
DM-2.3127,derma-3-aha-bha-foaming-daily-face-wash-100ml,Derma 3%AHA-BHA Foaming Daily Face Wash 100ml,beauty-skincare,Skin Care,100ml,315,,43,,1373
DM-2.3307,derma-c-cinamide-radiance-sunscreen-aqua-gel-sfp50,Derma C-cinamide Radiance Sunscreen Aqua Gel sfp50,beauty-skincare,Skin Care,1 pc,415,,41,,1374
DM-2.322,dettol-lather-shaving-cream-fresh-78g,Dettol Lather Shaving Cream Fresh 78g,beauty-skincare,Men's Grooming,78g,175,,55,yes,1404
DM-1.13,dettol-original-soap-4pack100g,Dettol Original Soap 4pack100g,beauty-skincare,Bath & Body,100g,115,90,11,,1411
DM-1.1963,dettol-icy-cool-shower-gel-500ml,Dettol Icy Cool Shower Gel 500ml,beauty-skincare,Bath & Body,500ml,470,,56,yes,1403
DM-1.1972,dettol-lime-fresh-shower-gel-500ml,Dettol Lime Fresh Shower Gel 500ml,beauty-skincare,Bath & Body,500ml,475,,33,,1405
DM-1.2288,dettol-neem-soap-buy3-get-1free-300gm,Dettol Neem Soap buy3 Get 1free 300gm,beauty-skincare,Bath & Body,300g,315,,35,yes,1407
DM-1.12-2,dettol-original-soap-50gm,Dettol Original Soap 50gm,beauty-skincare,Bath & Body,50g,85,,31,,1412
DM-1.316,dexe-black-hair-shampoo-400ml,Dexe Black Hair Shampoo 400ml,beauty-skincare,Hair Care,400ml,435,,33,,1418
DM-1.973,dexe-black-hair-shampoo-15ml,Dexe Black Hair Shampoo 15ml,beauty-skincare,Hair Care,15ml,65,,39,,1419
DM-1.1723,dexe-brown-hair-shampoo-400ml,Dexe Brown Hair Shampoo 400ml,beauty-skincare,Hair Care,400ml,390,355,58,,1420
DM-1.1763,dhoni-laundary-soap-200gms,Dhoni Laundary Soap 200Gms,beauty-skincare,Bath & Body,200g,225,,37,,1429
DM-1.1794,dhoni-laundry-soap-3pcs-combo-450gm,Dhoni Laundry Soap 3pcs Combo 450gm,cleaning,Detergent & Laundry,450g,130,,15,,1430
DM-1.1137,dhoni-soap-6pcs1500g,Dhoni Soap 6pcs1500g,beauty-skincare,Bath & Body,1500g,1360,1230,55,,1431
DM-1.1172,dinesh-dish-wash-soap-150g,Dinesh Dish Wash Soap 150g,cleaning,Dishwash,150g,65,60,8,,1452
DM-1.1151,dinesh-dish-wash-soap,Dinesh Dish Wash Soap,cleaning,Dishwash,1 pc,115,,31,,1450
DM-1.1008,dinesh-laundry-soap-rs55,Dinesh Laundry Soap Rs55,cleaning,Detergent & Laundry,1 pc,55,,48,,1456
DM-1.1171,dinesh-premium-soap-200grs55,Dinesh Premium Soap 200gRs55,beauty-skincare,Bath & Body,1 pc,165,,8,,1451
DM-2.1066,dodo-girl-eyeshadow-d3357,DoDo Girl Eyeshadow D3357,beauty-skincare,Makeup & Nail Care,1 pc,335,,36,,1540
DM-2.3407,dot-hey-blueberry-hydrate-barrier-repair-sunscreen-50-50g,Dot&hey Blueberry Hydrate Barrier Repair Sunscreen 50+ 50g,beauty-skincare,Skin Care,50g,180,165,12,,1593
DM-2.3656,dot-key-strawberry-dew-tinted-sunscreen-daily-wear-spf-50-02-warm-ivory,Dot&key Strawberry Dew Tinted Sunscreen Daily Wear Spf 50 02 Warm Ivory,beauty-skincare,Skin Care,1 pc,460,390,49,,1608
DM-2.3657,dot-key-strawberry-dew-tinted-sunscreen-daily-wear-spf-50-03-sand,Dot&key Strawberry Dew Tinted Sunscreen Daily Wear Spf 50 03 Sand,beauty-skincare,Skin Care,1 pc,405,,36,,1609
DM-2.3655,dot-key-strawberry-dew-tinted-sunscreen-daily-wear-spf-50-01-porcelain,Dot&key Strawberry Dew Tinted Sunscreen Daily Wear Spf 50+ 01 Porcelain,beauty-skincare,Skin Care,1 pc,405,,46,,1610
DM-2.3404,dot-key-blueberry-hydrate-barrier-repair-toner-150ml,Dot&key Blueberry Hydrate Barrier Repair Toner 150ml,beauty-skincare,Skin Care,150ml,390,,35,,1596
DM-2.3406,dot-key-cica-calming-mattifying-sunscreen-50-50gm,Dot&key Cica Calming Mattifying Sunscreen 50+ 50gm,beauty-skincare,Skin Care,50g,175,,29,,1598
DM-2.3405,dot-key-cica-calming-oil-free-moisturizer-60ml,Dot&key Cica Calming Oil-free Moisturizer 60ml,beauty-skincare,Skin Care,60ml,205,,21,,1599
DM-2.3408,dot-key-cica-calming-skin-clarifying-toner-150ml,Dot&key Cica Calming Skin Clarifying Toner 150ml,beauty-skincare,Skin Care,150ml,425,,25,,1600
DM-2.3409,dot-key-creamides-hyaluronic-barrier-repair-moisturizer-120gm,Dot&key Creamides&hyaluronic Barrier Repair Moisturizer 120gm,beauty-skincare,Skin Care,120g,330,,54,,1601
DM-2.4088,dot-key-gloss-boss-lip-balm-spf50-12gm-all-flv,Dot&key Gloss Boss Lip Balm spf50 12gm All Flv,beauty-skincare,Makeup & Nail Care,12g,185,,27,,1602
DM-2.3959,dot-key-non-tinted-lip-balm-spf50,Dot&key Non Tinted Lip Balm spf50+,beauty-skincare,Makeup & Nail Care,1 pc,380,,50,,1603
DM-2.3399,dot-key-skincare-mango-detan-gel-face-wash-100ml,Dot&key Skincare Mango Detan Gel Face Wash 100ml,beauty-skincare,Skin Care,100ml,330,295,18,,1604
DM-2.3952,dot-key-strawberry-bright-niacinamide-gel-face-wash-100ml,Dot&key Strawberry Bright Niacinamide Gel Face Wash 100ml,beauty-skincare,Skin Care,100ml,320,,44,,1606
DM-2.3953,dot-key-strawberry-dew-sunscreen-mist-spf50-80ml,Dot&key Strawberry Dew Sunscreen Mist spf50++ 80ml,beauty-skincare,Skin Care,80ml,255,205,30,,1607
DM-2.3746,dot-key-vitamin-c-e-super-bright-sunscreen-spf-50,Dot&key Vitamin c+e Super Bright Sunscreen Spf 50++,beauty-skincare,Skin Care,1 pc,465,390,51,,1612
DM-2.395,dot-key-watermelon-cooling-icy-gel-moisturizer-60ml,Dot&key Watermelon Cooling Icy Gel Moisturizer 60ml,beauty-skincare,Skin Care,60ml,235,,26,,1614
DM-2.3743,dot-key-watermelon-cooling-sunscreen-spf50,Dot&key Watermelon Cooling Sunscreen spf50++,beauty-skincare,Skin Care,1 pc,450,,37,,1615
DM-2.3745,dot-key-watermelon-superglow-pore-tightening-toner-150ml,Dot&key Watermelon Superglow Pore Tightening Toner 150ml,beauty-skincare,Skin Care,150ml,440,,10,,1616
DM-1.61,dove-body-wash-mix-flv-200ml,Dove Body Wash Mix Flv 200ml,beauty-skincare,Bath & Body,200ml,195,,30,yes,1622
DM-1.205,dove-conditioner-intense-repair-180ml,Dove Conditioner Intense Repair 180ml,beauty-skincare,Hair Care,180ml,235,,17,yes,1623
DM-1.188,dove-daily-shine-conditioner-180ml,Dove Daily Shine Conditioner 180ml,beauty-skincare,Hair Care,180ml,205,,39,,1625
DM-1.1596,dove-daily-shine-shampoo-180ml,Dove Daily Shine Shampoo 180ml,beauty-skincare,Hair Care,180ml,210,,13,,1626
DM-1.494,dove-hair-fall-rescue-conditioner-320ml,Dove Hair Fall Rescue Conditioner 320ml,beauty-skincare,Hair Care,320ml,340,,35,yes,1632
DM-1.224-2,dove-hair-fall-rescue-shampoo-325ml,Dove Hair Fall Rescue Shampoo 325ml,beauty-skincare,Hair Care,325ml,370,,51,,1630
DM-1.407,dove-hair-fall-rescue-shampoo-625ml,Dove Hair Fall Rescue Shampoo 625ml,beauty-skincare,Hair Care,625ml,665,,33,,1631
DM-1.544,dove-hair-hair-fall-rescue-shampoo-175ml,Dove Hair Hair Fall Rescue Shampoo 175ml,beauty-skincare,Hair Care,175ml,235,190,25,,1633
DM-1.1787,dove-hair-therapy-breakage-repair-conditioner-380ml,Dove Hair Therapy Breakage Repair Conditioner 380ml,beauty-skincare,Hair Care,380ml,435,,49,yes,1634
DM-2.3213,dove-hair-therapy-breakage-repair-shampoo-380ml,Dove Hair Therapy Breakage Repair Shampoo 380ml,beauty-skincare,Hair Care,380ml,450,,53,,1635
DM-1.1897,dove-intense-repair-shampoo-325ml,Dove Intense Repair Shampoo 325ML,beauty-skincare,Hair Care,325ml,320,,11,yes,1639
DM-1.533,dove-intense-repair-shampoo-325ml-2,Dove Intense Repair Shampoo 325ml,beauty-skincare,Hair Care,325ml,330,,58,,1638
DM-1.434,dove-intense-repair-shampoo-175ml,Dove Intense Repair Shampoo 175ml,beauty-skincare,Hair Care,175ml,210,,49,,1637
DM-1.376,dove-intense-repair-shampoo-625ml,Dove Intense Repair Shampoo 625ml,beauty-skincare,Hair Care,625ml,565,,11,,1640
DM-1.1982,dove-daily-shine-shampoo-325ml,Dove Daily Shine Shampoo 325ml,beauty-skincare,Hair Care,325ml,400,,45,yes,1627
DM-1.2006,dove-daily-shine-shampoo-625ml,Dove Daily Shine Shampoo 625ml,beauty-skincare,Hair Care,625ml,550,490,26,,1628
DM-1.381,dove-hair-therapy-daily-shine-conditioner-180ml,Dove Hair Therapy Daily Shine Conditioner 180ml,beauty-skincare,Hair Care,180ml,220,,44,,1636
DM-1.928,dove-intense-repair-conditioner-320ml,Dove Intense Repair Conditioner 320ml,beauty-skincare,Hair Care,320ml,375,,56,,1620
DM-1.226,dr-kaps-toothbrush-no-d-628,Dr Kaps Toothbrush No d-628,beauty-skincare,Oral Care,1 pc,135,,38,,1642
DM-2.3703,dr-rashel-face-wash-75gm,Dr.rashel Face Wash 75gm,beauty-skincare,Skin Care,75g,230,,54,,1649
DM-2.1208,envy-men-dark-noir-rushabsolute-body-spray-120ml,ENVY Men Dark/Noir/Rushabsolute/ Body Spray 120ml,liquor-smoking,"Whisky, Rum & Spirits",120ml,925,,23,,1817
DM-1.803,efficient-3side-toothbrush-black-no-6220,Efficient 3side Toothbrush Black No 6220,beauty-skincare,Oral Care,1 pc,115,,51,,1757
DM-2.2205,emami-kesh-king-shampoo300ml,Emami Kesh King Shampoo300ml,beauty-skincare,Hair Care,300ml,340,,43,,1790
DM-2.2204,emami-kesh-king-onion-shampoo600ml,Emami Kesh King Onion Shampoo600ml,beauty-skincare,Hair Care,600ml,590,,56,,1789
DM-1.332,emoform-r-toothpaste-150g,Emoform -R Toothpaste 150g,beauty-skincare,Oral Care,150g,185,,10,,1793
DM-1.333,emoform-r-toothpaste-100g,Emoform-R Toothpaste 100g,beauty-skincare,Oral Care,100g,115,,44,,1794
DM-1.773,emoform-r-toothpaste-50g,Emoform-R Toothpaste 50g,beauty-skincare,Oral Care,50g,75,,21,,1795
DM-2.27,enchanteur-body-lotion-all-flev-175ml,Enchanteur Body Lotion All Flev. 175ml,beauty-skincare,Bath & Body,175ml,180,,59,,1798
DM-2.26-2,enchanteur-body-lotion-moisture-rom-enti-char400,Enchanteur Body Lotion Moisture rom/ enti/ char400,beauty-skincare,Bath & Body,1 pc,165,,42,,1799
DM-2.944,enchanteur-charming-enticing-perfumed-talc-50g,Enchanteur Charming/ Enticing Perfumed Talc 50g,beauty-skincare,Fragrance & Deodorant,50g,265,,13,,1801
DM-1.448,enchanteur-deluxe-soap-90g,Enchanteur Deluxe Soap 90g,beauty-skincare,Bath & Body,90g,110,,51,,1802
DM-2.25,enchanteur-monisturesilk-body-lotion-all-mix-100ml,Enchanteur Monisturesilk Body Lotion All Mix 100ml,beauty-skincare,Bath & Body,100ml,120,105,39,,1803
DM-2.238,enchanteur-romantic-perfumed-talc-50g,Enchanteur Romantic Perfumed Talc 50g,beauty-skincare,Fragrance & Deodorant,50g,270,215,46,,1805
DM-1.1871,enchanteur-perfumed-sshower-gel-romantic-550ml,Enchanteur Perfumed Sshower Gel Romantic 550ml,beauty-skincare,Fragrance & Deodorant,550ml,1840,,34,,1804
DM-2.237,enchanteur-romantic-perfumed-tatc100g,Enchanteur Romantic Perfumed tatc100g,beauty-skincare,Fragrance & Deodorant,100g,385,,45,,1806
DM-2.527,enchanteur-shower-gel-250ml,Enchanteur Shower Gel 250ml,beauty-skincare,Bath & Body,250ml,270,,50,,1807
DM-2.2422,engage-lamante-eau-de-parfum-100ml,Engage Lamante Eau De Parfum 100ml,beauty-skincare,Fragrance & Deodorant,100ml,410,,19,,1808
DM-2.1431,envy-blush-women-perfume-spray120ml,Envy Blush Women Perfume spray120ml,beauty-skincare,Fragrance & Deodorant,120ml,470,,39,,1813
DM-2.1344,envy-french-collection-body-spray-120ml,Envy French Collection Body Spray 120ml,beauty-skincare,Fragrance & Deodorant,120ml,560,,25,,1815
DM-2.1432,envy-luv-perfume-spray-women-120ml,Envy Luv Perfume Spray Women 120ml,beauty-skincare,Fragrance & Deodorant,120ml,535,465,16,,1816
DM-2.1413,envy-nitro-perfume-120ml,Envy nitro/ Perfume 120ml,beauty-skincare,Fragrance & Deodorant,120ml,495,,28,,1820
DM-2.1697,envy-pout-women-body-spray-120ml,Envy Pout Women Body Spray 120ml,beauty-skincare,Fragrance & Deodorant,120ml,450,370,55,,1821
DM-2.1345,envy1000-miami-rush-perfume,Envy1000 Miami Rush Perfume,beauty-skincare,Fragrance & Deodorant,1 pc,405,,35,,1822
DM-2.3887,enzo-lasting-have-a-type-moving-hair-spray-420ml,Enzo Lasting Have A Type Moving Hair Spray 420ml,beauty-skincare,Hair Care,420ml,415,,9,,1823
DM-2.3651,essense-lip-gloss,Essense Lip Gloss,beauty-skincare,Makeup & Nail Care,1 pc,350,310,48,,1826
DM-2.181,ever-beauty-lipstick-waterprof,Ever Beauty Lipstick Waterprof,beauty-skincare,Makeup & Nail Care,1 pc,315,,17,,1839
DM-2.3646,ever-beauty-matte-lipstick,Ever Beauty Matte Lipstick,beauty-skincare,Makeup & Nail Care,1 pc,330,,23,,1840
DM-1.43,exo-dish-shine-soap,Exo Dish Shine Soap,cleaning,Dishwash,1 pc,110,,10,,1867
DM-2.1012,fogg-fresh-orientle-fougere-body-spray-120ml-black,FOGG Fresh Orientle/fougere Body Spray 120ml Black,beauty-skincare,Fragrance & Deodorant,120ml,455,405,47,,2018
DM-2.1145,fogg-napoleon-fragrance-body-spray-120ml,FOGG Napoleon Fragrance Body Spray 120ml,beauty-skincare,Fragrance & Deodorant,120ml,505,,33,,2027
DM-2.394,fogg-paradies-body-spray-for-women-120ml,FOGG Paradies Body Spray For Women 120ml,beauty-skincare,Fragrance & Deodorant,120ml,445,,34,,2028
DM-2.1195,fogg-scent-de-parfum-mix-50ml,FOGG Scent De Parfum Mix 50ml,beauty-skincare,Fragrance & Deodorant,50ml,250,,39,,2031
DM-2.1194,fogg-body-spray-mix-120ml,FOGG Body Spray Mix 120ml,beauty-skincare,Fragrance & Deodorant,120ml,470,,35,,2013
DM-2.2345,face-razor-flamingos,Face Razor Flamingos,beauty-skincare,Men's Grooming,1 pc,315,,26,,1881
DM-2.2724,fair-lovely-face-wash-50g,Fair&Lovely Face Wash 50g,beauty-skincare,Skin Care,50g,215,,41,,1883
DM-3.432,farlin-honey-soap-100g,Farlin Honey Soap 100g,baby-care,Baby Accessories,100g,455,410,30,,1901
DM-2.3583,farmasi-bb-cream-beauty-balm-spf-15-30ml,Farmasi BB Cream Beauty Balm Spf 15 30ml,beauty-skincare,Skin Care,30ml,145,,11,,1919
DM-2.3587,farmasi-makeup-spray-125ml,Farmasi Makeup Spray 125ml,beauty-skincare,Makeup & Nail Care,125ml,1130,,37,,1920
DM-2.3588,farmasi-matte-liquid-lipstick,Farmasi Matte Liquid Lipstick,beauty-skincare,Makeup & Nail Care,1 pc,375,,49,,1921
DM-1.123,fiama-shower-gel-500ml,Fiama Shower Gel 500ml,beauty-skincare,Bath & Body,500ml,450,360,19,,1939
DM-2.586,fit-me-dream-satin-skin-liquid-foundation-35ml,Fit Me Dream Satin Skin Liquid Foundation 35ml,beauty-skincare,Makeup & Nail Care,35ml,405,,19,,1985
DM-2.1647,fit-me-foundation-30ml,Fit Me Foundation 30ml,beauty-skincare,Makeup & Nail Care,30ml,340,,31,,1986
DM-2.3508,fitme-maybelline-foundation-spf-22-128,Fitme Maybelline Foundation Spf 22++ 128,beauty-skincare,Makeup & Nail Care,1 pc,625,,43,,1987
DM-2.3322,florona-panch-ratna-cool-talc-pouder-100g,Florona Panch Ratna Cool Talc Pouder 100g,beauty-skincare,Bath & Body,100g,140,,29,,2001
DM-2.268,fogg-marco-fragrance-body-spray100g,FoGG Marco Fragrance Body Spray100g,beauty-skincare,Fragrance & Deodorant,100g,465,,39,,2022
DM-2.3268,fogc-scent-premium-perfume-fresh-woody-120ml,Fogc Scent Premium Perfume \fresh Woody 120ml,beauty-skincare,Fragrance & Deodorant,120ml,540,,26,,2010
DM-2.262,fogg-bleu-mix-body-spray-120ml,Fogg Bleu Mix Body Spray 120ml,beauty-skincare,Fragrance & Deodorant,120ml,475,,54,,2012
DM-2.887,fogg-delicious-body-spray-for-women-120ml-fragrace,Fogg Delicious Body Spray For Women 120ml\Fragrace,beauty-skincare,Fragrance & Deodorant,120ml,510,480,21,,2014
DM-2.933,fogg-essence-fragrant-body-spray-for-women-120ml,Fogg Essence Fragrant Body Spray For Women 120ml,beauty-skincare,Fragrance & Deodorant,120ml,525,,36,,2015
DM-2.742,fogg-fresh-aromatic-body-spray-120ml,Fogg Fresh Aromatic Body Spray 120ml,beauty-skincare,Fragrance & Deodorant,120ml,460,,24,,2016
DM-2.985,fogg-fresh-fougere-body-spray-120ml,Fogg Fresh Fougere Body Spray 120ml,beauty-skincare,Fragrance & Deodorant,120ml,555,,50,,2017
DM-2.876,fogg-fresh-spicy-aromatic-body-spray-120ml,Fogg Fresh Spicy Aromatic Body Spray 120ml,beauty-skincare,Fragrance & Deodorant,120ml,530,,54,,2019
DM-2.74,fogg-fresh-woody-body-spray-120ml,Fogg Fresh Woody Body Spray 120ml,beauty-skincare,Fragrance & Deodorant,120ml,445,,17,,2020
DM-2.935,fogg-majestic-body-spray120ml,Fogg Majestic Body Spray120ml,beauty-skincare,Fragrance & Deodorant,120ml,520,,24,,2021
DM-2.81,fogg-monarch-body-spray-120ml-dash,Fogg Monarch Body Spray 120ml\dash,beauty-skincare,Fragrance & Deodorant,120ml,485,,15,,2026
DM-2.2735,fogg-pocket-perfume-17ml,Fogg Pocket Perfume 17ml,beauty-skincare,Fragrance & Deodorant,17ml,135,,48,,2029
DM-2.369,fogg-royal-body-spray-120ml,Fogg Royal Body Spray 120ml,beauty-skincare,Fragrance & Deodorant,120ml,530,,33,,2030
DM-2.809,fogg-victor-body-spray-120ml-green,Fogg Victor Body Spray 120ml Green,beauty-skincare,Fragrance & Deodorant,120ml,460,,24,,2039
DM-2.745,fogg-mix-roll-on-deodorant-50ml,Fogg Mix Roll On Deodorant 50ml,beauty-skincare,Fragrance & Deodorant,50ml,250,,8,,2025
DM-2.2061,fogg-mix-eau-de-parfum-30ml,Fogg Mix Eau De Parfum 30ml,beauty-skincare,Fragrance & Deodorant,30ml,200,,26,,2024
DM-1.1234,foisoner-moisturizing-keratin-argan-oli-conditioner-800ml,Foisoner Moisturizing Keratin Argan Oli Conditioner 800ml,beauty-skincare,Hair Care,800ml,795,,29,,2045
DM-2.3022,foisoner-moisturizing-keratin-argan-oli-shampoo800ml,Foisoner Moisturizing Keratin Argan Oli Shampoo800ml,beauty-skincare,Hair Care,800ml,790,740,55,,2044
DM-2.3576,forever-52-ultra-definition-liquid-foundation-30ml,Forever 52 Ultra Definition Liquid Foundation 30ml,beauty-skincare,Makeup & Nail Care,30ml,380,345,59,,2061
DM-2.1763,foundation-brush,Foundation Brush,beauty-skincare,Makeup & Nail Care,1 pc,380,,8,,2081
DM-3.563,frog-kids-toothbrush-no-852a,Frog Kids Toothbrush No.852A,baby-care,Baby Bath & Skin Care,1 pc,340,,46,,2085
DM-2.312,garnier-men-oil-clear-deep-cleansing-face-wash-100,GARNIER MEN Oil Clear Deep Cleansing Face Wash 100,beauty-skincare,Skin Care,1 pc,415,335,9,,2140
DM-1.2322,gaga-ks-shampoo-500ml,Gaga Ks Shampoo 500ml,beauty-skincare,Hair Care,500ml,500,,17,,2103
DM-2.2292,garnier-bright-complete-vitamin-cgel-face-wash-100g,Garnier Bright Complete Vitamin Cgel Face Wash 100g,beauty-skincare,Skin Care,100g,290,,54,,2116
DM-2.3502,garnier-bright-complete-vitamin-cgel-face-wash-50gm,Garnier Bright Complete Vitamin Cgel Face Wash 50gm,beauty-skincare,Skin Care,50g,185,,25,,2117
DM-2.889,garnier-color-naturals-natural-black-hair-color-1,Garnier Color Naturals Natural Black Hair Color 1,beauty-skincare,Hair Care,1 pkt,365,,55,yes,2129
DM-1.1696,garnier-fructis-strengthening-long-strong-shampoo340ml,Garnier Fructis Strengthening Long &Strong Shampoo340ml,beauty-skincare,Hair Care,340ml,385,,19,,2133
DM-2.1102,garnier-men-turbo-bright-double-action-face-wash-100g,Garnier Men Turbo Bright Double Action Face Wash 100g,beauty-skincare,Skin Care,100g,290,245,53,,2145
DM-2.1103,garnier-men-turbo-bright-face-wash-100g,Garnier Men Turbo Bright Face Wash 100g,beauty-skincare,Skin Care,100g,350,,18,yes,2143
DM-2.1437,garnier-men-turbo-bright-face-wash-50g,Garnier Men Turbo Bright Face Wash 50g,beauty-skincare,Skin Care,50g,205,,37,,2144
DM-2.3479,garnier-bright-complete-vitamin-c-night-cream-18gm,Garnier Bright Complete Vitamin C Night Cream 18gm,beauty-skincare,Skin Care,18g,110,90,9,,2115
DM-2.2142,garnier-pure-active-face-wash-50g,Garnier Pure Active Face Wash 50g,beauty-skincare,Skin Care,50g,205,,20,yes,2148
DM-2.924,gatsby-care-treatment-hair-cream-125g,Gatsby Care Treatment HAir Cream 125g,beauty-skincare,Men's Grooming,125g,260,,44,,2162
DM-2.524,gatsby-hair-spray-super-hard250ml,Gatsby Hair Spray Super hard250ml,beauty-skincare,Men's Grooming,250ml,400,,30,,2163
DM-2.925,gatsby-moist-treatment-hair-cream-125g,Gatsby Moist Treatment Hair Cream 125g,beauty-skincare,Men's Grooming,125g,245,,20,,2164
DM-2.52,gillete-fusion-razor,Gillete Fusion Razor,beauty-skincare,Men's Grooming,1 pc,275,,24,,2182
DM-2.328,gillette-7o-clock-pll-razor,Gillette 7o Clock Pll Razor,beauty-skincare,Men's Grooming,1 pc,285,,58,,2187
DM-2.334,gillette-vectorcomfort-strip-razor,Gillette VectorComfort Strip Razor,beauty-skincare,Men's Grooming,1 pc,325,,56,,2194
DM-2.3955,glam-glory-acne-expert-charcoal-face-wash-100ml,Glam&glory Acne Expert Charcoal Face Wash 100ml,beauty-skincare,Skin Care,100ml,285,,16,,2204
DM-2.29,glomax-ginger-shampoo-500ml,GloMax Ginger Shampoo 500ml,beauty-skincare,Hair Care,500ml,475,,31,,2232
DM-2.3639,glow-lip-oil-karite,Glow Lip Oil Karite,beauty-skincare,Makeup & Nail Care,1 pc,370,,34,,2235
DM-2.3795,glow-lovely-brightening-sunscreen-spf-30pa-30gm,Glow&lovely Brightening Sunscreen Spf 30pa 30gm,beauty-skincare,Skin Care,30g,130,,41,,2236
DM-1.567,godrej-cinthol-soap-lime-100g,Godrej Cinthol Soap Lime 100g,beauty-skincare,Bath & Body,100g,130,,38,,2260
DM-1.418,godrej-cinthol-soap-cool-100g,Godrej Cinthol Soap Cool 100g,beauty-skincare,Bath & Body,100g,120,,35,,2259
DM-2.277-2,godrej-expert-hair-color-natural-black-20ml,Godrej Expert Hair Color Natural Black 20ml,beauty-skincare,Hair Care,20ml,70,,12,,2262
DM-1.581,godrej-no1-soap-4-in-pack-500gm,Godrej No1 Soap 4 In Pack 500gm,beauty-skincare,Bath & Body,500g,495,,22,,2269
DM-1.2098,godrej-cinthol-foam-body-wash-200ml,Godrej Cinthol Foam Body Wash 200ml,beauty-skincare,Bath & Body,200ml,195,,54,,2258
DM-1.1719,gooral-toothbrush-no-663,Gooral Toothbrush no.663,beauty-skincare,Oral Care,1 pc,105,95,51,,2307
DM-3.651,gooral-childrens-toothbrush-no6070,Gooral Childrens Toothbrush no6070,beauty-skincare,Oral Care,1 pc,115,,19,,2306
DM-2.404,goree-day-night-beauty-cream,Goree Day&night Beauty Cream,beauty-skincare,Skin Care,1 pc,470,,55,,2309
DM-17.203,hair-comb-2pcs-set-no-822-2,HAIR Comb 2pcs Set No 822-2,ladies-wear,Hair Accessories,2 pcs,80,,41,,23
DM-2.3647,hc-smushy-huda-colour-lip-balm,HC Smushy Huda Colour Lip Balm,beauty-skincare,Makeup & Nail Care,1 pc,625,,25,,2487
DM-2.3195,hada-labo-advanced-nourish-cleanser,Hada Labo Advanced Nourish Cleanser,beauty-skincare,Skin Care,1 pc,400,,35,,2334
DM-2.3197,hada-labo-pro-anti-aging-cleanser,Hada Labo Pro-Anti Aging Cleanser,beauty-skincare,Skin Care,1 pc,415,,54,,2335
DM-17.158,hair-comb-folding-with,Hair Comb Folding With,home-living,Storage & Organisers,1 pc,450,,34,,24
DM-17.27,hair-comb-folding-with-2,Hair Comb Folding With,home-living,Storage & Organisers,1 pc,450,,19,,2350
DM-17.309,hair-band-moti-mix,Hair Band Moti Mix,ladies-wear,Jewellery,1 pc,255,,54,,2337
DM-17.128,hair-clip-printed-big-size,Hair Clip Printed Big Size,ladies-wear,Hair Accessories,1 pc,80,,35,,2348
DM-17.358,hair-clip-small-size,Hair Clip Small Size,ladies-wear,Hair Accessories,1 pc,50,,51,,2349
DM-2.1883,hair-treatment-cream-milk-almont-mix-1000ml,Hair Treatment Cream Milk/Almont Mix 1000ml,beauty-skincare,Hair Care,1000ml,990,,12,,2356
DM-1.908,head-shoulders-anti-dandruff-silky-black-shampoo650ml,Head & Shoulders Anti-Dandruff Silky Black shampoo650ml,beauty-skincare,Hair Care,650ml,580,,17,yes,2490
DM-1.193,head-shoulders-smooth-skily-black-anti-hair-fall-lemon-shampoo-180ml,Head & Shoulders Smooth & Skily/black Anti Hair Fall /lemon Shampoo 180ml,beauty-skincare,Hair Care,180ml,205,195,34,,2494
DM-1.906,head-shoulders-anti-hair-fall-shampoo-650ml,Head & Shoulders anti-Hair Fall Shampoo 650ml,beauty-skincare,Hair Care,650ml,655,,45,,2491
DM-1.912,head-shoulder-shampoo-cool-silky-black-340ml,Head &shoulder Shampoo cool/silky Black 340ml,beauty-skincare,Hair Care,340ml,405,,10,,2495
DM-2.2312,hephaes-protein-brazilian-keratin-care-hair-shampoo-900ml,Hephaes Protein Brazilian Keratin Care Hair Shampoo 900ml,beauty-skincare,Hair Care,900ml,745,645,11,,2515
DM-2.3885,hiemy-niacinamide-cleansing-pads,Hiemy Niacinamide Cleansing Pads,health-hygiene,Feminine Hygiene,1 pc,190,165,49,,2530
DM-2.1266,himalaya-anti-hairfall-shampoo-650-ml,Himalaya Anti-HairFall Shampoo 650-ml,beauty-skincare,Hair Care,1 pc,345,,55,,2592
DM-2.2998,himalaya-brightening-vitamin-c-orange-face-wash-100ml,Himalaya Brightening Vitamin C Orange Face Wash 100ml,beauty-skincare,Skin Care,100ml,350,,15,yes,2587
DM-2.2999,himalaya-brightening-vitamin-c-strawberry-face-wash-100ml,Himalaya Brightening Vitamin C Strawberry Face Wash 100ml,beauty-skincare,Skin Care,100ml,280,,58,,2588
DM-2.455,himalaya-hair-cream-mix-200ml,Himalaya Hair Cream Mix 200ml,beauty-skincare,Hair Care,200ml,250,,40,,2616
DM-2.922,himalaya-herbal-anti-hair-fall-hair-cream,Himalaya Herbal Anti Hair Fall Hair Cream,beauty-skincare,Hair Care,1 pc,370,320,18,,2620
DM-2.923,himalaya-herbal-protien-hair-cream-100ml,Himalaya Herbal Protien Hair Cream 100ml,beauty-skincare,Hair Care,100ml,155,130,40,,2623
DM-2.674,himalaya-herbal-purifying-neem-face-wash-150ml,Himalaya Herbal Purifying Neem Face Wash 150ml,beauty-skincare,Skin Care,150ml,405,,14,yes,2624
DM-2.182,himalaya-herbals-anti-hair-fall-hair-oil-100ml,Himalaya Herbals Anti Hair Fall Hair Oil 100ml,beauty-skincare,Hair Care,100ml,160,,40,yes,2627
DM-2.1267,himalaya-herbals-anti-dandruff-shampoo-650ml,Himalaya Herbals Anti-Dandruff Shampoo 650ml,beauty-skincare,Hair Care,650ml,710,,10,,2629
DM-1.806,himalaya-herbals-complete-care-toothpaste-150g,Himalaya Herbals Complete Care Toothpaste 150g,beauty-skincare,Oral Care,150g,175,,46,,2631
DM-2.315,himalaya-herbals-fairness-kesar-face-wash-150ml,Himalaya Herbals Fairness Kesar Face Wash 150ml,beauty-skincare,Skin Care,150ml,395,,41,yes,2632
DM-2.148,himalaya-herbals-revitalizing-night-cream-50g,Himalaya Herbals Revitalizing Night Cream 50g,beauty-skincare,Skin Care,50g,200,,49,yes,2646
DM-1.75,himalaya-herbals-sparkling-white-toothpaste-150g,Himalaya Herbals Sparkling White Toothpaste 150g,beauty-skincare,Oral Care,150g,190,,22,,2647
DM-1.751,himalaya-herbals-sparkling-white-toothpaste-80g,Himalaya Herbals Sparkling White Toothpaste 80g,beauty-skincare,Oral Care,80g,115,,37,yes,2648
DM-3.393,himalaya-kids-orange-toothpaste-80g,Himalaya Kids Orange Toothpaste 80g,beauty-skincare,Oral Care,80g,115,,8,,2651
DM-2.1855,himalaya-natural-glow-kesar-face-wash100ml,Himalaya Natural Glow Kesar Face wash100ml,beauty-skincare,Skin Care,100ml,295,,34,yes,2654
DM-2.3934,himalaya-ultra-light-sunscreen-creme-gel-spf50-50g,Himalaya Ultra Light Sunscreen Creme Gel Spf50+ 50g,beauty-skincare,Skin Care,50g,210,,41,,2664
DM-2.3933,himalaya-ultra-light-sunscreen-lotion-spf50-100g,Himalaya Ultra Light Sunscreen Lotion Spf50+ 100g,beauty-skincare,Skin Care,100g,345,,36,yes,2663
DM-2.3566,himalaya-hydrating-aloe-vera-face-wash-100ml,Himalaya Hydrating Aloe Vera Face Wash 100ml,beauty-skincare,Skin Care,100ml,290,240,23,,2649
DM-3.394,himalaya-kids-cool-mint-toothpaste-80g,Himalaya Kids Cool Mint Toothpaste 80g,beauty-skincare,Oral Care,80g,105,,12,,2650
DM-2.3351,himalaya-pollution-detox-charcoal-face-wash-100ml,Himalaya Pollution Detox Charcoal Face Wash 100ml,beauty-skincare,Skin Care,100ml,335,,34,,2657
DM-3.9,himalayan-baby-hair-oil-50-ml,Himalayan Baby Hair Oil 50 ml,baby-care,Baby Bath & Skin Care,50ml,120,,52,,2667
DM-2.3389,himalayan-gentle-exfoliating-apricot-face-wash-100-ml,Himalayan Gentle Exfoliating Apricot Face Wash 100 ml,beauty-skincare,Skin Care,100ml,305,270,49,,2673
DM-2.109,himalayan-herbal-lip-balm-10g,Himalayan Herbal Lip Balm 10g,beauty-skincare,Makeup & Nail Care,10g,160,,17,,2674
DM-2.3513,himalayan-sunpr-tect-sunscreen-spf-50-30g,Himalayan Sunpr Tect+ Sunscreen Spf 50 30g,beauty-skincare,Skin Care,30g,155,,50,,2678
DM-17.395,honey-banana-hair-clip-small,Honey Banana Hair Clip Small,ladies-wear,Hair Accessories,1 pc,50,,40,,2694
DM-17.363,honey-hair-clip-medium,Honey Hair Clip Medium,ladies-wear,Hair Accessories,1 pc,90,,10,,2695
DM-17.362,honey-hair-clip-small,Honey Hair Clip Small,ladies-wear,Hair Accessories,1 pc,50,45,32,,2696
DM-2.1351,huda-beauty-matte-lip-stick,Huda Beauty Matte Lip Stick,beauty-skincare,Makeup & Nail Care,1 pc,520,,14,,2714
DM-2.3053,huda-beauty24h-matte-lip-stick,Huda Beauty24h Matte Lip Stick,beauty-skincare,Makeup & Nail Care,1 pc,505,,14,,2715
DM-2.2462,huda-beauty-magic-gloss,Huda Beauty Magic Gloss,beauty-skincare,Makeup & Nail Care,1 pc,520,,28,,27
DM-2.1794,huda-beauty-foundation-brush-toothbrush-type,Huda Beauty Foundation Brush *toothbrush type*,beauty-skincare,Oral Care,1 pc,180,,11,,2713
DM-2.3118,hunny-bunny-matte-liquid-lipstick,Hunny Bunny Matte Liquid Lipstick,beauty-skincare,Makeup & Nail Care,1 pc,385,,37,,2732
DM-2.3063,huxiabeauty-liquid-blusher-waterproof-no-58907,Huxiabeauty Liquid Blusher Waterproof NO.58907,beauty-skincare,Makeup & Nail Care,1 pc,315,,25,,2734
DM-2.54,joy-papaya-wash-soft-cleanser-120ml,JOY Papaya Wash SOft Cleanser 120ml,beauty-skincare,Skin Care,120ml,360,,26,,2857
DM-2.3,joy-pure-aloe-all-purpose-body-lotion-100ml,JOY Pure Aloe All Purpose Body Lotion 100ml,beauty-skincare,Bath & Body,100ml,120,,41,,2858
DM-3.8,johnson-baby-hair-oil-100ml,Johnson Baby Hair Oil 100ml,baby-care,Baby Bath & Skin Care,100ml,180,,22,,2808
DM-2.168,joy-papaya-sun-lip-balm-10g,Joy Papaya Sun Lip Balm 10g,beauty-skincare,Makeup & Nail Care,10g,160,,17,,2850
DM-2.171,joy-papaya-face-wash-60ml,Joy Papaya Face Wash 60ml,beauty-skincare,Skin Care,60ml,210,,55,,2846
DM-2.3507,joy-papaya-face-wash-combo-pack-100ml,Joy Papaya Face Wash Combo Pack 100ml,beauty-skincare,Skin Care,100ml,320,,45,,2847
DM-2.49,joy-skin-fruits-fairness-face-wash-120ml,Joy Skin Fruits Fairness Face Wash 120ml,beauty-skincare,Skin Care,120ml,320,,11,,2864
DM-2.77,joy-skin-fruits-fairness-face-wash-50ml,Joy Skin Fruits Fairness Face Wash 50ml,beauty-skincare,Skin Care,50ml,205,,49,,2865
DM-2.164,joy-skin-fruits-moisturizing-body-lotion-100ml,Joy Skin Fruits Moisturizing Body Lotion 100ml,beauty-skincare,Bath & Body,100ml,135,,39,,2866
DM-2.162,joy-sunscreen-uv-protect-whitening-lotion200ml,Joy SunScreen UV Protect & Whitening lotion200ml,beauty-skincare,Skin Care,200ml,485,,11,,2867
DM-2.2605,joy-ubtan-tan-removal-face-wash-50ml,Joy Ubtan Tan Removal Face Wash 50ml,beauty-skincare,Skin Care,50ml,190,,51,,2869
DM-2.2595,joy-vitamin-c-face-wash-50ml,Joy Vitamin C Face Wash 50ml,beauty-skincare,Skin Care,50ml,175,,38,,2834
DM-2.508,joy-intense-moisture-body-lotion100ml,Joy Intense Moisture Body lotion100ml,beauty-skincare,Bath & Body,100ml,115,100,16,,2845
DM-2.3289,joy-ubtan-tan-removal-blemish-minimizing-face-wash-100ml,Joy Ubtan Tan Removal & Blemish Minimizing Face Wash 100ml,beauty-skincare,Skin Care,100ml,305,,59,,2868
DM-2.3426,k-s-body-spray-80g-120ml,K.S Body Spray 80g/120ml,beauty-skincare,Fragrance & Deodorant,80g,405,,10,,2884
DM-2.1711,kesh-king-anti-hair-fall-shampoo340ml,KESH KING ANTI HAIR FALL SHAMPOO340ML,beauty-skincare,Hair Care,340ml,345,285,55,,2993
DM-2.3669,kaqi-liner-2-in-1eyeliner-pen,Kaqi Liner 2-in-1Eyeliner Pen,beauty-skincare,Makeup & Nail Care,1 pc,375,,58,,2891
DM-2.3046,karite-flower-24kmagic-lip-gloss,Karite Flower 24kMagic Lip Gloss,beauty-skincare,Makeup & Nail Care,1 pc,385,,46,,2896
DM-2.3047,karite-lip-oil-nourish-moisturize,Karite Lip Oil Nourish Moisturize,beauty-skincare,Makeup & Nail Care,1 pc,385,,32,,2897
DM-2.3635,karite-love-lip-gloss-waterproof,Karite Love Lip Gloss Waterproof,beauty-skincare,Makeup & Nail Care,1 pc,315,260,11,,2898
DM-2.3382,karseell-conditioner-500ml,Karseell Conditioner 500ml,beauty-skincare,Hair Care,500ml,530,,35,,2909
DM-1.1884,karseell-shampoo-500ml,Karseell Shampoo 500ml,beauty-skincare,Hair Care,500ml,545,,50,,2910
DM-2.307,katerina-beauty-nail-polish-10ml,Katerina Beauty Nail Polish 10ml,beauty-skincare,Makeup & Nail Care,10ml,165,,27,,2951
DM-2.3065,katerina-tech-colors-beauty-nail-polish-18ml,Katerina/Tech Colors Beauty Nail Polish 18ml,beauty-skincare,Makeup & Nail Care,18ml,250,,20,,29
DM-2.1945,katy-beauty-nail-polish-20ml,Katy Beauty Nail Polish 20ml,beauty-skincare,Makeup & Nail Care,20ml,280,,52,,2953
DM-2.3244,katy-beauty-nail-polish16ml,Katy Beauty Nail polish16ml,beauty-skincare,Makeup & Nail Care,16ml,205,,46,,2954
DM-2.3594,kejjan-s-oily-skin-cleanser-150ml,Kejjan's Oily Skin Cleanser 150ml,beauty-skincare,Skin Care,150ml,405,,22,,2962
DM-2.3593,kejjan-s-oily-skin-cleanser-250ml,Kejjan's Oily Skin Cleanser 250ml,beauty-skincare,Skin Care,250ml,590,,26,,2963
DM-2.3871,kejjan-s-gentle-skin-cleanser-150ml,Kejjan's Gentle Skin Cleanser 150ml,beauty-skincare,Skin Care,150ml,410,,57,,2957
DM-2.3521,kejjan-s-moisturising-skin-cleansing-250ml,Kejjan's Moisturising Skin Cleansing 250ml,beauty-skincare,Skin Care,250ml,655,575,37,,2961
DM-2.3956,kejjan-s-vitamin-c-face-wash-100ml,Kejjan's Vitamin c+ Face Wash 100ml,beauty-skincare,Skin Care,100ml,335,,29,,2970
DM-1.1019,keratin-conditioner-900ml,Keratin Conditioner 900ml,beauty-skincare,Hair Care,900ml,785,,53,,2988
DM-1.1295,keratin-hair-shampoo-900ml,Keratin Hair Shampoo 900ML,beauty-skincare,Hair Care,900ml,855,,29,,2989
DM-2.3622,kesh-king-gold-anti-hairfall-shampoo-200ml,Kesh King Gold Anti-Hairfall Shampoo 200ml,beauty-skincare,Hair Care,200ml,240,,33,,2997
DM-2.3623,kesh-king-gold-anti-hairfall-shampoo-340ml,Kesh King Gold Anti-Hairfall Shampoo 340ml,beauty-skincare,Hair Care,340ml,385,,57,,2998
DM-1.2188,kesh-king-gold-anti-hair-fall-shampoo600ml,Kesh King Gold Anti-hair Fall Shampoo600ml,beauty-skincare,Hair Care,600ml,565,,13,,2996
DM-1.1006,keto-konaz-ketoconazole-soap-75g,Keto-konaz Ketoconazole Soap 75g,beauty-skincare,Bath & Body,75g,100,,30,,3000
DM-2.2818,kingyes-silky-beauty-spray-150ml,Kingyes Silky Beauty Spray 150ml,beauty-skincare,Skin Care,150ml,375,,46,,3036
DM-3.96,kinlan-baby-toothbrush-no-534,Kinlan Baby Toothbrush NO.534,baby-care,Baby Bath & Skin Care,1 pc,330,,32,,3037
DM-2.3467,kiss-beauty-higlight-contour-stick-no-51270-03,Kiss Beauty Higlight &Contour Stick no.51270-03,beauty-skincare,Makeup & Nail Care,1 pc,310,255,29,,3044
DM-2.2139,kiss-beauty-lipstick,Kiss Beauty Lipstick,beauty-skincare,Makeup & Nail Care,1 pc,330,305,30,,4
DM-2.3246,kiss-beauty-liquid-blush-4-5ml,Kiss Beauty Liquid Blush 4.5ml,beauty-skincare,Makeup & Nail Care,4.5ml,100,,44,,3045
DM-2.434,kiss-beauty-magic-lip-gloss,Kiss Beauty Magic Lip Gloss,beauty-skincare,Makeup & Nail Care,1 pc,385,,59,,3047
DM-2.295,kiss-beauty-super-black-liquid-eyeliner-pencil,Kiss Beauty Super Black Liquid Eyeliner Pencil,beauty-skincare,Makeup & Nail Care,1 pc,340,,37,,3039
DM-2.305,kiss-beauty-fit-lip-oil,Kiss Beauty Fit Lip Oil,beauty-skincare,Makeup & Nail Care,1 pc,345,,44,,3042
DM-2.1906,kiss-beauty-moisture-lips-oil,Kiss Beauty Moisture Lips Oil,beauty-skincare,Makeup & Nail Care,1 pc,320,,49,,3049
DM-2.1783,kiss-beauty-color-lipstick,Kiss Beauty Color Lipstick,beauty-skincare,Makeup & Nail Care,1 pc,335,,36,,3040
DM-2.4047,kiss-beauty-compact-powder-18gm,Kiss Beauty Compact Powder 18gm,beauty-skincare,Makeup & Nail Care,18g,230,,39,,3041
DM-2.4061,kiss-beauty-glow-up-lip-oil,Kiss Beauty Glow Up Lip Oil,beauty-skincare,Makeup & Nail Care,1 pc,385,,25,,3043
DM-2.4008,kiss-beauty-liquid-blush,Kiss Beauty Liquid Blush,beauty-skincare,Makeup & Nail Care,1 pc,335,,20,,3046
DM-2.3644,kiss-beauty-magic-lipstick,Kiss Beauty Magic Lipstick,beauty-skincare,Makeup & Nail Care,1 pc,355,290,45,,3048
DM-2.3605,kiss-beauty-snail-nude-powder-24k-compact,Kiss Beauty Snail Nude Powder 24k Compact,beauty-skincare,Makeup & Nail Care,1 pc,380,,54,,3051
DM-2.3633,kiss-beauty-super-velvet-teddy-tint-glosh,Kiss Beauty Super Velvet Teddy Tint Glosh,beauty-skincare,Makeup & Nail Care,1 pc,390,330,28,,3052
DM-2.4009,kiss-beauty-velvet-lip-gloss,Kiss Beauty Velvet Lip Gloss,beauty-skincare,Makeup & Nail Care,1 pc,380,,11,,3054
DM-1.39,loreal-paris-anti-hair-fall-conditioner-175-ml,LOREAL PARIS Anti Hair Fall Conditioner 175 ml,beauty-skincare,Hair Care,175ml,320,,10,,3299
DM-1.201,loreal-paris-fall-resist-anti-hair-fall-shampoo360,LOREAL Paris Fall Resist Anti Hair Fall Shampoo360,beauty-skincare,Hair Care,1 pc,620,,26,,3304
DM-1.203,loreal-colour-protect-conditioner-175ml,LOREAL Colour Protect Conditioner 175ml,beauty-skincare,Hair Care,175ml,320,290,45,,3293
DM-1.183,loreral-paris-total-repairing-shampoo-360ml,LORERAL Paris Total Repairing Shampoo 360ml,beauty-skincare,Hair Care,360ml,380,,48,,3317
DM-1.185,loreral-paris-colour-protect-shampoo-360ml,LORERAL Paris Colour Protect Shampoo 360ml,beauty-skincare,Hair Care,360ml,415,,30,,3315
DM-1.182,loreral-paris-fall-resist-anti-hair-shampoo-640ml,LORERAL Paris Fall Resist Anti Hair Shampoo 640ml,beauty-skincare,Hair Care,640ml,635,,42,,3316
DM-2.3764,ladies-shaving-razor-p-box,Ladies Shaving Razor P Box,beauty-skincare,Men's Grooming,1 pc,335,,55,,3120
DM-2.3359,lakme-9-to-5-sun-expert-super-matte-sunscreen-lotion-30-100ml,Lakme 9 To 5 Sun Expert Super Matte Sunscreen Lotion 30++ 100ml,beauty-skincare,Skin Care,100ml,315,,22,,3126
DM-2.2484,lakme-b-b-hd-moist-foundation,Lakme B.B HD Moist Foundation,beauty-skincare,Makeup & Nail Care,1 pc,310,,10,,3130
DM-2.386,lakme-blush-glow-face-wash-100g,Lakme Blush & Glow Face Wash 100g,beauty-skincare,Skin Care,100g,300,,56,,3131
DM-2.652,lakme-insta-liner-eyeliner,Lakme Insta Liner Eyeliner,beauty-skincare,Makeup & Nail Care,1 pc,350,,37,,3135
DM-2.3416,lakme-sun-expert-sunscreen-lotion-spf-30-100ml-indian,Lakme Sun Expert Sunscreen Lotion SPF 30++ 100ml Indian,beauty-skincare,Skin Care,100ml,295,,36,,3142
DM-2.3417,lakme-sun-expert-tint-hint-sunscreen-spf-50-100ml-indian,Lakme Sun Expert Tint Hint Sunscreen SPF 50 +++ 100ml Indian,beauty-skincare,Skin Care,100ml,290,235,49,,3143
DM-2.3867,lakme-makeup-skincare-vit-c-superglow-compact-powder-8gm,Lakme makeup+skincare Vit C Superglow Compact Powder 8gm,beauty-skincare,Makeup & Nail Care,8g,145,,44,,3136
DM-2.3774,lakme-ultimate-glam-foundation-25ml,Lakme Ultimate Glam Foundation 25ml,beauty-skincare,Makeup & Nail Care,25ml,295,,17,,3145
DM-2.3931,lasya-full-converage-foundation-concealer-in-1-30g,Lasya Full Converage Foundation + Concealer In 1 30g,beauty-skincare,Makeup & Nail Care,30g,340,315,44,,3153
DM-2.3939,lasya-lip-gloss-7ml,Lasya Lip Gloss 7ml,beauty-skincare,Makeup & Nail Care,7ml,115,,13,,3154
DM-2.3935,lasya-long-stay-liquid-matte-lipstick-kissproff-6ml,Lasya Long Stay Liquid Matte Lipstick Kissproff 6ml,beauty-skincare,Makeup & Nail Care,6ml,105,,8,,3155
DM-2.394-2,lasya-matte-lipstick-long-lasting-3-5gm,Lasya Matte Lipstick Long Lasting 3.5gm,beauty-skincare,Makeup & Nail Care,3.5g,80,,15,,3156
DM-2.3937,lasya-volume-mascara-6gm,Lasya Volume Mascara 6gm,beauty-skincare,Makeup & Nail Care,6g,105,85,55,,3158
DM-2.966,layerr-wottagirl-mystic-island-body-spray,Layerr Wottagirl Mystic Island Body Spray,beauty-skincare,Fragrance & Deodorant,1 pc,410,,55,,3164
DM-2.557,layerr-wottagirl-mix-vt-ak-sc-body-spray-135ml,Layerr Wottagirl Mix VT/AK/SC Body Spray 135ml,beauty-skincare,Fragrance & Deodorant,135ml,525,,20,,3163
DM-2.406,leito-botox-face-cream-moisturizing-150ml,Leito Botox Face Cream Moisturizing 150ml,beauty-skincare,Skin Care,150ml,470,,43,,3172
DM-2.628,leito-by-mg-makeup-time-locker-toner-120ml,Leito By Mg Makeup Time Locker Toner 120ml,beauty-skincare,Makeup & Nail Care,120ml,1160,,10,,3173
DM-2.4038,leito-chamomile-face-repairing-toner-100ml,Leito Chamomile Face Repairing Toner 100ml,beauty-skincare,Skin Care,100ml,320,,48,,3175
DM-2.4052,leito-primer-matte-foundation-spf50-20ml,Leito primer+matte Foundation spf50 20ml,beauty-skincare,Makeup & Nail Care,20ml,230,,46,,3183
DM-1.947,lifebuoy-soap-3-1-set-100g,Lifebuoy Soap 3+1 Set 100g,beauty-skincare,Bath & Body,100g,140,,49,,3202
DM-1.445,lifebuoy-germ-protection-nature-soap-100g,Lifebuoy Germ Protection Nature Soap 100g,beauty-skincare,Bath & Body,100g,115,,46,yes,3199
DM-1.444,lifebuoy-lemon-fresh-soap-100g-4-400g,Lifebuoy Lemon Fresh Soap 100g*4 =400g,beauty-skincare,Bath & Body,100g,130,,25,yes,3201
DM-2.3668,lip-balm-show-man,Lip Balm Show Man,beauty-skincare,Makeup & Nail Care,1 pc,330,,35,,3213
DM-1.11,liril-lime-rush-soap-4-pack-75g,Liril Lime Rush Soap 4 Pack 75g,beauty-skincare,Bath & Body,75g,95,,8,,3221
DM-1.272,lolane-hair-conditioner-320ml,Lolane Hair Conditioner 320ml,beauty-skincare,Hair Care,320ml,355,,43,,3265
DM-2.2041,lolane-natura-hair-treatment-250g,Lolane Natura Hair Treatment 250g,beauty-skincare,Hair Care,250g,295,,49,,3266
DM-1.1698,lords-keratin-repair-shampoo-500ml,Lords Keratin Repair Shampoo 500ml,beauty-skincare,Hair Care,500ml,565,455,43,,3279
DM-1.1527,lords-rose-body-wash-300ml,Lords Rose Body Wash 300ml,beauty-skincare,Bath & Body,300ml,325,,40,,3286
DM-2.2847,lords-strawberry-matte-sel-sunscreen-spf-50-50ml,Lords Strawberry Matte Sel Sunscreen Spf 50 50ml,beauty-skincare,Skin Care,50ml,180,,28,,3287
DM-2.3797,lords-korean-glass-skin-retinol-face-cream-spf-30-100gm,Lords Korean Glass Skin Retinol Face Cream Spf 30 100gm,beauty-skincare,Skin Care,100g,300,,22,,3281
DM-2.2867,lords-onion-hair-oil-200ml,Lords Onion Hair Oil 200ml,beauty-skincare,Hair Care,200ml,230,,27,,3283
DM-2.3766,lords-retinol-anti-ageing-night-cream-100gm,Lords Retinol Anti-ageing Night Cream 100gm,beauty-skincare,Skin Care,100g,325,,14,,3285
DM-1.1148,loreal-hyaluron-moisture-conditoner-180ml,Loreal Hyaluron Moisture Conditoner 180ml,beauty-skincare,Skin Care,180ml,760,,23,,3295
DM-1.1147,loreal-hyaluron-moisture-shampoo-340ml,Loreal Hyaluron Moisture Shampoo 340ml,beauty-skincare,Hair Care,340ml,525,,26,,3296
DM-1.1146,loreal-hyaluron-moisture-shampoo-650ml,Loreal Hyaluron Moisture Shampoo 650ml,beauty-skincare,Hair Care,650ml,1010,,39,,3288
DM-1.518,loreal-paris-6oil-nourish-conditioner-175ml,Loreal Paris 6oil Nourish Conditioner 175ml,beauty-skincare,Hair Care,175ml,335,,16,,3298
DM-1.1033,loreal-paris-dream-lenghts-detangling-conditioner,Loreal Paris Dream Lenghts Detangling Conditioner,beauty-skincare,Hair Care,1 pc,625,,58,,3300
DM-1.1128,loreal-paris-dream-lenghthy-shampoo-396ml,Loreal Paris Dream Lenghthy Shampoo 396ml,beauty-skincare,Hair Care,396ml,600,,8,,3289
DM-1.1591,loreal-paris-moisture-conditioner-386-ml,Loreal Paris Moisture Conditioner 386 ml,beauty-skincare,Hair Care,386ml,685,,39,,3310
DM-1.486,loreal-paris-oil-nourish-shampoo-640ml,Loreal Paris Oil Nourish Shampoo 640ml,beauty-skincare,Hair Care,640ml,995,,53,,3311
DM-1.1177,loreal-paris-total-repair-5-restoring-conditioner-180ml,Loreal Paris Total Repair 5 Restoring Conditioner 180ml,beauty-skincare,Hair Care,180ml,395,,27,,3314
DM-1.1032,loreal-paris-dream-lenghts-restoring-shampoo-704ml,Loreal Paris Dream Lenghts Restoring Shampoo 704ml,beauty-skincare,Hair Care,704ml,1130,,17,,3301
DM-2.1424,loreal-paris-shine-sealing-conditioner-175ml,Loreal Paris Shine Sealing Conditioner 175ml,beauty-skincare,Hair Care,175ml,395,360,43,,3312
DM-1.185-2,loreal-paris-hyaluron-pure-conditioner-340ml,Loreal Paris Hyaluron Pure Conditioner 340ml,beauty-skincare,Hair Care,340ml,620,,28,,3307
DM-2.1669,lotus-herbal-basiltone-skin-toner-100ml,Lotus Herbal Basiltone Skin Toner 100ml,beauty-skincare,Skin Care,100ml,350,325,12,,3331
DM-2.167,lotus-herbal-berryscrub-face-wash-80g,Lotus Herbal Berryscrub Face Wash 80g,beauty-skincare,Skin Care,80g,235,,15,,3332
DM-2.1668,lotus-herbal-rosetone-skin-toner-100ml,Lotus Herbal RoseTone Skin Toner 100ml,beauty-skincare,Skin Care,100ml,300,,39,,3334
DM-2.764,lotus-herbals-safe-sun-mstrsing-sunscreen-ltn-100g,Lotus Herbals Safe Sun Mstrsing Sunscreen Ltn 100g,beauty-skincare,Skin Care,100g,290,,42,,3345
DM-2.3536,lotus-herbals-saff-sun-spf-30-sunscreen-50g,Lotus Herbals Saff Sun Spf 30 Sunscreen 50g,beauty-skincare,Skin Care,50g,185,165,34,,30
DM-2.1451,lotus-herbals-youthrx-night-cream-50g,Lotus Herbals YouthRx Night Cream 50g,beauty-skincare,Skin Care,50g,190,,11,,3361
DM-2.2583,lotus-herbals-youthr-firm-bright-face-wash-100ml,Lotus Herbals Youthr Firm &Bright Face Wash 100ml,beauty-skincare,Skin Care,100ml,325,,9,,3359
DM-2.2631,lotus-whiteglow-night-cream60g,Lotus WhiteGlow Night Cream60g,beauty-skincare,Skin Care,60g,200,,33,,3379
DM-2.3387,lotus-derma-botanics-uv-aqua-sunscreen-spray-50ml-spf50,Lotus Derma Botanics Uv Aqua Sunscreen Spray 50ml spf50++,beauty-skincare,Skin Care,50ml,175,,57,,3329
DM-1.2281,lotus-extra-soft-toothbrush,Lotus Extra Soft Toothbrush,beauty-skincare,Oral Care,1 pc,115,100,20,,3330
DM-2.2409,lotus-herbals-youthr-firm-bright-night-cream-50g,Lotus Herbals Youthr firm&Bright Night Cream 50g,beauty-skincare,Skin Care,50g,185,,15,,3360
DM-1.2261,lotus-oral-cleaning-kit-toothbrush-tongue-cleaner-floss,Lotus Oral Cleaning Kit toothbrush+tongue cleaner+floss,beauty-skincare,Oral Care,1 pc,115,,55,,3365
DM-2.3021,lotus-professional-retemin-face-wash100g,Lotus Professional Retemin Face wash100g,beauty-skincare,Skin Care,100g,285,235,50,,3373
DM-2.2012,lotus-professional-deep-pore-face-wash-80g,Lotus Professional Deep Pore Face Wash 80g,beauty-skincare,Skin Care,80g,260,,53,,3371
DM-2.2201,lotus-professional-smooth-skin-anti-ageing-face-wash-80g,Lotus Professional Smooth Skin Anti -ageing Face Wash 80g,beauty-skincare,Skin Care,80g,245,205,33,,3368
DM-1.1561,love-warmth-anti-gravity-shampoo-400ml,Love Warmth Anti Gravity Shampoo 400ml,beauty-skincare,Hair Care,400ml,425,,55,,3388
DM-2.383,love-romantic-lip-gloss,Love Romantic Lip Gloss,beauty-skincare,Makeup & Nail Care,1 pc,315,,56,,3387
DM-1.558,lux-fresh-lotus-soap-100g,Lux Fresh Lotus Soap 100g,beauty-skincare,Bath & Body,100g,125,,20,,3405
DM-2.3435,lux-body-wash-magical-orchid-750ml,Lux Body Wash Magical Orchid 750ml,beauty-skincare,Bath & Body,750ml,635,,36,,3401
DM-1.1903,lux-body-wash-magical-orchid-145ml,Lux Body Wash Magical Orchid 145ml,beauty-skincare,Bath & Body,145ml,185,,24,,3400
DM-1.1902,lux-body-wash-soft-rose-145ml,Lux Body Wash Soft Rose 145ml,beauty-skincare,Bath & Body,145ml,155,,27,,3402
DM-1.1915,lux-body-wash-soft-rose-750ml,Lux Body Wash Soft Rose 750ml,beauty-skincare,Bath & Body,750ml,655,535,53,,3403
DM-1.2338,lux-smooth-frafrant-glutathione-soap-125gm,Lux Smooth&frafrant Glutathione Soap 125gm,beauty-skincare,Bath & Body,125g,145,,36,,3408
DM-1.234,lux-smooth-frafrant-glutathione-soap-75gm,Lux Smooth&frafrant Glutathione Soap 75gm,beauty-skincare,Bath & Body,75g,110,,24,,3409
DM-2.2482,mg-goldline-cosmetics-vitamin-c-spf25,MG Goldline Cosmetics Vitamin C spf25,beauty-skincare,Skin Care,1 pc,410,340,53,,3621
DM-2.2314,mg-goldline-kskeratin-smooth-shampoo500ml,MG Goldline KSKeratin Smooth Shampoo500ml,beauty-skincare,Hair Care,500ml,525,,56,,3622
DM-2.3117,mg-goldline-matte-liquid-lipstick-7ml,MG Goldline Matte Liquid Lipstick 7ml,beauty-skincare,Makeup & Nail Care,7ml,135,,13,,3623
DM-2.2471,mg-goldline-sunscreen-cream-100gspf-50,MG Goldline Sunscreen Cream 100gSpf 50,beauty-skincare,Skin Care,1 pc,435,,8,,3626
DM-2.2579,mg-goldline-sunscreen-cream-100gspf-60,MG Goldline Sunscreen Cream 100gSpf 60,beauty-skincare,Skin Care,1 pc,435,,19,,3627
DM-2.3879,mg-goldline-cosmetics-1-hyaluronic-acid-sunscreen-gel-spf50,MG Goldline Cosmetics 1% Hyaluronic Acid Sunscreen Gel spf50++,beauty-skincare,Makeup & Nail Care,1 pc,390,,24,,3616
DM-2.3893,mg-goldline-cosmetics-snail-liquid-night-cream-50gm,MG Goldline Cosmetics Snail Liquid Night Cream 50gm,beauty-skincare,Makeup & Nail Care,50g,570,470,35,,3620
DM-2.3584,mg-foldline-cosmetics-lip-pencil,MG Foldline Cosmetics Lip Pencil,beauty-skincare,Makeup & Nail Care,1 pc,360,,22,,3614
DM-2.2576,mg-goldline-sunscreen-spf50100ml,MG Goldline SunsCreen SPF50100ml,beauty-skincare,Skin Care,50100ml,3500,,47,,3628
DM-2.3892,mg-goldline-cosmetics-day-cream-spf25-50gm,MG Goldline Cosmetics Day Cream spf25 50gm,beauty-skincare,Makeup & Nail Care,50g,585,,45,,3617
DM-2.405,mg-goldline-cosmetics-gold-cleansing-mik-vitamin-e-c-200ml,MG Goldline Cosmetics Gold Cleansing Mik Vitamin E&c 200ml,beauty-skincare,Skin Care,200ml,505,,14,,3618
DM-2.4053,mg-liquid-foundation-sfp50-27ml,MG Liquid Foundation sfp50 27ml,beauty-skincare,Makeup & Nail Care,27ml,330,,54,,3629
DM-2.1061,mac-match-master-foundation-spf15,Mac Match Master Foundation spf15,beauty-skincare,Makeup & Nail Care,1 pc,505,,30,,3419
DM-2.246,magic-lip-gloss,Magic Lip Gloss,beauty-skincare,Makeup & Nail Care,1 pc,375,,54,,3443
DM-2.1947,magic-lip-gloss-karite,Magic Lip Gloss Karite,beauty-skincare,Makeup & Nail Care,1 pc,390,,19,,3442
DM-17.325,make-up-comb,Make Up Comb,beauty-skincare,Makeup & Nail Care,1 pc,310,255,53,,3463
DM-2.3823,make-up-cotton-100pc,Make Up Cotton 100pc,beauty-skincare,Makeup & Nail Care,100 pc,360,295,49,,3464
DM-2.221,makeup-brush-loose-powder-no-189,Makeup Brush Loose Powder no.189,beauty-skincare,Makeup & Nail Care,1 pc,325,,13,,3465
DM-2.3624,makeup-tools-brush-set,Makeup Tools Brush Set,beauty-skincare,Makeup & Nail Care,1 pc,385,360,47,,3466
DM-2.2398,mama-earth-aqua-glow-gel-face-moisturizer-100ml,Mama Earth Aqua Glow Gel Face Moisturizer 100ml,beauty-skincare,Skin Care,100ml,345,,54,,3477
DM-2.2949,mama-earth-beetroot-hydraful-moisturizer-50g,Mama Earth Beetroot Hydraful Moisturizer 50g,beauty-skincare,Skin Care,50g,180,,52,,3479
DM-2.3013,mama-earth-charcoal-face-wash-100ml,Mama Earth Charcoal Face Wash 100ml,beauty-skincare,Skin Care,100ml,320,,28,,3481
DM-3.4,mama-earth-gentle-cleansing-shampoo-for-200ml,Mama Earth Gentle Cleansing Shampoo For 200ml,beauty-skincare,Hair Care,200ml,220,,57,,3483
DM-3.515,mama-earth-gentle-cleansing-shampoo-for-400ml,Mama Earth Gentle Cleansing Shampoo For 400ml,beauty-skincare,Hair Care,400ml,430,,59,,3484
DM-2.2617,mama-earth-honey-malai-face-wash-100ml,Mama Earth Honey Malai Face Wash 100ml,beauty-skincare,Skin Care,100ml,285,235,17,,3485
DM-2.2403,mama-earth-niacin-face-toner-200ml,Mama Earth Niacin Face Toner 200ml,beauty-skincare,Skin Care,200ml,475,450,32,,3489
DM-2.239,mama-earth-ubtan-face-wash-100ml,Mama Earth Ubtan Face Wash 100ml,beauty-skincare,Skin Care,100ml,305,,52,,3503
DM-2.2391,mama-earth-ultra-light-indian-sunscreen-80g,Mama Earth Ultra Light Indian Sunscreen 80g,beauty-skincare,Skin Care,80g,285,,52,,3506
DM-2.3232,mama-earth-vitamin-c-daily-glow-sunscreen50gm,Mama Earth Vitamin C Daily Glow Sunscreen50gm,beauty-skincare,Skin Care,50g,205,,31,,3508
DM-2.2389,mama-earth-vitamin-c-foaming-face-wash-150ml,Mama Earth Vitamin C Foaming Face Wash 150ml,beauty-skincare,Skin Care,150ml,430,,25,,3510
DM-2.3165,mama-earth-aqua-glow-hydrating-sunscreen-gel-spf-50-50gm,Mama Earth Aqua Glow Hydrating Sunscreen Gel Spf 50 50gm,beauty-skincare,Skin Care,50g,185,,41,,3478
DM-3.397,mama-earth-mineral-based-sunscreen-for-babies-100g,Mama Earth Mineral Based Sunscreen For Babies 100g,beauty-skincare,Skin Care,100g,350,,49,,3488
DM-2.2394,mama-earth-oil-free-face-moisturizer-80g,Mama Earth Oil-free Face Moisturizer 80g,beauty-skincare,Skin Care,80g,255,,37,,3490
DM-1.1204,mama-earth-onion-conditioner-250ml,Mama Earth Onion Conditioner 250ml,beauty-skincare,Hair Care,250ml,320,,43,,3491
DM-2.2399,mama-earth-onion-hair-oil-150ml,Mama Earth Onion Hair Oil 150ml,beauty-skincare,Hair Care,150ml,200,,32,,3492
DM-1.1202,mama-earth-onion-shampoo-250ml,Mama Earth Onion Shampoo 250ml,beauty-skincare,Hair Care,250ml,285,,21,,3494
DM-1.1219,mama-earth-onion-shampoo-400ml,Mama Earth Onion Shampoo 400ml,beauty-skincare,Hair Care,400ml,430,,13,,3495
DM-2.2418,mama-earth-retinol-face-wash-100ml,Mama Earth Retinol Face Wash 100ml,beauty-skincare,Skin Care,100ml,330,,32,,3475
DM-2.3231,mama-earth-ubtam-face-wash-100gm,Mama Earth Ubtam Face Wash 100gm,beauty-skincare,Skin Care,100g,310,,12,,3502
DM-2.2395,mama-earth-ubtan-oil-free-face-moisturizer-80g,Mama Earth Ubtan Oil-free Face Moisturizer 80g,beauty-skincare,Skin Care,80g,295,250,15,,3504
DM-2.2944,mama-earth-ubtan-ultra-light-gel-moisturizer-200ml,Mama Earth Ubtan Ultra Light Gel Moisturizer 200ml,beauty-skincare,Skin Care,200ml,590,550,47,,3505
DM-2.2401,mama-earth-vitamin-c-face-toner-200ml,Mama Earth Vitamin C Face Toner 200ml,beauty-skincare,Skin Care,200ml,495,,32,,3509
DM-2.2393,mama-earth-vitamin-c-oli-free-face-moisturizer80g,Mama Earth Vitamin C Oli Free Face Moisturizer80g,beauty-skincare,Skin Care,80g,255,,26,,3511
DM-1.1309,mamaearth-rosemary-anti-hair-fall-conditioner250ml,MamaEarth Rosemary Anti-hair Fall Conditioner250ml,beauty-skincare,Hair Care,250ml,265,,47,,3526
DM-2.2388,mamaearth-vitamin-c-face-wash-100ml,MamaEarth Vitamin C Face Wash 100ml,beauty-skincare,Skin Care,100ml,350,,37,,3530
DM-2.3138,mamaearth-beetroot-gentle-face-wash-100ml,Mamaearth Beetroot Gentle Face Wash 100ml,beauty-skincare,Skin Care,100ml,330,,33,,3514
DM-2.3143,mamaearth-rich-moisturizing-ultra-light-sunscreen-50gm,Mamaearth Rich Moisturizing Ultra Light Sunscreen 50gm,beauty-skincare,Skin Care,50g,190,,57,,3525
DM-2.3142,mamaearth-ubtam-foaming-face-wash-150ml,Mamaearth Ubtam Foaming Face Wash 150ml,beauty-skincare,Skin Care,150ml,455,,25,,3529
DM-1.1924,mamaearth-charcoal-body-wash-275ml,Mamaearth Charcoal Body Wash 275ml,beauty-skincare,Bath & Body,275ml,265,,31,,3515
DM-2.396,mamaearth-rosemery-anti-hair-fall-shampoo-400ml,Mamaearth Rosemery Anti-hair-fall Shampoo 400ml,beauty-skincare,Hair Care,400ml,400,,17,,3527
DM-1.762,margo-neem-soap-100g,Margo Neem Soap 100g,beauty-skincare,Bath & Body,100g,135,125,42,,3549
DM-2.1839,matte-lipstick-romantick-may,Matte Lipstick Romantick May,beauty-skincare,Makeup & Nail Care,1 pc,380,,44,,3564
DM-2.3379,matteultra-hd-3q-lip-gloss,Matteultra/hd 3Q Lip Gloss,beauty-skincare,Makeup & Nail Care,1 pc,335,305,38,,3565
DM-1.197,max-laundary-soap-1500gm,Max Laundary Soap 1500gm,beauty-skincare,Bath & Body,1500g,1340,1260,56,,3567
DM-1.2067,max-laundry-soap-150gm-rs40,Max Laundry Soap 150gm rs40,cleaning,Detergent & Laundry,150g,40,,19,,3568
DM-1.2065,max-laundry-soap-200gm-rs50,Max Laundry Soap 200gm rs50,cleaning,Detergent & Laundry,200g,50,,13,,3569
DM-2.4005,max-razor-for-men-6-blade,Max Razor For Men 6 Blade,beauty-skincare,Men's Grooming,1 pc,325,,25,,3570
DM-1.2318,max-speed-razor,Max Speed Razor,beauty-skincare,Men's Grooming,1 pc,290,,9,,3571
DM-2.3824,max-triple-bladae-razors-5pcs,Max Triple Bladae Razors 5pcs,beauty-skincare,Men's Grooming,5 pcs,265,,26,,3576
DM-1.2319,mayflower-deep-clean-toothbrush-no108,Mayflower Deep Clean Toothbrush no108,beauty-skincare,Oral Care,1 pc,125,,43,,3584
DM-2.868,medicare-shampoo-50ml,Medicare Shampoo 50ml,beauty-skincare,Hair Care,50ml,105,,37,,3588
DM-17.346,meet-the-beauty-sc-458,Meet The Beauty Sc-458,beauty-skincare,Skin Care,1 pc,480,,20,,3590
DM-2.3636,mini-tango-lip-balm,Mini Tango Lip Balm,beauty-skincare,Makeup & Nail Care,1 pc,200,,59,,3667
DM-2.4089,misiou-beauty-highlighter,Misiou Beauty Highlighter,stationery,"Pens, Pencils & Erasers",1 pc,35,,57,,3680
DM-2.4031,miss-beauty-fashion-color-nail-polish-10ml,Miss Beauty Fashion Color Nail Polish 10ml,beauty-skincare,Makeup & Nail Care,10ml,145,,38,,3681
DM-2.4043,miss-beauty-nail-poish-12ml,Miss Beauty Nail Poish 12ml,beauty-skincare,Skin Care,12ml,105,,11,,3682
DM-2.403,miss-beauty-nail-polish-8ml,Miss Beauty Nail Polish 8ml,beauty-skincare,Makeup & Nail Care,8ml,135,,20,,3683
DM-2.4035,miss-rose-professional-lipstick,Miss Rose Professional Lipstick,beauty-skincare,Makeup & Nail Care,1 pc,375,,13,,3685
DM-2.4036,miss-rose-professional-make-up-foundation-40ml,Miss Rose Professional Make Up Foundation 40ml,beauty-skincare,Makeup & Nail Care,40ml,450,,10,,3686
DM-3.624,mumlove-baby-u-shanes-toothbrush-no-1038-12,Mumlove Baby U-shanes Toothbrush no.1038-12,baby-care,Baby Accessories,1 pc,430,,40,,3859
DM-2.2695,n-aqua-moisturizer-100ml,N+ Aqua Moisturizer 100ml,beauty-skincare,Skin Care,100ml,290,,53,,3901
DM-2.2744,n-deep-hydrating-moisturizer-100ml,N+ Deep Hydrating Moisturizer 100ml,beauty-skincare,Skin Care,100ml,320,,55,,3902
DM-2.2993,n-professional-melacare-face-wash-100ml,N+ Professional Melacare Face Wash 100ml,beauty-skincare,Skin Care,100ml,290,,51,,3905
DM-2.2992,n-professional-vitamin-c-face-wash-100ml,N+ Professional Vitamin C Face Wash 100ml,beauty-skincare,Skin Care,100ml,315,,43,,3900
DM-2.2692,n-sunscreen-gel-spf30,N+ Sunscreen Gel spf30,beauty-skincare,Skin Care,1 pc,405,,40,,3908
DM-2.2694,n-sunscreen-tinted100ml-spf50,N+ Sunscreen Tinted100ml spf50,beauty-skincare,Skin Care,100ml,310,,15,,3910
DM-2.2693,n-sunscreen-spf50-lotion-100ml,N+ Sunscreen spf50 Lotion 100ML,beauty-skincare,Skin Care,100ml,310,,57,,3909
DM-2.3631,n-professional-barrier-repair-sunscreen-spf50-100ml,N+ Professional Barrier Repair Sunscreen spf50 100ml,beauty-skincare,Skin Care,100ml,350,,50,,3904
DM-2.363,n-professional-niacinamide-dewy-sunscreen-spf50-100ml,N+ Professional Niacinamide Dewy Sunscreen spf50 100ml,beauty-skincare,Skin Care,100ml,310,,30,,3906
DM-2.3672,naked-stay-lip-gloss,Naked Stay Lip Gloss,beauty-skincare,Makeup & Nail Care,1 pc,375,,51,,3922
DM-2.1592,natures-aloevera-moisturiging-beauty-gel-100g,Natures Aloevera Moisturiging Beauty Gel 100g,beauty-skincare,Skin Care,100g,320,,49,,3933
DM-2.24-3,navratna-cool-talc-active-deo-powder-50g,Navratna Cool Talc Active Deo Powder 50g,beauty-skincare,Fragrance & Deodorant,50g,255,,27,,37
DM-2.242-2,navratna-cool-talc-active-deo-powder-100g,Navratna Cool Talc Active Deo Powder 100g,beauty-skincare,Fragrance & Deodorant,100g,460,,55,,36
DM-2.2659,new-look-24hrs-rich-snail-moisturizer-100ml,New Look 24hrs Rich Snail Moisturizer 100ml,beauty-skincare,Skin Care,100ml,350,,42,,3997
DM-2.633,newlook-24hrs-rich-snail-moisturizer-50ml,Newlook 24hrs Rich snail/ Moisturizer 50ml,beauty-skincare,Skin Care,50ml,180,165,51,,4002
DM-2.1922,newlook-toner-organic-120ml,Newlook Toner Organic 120ml,beauty-skincare,Skin Care,120ml,390,,48,,4007
DM-2.214,newlook-hair-treatment-cream-420ml,Newlook Hair Treatment Cream 420ml,beauty-skincare,Hair Care,420ml,435,,42,,4004
DM-2.3847,nihar-naturals-advansed-coconut-hair-oil-450ml,Nihar Naturals Advansed Coconut Hair Oil 450ml,beauty-skincare,Hair Care,450ml,415,,18,,4012
DM-2.3491,nivea-body-lotion-aloe-hydration-120ml,Nivea Body Lotion Aloe Hydration 120ml,beauty-skincare,Bath & Body,120ml,130,,57,,4035
DM-2.349,nivea-body-lotion-natural-glow-cell-repir-200-ml,Nivea Body Lotion Natural Glow Cell Repir 200 ml,beauty-skincare,Bath & Body,200ml,195,165,29,,4037
DM-2.1047,nivea-extra-white-firming-sea-smooth-lrresistibly-body-lotion-400ml,Nivea Extra White Firming/Sea Smooth Lrresistibly Body Lotion 400ml,beauty-skincare,Bath & Body,400ml,400,,19,yes,4050
DM-2.3495,nivea-frangipani-oil-shower-gel-125ml,Nivea Frangipani & Oil Shower Gel 125ml,beauty-skincare,Bath & Body,125ml,165,,41,yes,4054
DM-2.3076,nivea-men-actve-clean-shower-gel-500ml,Nivea Men Actve Clean Shower Gel 500ml,beauty-skincare,Men's Grooming,500ml,850,,42,,4058
DM-2.2873,nivea-men-fresh-kick-shaving-gel-200ml,Nivea Men Fresh Kick Shaving Gel 200ml,beauty-skincare,Men's Grooming,200ml,335,,55,,4068
DM-2.635,nivea-men-mild-shaving-cream-100ml,Nivea Men Mild Shaving Cream 100ml,beauty-skincare,Men's Grooming,100ml,200,,50,yes,4070
DM-2.3494,nivea-men-oil-contorol-face-wash-50g,Nivea Men Oil Contorol Face Wash 50g,beauty-skincare,Skin Care,50g,200,,28,,4071
DM-2.1146,nivea-men-oil-control-face-wash-indian-100g,Nivea Men Oil Control Face Wash Indian 100g,beauty-skincare,Skin Care,100g,300,,14,yes,4072
DM-2.2007,nivea-body-lotion-she-smooth-200ml,Nivea Body Lotion She Smooth 200ml,beauty-skincare,Bath & Body,200ml,240,,58,yes,4038
DM-2.253,nivea-care-lip-balm,Nivea Care Lip Balm,beauty-skincare,Makeup & Nail Care,1 pc,385,,16,yes,4032
DM-1.788,nivea-creme-soft-soap-125gm,Nivea Creme Soft Soap 125gm,beauty-skincare,Skin Care,125g,370,,13,yes,4047
DM-2.31,nivea-men-extra-white-dark-spots-face-wash-100g,Nivea Men Extra White Dark Spots Face Wash 100g,beauty-skincare,Skin Care,100g,300,,46,,4065
DM-2.265,nivea-men-fresh-active-black-white-deo-150ml,Nivea Men Fresh Active / Black & White Deo 150ml,beauty-skincare,Men's Grooming,150ml,265,,40,,4066
DM-1.611,nivea-mix-shower-gel-waterlily-frangipani-lemongrass-oil-250ml-watelily,Nivea Mix Shower Gel Waterlily & Frangipani/Lemongrass Oil 250ml\Watelily,beauty-skincare,Bath & Body,250ml,245,,43,yes,4034
DM-2.712,nivea-pearl-beauty-rollon-50ml,Nivea Pearl & Beauty Rollon 50ml,beauty-skincare,Fragrance & Deodorant,50ml,240,,17,,4076
DM-2.3976,nivea-pearl-beauty-smooth-beautiful-underarms-150ml,Nivea Pearl & Beauty Smooth & Beautiful Underarms 150ml,beauty-skincare,Bath & Body,150ml,190,,30,,4077
DM-1.59,okhati-aayurvedic-face-soap-50g,OKHATI Aayurvedic Face Soap 50g,beauty-skincare,Bath & Body,50g,75,,43,,4150
DM-1.1876,okhati-aayurvedic-vitamin-e-soap-100gm,OKHATI Aayurvedic Vitamin E Soap 100gm,beauty-skincare,Skin Care,100g,300,,30,,4151
DM-3.564,oresa-kids-toothbrush-no-108,ORESA Kids Toothbrush No.108,baby-care,Baby Bath & Skin Care,1 pc,350,,48,,4174
DM-2.3568,ossum-lip-balm-mix,OSSUM LIP BALM MIX,beauty-skincare,Makeup & Nail Care,1 pc,335,,13,,4184
DM-2.1874,ossum-perfumed-body-mist-115ml,OSSUM Perfumed Body Mist 115ml,beauty-skincare,Fragrance & Deodorant,115ml,525,,16,,4186
DM-2.3037,ot-t-beauty-tools-face-puff-no-ot612,OT&T Beauty Tools Face Puff NO.OT612,beauty-skincare,Makeup & Nail Care,1 pc,310,,34,,4189
DM-2.26-3,ossum-2020-eau-de-parfum-100ml,Ossum 2020 Eau De Parfum 100ml,beauty-skincare,Fragrance & Deodorant,100ml,460,,17,,4181
DM-2.2024,ossum-body-spray-mix-120ml,Ossum Body Spray Mix 120ml,beauty-skincare,Fragrance & Deodorant,120ml,560,,32,,4182
DM-2.1731,oxy-deep-wash-total-oli-white-mix-face-wash-100gm,Oxy Deep Wash /total/ oli/white Mix Face Wash 100gm,beauty-skincare,Skin Care,100g,315,,55,,4196
DM-1.366,pantene-silky-smooth-care-shampoo-340ml,PANTENE Silky Smooth Care Shampoo 340ml,beauty-skincare,Hair Care,340ml,330,,54,,4235
DM-2.676,prostyle-dandruff-cntrll-hair-oil-150ml,PROstyle Dandruff Cntrll Hair Oil 150ml,beauty-skincare,Hair Care,150ml,180,160,15,,4609
DM-2.677,prostyle-dandruff-cntrll-hair-oil-75ml,PROstyle Dandruff Cntrll Hair Oil 75ml,beauty-skincare,Hair Care,75ml,140,,59,,4610
DM-1.1649,palmolive-aroma-shower-gel-250ml,Palmolive Aroma Shower Gel 250ml,beauty-skincare,Bath & Body,250ml,235,210,31,,4223
DM-1.169,palmolive-luminous-oils-shower-gel-250ml,Palmolive Luminous Oils Shower Gel 250ml,beauty-skincare,Bath & Body,250ml,290,,12,,4225
DM-1.1395,pamacare-smart-toothbrush,Pamacare Smart Toothbrush,beauty-skincare,Oral Care,1 pc,120,,51,,4232
DM-2.2077,pamacare-mix-shower-gel-250-ml,Pamacare Mix Shower Gel 250 ml,beauty-skincare,Bath & Body,250ml,245,,19,,4227
DM-1.1635,pantene-conditioner-silky-smooth-hairfall-control-200ml,Pantene Conditioner Silky Smooth\Hairfall Control 200ml,beauty-skincare,Hair Care,200ml,265,,58,yes,4233
DM-2.1873,parachute-aloe-vera-coconut-hair-oil-150ml,Parachute Aloe Vera Coconut Hair Oil 150ml,beauty-skincare,Hair Care,150ml,195,,24,,4237
DM-2.1872,parachute-aloe-vera-coconut-hair-oil-250ml,Parachute Aloe Vera Coconut Hair Oil 250ml,beauty-skincare,Hair Care,250ml,295,,27,,4238
DM-1.2272,parachute-naturale-anti-hair-fall-shampoo-340ml,Parachute Naturale Anti Hair Fall Shampoo 340ml,beauty-skincare,Hair Care,340ml,410,,26,,4251
DM-1.2273,parachute-naturale-anti-hair-fall-shampoo-625-ml,Parachute Naturale Anti Hair Fall Shampoo 625 ml,beauty-skincare,Hair Care,625ml,670,,33,,4252
DM-1.1176,parachute-naturale-onion-shampoo-hair-fall-control-345ml,Parachute Naturale Onion Shampoo Hair Fall Control 345ml,beauty-skincare,Hair Care,345ml,405,,18,,4250
DM-2.3664,parachute-gold-hair-cream-anti-dandruff-coconut-lemon140ml,Parachute Gold Hair Cream Anti Dandruff Coconut &lemon140ml,beauty-skincare,Hair Care,140ml,180,,55,,4248
DM-2.169,park-avenue-2x-more-perfume-mix,Park Avenue 2x More Perfume Mix,beauty-skincare,Fragrance & Deodorant,1 pc,480,,31,,4256
DM-2.2407,park-avenue-pocket-perfume-18ml,Park Avenue Pocket Perfume 18ml,beauty-skincare,Fragrance & Deodorant,18ml,120,,19,,4260
DM-2.3607,park-avenue-knight-samurai-eau-de-parfum-100ml,Park Avenue knight/samurai Eau De Parfum 100ml,beauty-skincare,Fragrance & Deodorant,100ml,440,,48,,4258
DM-20.23,patanjali-aloe-vera-kanti-body-soap-75g,Patanjali Aloe Vera Kanti Body Soap 75g,beauty-skincare,Bath & Body,75g,95,,39,yes,4310
DM-20.1,patanjali-aloe-vera-kanti-soap150g,Patanjali Aloe Vera Kanti Soap150g,beauty-skincare,Bath & Body,150g,155,140,58,,4311
DM-20.108,patanjali-dant-kanti-red-toothpaste-170g,Patanjali Dant Kanti Red Toothpaste 170g,beauty-skincare,Oral Care,170g,185,,49,,4319
DM-20.109,patanjali-dant-kanti-red-toothpaste-75g,Patanjali Dant Kanti Red Toothpaste 75g,beauty-skincare,Oral Care,75g,90,,29,,4320
DM-1.1801,patanjali-dant-kanti-toothpaste-100gm,Patanjali Dant Kanti Toothpaste 100gm,beauty-skincare,Oral Care,100g,135,,26,,4321
DM-1.1803,patanjali-dantkanti-toothpaste-200gm,Patanjali Dantkanti Toothpaste 200gm,beauty-skincare,Oral Care,200g,230,,27,yes,4325
DM-20.115,patanjali-kesh-kanti-hair-oil-120ml,Patanjali Kesh Kanti Hair Oil 120ml,beauty-skincare,Hair Care,120ml,175,,24,yes,4343
DM-20.103,patanjali-kesh-kanti-natural-hair-cleanser-450ml,Patanjali Kesh Kanti Natural Hair Cleanser 450ml,beauty-skincare,Hair Care,450ml,435,,19,,4338
DM-20.145,patanjali-kesh-kanti-aloe-vera-shampoo200ml,Patanjali Kesh Kanti Aloe Vera Shampoo200ml,beauty-skincare,Hair Care,200ml,250,,11,,4341
DM-20.135,patanjali-neem-kanti-body-soap-100g,Patanjali Neem Kanti Body Soap 100g,beauty-skincare,Bath & Body,100g,115,105,59,,4347
DM-20.22,patanjali-neem-kanti-soap-75g,Patanjali Neem Kanti Soap 75g,beauty-skincare,Bath & Body,75g,110,,45,yes,4348
DM-20.134,patanjali-saundarya-body-lotion-100ml,Patanjali Saundarya Body Lotion 100ml,beauty-skincare,Bath & Body,100ml,140,,48,yes,4359
DM-20.89,patanjali-danta-kanti-advanced-toothpaste100g,Patanjali Danta Kanti Advanced toothpaste100g,beauty-skincare,Oral Care,100g,140,,56,,4323
DM-20.149,patanjali-dantkanti-flexi-toothbrush,Patanjali Dantkanti Flexi Toothbrush,beauty-skincare,Oral Care,1 pc,115,,9,,4324
DM-20.146,patanjali-dantkanti-toothpaste-40gm,Patanjali Dantkanti Toothpaste 40gm,beauty-skincare,Oral Care,40g,55,,26,,4326
DM-20.152,patanjali-kesh-kanti-advance-herbal-hair-expert-shampoo-100ml,Patanjali Kesh Kanti Advance Herbal Hair Expert Shampoo 100ml,beauty-skincare,Hair Care,100ml,170,,53,yes,4339
DM-20.133,patanjali-kesh-kanti-aloe-vera-hair-cleanser-450ml,Patanjali Kesh Kanti Aloe Vera Hair Cleanser 450ml,beauty-skincare,Hair Care,450ml,465,,53,yes,4340
DM-1.977,pears-transparent-soap-imported-mix-flvr-125g,Pears Transparent Soap Imported Mix Flvr 125g,beauty-skincare,Bath & Body,125g,135,,15,,4371
DM-1.1841,pepsodent-germi-check-toothpaste-40g,Pepsodent Germi Check Toothpaste 40g,beauty-skincare,Oral Care,40g,60,50,12,,4388
DM-1.58,pepsodent-herbal-toothpaste-80g,Pepsodent Herbal Toothpaste 80g,beauty-skincare,Oral Care,80g,105,,41,,4390
DM-2.3413,peptide-stem-cell-hair-fall-control-shampoo200ml,Peptide- Stem Cell Hair Fall Control Shampoo200ml,beauty-skincare,Hair Care,200ml,255,,38,,4393
DM-2.3051,pink-blue-funcolor-matte-lipstick,Pink & Blue Funcolor Matte Lipstick,beauty-skincare,Makeup & Nail Care,1 pc,325,,17,,4402
DM-2.2132,pink-in-blue-matte-lipsticks,Pink In Blue Matte Lipsticks,beauty-skincare,Makeup & Nail Care,1 pc,370,,56,,4403
DM-17.192,plain-hair-band-s,Plain Hair Band S,ladies-wear,Hair Accessories,1 pc,85,,42,,4418
DM-2.3806,plom-cerasense-milky-toner-with-acai-nm-1,Plom CeraSense Milky Toner With Acai & NM 1%,beauty-skincare,Fragrance & Deodorant,1 pc,440,,26,,4443
DM-2.3238,plom-hyaluronic-acid-aqua-light-sunscreen50g-spf-50,Plom Hyaluronic Acid AQUA -Light Sunscreen50g SPF 50,beauty-skincare,Fragrance & Deodorant,50g,245,,47,,4459
DM-2.2979,plom-mandarin-vitamin-c1-5-toner-glow-boost-100ml,Plom Mandarin &Vitamin C1.5% Toner Glow Boost 100ml,beauty-skincare,Fragrance & Deodorant,100ml,430,,28,,4462
DM-2.278,plom-niacinamide-toner-150ml,Plom Niacinamide Toner 150ml,beauty-skincare,Fragrance & Deodorant,150ml,670,,28,,4466
DM-2.3452,plom-oat-ceramide-barrier-care-face-wash-100-ml,Plom Oat & Ceramide Barrier Care Face Wash 100 ml,beauty-skincare,Skin Care,100ml,290,,9,,4467
DM-2.3453,plom-saffron-kumkumadl-oil-flow-brigth-moisturizer-50g,Plom Saffron & Kumkumadl Oil Flow Brigth Moisturizer 50g,beauty-skincare,Fragrance & Deodorant,50g,275,,11,,4474
DM-2.3018,plom-saffron-papaya-glow-bright-face-wash-100ml,Plom Saffron & Papaya Glow Bright Face Wash 100ml,beauty-skincare,Skin Care,100ml,280,,51,,4475
DM-1.2166,plom-avocado-argan-frizz-control-shampoo-250ml,Plom Avocado&argan Frizz Control Shampoo 250ml,beauty-skincare,Fragrance & Deodorant,250ml,910,,14,,4431
DM-2.3958,plom-body-lovin-lip-balm-9gm,Plom Body Lovin Lip Balm 9gm,beauty-skincare,Makeup & Nail Care,9g,160,,28,,4434
DM-2.3517,plom-e-luminence-simply-supple-cleansing-balm-90gm,Plom E-luminence Simply Supple Cleansing Balm 90gm,beauty-skincare,Skin Care,90g,260,,55,,4449
DM-2.3877,plom-goji-berry-glycolic-acid-exfoliiating-toner-150ml,Plom Goji Berry&glycolic Acid Exfoliiating Toner 150ml,beauty-skincare,Fragrance & Deodorant,150ml,600,,16,,4451
DM-2.2924,plom-olive-plant-keratin-damage-repair-shampoo-250ml,Plom Olive &Plant Keratin Damage Repair Shampoo 250ml,beauty-skincare,Fragrance & Deodorant,250ml,895,,20,,4468
DM-2.3375,plom-squalane-vitamin-e-sunscreen-spf50-50gm,Plom Squalane & Vitamin E Sunscreen spf50++ 50gm,beauty-skincare,Skin Care,50g,185,,19,,4477
DM-17.252,pocket-mirror-cosmetic,Pocket Mirror Cosmetic,beauty-skincare,Makeup & Nail Care,1 pc,310,,35,,40
DM-2.1743,pond-s-bright-beauty-spot-less-glow-vitamin-b3face-wash,Pond`s Bright Beauty Spot-less Glow Vitamin B3face Wash,beauty-skincare,Skin Care,1 pc,405,,51,,4492
DM-2.1608,ponds-bright-beauty-spot-less-glow-facewash-100g,Ponds Bright Beauty Spot -less Glow Facewash 100g,beauty-skincare,Skin Care,100g,310,,22,yes,4495
DM-2.441,ponds-white-bright-beauty-spot-less-fairness-cream-25g,Ponds White Bright Beauty Spot Less Fairness Cream 25g,beauty-skincare,Skin Care,25g,130,,42,yes,4504
DM-2.3465,qearlya-matte-lipstick-5lips,Qearlya Matte Lipstick 5lips,beauty-skincare,Makeup & Nail Care,1 pc,375,345,27,,4634
DM-2.3215,ramsons-exotica-eau-de-parfum-mix-flavour100ml,Ramsons Exotica Eau De Parfum Mix Flavour100ml,beauty-skincare,Fragrance & Deodorant,100ml,415,,52,,4710
DM-2.3845,ramsons-perfume-all-flv-200ml,Ramsons Perfume All Flv 200ml,beauty-skincare,Fragrance & Deodorant,200ml,750,,37,,4711
DM-2.3287,ramsons-scent-of-love-eau-parfum-100ml,Ramsons Scent Of Love Eau Parfum 100ml,beauty-skincare,Fragrance & Deodorant,100ml,395,,59,,4714
DM-2.567,razor-twin-blade-for-women,Razor Twin Blade For Women,beauty-skincare,Men's Grooming,1 pkt,320,300,38,,4746
DM-2.2888,real-man-mix-flvr-perfume-body-spary-17ml,Real Man Mix Flvr Perfume Body Spary 17ml,beauty-skincare,Fragrance & Deodorant,17ml,120,,33,,4756
DM-2.2488,real-man-body-deodorant-spray-100g,Real Man Body Deodorant Spray 100g,beauty-skincare,Fragrance & Deodorant,100g,395,,31,,4753
DM-2.3083,real-man-body-roll-on-deodorant-50ml,Real Man Body Roll On Deodorant 50ml,beauty-skincare,Fragrance & Deodorant,50ml,265,,33,,4754
DM-2.3006,real-man-eau-de-parfum-mix-flavour-100ml,Real Man Eau De Parfum Mix Flavour 100ml,beauty-skincare,Fragrance & Deodorant,100ml,390,,50,,4755
DM-9.473,ring-toner,Ring Toner,beauty-skincare,Skin Care,1 set,420,,46,,4798
DM-2.3883,rishi-adivasi-hair-oil-250ml,Rishi Adivasi Hair Oil 250ml,beauty-skincare,Hair Care,250ml,305,,41,,4799
DM-1.2209,roli-soap-150gm,Roli Soap 150gm,beauty-skincare,Bath & Body,150g,190,,14,,4809
DM-1.2207,roli-soap-200gm,Roli Soap 200gm,beauty-skincare,Bath & Body,200g,200,,48,,4810
DM-1.2208,roli-soap-250gm,Roli Soap 250gm,beauty-skincare,Bath & Body,250g,270,,30,,4811
DM-2.2348,romantic-may-lip-gloss,Romantic May Lip Gloss,beauty-skincare,Makeup & Nail Care,1 pc,350,,31,,4819
DM-2.1889,romantic-matte-kiss-proff-lipstick,Romantic Matte Kiss Proff Lipstick,beauty-skincare,Makeup & Nail Care,1 pc,340,280,11,,4815
DM-2.3831,romantic-matte-lipstick,Romantic Matte Lipstick,beauty-skincare,Makeup & Nail Care,1 pc,375,,49,,4817
DM-2.2188,romantic-may-lasting-lipstick,Romantic May Lasting Lipstick,beauty-skincare,Makeup & Nail Care,1 pc,375,,40,,4814
DM-2.3585,romantic-rain-lip-oil,Romantic Rain Lip Oil,beauty-skincare,Makeup & Nail Care,1 pc,310,,18,,4821
DM-17.436,rose-hair-clip-mix,Rose Hair Clip Mix,ladies-wear,Hair Accessories,1 pc,85,70,16,,4826
DM-2.456,sonata-season-lipstick,SONATA Season Lipstick,beauty-skincare,Makeup & Nail Care,1 pc,325,,33,,5195
DM-1.2074,sanfena-oral-care-toothbrush,Sanfena Oral Care Toothbrush,beauty-skincare,Oral Care,1 pc,125,,55,,4928
DM-1.475,santoor-soap-28-g,Santoor Soap 28.g,beauty-skincare,Bath & Body,1 pc,165,,55,,4935
DM-2.3987,save-body-alshabab-razor-6-pices,Save Body Alshabab Razor 6 Pices,beauty-skincare,Men's Grooming,1 pc,280,,59,,4964
DM-2.3114,seaweed-essence-conditioner-900ml,Seaweed Essence Conditioner 900ml,beauty-skincare,Hair Care,900ml,745,,26,,4972
DM-2.2954,secret-temptation-adore-dream-romance-eau-de-parfum-mix-100ml,Secret Temptation Adore /Dream/Romance Eau De Parfum Mix 100ml,beauty-skincare,Fragrance & Deodorant,100ml,425,,51,,4973
DM-1.1589,selsum-anti-dandruff-shampoo-100ml,Selsum Anti Dandruff Shampoo 100ml,beauty-skincare,Hair Care,100ml,165,,21,,4975
DM-1.2153,selsum-anti-dandruff-shampoo-250ml,Selsum Anti-Dandruff Shampoo 250ml,beauty-skincare,Hair Care,250ml,280,,41,,4976
DM-1.159,selsum-shampoo-50ml,Selsum Shampoo 50ml,beauty-skincare,Hair Care,50ml,110,,30,,4977
DM-2.3448,senova-natural-fruit-aloe-vera-face-wash-100gm,Senova Natural Fruit Aloe Vera Face Wash 100gm,beauty-skincare,Skin Care,100g,320,,42,,4982
DM-2.3447,senova-natural-fruit-avocado-face-wash-100gm,Senova Natural Fruit Avocado Face Wash 100gm,beauty-skincare,Skin Care,100g,345,,54,,4983
DM-2.3443,senova-natural-fruit-vitamin-c-whitening-gentle-cleanser-100gm,Senova Natural Fruit Vitamin C Whitening Gentle Cleanser 100gm,beauty-skincare,Skin Care,100g,350,,43,,4985
DM-1.725,sensodyne-whitening-toothpaste-70g,Sensodyne Whitening Toothpaste 70g,beauty-skincare,Oral Care,70g,100,,10,,4998
DM-1.2262,sensofresh-spa-toothbrush,Sensofresh Spa Toothbrush,beauty-skincare,Oral Care,1 pc,125,,52,,4999
DM-2.969,set-wet-cool-hold-hair-gel-100g-blue,Set Wet Cool Hold Hair Gel 100g Blue,beauty-skincare,Men's Grooming,100g,200,,30,,5001
DM-2.1082,set-wet-style-vertical-hold-hair-gel-50ml,Set Wet Style Vertical Hold Hair Gel 50ml,beauty-skincare,Men's Grooming,50ml,140,,29,,5004
DM-2.684,set-wet-style-sport-extreme-hair-gel-50ml,Set Wet Style Sport Extreme Hair Gel 50ml,beauty-skincare,Men's Grooming,50ml,140,,24,,5002
DM-1.2165,shine-therapy-professional-shampoo-500ml,Shine Therapy Professional Shampoo 500ml,beauty-skincare,Hair Care,500ml,450,,11,,5031
DM-2.339,shiny-day-make-up-cleansing-wipes-face-and-eye,Shiny Day Make Up Cleansing Wipes Face And Eye,beauty-skincare,Makeup & Nail Care,1 pkt,325,,39,,5032
DM-2.2497,shuda-beauty-face-and-body-foundation-40ml,Shuda Beauty Face And Body Foundation 40ml,beauty-skincare,Makeup & Nail Care,40ml,690,,56,,5040
DM-2.1845,signal-pure-lipstick,Signal Pure Lipstick,beauty-skincare,Makeup & Nail Care,1 pc,355,,10,,5058
DM-2.3928,silcon-age-creator-snail-repair-anti-wrinkle-toner-100ml,Silcon Age Creator Snail Repair Anti-Wrinkle Toner 100ml,beauty-skincare,Skin Care,100ml,280,,46,,5062
DM-2.3914,silcon-anti-melasms-blemish-face-wash,Silcon Anti Melasms Blemish Face Wash,beauty-skincare,Skin Care,1 pc,435,,46,,5063
DM-2.3913,silcon-lpp-hair-treatment-225gm,Silcon LPP Hair Treatment 225gm,beauty-skincare,Hair Care,225g,260,,18,,5068
DM-2.2682,silcon-lpp-hair-treatment-cream-480gm,Silcon LPP Hair Treatment Cream 480gm,beauty-skincare,Hair Care,480g,550,,57,,5069
DM-2.3994,silcon-centella-brightening-toner-100gm,Silcon Centella Brightening Toner 100gm,beauty-skincare,Skin Care,100g,295,270,20,,5065
DM-1.2265,silcon-hair-fall-control-shampoo-480ml,Silcon Hair Fall Control Shampoo 480ml,beauty-skincare,Hair Care,480ml,515,,35,,5067
DM-2.3996,silcon-niacinamide-5-hydra-bright-toner-100ml,Silcon Niacinamide 5% Hydra Bright Toner 100ml,beauty-skincare,Skin Care,100ml,310,,25,,5071
DM-2.3998,silcon-niacinamide-bakuchiol-cleanser-100gm,Silcon Niacinamide Bakuchiol Cleanser 100gm,beauty-skincare,Skin Care,100g,280,,8,,5072
DM-2.399,silcon-tinted-sunscreen-spf-50,Silcon Tinted Sunscreen Spf 50++,beauty-skincare,Skin Care,1 pc,430,,48,,5077
DM-2.3938,silcon-whitening-toner-50ml,Silcon Whitening Toner 50ml,beauty-skincare,Skin Care,50ml,175,,42,,5080
DM-2.2974,silkhair-3one-keratin-professional-hair-spa-550ml,Silkhair 3one Keratin Professional Hair Spa 550ml,beauty-skincare,Hair Care,550ml,490,,8,,5085
DM-1.2335,silkhair-luxury-keratin-care-shampoo-500ml,Silkhair Luxury Keratin Care Shampoo 500ml,beauty-skincare,Hair Care,500ml,540,,54,,5087
DM-4.1,simple-and-practical-soap-case,Simple And Practical Soap Case,beauty-skincare,Bath & Body,1 pc,200,160,48,,5098
DM-2.3917,so-con-hair-fall-control-shampoo-285ml,So;con Hair Fall Control Shampoo 285ml,beauty-skincare,Hair Care,285ml,335,,40,,5152
DM-4.151,soap-case-blessedness-horse1296,Soap Case Blessedness Horse1296,beauty-skincare,Bath & Body,1 pc,175,,39,,5154
DM-1.2192,softouch-fabric-conditioner-860ml,Softouch Fabric Conditioner 860ml,cleaning,Detergent & Laundry,860ml,235,,10,,5169
DM-2.2427,sonata-kolor-lips-lipstick,Sonata Kolor Lips Lipstick,beauty-skincare,Makeup & Nail Care,1 pc,310,,16,,5189
DM-2.2425,sonata-star-eau-de-parfum-60ml,Sonata Star Eau De Parfum 60ml,beauty-skincare,Fragrance & Deodorant,60ml,315,285,24,,5197
DM-2.2429,sonata-starr-pure-lipstick,Sonata Starr Pure Lipstick,beauty-skincare,Makeup & Nail Care,1 pc,330,,57,,5186
DM-2.1846,sonata-zahra-dark-lipstick,Sonata Zahra Dark Lipstick,beauty-skincare,Makeup & Nail Care,1 pc,315,,30,,48
DM-2.3803,sonata-body-spry-pocket-perfume-18ml,Sonata Body Spry Pocket Perfume 18ml,beauty-skincare,Fragrance & Deodorant,18ml,150,130,45,,5187
DM-2.36,spinz-packets-perfume-16ml,Spinz Packets Perfume 16ml,beauty-skincare,Fragrance & Deodorant,16ml,125,120,45,,5220
DM-1.1968,streax-hydrate-hine-face-wash-100ml,Streax Hydrate&hine Face Wash 100ml,beauty-skincare,Skin Care,100ml,350,,18,,5288
DM-1.1967,streax-youthful-shine-face-wash-100ml,Streax Youthful Shine Face Wash 100ml,beauty-skincare,Skin Care,100ml,325,285,8,,5293
DM-2.2406,sumnima-herbal-green-cucumber-toner-140ml,Sumnima Herbal Green Cucumber Toner 140ml,beauty-skincare,Skin Care,140ml,380,,59,,5325
DM-2.2067,sumnima-herbal-onion-hair-oil-50ml,Sumnima Herbal Onion Hair Oil 50ml,beauty-skincare,Hair Care,50ml,110,,26,,5319
DM-2.3948,sumnima-herbal-rose-toner-140ml,Sumnima Herbal Rose Toner 140ml,beauty-skincare,Skin Care,140ml,440,,40,,5329
DM-3.467,sunplay-baby-mild-sun-protection-sensitive-skin-30g,Sunplay Baby Mild Sun Protection Sensitive Skin 30g,beauty-skincare,Skin Care,30g,140,,20,,5345
DM-2.1732,sunplay-uv-whitening-sun-protection-skin-spf50pa70,Sunplay Uv Whitening Sun Protection Skin spf50pa70,beauty-skincare,Skin Care,1 pc,475,,17,,5346
DM-1.1458,sunsilk-black-shine-conditioner-180ml,Sunsilk Black Shine Conditioner 180ml,beauty-skincare,Hair Care,180ml,210,195,57,,5347
DM-1.1501,sunsilk-conditioner-lusciously-thick-and-long-320ml,Sunsilk Conditioner Lusciously Thick And Long 320ml,beauty-skincare,Hair Care,320ml,340,,14,yes,5348
DM-1.378,sunsilk-hair-fall-solution-shampoo-gray-335ml,Sunsilk Hair Fall Solution Shampoo Gray 335ml,beauty-skincare,Hair Care,335ml,330,,15,yes,5349
DM-1.391,sunsilk-hair-fall-solution-shampoo-yellow-700ml,Sunsilk Hair fall* Solution Shampoo Yellow 700ml,beauty-skincare,Hair Care,700ml,690,,35,yes,5350
DM-1.377,sunsilk-lusciously-thick-long-shampoo-pink-340ml,Sunsilk Lusciously Thick & Long Shampoo Pink 340ml,beauty-skincare,Hair Care,340ml,410,,17,yes,5351
DM-1.179,sunsilk-lusciously-thick-long-shampoo-pink-700ml,Sunsilk Lusciously Thick & Long Shampoo Pink 700ml,beauty-skincare,Hair Care,700ml,620,,37,,5352
DM-1.1233,sunsilk-onion-hair-fall-shampoo-190ml,Sunsilk Onion Hair Fall Shampoo 190ml,beauty-skincare,Hair Care,190ml,230,,24,,5355
DM-1.1477,sunsilk-onion-shampoo-700ml,Sunsilk Onion Shampoo 700ml,beauty-skincare,Hair Care,700ml,715,,21,,5357
DM-1.2219,sunsilk-silk-smooth-shampoo-325ml,Sunsilk Silk Smooth Shampoo 325ml,beauty-skincare,Hair Care,325ml,390,,9,,5361
DM-1.222,sunsilk-silk-smooth-shampoo-625ml,Sunsilk Silk Smooth Shampoo 625ml,beauty-skincare,Hair Care,625ml,685,,48,yes,5362
DM-1.175,sunsilk-stunning-black-shine-shampoo-325ml,Sunsilk Stunning Black Shine Shampoo 325ml,beauty-skincare,Hair Care,325ml,395,365,50,,5365
DM-1.1866,sunsilk-stunning-black-shine-conditioner-320ml,Sunsilk Stunning Black Shine Conditioner 320ml,beauty-skincare,Hair Care,320ml,390,,16,yes,5363
DM-1.392,sunsilk-stunning-black-shine-shampoo-700ml,Sunsilk Stunning Black Shine Shampoo 700ml,beauty-skincare,Hair Care,700ml,640,565,55,,5366
DM-1.2279,sunsilk-oil-blends-coconut-oil-aloe-vera-shampoo-370ml,Sunsilk Oil Blends Coconut Oil&aloe Vera Shampoo 370ml,beauty-skincare,Hair Care,370ml,375,,58,yes,5353
DM-1.228,sunsilk-oil-blends-coconut-oil-aloe-vera-shampoo-700ml,Sunsilk Oil Blends Coconut Oil&aloe Vera Shampoo 700ml,beauty-skincare,Hair Care,700ml,745,,27,,5354
DM-1.48,sunsilk-onion-jojona-oli-hair-fall-shampoo-320ml,Sunsilk Onion Jojona Oli Hair Fall Shampoo 320ml,beauty-skincare,Hair Care,320ml,360,330,32,,5356
DM-1.1699,sunsilk-thick-long-conditioner-pink-180ml,Sunsilk Thick &Long Conditioner Pink 180ml,beauty-skincare,Hair Care,180ml,250,,17,yes,5367
DM-2.3676,super-stay-concealer,Super Stay Concealer,beauty-skincare,Makeup & Nail Care,1 pc,320,,54,,5387
DM-1.2315,surya-soap-150gm,Surya Soap 150gm,beauty-skincare,Bath & Body,150g,190,,45,,5397
DM-1.2316,surya-soap-200gm,Surya Soap 200gm,beauty-skincare,Bath & Body,200g,225,,32,,5398
DM-4.1351,sweet-sensitive-precision-beauty-styler,Sweet Sensitive Precision Beauty Styler,beauty-skincare,Skin Care,1 pc,400,,20,,5409
DM-2.3056,swiss-beauty-eyeliner-waterproof-sb-915,Swiss Beauty Eyeliner Waterproof SB-915,beauty-skincare,Makeup & Nail Care,1 pc,320,265,52,,5411
DM-2.3116,swiss-beauty-non-transfer-matte-lipstick,Swiss Beauty Non-Transfer Matte Lipstick,beauty-skincare,Makeup & Nail Care,1 pc,390,,24,,5413
DM-2.1776,swiss-beauty-makeup-fixer-natural-70ml,Swiss Beauty Makeup Fixer Natural 70ml,beauty-skincare,Makeup & Nail Care,70ml,730,675,44,,5412
DM-2.358,swiss-beauty-perfect-liquid-concealer-6gm,Swiss Beauty Perfect Liquid Concealer 6gm,beauty-skincare,Makeup & Nail Care,6g,125,,48,,5414
DM-2.413,tmc-blanc-shaving-cream-100gm,TMC Blanc Shaving Cream 100gm,beauty-skincare,Men's Grooming,100g,200,,24,,5544
DM-2.3149,the-derma-1-hyaluronic-tinted-sunscreen-gel-spf60-50gm,The Derma 1%Hyaluronic Tinted Sunscreen Gel spf60 50gm,beauty-skincare,Skin Care,50g,215,,12,,5448
DM-2.3171,the-derma-15-salicylic-acid-oil-free-daily-face-moisturizer-50gm,The Derma 15 Salicylic Acid Oil Free Daily Face Moisturizer 50gm,beauty-skincare,Skin Care,50g,195,170,8,,5450
DM-2.3225,the-derma-2-cica-glow-daily-face-wash-100ml,The Derma 2%Cica Glow Daily Face Wash 100ml,beauty-skincare,Skin Care,100ml,335,,52,,5452
DM-2.3156,the-derma-3-niacinamide-foaming-daily-face-wash-100ml,The Derma 3%Niacinamide Foaming Daily Face Wash 100ml,beauty-skincare,Skin Care,100ml,330,,33,,5455
DM-2.3163,the-derma-3-vitamin-e-daily-face-moisturizer-100gm,The Derma 3%Vitamin E Daily Face Moisturizer 100gm,beauty-skincare,Skin Care,100g,305,,51,,5456
DM-2.3228,the-derma-5-cica-glow-daily-face-moisturizer-50gm,The Derma 5% Cica Glow Daily FAce Moisturizer 50gm,beauty-skincare,Skin Care,50g,180,150,23,,5458
DM-2.3224,the-derma-pore-minimizing-clay-daily-face-wash-100ml,The Derma Pore Minimizing Clay Daily Face Wash 100ml,beauty-skincare,Skin Care,100ml,330,,36,,5463
DM-2.3229,the-derma-pore-minimizing-priming-sunscreen-50gm,The Derma Pore Minimizing Priming Sunscreen 50gm,beauty-skincare,Skin Care,50g,180,,36,,5466
DM-2.3169,the-derma-spf501-hyaluronic-sunscreen-aqua-gel-80gm,The Derma Spf501%Hyaluronic Sunscreen Aqua Gel 80gm,beauty-skincare,Skin Care,80g,235,,11,,5468
DM-2.3157,the-derma-pore-minimizing-daily-face-moisturizer-50gm,The Derma Pore Minimizing Daily Face Moisturizer 50gm,beauty-skincare,Skin Care,50g,180,,32,,5464
DM-2.3152,the-derma-ultra-matte-sunscreen-jel-spf-60-50gm,The Derma Ultra Matte Sunscreen Jel Spf 60 50gm,beauty-skincare,Skin Care,50g,170,,13,,5469
DM-1.2303,tika-laundry-soap-1200gm-6pcs,Tika Laundry Soap 1200gm 6pcs,cleaning,Detergent & Laundry,1200g,290,,43,,5513
DM-1.2301,tika-laundry-soap-450gm-3pcs,Tika Laundry Soap 450gm 3pcs,cleaning,Detergent & Laundry,450g,130,,21,,5514
DM-1.2302,tika-laundry-soap-750gm-4pcs,Tika Laundry Soap 750gm 4pcs,cleaning,Detergent & Laundry,750g,210,190,46,,5515
DM-2.3641,tintis-lip-oil-love,Tintis Lip Oil Love,beauty-skincare,Makeup & Nail Care,1 pc,360,,10,,5529
DM-1.1572,tresemme-shampoo-keratin-smooth-hairfall-defense-340ml,Tresemme Shampoo Keratin Smooth/ Hairfall Defense 340ml,beauty-skincare,Hair Care,340ml,365,,40,,5589
DM-1.73,trisa-toothbrush-fresh-s-m,Trisa Toothbrush Fresh S/m,beauty-skincare,Oral Care,1 pc,125,,26,,5592
DM-1.15,trisa-toothbrush-pearl-white-m,Trisa Toothbrush Pearl White M,beauty-skincare,Oral Care,1 pc,110,100,36,,5594
DM-1.24,trisa-toothbrush-we-carem,Trisa Toothbrush We CareM,beauty-skincare,Oral Care,1 pkt,130,,14,,5596
DM-1.986,trisa-toothbrush-we-care-s,Trisa Toothbrush We Care S,beauty-skincare,Oral Care,1 pc,110,,38,,5595
DM-1.984,trisa-toothbrush-fresh-super-clean-m,Trisa Toothbrush Fresh Super Clean M,beauty-skincare,Oral Care,1 pc,125,,22,,5593
DM-1.151,trisatoothbrush-focus-pro-clean-s-m,TrisaToothbrush Focus Pro Clean S/M,beauty-skincare,Oral Care,1 pc,125,115,20,,5597
DM-2.298,true-derma-active-wash-refresh-daily-face-wash-75ml,True Derma Active Wash Refresh Daily Face Wash 75ml,beauty-skincare,Skin Care,75ml,245,,15,,5604
DM-2.2981,true-derma-glow-face-wash-refresh-daily-60g,True Derma Glow Face Wash Refresh Daily 60g,beauty-skincare,Skin Care,60g,200,,14,,5606
DM-2.3941,true-derma-luxurious-t-tinted-sunscreen-spf30-60gm,True Derma Luxurious-t Tinted Sunscreen spf30 60gm,beauty-skincare,Skin Care,60g,210,,14,,5608
DM-2.3573,tuthika-soft-touch-light-moisturizer-cream-100ml,Tuthika Soft Touch Light Moisturizer Cream 100ml,beauty-skincare,Skin Care,100ml,325,,15,,5628
DM-2.3574,tuthika-soft-touch-light-moisturizer-cream-50ml,Tuthika Soft Touch Light Moisturizer Cream 50ml,beauty-skincare,Skin Care,50ml,185,,15,,5629
DM-2.3678,uv-block-spf-30-sunscreen-cream-lotion-100ml,UV Block spf-30 Sunscreen Cream Lotion 100ml,beauty-skincare,Skin Care,100ml,280,255,55,,53
DM-2.3519,uv-block-spf-50-sunscreen-cream-100gm,UV Block spf-50 Sunscreen Cream 100gm,beauty-skincare,Skin Care,100g,300,,59,,5658
DM-2.3518,uv-block-spf-50-sunscreen-lotion-100ml,UV Block spf-50 Sunscreen Lotion 100ml,beauty-skincare,Skin Care,100ml,345,,35,,5659
DM-2.3368,ujooba-beauty-cream-extra-white-4in1,Ujooba Beauty Cream Extra White 4in1,beauty-skincare,Skin Care,1 pc,480,430,20,,5632
DM-2.364,usha-colour-lip-gloss-9ml,Usha Colour Lip Gloss 9ml,beauty-skincare,Makeup & Nail Care,9ml,150,130,21,,5653
DM-2.3645,usha-lip-oil-mask-lollipop,Usha Lip Oil Mask Lollipop,beauty-skincare,Makeup & Nail Care,1 pc,355,310,33,,5654
DM-2.3868,uv-block-sunscreen-gel-spf-50-50gm,Uv Block Sunscreen Gel spf-50++ 50gm,beauty-skincare,Skin Care,50g,190,,31,,5660
DM-2.3869,uv-block-sunscreen-lotion-spf-60-100ml,Uv Block Sunscreen Lotion spf-60 100ml,beauty-skincare,Skin Care,100ml,315,,13,,5661
DM-4.1475,vge-professional-hair-clipper-v-654,VGE Professional Hair Clipper V-654,electronics,Personal Care Appliances,1 pc,1620,,11,,5716
DM-2.321,vi-john-shaving-cream-with-bacit-guard-125g,VI-JoHN Shaving Cream With Bacit Guard 125g,beauty-skincare,Men's Grooming,125g,260,245,44,,5734
DM-2.3326,vi-john-shaving-cream-with-bacit-guard-70gm,VI-JoHN Shaving Cream With Bacit Guard 70gm,beauty-skincare,Men's Grooming,70g,165,,36,,5735
DM-2.378,vanesa-rio-perfume-spray-50ml,Vanesa Rio Perfume Spray 50ml,beauty-skincare,Fragrance & Deodorant,50ml,290,,22,,5677
DM-2.3182,vaseline-daily-brightening-body-lotion400ml,Vaseline Daily Brightening Body lotion400ml,beauty-skincare,Bath & Body,400ml,395,,31,yes,5687
DM-2.3511,vasmol-onion-hair-oil-helps-control-hair-fall-100ml,Vasmol Onion Hair Oil Helps Control Hair Fall 100ml,beauty-skincare,Hair Care,100ml,140,,41,,5701
DM-2.351,vasmol-onion-hair-oil-helps-control-hair-fall-200ml,Vasmol Onion Hair Oil Helps Control Hair Fall 200ml,beauty-skincare,Hair Care,200ml,270,,31,,5702
DM-2.2094,vavola-razor-for-eyebrow-v180,Vavola Razor For Eyebrow .V180,beauty-skincare,Men's Grooming,1 pc,305,,37,,5707
DM-2.2,vavola-makeup-tool-eyecurl,Vavola Makeup Tool Eyecurl,beauty-skincare,Makeup & Nail Care,1 pc,315,260,10,,5706
DM-2.3835,vcolor-make-up-tool-tube,Vcolor Make Up Tool Tube,beauty-skincare,Makeup & Nail Care,1 pc,355,290,51,,5708
DM-1.2139,velnik-shower-gel-mix-flv-250ml,Velnik Shower Gel Mix Flv 250ml,beauty-skincare,Bath & Body,250ml,285,,37,,5714
DM-2.3628,vi-john-saffron-fairness-body-lotion-400ml,Vi-john Saffron Fairness Body Lotion 400ml,beauty-skincare,Men's Grooming,400ml,610,,28,,5732
DM-1.2214,vi-john-shaving-foam-400gm,Vi-john Shaving Foam 400gm,beauty-skincare,Men's Grooming,400g,720,585,54,,5736
DM-1.42,vim-dish-wash-soap-95-g,Vim Dish Wash Soap 95 g,cleaning,Dishwash,95g,45,,53,,5751
DM-2.1138,vlcc-matte-look-sunscreen-gel-cream-spf30-100g,Vlcc Matte Look Sunscreen Gel Cream SPF30 100g,beauty-skincare,Skin Care,100g,300,,58,,5776
DM-2.1008,wild-stone-steel-iridium-body-perfume,WILD STONE Steel /iridium Body Perfume,beauty-skincare,Fragrance & Deodorant,1 pc,485,,41,,5902
DM-4.993,wall-mounted-soap-dish-1-5kg,Wall -mounted Soap Dish 1.5KG,beauty-skincare,Bath & Body,1.5kg,1350,,34,,5793
DM-2.4029,wao-conceral-with-brush-foundation-liquid-matte-8-5ml,Wao Conceral With Brush Foundation Liquid Matte 8.5ml,beauty-skincare,Makeup & Nail Care,8.5ml,155,125,40,,5805
DM-2.4123,wel-10-professional-hair-treatment-spa-1000gm,Wel 10 Professional Hair Treatment & Spa 1000gm,beauty-skincare,Hair Care,1000g,1010,,24,,5835
DM-2.2699,well-10-hair-conditioner-180ml,Well 10 Hair Conditioner 180ml,beauty-skincare,Hair Care,180ml,220,,40,,5840
DM-2.2697,well-10-hair-treatment-spa-500g,Well 10 Hair Treatment & Spa 500g,beauty-skincare,Hair Care,500g,485,450,52,,5837
DM-2.4117,well-10-balancing-conditioner-500ml,Well 10 Balancing Conditioner 500ml,beauty-skincare,Hair Care,500ml,540,,42,,5838
DM-2.4122,well-10-professiona-hair-treatment-luxury-spa-500gm,Well 10 Professiona Hair Treatment & Luxury Spa 500gm,beauty-skincare,Hair Care,500g,500,,14,,5844
DM-1.2344,well-10-professional-balancing-shampoo-500ml,Well 10 Professional Balancing Shampoo 500ml,beauty-skincare,Hair Care,500ml,520,,16,,5845
DM-1.2345,well-10-professional-keratin-protein-shampoo-500ml,Well 10 Professional Keratin Protein Shampoo 500ml,beauty-skincare,Hair Care,500ml,470,,41,,5852
DM-1.2346,well-10-professional-shampoo-regrowth-500ml,Well 10 Professional Shampoo Regrowth 500ml,beauty-skincare,Hair Care,500ml,550,,58,,5853
DM-2.156,white-tone-soft-smooth-face-cream25g,White Tone Soft @ Smooth Face cream25g,beauty-skincare,Skin Care,25g,130,,44,,5891
DM-2.118,wild-stone-code-gold-perfumed-copper-perfume,Wild Stone Code Gold Perfumed Copper Perfume,beauty-skincare,Fragrance & Deodorant,1 pc,410,370,21,,5898
DM-2.3007,wild-stone-code-gold-perfumed-copper-perfume120ml-code-chrome,Wild Stone Code Gold Perfumed Copper perfume120ml\code\chrome,beauty-skincare,Fragrance & Deodorant,120ml,520,,22,,5899
DM-2.479,wild-stone-hydra-ultra-sensual-energy-shaving-cream-70g,Wild Stone Hydra /ultra Sensual Energy Shaving Cream 70g,beauty-skincare,Men's Grooming,70g,165,,15,,5900
DM-2.1524,wild-stone-hydra-energy-edge-parfum-100m,Wild Stone Hydra Energy /edge Parfum 100m,beauty-skincare,Fragrance & Deodorant,1 pc,410,,32,,5901
DM-17.254,xin-yi-jewelry-hair-clip-with-hair-2pcs-set,Xin Yi Jewelry Hair Clip With Hair 2pcs Set,ladies-wear,Hair Accessories,2 pcs,85,,58,,5918
DM-1.1136,xtraa-plus-soap-200g,Xtraa Plus Soap 200g,beauty-skincare,Bath & Body,200g,215,,26,,5920
DM-2.1295,yc-whitening-face-wash-lemon-extract-100ml,YC Whitening Face Wash Lemon Extract 100ml,beauty-skincare,Skin Care,100ml,330,,46,,5936
DM-2.1011,yc-whitening-face-wash-neem-extract-100ml,YC Whitening Face Wash Neem Extract 100ml,beauty-skincare,Skin Care,100ml,280,,29,,5937
DM-2.3055,yabaolian-popular-glow-lip-oil,Yabaolian Popular Glow Lip Oil,beauty-skincare,Makeup & Nail Care,1 pc,375,,34,,5923
DM-1.2366,yuthika-coral-rose-shower-gel-250ml,Yuthika Coral Rose Shower Gel 250ml,beauty-skincare,Bath & Body,250ml,270,,51,,5977
DM-2.3864,yuthika-soft-touch-cream-light-moisturizer-20ml,Yuthika Soft Touch Cream Light Moisturizer 20ml,beauty-skincare,Skin Care,20ml,105,,40,,5978
DM-2.1492,yys-eyebrow-razor,Yys Eyebrow Razor,beauty-skincare,Men's Grooming,1 pc,280,,57,,5980
DM-2.3528,zerona-derma-hydra-soft-cleanser-100ml,Zerona Derma Hydra Soft Cleanser 100ml,beauty-skincare,Skin Care,100ml,285,,19,,5997
DM-2.3525,zerona-derma-sunshed-sunscreen-50spf-cream-60g,Zerona Derma Sunshed Sunscreen 50spf Cream 60g,beauty-skincare,Skin Care,60g,225,180,21,,5993
DM-2.3523,zerona-derma-sunshed-sunscreen-50spf-gel60g,Zerona Derma Sunshed Sunscreen 50spf gel60g,beauty-skincare,Skin Care,60g,190,,28,,5994
DM-2.3526,zerona-derma-wash-vitamin-c-face-wash-60g,Zerona Derma Wash Vitamin C Face Wash 60g,beauty-skincare,Skin Care,60g,210,,51,,5996
DM-3.123,baby-toothbrush-w-racing-bike-x8339,Baby Toothbrush W/Racing Bike X8339,toys,Toys,1 pc,790,,56,,441
DM-1.884,colgate-sensitive-toothbrush-4n,Colgate Sensitive Toothbrush 4n,beauty-skincare,Oral Care,1 pc,115,,50,,1168
DM-2.3067,colors-beauty-nail-polish-mix18ml,Colors Beauty Nail Polish mix18ml,beauty-skincare,Makeup & Nail Care,18ml,260,,48,,1190
DM-2.64,garnier-men-face-wash-turbo-bright-action-100g,Garnier Men Face Wash Turbo Bright Action 100G,beauty-skincare,Skin Care,100g,310,,48,yes,2139
DM-1.1335,godrej-no-soap-1-47g,Godrej No SOAP .1 47g,beauty-skincare,Bath & Body,47g,75,65,51,,2268
DM-1.51,himalaya-herbal-mixed-soap-75g,Himalaya Herbal Mixed Soap 75g,beauty-skincare,Bath & Body,75g,105,95,18,,2621
DM-1.2,himalaya-anti-hair-fail-shampoo-340ml,Himalaya Anti Hair Fail Shampoo 340ml,beauty-skincare,Hair Care,340ml,380,350,57,,2586
DM-2.142,kemei-rechargable-ladies-hair-remover-5001,Kemei Rechargable Ladies Hair Remover 5001,beauty-skincare,Hair Care,1 pc,375,,8,,2987
DM-1.2313,ketoconazole-zinc-pyrithione-shampoo-100ml,Ketoconazole & Zinc Pyrithione Shampoo 100ml,beauty-skincare,Hair Care,100ml,160,,34,,3001
DM-2.4055,kiss-beauty-teddy-matte-lipstick,Kiss Beauty Teddy Matte Lipstick,beauty-skincare,Makeup & Nail Care,1 pc,355,295,11,,3053
DM-1.2326,leito-kojic-acid-body-wash-tan-remval-400ml,Leito Kojic Acid Body Wash Tan Remval 400ml,beauty-skincare,Bath & Body,400ml,400,,10,,3179
DM-2.3316,lotus-derma-botanics-face-wash-100g,Lotus Derma Botanics Face Wash 100g,beauty-skincare,Skin Care,100g,280,240,39,,3328
DM-20.142,patanjali-aloevera-kanti-body-soap-60g,Patanjali Aloevera Kanti Body Soap 60g,beauty-skincare,Bath & Body,60g,75,,16,,4313
DM-1.2157,pond-s-bricht-miracle-detox-face-wash-200gm,Pond's Bricht Miracle Detox Face Wash 200gm,beauty-skincare,Skin Care,200g,540,,18,,4490
DM-2.3356,pond-s-bricht-miracle-detox-face-wash-50gm,Pond's Bricht Miracle Detox Face Wash 50gm,beauty-skincare,Skin Care,50g,205,,20,yes,4491
DM-1.1342,purex-soap-200g,Purex Soap 200g,beauty-skincare,Bath & Body,200g,235,,33,,4618
DM-2.338,silkhair-3one-hair-treatment-professional-creme-450ml,Silkhair 3one Hair Treatment Professional Creme 450ml,beauty-skincare,Skin Care,450ml,1040,,49,,5084
DM-2.401,super-star-miss-glam-concealer-30h,Super Star Miss Glam Concealer 30H,beauty-skincare,Makeup & Nail Care,1 pc,370,,15,,5386
DM-2.3654,super-velvet-teddy-lip-gloss-karite,Super Velvet Teddy Lip Gloss Karite,beauty-skincare,Makeup & Nail Care,1 pc,325,,28,,5388
DM-2.2886,well-10professional-hair-treatment-500ml,Well 10professional Hair Treatment 500ml,beauty-skincare,Hair Care,500ml,490,,32,,5854
DM-1.1728,aiwina-australia-sanitary-napkins-8pads290mm,Aiwina Australia Sanitary Napkins 8pads290mm,health-hygiene,Feminine Hygiene,1 pc,165,,8,,218
DM-4.1392,betox-pad-lock-40mm,Betox Pad Lock 40mm,home-living,"Tools, Hardware & Auto",1 pc,315,,30,,683
DM-4.1391,betox-pad-lock-50mm,Betox Pad Lock 50mm,home-living,"Tools, Hardware & Auto",1 pc,345,,53,,684
DM-7.427,bikaji-urad-papad-200g,Bikaji Urad Papad 200g,snacks,"Chips, Namkeen & Snacks",200g,140,,41,,713
DM-7.1258,bikaji-papad-150gm,Bikaji Papad 150gm,snacks,"Chips, Namkeen & Snacks",150g,105,,56,,709
DM-10.521,grey-sketch-pad-30-sheets-148-210mm,Grey Sketch Pad 30 Sheets 148*210mm,health-hygiene,Feminine Hygiene,30 sheets,180,,34,,2318
DM-7.4233,haldiram-mini-sada-papad-73g,Haldiram MIni Sada Papad 73g,snacks,"Chips, Namkeen & Snacks",73g,35,,55,,2385
DM-1.2077,hot-pad-heat,Hot Pad Heat,health-hygiene,Feminine Hygiene,1 pc,165,,45,,2711
DM-1.2193,juni-foreyer-period-panties-5pcs,Juni Foreyer Period Panties 5pcs,health-hygiene,Feminine Hygiene,5 pcs,190,,55,,2881
DM-1.2258,mumbuds-period-panties-sanitary-pads-l-xl,Mumbuds Period Panties Sanitary Pads l/xl,health-hygiene,Feminine Hygiene,1 pc,190,,53,,3839
DM-1.2257,mumbuds-period-panties-sanitary-pads-m-l,Mumbuds Period Panties Sanitary Pads m/l,health-hygiene,Feminine Hygiene,1 pc,200,,58,,3840
DM-3.441,mumlove-breast-pad-cotton-a1041,Mumlove Breast Pad Cotton A1041,baby-care,Baby Accessories,1 pc,445,,8,,3864
DM-1.2336,nine-naturally-soft-period-panty-l-xl-5-pcs,Nine Naturally Soft Period Panty L-XL 5 pcs,health-hygiene,Feminine Hygiene,5 pcs,195,,46,,4020
DM-1.2337,nine-naturally-soft-period-panty-m-l-5-pcs,Nine Naturally Soft Period Panty M-L 5 pcs,health-hygiene,Feminine Hygiene,5 pcs,170,,28,,4021
DM-1.1282,nine-soft-pad-xl-6sn-s,Nine Soft Pad XL 6sN.S,health-hygiene,Feminine Hygiene,1 pc,190,,11,,4024
DM-1.1283,nine-pad-xl-purple-6s-d-c,Nine Pad Xl Purple 6s D.C,health-hygiene,Feminine Hygiene,6 pcs,165,,22,,4023
DM-20.94,patanjali-super-dish-wash-bar-scrub-pad-500g,Patanjali Super Dish Wash Bar Scrub Pad 500g,cleaning,Dishwash,500g,140,,53,,4364
DM-1.1912,pure-sanitary-pads-xxl-320mm,Pure Sanitary Pads xxl/320mm,health-hygiene,Feminine Hygiene,1 pc,170,,59,,4617
DM-10.398,stc-sketch-pad-a6,STC Sketch Pad A6,health-hygiene,Feminine Hygiene,1 pc,160,,51,,5252
DM-1.1369,safety-sanitary-pads-ultra-xxl-10,Safety Sanitary Pads Ultra XXL 10,health-hygiene,Feminine Hygiene,1 pc,185,,11,,4893
DM-1.1368,safety-sanitary-padsday-night-10pc-290mn,Safety Sanitary padsDay Night 10pc 290mn,health-hygiene,Feminine Hygiene,10 pc,200,,36,,4892
DM-1.1495,sagun-pad-all-night-ultra-320mm-8pads,Sagun Pad All Night Ultra 320mm 8pads,health-hygiene,Feminine Hygiene,8 pads,170,,38,,4903
DM-1.1507,sagun-pad-ultra-thin-320mm,Sagun Pad Ultra Thin 320mm,health-hygiene,Feminine Hygiene,1 pc,200,,59,,4904
DM-10.53,sllicon-poppad-bag-913-2,Sllicon Poppad Bag 913-2,home-living,"Bags, Umbrellas & Travel",1 pc,755,,45,,5127
DM-1.1144,softy-sanitary-napkin-premium-extra-long-15pads,Softy Sanitary Napkin Premium Extra Long 15pads,health-hygiene,Feminine Hygiene,15 pads,170,,14,,5176
DM-1.536,softy-sanitary-napkins-ultra-10s290mm,Softy Sanitary Napkins Ultra 10s290mm,health-hygiene,Feminine Hygiene,1 pc,160,,58,,5179
DM-1.2364,softy-sanitary-napkin-350mm-10pcs,Softy Sanitary Napkin 350mm 10pcs,health-hygiene,Feminine Hygiene,10 pcs,170,145,41,,5174
DM-1.2365,softy-sanitary-napkin-350mm-30pcs,Softy Sanitary Napkin 350mm 30pcs,health-hygiene,Feminine Hygiene,30 pcs,180,,17,,5175
DM-1.472,softy-sanitary-napkins-night-pack-8s,Softy Sanitary Napkins Night Pack 8s,health-hygiene,Feminine Hygiene,8 pcs,170,,49,,5178
DM-1.1986,softy-sanitary-napkins-night-pack-8s-290ml,Softy Sanitary Napkins Night Pack 8s 290ml,health-hygiene,Feminine Hygiene,290ml,125,,39,,5177
DM-1.57,sofy-sanitary-napkins-ultra-320mm-10s,Sofy Sanitary Napkins Ultra 320mm 10s,health-hygiene,Feminine Hygiene,10 pcs,165,,24,,5182
DM-4.1396,stainless-steel-disc-pad-lock-90mm,Stainless Steel Disc Pad Lock 90mm,home-living,"Tools, Hardware & Auto",1 pc,365,,28,,5238
DM-1.198,tomorrow-scouring-pad-3-pcs,Tomorrow Scouring Pad 3 pcs,health-hygiene,Feminine Hygiene,3 pcs,175,,25,,5570
DM-1.173,tomorrow-scouring-pad-5pcs,Tomorrow Scouring Pad 5pcs,health-hygiene,Feminine Hygiene,5 pcs,195,,57,,5571
DM-1.1628,zuvara-period-panties-m-l-l-xl,Zuvara Period Panties M L\L-Xl,health-hygiene,Feminine Hygiene,1 pc,195,180,22,,6022
DM-1.2263,zuvara-period-panties-l-xl-m-l-10pcs,Zuvara Period Panties L-XL/M-L 10pcs,health-hygiene,Feminine Hygiene,10 pcs,170,,27,,6021
DM-3.642,4-pcs-baby-scissors-nail-clipper-8121-x,4 pcs Baby Scissors Nail Clipper 8121-X,beauty-skincare,Makeup & Nail Care,4 pcs,370,,31,,100
DM-2.1622,animate-facial-softgel-capsules-60pcs,Animate Facial Softgel Capsules 60pcs,beauty-skincare,Skin Care,60 pcs,480,400,50,,272
DM-2.269,btight-hair-soften-essence-60-capsules,BTIGHT Hair Soften Essence 60 Capsules,groceries,Cooking Essentials,1 pc,120,,49,,847
DM-22.6,bearing-vitamin-b-z-for-dog-135ml,Bearing Vitamin B-z For Dog 135ml,pet-care,Pet Food & Accessories,135ml,140,,29,,655
DM-10.462,body-painting-pen-8-colors,Body Painting Pen 8 Colors,stationery,"Pens, Pencils & Erasers",1 pc,45,,22,,762
DM-2.2091,boro-plus-ayurvedic-antiseptic-cream-80ml,Boro Plus Ayurvedic Antiseptic Cream 80ml,health-hygiene,Health & Wellness,80ml,120,110,46,,778
DM-2.16,boro-plus-healthy-skin-antiseptic-cream-19m,Boro Plus Healthy Skin Antiseptic Cream 19m,health-hygiene,Health & Wellness,1 pc,245,,42,,780
DM-2.3-2,boro-plus-healthy-skin-antiseptic-cream-40ml,Boro Plus Healthy Skin Antiseptic Cream 40ml,health-hygiene,Health & Wellness,40ml,90,,42,,781
DM-2.556,boroline-antiseptic-ayurvedic-cream,Boroline Antiseptic Ayurvedic Cream,health-hygiene,Health & Wellness,1 pc,235,,15,,784
DM-2.3454,boroline-antiseptic-ayurvedic-cream20g,Boroline Antiseptic Ayurvedic Cream20g,health-hygiene,Health & Wellness,20g,60,50,49,,783
DM-2.3888,cetaphil-sun-spf50-light-gel-vitamin-e-cream-50ml,Cetaphil Sun spf50++ Light Gel Vitamin E Cream 50ml,beauty-skincare,Skin Care,50ml,335,,30,,1006
DM-2.3422,colors-queen-color-stay,Colors Queen Color Stay,beauty-skincare,Makeup & Nail Care,1 pc,325,,34,,1191
DM-2.344,dettol-antiseptic-liquid-150ml,DETTOL ANTISEPTIC LIQUID 150ML,health-hygiene,Health & Wellness,150ml,205,185,40,,1393
DM-2.343,dettol-antiseptic-liquid-250ml,DETTOL ANTISEPTIC LIQUID 250ML,health-hygiene,Health & Wellness,250ml,315,,16,yes,1394
DM-2.345,dettol-antiseptic-liquid-60ml,DETTOL ANTISEPTIC LIQUID 60ML,health-hygiene,Health & Wellness,60ml,110,95,37,,1396
DM-2.3889,dr-rashel-vitamin-c-day-cream-50gm,DR.Rashel Vitamin C Day Cream 50gm,beauty-skincare,Skin Care,50g,210,,50,,1653
DM-2.994,dettol-antiseptic-liquid-550ml,Dettol Antiseptic Liquid 550ml,health-hygiene,Health & Wellness,550ml,625,,8,,1395
DM-2.34,dot-key-vitamin-c-e-super-bright-gel-facewash-100ml,Dot&key Vitamin c+e Super Bright Gel Facewash 100ml,beauty-skincare,Skin Care,100ml,315,,21,,1611
DM-3.608,farlin-crow-with-colors-bottle-140ml-ab-41022,Farlin Crow With Colors Bottle 140ml Ab 41022,baby-care,Baby Accessories,140ml,415,,13,,1897
DM-2.2969,femi-wash-antiseptic-vaginal-wash-hygiene-100ml,Femi Wash Antiseptic Vaginal Wash Hygiene 100ml,health-hygiene,Health & Wellness,100ml,155,,52,,1932
DM-2.2749,garnier-bright-complete-30x-vitamin-c-30ml,Garnier Bright Complete 30x Vitamin C 30ml,beauty-skincare,Skin Care,30ml,155,,11,yes,2113
DM-2.2646,garnier-bright-complete-30x-vitamin-c15ml,Garnier Bright Complete 30x Vitamin C15ML,beauty-skincare,Skin Care,15ml,105,,12,,2114
DM-2.2933,garnier-skin-bright-complete-vitamin-c45gg-spf40,Garnier Skin Bright Complete Vitamin C45Gg SPF40,beauty-skincare,Skin Care,1 pc,455,,36,,2152
DM-2.3844,garnier-vitamin-c-fresh-bright-20ml,Garnier Vitamin C Fresh&bright 20ml,beauty-skincare,Skin Care,20ml,115,,51,yes,2157
DM-2.384,garnier-vitamin-c-fresh-bright-45ml,Garnier Vitamin C Fresh&bright 45ml,beauty-skincare,Skin Care,45ml,185,,8,,2158
DM-2.2192,joy-bright-radiance-vitamin-c-5actions-30ml,JOY Bright Radiance vitamin+C 5actions 30ml,health-hygiene,Health & Wellness,30ml,75,,15,,2833
DM-1.1515,lux-jasmine-vitamin-c-100gm,Lux Jasmine Vitamin C 100gm,beauty-skincare,Skin Care,100g,315,,44,,3406
DM-1.1514,lux-rose-vitamin-c-100gm,Lux Rose Vitamin C 100gm,beauty-skincare,Skin Care,100g,335,285,30,,3407
DM-10.508,manicure-scissors-ad-202,Manicure Scissors AD-202,beauty-skincare,Makeup & Nail Care,1 pc,365,305,14,,3544
DM-2.3257,moov-pain-relief-specialist-10gm,Moov Pain Relief Specialist 10gm,health-hygiene,Health & Wellness,10g,45,,53,,3784
DM-2.1706,moov-pain-relief-specialist-20g,Moov Pain Relief Specialist 20g,health-hygiene,Health & Wellness,20g,55,,42,,3785
DM-2.2771,plom-vitamin-c-15-30ml,Plom Vitamin C(15%)30ml,beauty-skincare,Skin Care,30ml,135,,36,,4479
DM-2.3609,plom-calendula-vitamin-c1-ultra-light-glow-gel-cream-50ml,Plom Calendula&vitamin c1% Ultra Light Glow Gel Cream 50ml,beauty-skincare,Fragrance & Deodorant,50ml,280,,18,,4440
DM-2.3282,plom-mandarin-vitamin-c-facce-wash-110ml,Plom Mandarin & Vitamin C Facce Wash 110ml,beauty-skincare,Skin Care,110ml,365,295,59,,4460
DM-9.528,senior-tailor-scissors-stainless-steel-265mm-10-5inch-k38,Senior Tailor Scissors Stainless Steel 265mm-10.5inch K38,stationery,School & Office Supplies,1 pc,155,,12,,4981
DM-2.3915,silcon-vitamin-c-fash-wash,Silcon Vitamin C Fash Wash,beauty-skincare,Skin Care,1 pc,500,405,33,,5079
DM-2.3794,sumnima-herbal-deep-moisturising-cream-vitamin-c-100gm,Sumnima Herbal Deep Moisturising Cream Vitamin C 100gm,beauty-skincare,Skin Care,100g,315,,20,,5322
DM-2.3793,sumnima-herbal-deep-moisturising-cream-vitamin-c-200gm,Sumnima Herbal Deep Moisturising Cream Vitamin C 200gm,beauty-skincare,Skin Care,200g,510,,34,,5323
DM-2.2701,vicks-inhaler-0-5ml,Vicks Inhaler 0.5ml,health-hygiene,Health & Wellness,0.5ml,25,,51,,5740
DM-2.3324,zandu-pain-relief-gel-ultra-strong-45ml,Zandu Pain Relief Gel Ultra Strong 45ml,health-hygiene,Health & Wellness,45ml,100,,56,,5982
DM-2.3109,zandu-pain-relief-spray-ultra-strong-48ml,Zandu Pain Relief Spray Ultra Strong 48ml,health-hygiene,Health & Wellness,48ml,80,,47,,5984
DM-4.1-2,zinger-manicure-scissors,Zinger Manicure Scissors,beauty-skincare,Makeup & Nail Care,1 pc,380,350,46,,6000
DM-17.308,ai-meng-teng-baby-clip,Ai Meng Teng Baby Clip,ladies-wear,Hair Accessories,1 pc,80,75,32,,185
DM-3.55-2,aiwibi-australia-baby-bubble-wash-shampoo300ml,Aiwibi Australia Baby Bubble Wash & Shampoo300ml,baby-care,Baby Bath & Skin Care,300ml,460,425,32,,191
DM-3.555,aiwibi-australia-baby-facial-cream-50ml,Aiwibi Australia Baby Facial Cream 50ml,baby-care,Baby Bath & Skin Care,50ml,115,,19,,193
DM-3.554,aiwibi-australia-baby-foaming-cleanser-480ml,Aiwibi Australia Baby Foaming Cleanser 480ml,baby-care,Baby Bath & Skin Care,480ml,650,,50,,194
DM-3.557,aiwibi-australia-baby-laundry-liquid1000ml,Aiwibi Australia Baby Laundry Liquid1000ml,baby-care,Baby Bath & Skin Care,1000ml,1240,,20,,195
DM-3.551,aiwibi-australia-baby-lotion-150ml,Aiwibi Australia Baby Lotion 150ml,baby-care,Baby Bath & Skin Care,150ml,260,,46,,196
DM-3.552,aiwibi-australia-baby-massage-oli-100ml,Aiwibi Australia Baby Massage Oli 100ml,baby-care,Baby Bath & Skin Care,100ml,175,,23,,198
DM-3.556,aiwibi-australia-baby-nappy-rash-cream-50ml,Aiwibi Australia Baby Nappy Rash Cream 50ml,baby-care,Baby Bath & Skin Care,50ml,105,,14,,199
DM-1.1613,aiwibi-australia-baby-pants-l40,Aiwibi Australia Baby Pants l40,baby-care,Diapers & Wipes,1 pc,630,,36,,200
DM-1.1612,aiwibi-australia-baby-pants-m42,Aiwibi Australia Baby Pants m42,baby-care,Diapers & Wipes,1 pc,695,580,29,,201
DM-1.1611,aiwibi-australia-baby-pants-s44,Aiwibi Australia Baby Pants s44,baby-care,Diapers & Wipes,1 pc,650,,16,,203
DM-1.1999,aiwibi-australia-baby-pants-xl32,Aiwibi Australia Baby Pants xl32,baby-care,Diapers & Wipes,1 pc,720,,12,,204
DM-1.1614,aiwibi-australia-baby-pants-xl36,Aiwibi Australia Baby Pants xl36,baby-care,Diapers & Wipes,1 pc,720,,18,,205
DM-1.1615,aiwibi-australia-baby-pants-xxl36,Aiwibi Australia Baby Pants xxl36,baby-care,Diapers & Wipes,1 pc,715,,56,,206
DM-3.553,aiwibi-australia-baby-sunscreen-lotino-50ml,Aiwibi Australia Baby Sunscreen Lotino 50ml,baby-care,Baby Bath & Skin Care,50ml,120,,28,,207
DM-1.1727,aiwibi-baby-wet-wipes,Aiwibi Baby Wet Wipes,baby-care,Diapers & Wipes,1 pc,600,,14,,215
DM-3.647,aiwibi-australia-baby-massage-oil-200ml,Aiwibi Australia Baby Massage Oil 200ml,baby-care,Baby Bath & Skin Care,200ml,295,,14,,197
DM-1.2106,aiwibi-australia-baby-pants-m52-pcs,Aiwibi Australia Baby Pants M52 pcs,baby-care,Diapers & Wipes,52 pcs,700,655,56,,202
DM-3.635,aiwibi-australia-baby-wet-wipes-240pcs,Aiwibi Australia Baby Wet Wipes 240pcs,baby-care,Diapers & Wipes,240 pcs,645,535,32,,208
DM-3.648,aiwibi-australia-nappy-rash-cream-55ml,Aiwibi Australia Nappy Rash Cream 55ml,baby-care,Baby Bath & Skin Care,55ml,130,,51,,210
DM-3.654,aiwibi-baby-silicone-fruit-feeder-6month,Aiwibi Baby Silicone Fruit Feeder 6month +,baby-care,Baby Bath & Skin Care,1 pc,360,290,44,,214
DM-3.61,aiwibi-permium-baby-wet-wipes-80pcs,Aiwibi Permium Baby Wet Wipes 80pcs,baby-care,Diapers & Wipes,80 pcs,595,,8,,217
DM-1.2144,asal-baby-pants-l4pcs,Asal Baby Pants L4pcs,baby-care,Diapers & Wipes,4 pcs,620,580,9,,319
DM-1.2147,asal-baby-pants-m5pcs,Asal Baby Pants M5pcs,baby-care,Diapers & Wipes,5 pcs,675,,41,,320
DM-1.2146,asal-baby-pants-s-5pcs,Asal Baby Pants S 5pcs,baby-care,Diapers & Wipes,5 pcs,640,,41,,321
DM-1.2149,asal-baby-pants-xl38pcs,Asal Baby Pants XL38pcs,baby-care,Diapers & Wipes,38 pcs,575,,43,,322
DM-1.2145,asal-baby-pants-xl4pcs,Asal Baby Pants XL4pcs,baby-care,Diapers & Wipes,4 pcs,645,,44,,323
DM-1.757,b-fit-adult-diapers-m10,B-Fit Adult Diapers M10,baby-care,Diapers & Wipes,1 pc,610,,10,,380
DM-1.756,b-fit-adult-diapers-l10,B-Fit Adult Diapers L10,baby-care,Diapers & Wipes,1 pc,685,600,25,,379
DM-1.2151,baba-s-happy-baby-pants-l46-pcs,Baba's Happy Baby Pants L46 pcs,baby-care,Diapers & Wipes,46 pcs,645,590,47,,384
DM-1.215,baba-s-happy-baby-pants-m50-pcs,Baba's Happy Baby Pants M50 pcs,baby-care,Diapers & Wipes,50 pcs,620,,42,,385
DM-3.449,baby-care-kit,Baby Care Kit,baby-care,Baby Bath & Skin Care,1 set,315,285,20,,393
DM-3.185,baby-feeding-bowl-chinese,Baby Feeding Bowl Chinese,kitchen-household,Dinnerware & Serving,1 pc,425,,15,,401
DM-8.1,baby-guggles-g-m,Baby Guggles G.M,baby-care,Baby Accessories,1 pc,470,420,31,,404
DM-8.2,baby-guggles-black,Baby Guggles Black,baby-care,Baby Accessories,1 pc,475,,35,,403
DM-3.169,baby-teether-giraff-a6119-2,Baby Teether Giraff A6119-2,baby-care,Baby Accessories,1 pc,440,405,43,,436
DM-9.703,baby-trainer-potty-1812,Baby Trainer Potty 1812,baby-care,Diapers & Wipes,1 pc,585,,23,,448
DM-3.109,baby-wipes-sensitive-aloe-chamomile-90s,Baby Wipes Sensitive Aloe & Chamomile 90s,baby-care,Diapers & Wipes,90 pcs,665,,8,,452
DM-17.278,baby-clip-2pc-set-mix,Baby Clip 2pc Set Mix,ladies-wear,Hair Accessories,2 pc,75,,46,,394
DM-17.314,baby-clip-set-mix,Baby Clip Set Mix,ladies-wear,Hair Accessories,1 pc,80,65,43,,395
DM-17.2,baby-clip-set-pack,Baby Clip Set Pack,ladies-wear,Hair Accessories,1 pc,75,,56,,396
DM-17.326,baby-clip-rabbar-mix-box,Baby clip/rabbar Mix Box,ladies-wear,Hair Accessories,1 pc,75,,49,,397
DM-3.314,baby-nail-clipper-a1069-1,Baby Nail Clipper A1069-1,beauty-skincare,Makeup & Nail Care,1 pc,310,,47,,418
DM-9.704,baby-teether-mix,Baby Teether Mix,baby-care,Baby Accessories,1 pc,450,,42,,435
DM-17.287,bi-ying-baby-clip-4pcs,Bi Ying Baby Clip 4pcs,ladies-wear,Hair Accessories,4 pcs,85,75,54,,691
DM-7.1248,borges-olive-baby-oil-250ml,Borges Olive Baby Oil 250ml,baby-care,Baby Bath & Skin Care,250ml,560,,21,,774
DM-1.2202,chikool-aqua-baby-wipes,Chikool Aqua Baby Wipes,baby-care,Diapers & Wipes,1 pc,705,,51,,1052
DM-2.367-2,cucumber-wet-wipes,Cucumber Wet Wipes,cleaning,Tissues & Paper,1 pc,130,,15,,1242
DM-1.2051,diaper-pants-mix,Diaper Pants MIX,baby-care,Diapers & Wipes,1 pc,645,,19,,1437
DM-9.757,educational-baby-bottles-no-220,Educational Baby Bottles NO.220,baby-care,Baby Accessories,1 pc,475,,45,,1756
DM-1.2215,eurosoft-baby-diaper-pant-l-40,Eurosoft Baby Diaper Pant L-40,baby-care,Diapers & Wipes,1 pc,670,,18,,1829
DM-1.2217,eurosoft-baby-diaper-pant-m-42,Eurosoft Baby Diaper Pant M-42,baby-care,Diapers & Wipes,1 pc,700,,29,,1830
DM-1.2216,eurosoft-baby-diaper-pant-xl-36,Eurosoft Baby Diaper Pant XL-36,baby-care,Diapers & Wipes,1 pc,590,,45,,1831
DM-1.2218,eurosoft-baby-diaper-pant-xxl-34,Eurosoft Baby Diaper Pant XXL-34,baby-care,Diapers & Wipes,1 pc,715,,26,,1832
DM-3.634,eurosoft-baby-wet-wipes,Eurosoft Baby Wet Wipes,baby-care,Diapers & Wipes,1 pc,575,495,9,,1833
DM-3.431,farlin-baby-soap-80g,Farlin Baby Soap 80g,baby-care,Baby Accessories,80g,475,,38,,1893
DM-3.496,farlin-baby-feeding-bottle-wash-700ml-reffill-pack,Farlin Baby Feeding Bottle Wash 700ml Reffill Pack,baby-care,Baby Accessories,700ml,465,,30,,1891
DM-3.198,farlin-baby-feeding-bottle-wash-500ml200,Farlin Baby Feeding Bottle Wash 500ml200,baby-care,Baby Accessories,1 pc,430,,43,,1890
DM-3.418,farlin-baby-feeding-bottle-wash-700ml,Farlin Baby Feeding Bottle Wash 700ml,baby-care,Baby Accessories,700ml,465,,34,,1892
DM-3.609,florona-kiddos-baby-wipes-80pc,Florona Kiddos Baby Wipes 80pc,baby-care,Diapers & Wipes,80 pc,605,,45,,1998
DM-1.1985,hello-panda-wipes-mini-wet-wipes-8pcs,Hello Panda wipes/mini Wet Wipes 8pcs,cleaning,Tissues & Paper,8 pcs,65,55,34,,2507
DM-3.542,himalaya-baby-cream-pure-50ml,Himalaya BAby Cream Pure 50ml,baby-care,Baby Bath & Skin Care,50ml,120,,30,yes,2597
DM-3.136,himalaya-diaper-rash-cream-20g,Himalaya Diaper Rash Cream 20g,baby-care,Diapers & Wipes,20g,150,,14,,2608
DM-1.1789,himalaya-total-care-baby-pants-l52,Himalaya Total Care Baby Pants L52,baby-care,Diapers & Wipes,1 pack,660,,59,,2661
DM-1.179-2,himalaya-total-care-baby-pants-xl52,Himalaya Total Care Baby Pants XL52,baby-care,Diapers & Wipes,1 pkt,715,,46,yes,2662
DM-3.205,himalaya-baby-shampoo-400ml,Himalaya Baby Shampoo 400ml,baby-care,Baby Bath & Skin Care,400ml,510,,13,,2604
DM-3.142,himalaya-baby-cream-100ml,Himalaya Baby Cream 100ml,baby-care,Baby Bath & Skin Care,100ml,190,,32,,2594
DM-3.141,himalaya-baby-cream-200ml,Himalaya Baby Cream 200ml,baby-care,Baby Bath & Skin Care,200ml,290,,19,yes,2595
DM-3.143,himalaya-baby-cream-50ml,Himalaya Baby Cream 50ml,baby-care,Baby Bath & Skin Care,50ml,130,,56,,2596
DM-3.204,himalaya-baby-lotion-200ml,Himalaya Baby Lotion 200ml,baby-care,Baby Bath & Skin Care,200ml,300,,21,,2600
DM-3.139,himalaya-gentle-baby-shampoo-100ml,Himalaya Gentle Baby Shampoo 100ml,baby-care,Baby Bath & Skin Care,100ml,175,,25,,2610
DM-3.138,himalaya-gentle-baby-shampoo-200ml,Himalaya Gentle Baby Shampoo 200ml,baby-care,Baby Bath & Skin Care,200ml,325,270,46,,2611
DM-3.225,himalaya-gentle-baby-soap-125g,Himalaya Gentle Baby Soap 125g,baby-care,Baby Bath & Skin Care,125g,215,195,40,,2612
DM-3.237,himalaya-gentle-baby-soap-75g,Himalaya Gentle Baby Soap 75g,baby-care,Baby Bath & Skin Care,75g,145,,48,yes,2613
DM-3.602,himalaya-gentle-baby-soap-buy-3-get-1-free-300gm,Himalaya Gentle Baby Soap Buy 3 Get 1 Free 300gm,baby-care,Baby Bath & Skin Care,300g,430,360,23,,2614
DM-3.147,himalaya-gentle-baby-wipes-72pc,Himalaya Gentle Baby Wipes 72pc,baby-care,Diapers & Wipes,72 pc,720,,21,,2615
DM-3.208,himalaya-refreshing-baby-soap75g,Himalaya Refreshing Baby soap75g,baby-care,Baby Bath & Skin Care,75g,140,,21,,2660
DM-3.611,himalayan-baby-lotion-100ml,Himalayan Baby Lotion 100ml,baby-care,Baby Bath & Skin Care,100ml,185,,13,,2668
DM-3.133,johnson-baby-lotion-100ml,Johnson Baby Lotion 100ml,baby-care,Baby Bath & Skin Care,100ml,180,160,45,,2809
DM-3.3,johnsons-baby-shampoo-100ml,Johnsons Baby Shampoo 100ml,baby-care,Baby Bath & Skin Care,100ml,185,,29,,2819
DM-3.4-2,johnsons-baby-shampoo-50ml,Johnsons Baby Shampoo 50ml,baby-care,Baby Bath & Skin Care,50ml,120,110,41,,2821
DM-3.21,johnsons-baby-soap-50g,Johnsons Baby Soap 50g,baby-care,Baby Bath & Skin Care,50g,110,,28,,2822
DM-3.62,johnsons-top-to-toe-baby-wash-210ml,Johnsons Top-to-toe Baby Wash 210ml,baby-care,Baby Bath & Skin Care,210ml,285,250,30,,2826
DM-3.54,johnsons-baby-cream-30g,Johnsons Baby Cream 30g,baby-care,Baby Bath & Skin Care,30g,90,,44,,2812
DM-3.53,johnsons-baby-cream-50g,Johnsons Baby Cream 50g,baby-care,Baby Bath & Skin Care,50g,120,,23,,2813
DM-3.56,johnsons-baby-lotion-50ml,Johnsons Baby Lotion 50ml,baby-care,Baby Bath & Skin Care,50ml,125,,11,,2814
DM-3.132,johnsons-baby-oil-50ml,Johnsons Baby Oil 50ml,baby-care,Baby Bath & Skin Care,50ml,130,,38,,2818
DM-3.64,johnsons-baby-shampoo-200ml,Johnsons Baby Shampoo 200ml,baby-care,Baby Bath & Skin Care,200ml,270,230,50,,2820
DM-1.2055,jubilee-baby-pants-s42-pcs,Jubilee Baby Pants s42 pcs,baby-care,Diapers & Wipes,42 pcs,700,630,51,,2871
DM-1.1989,kyu-baby-pants-s-m-40-pcs,Kyu Baby Pants S/ M 40 pcs,baby-care,Diapers & Wipes,40 pcs,615,,58,,3109
DM-2.312-2,love-of-dream-bamboo-wet-wipes-90wipes,Love Of Dream Bamboo Wet Wipes 90wipes,cleaning,Tissues & Paper,1 pc,115,,37,,3386
DM-3.268,mothers-choice-baby-wipes-100s,Mothers Choice Baby Wipes 100s,baby-care,Diapers & Wipes,100 pcs,695,,20,,3801
DM-1.1958,mumbuds-permium-baby-pants-m40,Mumbuds Permium Baby Pants m40,baby-care,Diapers & Wipes,1 pc,685,,48,,3841
DM-1.1957,mumbuds-permium-baby-pants-s42,Mumbuds Permium Baby Pants s42,baby-care,Diapers & Wipes,1 pc,640,,58,,3842
DM-1.1959,mumbuds-permium-baby-pants-xl36,Mumbuds Permium Baby Pants xl36,baby-care,Diapers & Wipes,1 pc,715,,58,,3843
DM-1.196,mumbuds-permium-baby-pants-xxl34,Mumbuds Permium Baby Pants xxl34,baby-care,Diapers & Wipes,1 pc,690,,31,,3844
DM-1.2259,mumbuds-premium-baby-pant-diapers-l38pcs,Mumbuds Premium Baby Pant Diapers l38pcs,baby-care,Diapers & Wipes,38 pcs,590,,46,,3845
DM-1.1961,mumbuds-water-wipes-100pcs,Mumbuds Water Wipes 100pcs,cleaning,Tissues & Paper,100 pcs,130,120,53,,3846
DM-3.597,mumlove-baby-teether-mitten-a6119,Mumlove Baby Teether Mitten A6119,baby-care,Baby Accessories,1 pc,460,,13,,3857
DM-3.653,mumlove-baby-teether-slicon-a6119-28-29,Mumlove Baby Teether Slicon A6119-28/29,baby-care,Baby Accessories,1 pc,460,,37,,3858
DM-3.341,mumlove-baby-bottle-best-mum-options-250ml-b807,Mumlove Baby Bottle Best mum! Options 250ml B807,baby-care,Baby Accessories,250ml,415,,42,,3851
DM-1.2048,nine-diaper-pants-s10,Nine Diaper Pants S10,baby-care,Diapers & Wipes,1 pc,600,,29,,4015
DM-9.86,om-baby-teethers-gift-set,OM+ Baby Teethers Gift Set,gifts-puja,Gifts & Party,1 box,275,,42,,4165
DM-3.558,parachute-baby-powder-50gm,Parachute Baby Powder 50gm,baby-care,Baby Bath & Skin Care,50g,130,110,24,,4241
DM-3.547,paraute-baby-shampoo-200ml,Paraute Baby Shampoo 200ml,baby-care,Baby Bath & Skin Care,200ml,300,,42,,4254
DM-3.567,passion-budget-baby-wet-wipes,Passion Budget Baby Wet Wipes,baby-care,Diapers & Wipes,1 pc,655,,50,,4301
DM-2.3977,passion-face-wet-wipes,Passion Face Wet Wipes,cleaning,Tissues & Paper,1 pc,110,100,37,,4302
DM-3.498,prachute-baby-lotion-100ml,Prachute Baby Lotion 100ml,baby-care,Baby Bath & Skin Care,100ml,180,,43,,4563
DM-3.603,sensitive-simba-baby-wipes-80pcs,Sensitive Simba Baby Wipes 80pcs,baby-care,Diapers & Wipes,80 pcs,675,,11,,4988
DM-9.744,soft-baby-potty-seat,Soft Baby Potty Seat,baby-care,Diapers & Wipes,1 pc,585,,51,,5158
DM-3.14,softy-magic-baby-wipes-80s,Softy Magic Baby Wipes 80s,baby-care,Diapers & Wipes,80 pcs,620,,50,,5172
DM-3.448,stereo-baby-teether-a6119-3,Stereo Baby Teether A6119-3,baby-care,Baby Accessories,1 pc,480,,16,,5259
DM-1.2376,ultra-comfact-baby-wipes-80-pcs,Ultra Comfact Baby Wipes 80 pcs,baby-care,Diapers & Wipes,80 pcs,585,,38,,5634
DM-1.1627,zuvara-baby-cotton-tissue-40,Zuvara Baby Cotton Tissue 40,baby-care,Diapers & Wipes,1 pc,595,,12,,6008
DM-1.2024,zuvara-baby-diper-pants-xxl-24,Zuvara Baby Diper Pants XXl 24,baby-care,Diapers & Wipes,1 pc,655,,52,,6011
DM-1.1621,zuvara-baby-pants-m40,Zuvara Baby Pants M40,baby-care,Diapers & Wipes,1 pc,655,580,28,,6013
DM-1.1624,zuvara-baby-pants-xxl-40pc,Zuvara Baby Pants XXL 40pc,baby-care,Diapers & Wipes,40 pc,610,,37,,6014
DM-1.1625,zuvara-baby-water-wipes-80,Zuvara Baby Water Wipes 80,baby-care,Diapers & Wipes,1 pc,685,,20,,6018
DM-1.1622,zuvara-diaper-pants-l40,Zuvara Diaper Pants L40,baby-care,Diapers & Wipes,1 pc,710,,57,,6019
DM-1.162,zuvara-s40,Zuvara S40,baby-care,Diapers & Wipes,1 pc,700,,13,,6023
DM-1.1741,zuvara-supeme-diaper-xxl36,Zuvara Supeme Diaper xxl36,baby-care,Diapers & Wipes,1 pc,615,,42,,6024
DM-1.1739,zuvara-supreme-diper-m36,Zuvara Supreme Diper m36,baby-care,Diapers & Wipes,1 pc,695,,53,,6025
DM-1.2108,zuvara-wet-wipes-80-pcs,Zuvara Wet Wipes 80 pcs,cleaning,Tissues & Paper,80 pcs,105,,47,,6026
DM-1.1623,zuvara-xl40,Zuvara XL40,baby-care,Diapers & Wipes,1 pc,605,,25,,6028
DM-1.2253,zuvara-baby-diaper-pants-l70,Zuvara Baby Diaper Pants l70,baby-care,Diapers & Wipes,1 pc,600,,45,,6009
DM-1.2252,zuvara-baby-diaper-pants-m70,Zuvara Baby Diaper Pants m70,baby-care,Diapers & Wipes,1 pc,680,,52,,6010
DM-1.1821,zuvara-baby-powder-200g,Zuvara Baby Powder 200g,baby-care,Diapers & Wipes,200g,150,,27,,6015
DM-1.2251,zuvara-baby-tape-diapers-s70,Zuvara Baby Tape Diapers s70,baby-care,Diapers & Wipes,1 pc,590,,36,,6017
DM-1.1618,zuvara-nb-22,Zuvara Nb 22,baby-care,Diapers & Wipes,1 pc,575,,37,,6020
DM-2.3989,zuvara-wet-wipes-buy2get1free,Zuvara Wet Wipes buy2get1free,cleaning,Tissues & Paper,1 pc,110,,22,,6027
DM-3.646,aiwibi-australia-baby-cotton-swab-box,Aiwibi Australia Baby Cotton Swab Box,baby-care,Baby Bath & Skin Care,1 pc,320,,35,,192
DM-4.1123,baby-bottle-sport-cartoon-mix,Baby Bottle Sport /Cartoon Mix,baby-care,Baby Accessories,1 pc,455,,26,,391
DM-3.47,johnsons-baby-oil-100ml,Johnsons Baby Oil 100ml,baby-care,Baby Bath & Skin Care,100ml,170,,19,,2817
DM-3.48,johnsons-baby-soap-milk-soap-75g,Johnsons Baby soap/ Milk Soap 75g,baby-care,Baby Bath & Skin Care,75g,135,,42,,2823
DM-3.502,parachute-baby-cream-100ml,Parachute Baby Cream 100ml,baby-care,Baby Bath & Skin Care,100ml,185,170,56,,4240
DM-1.1824,zuvara-baby-body-lotion-500ml,Zuvara Baby Body Lotion 500ml,baby-care,Diapers & Wipes,500ml,230,,49,,6006
DM-1.1825,zuvara-baby-body-wash-500ml,Zuvara Baby Body Wash 500ml,baby-care,Diapers & Wipes,500ml,185,,59,,6007
DM-1.1827,zuvara-baby-massage-oil-100ml,Zuvara Baby Massage Oil 100ml,baby-care,Diapers & Wipes,100ml,150,125,54,,6012
DM-1.1826,zuvara-baby-shampoo-500ml,Zuvara Baby Shampoo 500ml,baby-care,Diapers & Wipes,500ml,225,,22,,6016
DM-1.1732,390pcs-dry-tissue-pkt-no-y015,390pcs Dry Tissue Pkt NO.Y015,cleaning,Tissues & Paper,390 pcs,135,,24,,88
DM-2.3945,7-wonders-exfoliating-natural-scrub-250ml,7 Wonders Exfoliating Natural Scrub 250ml,beauty-skincare,Skin Care,250ml,705,,43,,103
DM-1.2331,air-boat-air-freshner-70gm,Air Boat Air Freshner 70gm,cleaning,Fresheners & Repellents,70g,80,,47,,186
DM-1.233,air-freshener-odonil,Air Freshener Odonil,cleaning,"Floor, Toilet & Glass Cleaners",1 pc,270,,31,,187
DM-3.655,aiwibi-australia-liquid-laundry-detergent-3-0l,Aiwibi Australia Liquid Laundry Detergent 3.0l,baby-care,Baby Bath & Skin Care,3.0L,2000,,51,,209
DM-1.319,all-out-combo,All Out Combo,cleaning,Fresheners & Repellents,1 pc,205,,9,,233
DM-1.347,all-out-ultra-refiel,All Out Ultra Refiel,cleaning,Fresheners & Repellents,1 pc,200,,40,,234
DM-4.151-2,aluminium-foil-20mtr-300mm,Aluminium Foil 20mtr 300mm,cleaning,Tissues & Paper,1 pc,125,,42,,243
DM-1.44,apple-vinda-box-tissue-100,Apple/Vinda Box Tissue 100,cleaning,Tissues & Paper,1 pc,110,,14,,285
DM-1.1123,ariel-front-load-liquid-detergent-1kg,Ariel Front Load Liquid Detergent 1kg,cleaning,Detergent & Laundry,1kg,280,,27,yes,299
DM-10.152,artist-brush-painter-friend,Artist Brush Painter Friend,cleaning,"Floor, Toilet & Glass Cleaners",1 pc,230,,22,,318
DM-2.1191,asta-berry-apricot-scrub-100ml,Asta Berry Apricot Scrub 100ml,beauty-skincare,Skin Care,100ml,290,,25,,325
DM-1.678,auto-squeeze-mop-white,Auto Squeeze Mop White,cleaning,"Floor, Toilet & Glass Cleaners",1 pc,255,,42,,366
DM-4.1113,baby-rptating-bottle-brush,Baby Rptating Bottle Brush,cleaning,"Floor, Toilet & Glass Cleaners",1 pc,230,,20,,425
DM-3.377,baby-tooth-brush-no13,Baby Tooth Brush NO13,baby-care,Baby Bath & Skin Care,1 pc,310,,46,,437
DM-4.1404,barbicue-brush-8637,Barbicue Brush 8637,kitchen-household,Kitchen Tools,1 pc,265,,47,,606
DM-4.936,basin-cleaing-brush,Basin Cleaing Brush,cleaning,"Floor, Toilet & Glass Cleaners",1 pc,255,235,10,,611
DM-4.501,bath-flowers-scrubber-bath-ball-250,Bath Flowers Scrubber/Bath Ball 250,cleaning,Dishwash,1 pc,115,100,50,,613
DM-1.1523,baygon-max-mosquito-cockroach-liller-400ml,Baygon Max Mosquito\Cockroach Liller 400ml,cleaning,Fresheners & Repellents,400ml,300,,35,,626
DM-1.775,baygon-allout-crawling-insect-killer-250ml,Baygon Allout Crawling Insect Killer 250ml,cleaning,Fresheners & Repellents,250ml,180,,58,,623
DM-1.924,baygon-cockroach-killer-kitchen-defense-400ml,Baygon Cockroach Killer Kitchen Defense 400ml,cleaning,Fresheners & Repellents,400ml,290,,44,,624
DM-4.878,bed-brush-soft,Bed Brush Soft,cleaning,"Floor, Toilet & Glass Cleaners",1 pc,245,,32,,663
DM-1.198-2,black-phenyle-1ltr,Black Phenyle 1ltr,cleaning,"Floor, Toilet & Glass Cleaners",1L,275,,12,,16
DM-17.197,brush-on-nail-glue-dc-518,Brush -on Nail Glue DC-518,beauty-skincare,Makeup & Nail Care,1 pc,340,,42,,842
DM-4.1049,carelly-manicure-set-nail-brush-no-90014,Carelly Manicure Set Nail Brush no.90014,beauty-skincare,Makeup & Nail Care,1 pc,310,,24,,904
DM-4.233,ceiling-brush,Ceiling Brush,cleaning,"Floor, Toilet & Glass Cleaners",1 pc,265,230,23,,915
DM-4.1411,clean-brush,Clean Brush,cleaning,"Floor, Toilet & Glass Cleaners",1 pc,275,,54,,1089
DM-4.284,cloth-brush-3128b,Cloth Brush 3128B,cleaning,"Floor, Toilet & Glass Cleaners",1 pc,250,,22,,1112
DM-4.1138,cloth-brush-no-8020,Cloth Brush NO.8020,cleaning,"Floor, Toilet & Glass Cleaners",1 pc,280,,36,,1113
DM-1.2189,cockroach-balt-8pcs,Cockroach Balt 8pcs,cleaning,Fresheners & Repellents,8 pcs,225,,39,,1123
DM-1.1654,colgate-0-2-kids-brush,Colgate 0-2 KIds Brush,beauty-skincare,Oral Care,1 pc,105,85,34,,1148
DM-1.1531,colgate-buy-3-kids-brush,Colgate Buy 3 Kids Brush,beauty-skincare,Oral Care,1 set,110,,17,yes,1153
DM-1.701,colgate-super-flexi-brush,Colgate Super Flexi Brush,beauty-skincare,Oral Care,1 pc,130,110,22,,1175
DM-1.2071,colgate-zigzag-charcoal-brush,Colgate ZigZag Charcoal Brush,beauty-skincare,Oral Care,1 pc,125,,19,,1181
DM-1.468,colgate-zigzag-brush,Colgate ZigZag Brush,beauty-skincare,Oral Care,1 pc,125,,23,,1180
DM-1.148,colgate-sensitive-brush-ultra-soft,Colgate Sensitive Brush Ultra Soft,beauty-skincare,Oral Care,1 pc,130,,47,,1167
DM-1.293,colgate-slim-soft-charcoal-tooth-brush,Colgate Slim Soft Charcoal Tooth Brush,beauty-skincare,Oral Care,1 pc,115,,41,,1170
DM-1.2016,colgate-stickers-inside-extra-soft-brush,Colgate Stickers Inside Extra Soft Brush,beauty-skincare,Oral Care,1 pc,115,110,36,,1171
DM-1.487,colin-glass-cleaner-250ml,Colin Glass Cleaner 250ml,cleaning,"Floor, Toilet & Glass Cleaners",250ml,90,75,30,,1184
DM-1.2312,colin-cleaner-750ml,Colin Cleaner 750ml,cleaning,"Floor, Toilet & Glass Cleaners",750ml,230,,13,,1183
DM-1.1,collin-glass-cleaner-500ml,Collin Glass Cleaner 500ml,cleaning,"Floor, Toilet & Glass Cleaners",500ml,165,,31,,1186
DM-17.202,comb-brush-fashion,Comb Brush Fashion,ladies-wear,Hair Accessories,1 pc,80,,17,,1196
DM-1.1951,dazzl-floor-cleaner-500ml,Dazzl Floor Cleaner 500ml,cleaning,"Floor, Toilet & Glass Cleaners",500ml,170,,49,,1325
DM-4.1395,dehydrate-mop-soly-design-no-3008,Dehydrate Mop Soly Design No 3008,cleaning,"Floor, Toilet & Glass Cleaners",1 pc,260,,49,,1327
DM-1.1647,delux-paula-bathroom-tissue,Delux Paula Bathroom Tissue,cleaning,Tissues & Paper,1 pc,125,,13,,1354
DM-1.341,dettol-handwash-original-skinc-200ml-refill-175m,Dettol Handwash Original/skinc 200ml + Refill 175m,beauty-skincare,Bath & Body,200ml,220,,19,,1399
DM-1.1157,dhoni-detergent-powder-500g,Dhoni Detergent Powder 500g,cleaning,Detergent & Laundry,500g,155,,29,,1425
DM-1.1661,dhoni-detergent-powder-700g,Dhoni Detergent Powder 700g,cleaning,Detergent & Laundry,700g,180,,47,,1426
DM-1.2256,dhoni-ultra-detergent-powder-1kg,Dhoni Ultra Detergent Powder 1kg,cleaning,Detergent & Laundry,1kg,225,,37,,1432
DM-1.225,dhoni-ultra-detergent-powder-2-5kg,Dhoni Ultra Detergent Powder 2.5kg,cleaning,Detergent & Laundry,2.5kg,570,,15,,1433
DM-1.1338,dial-dish-wash,Dial Dish Wash,cleaning,Dishwash,1 pc,110,,43,,1436
DM-1.1174,dinesh-shakti-detergent-powder-3kg,Dinesh Shakti Detergent Powder 3kg,cleaning,Detergent & Laundry,3kg,590,515,25,,1459
DM-1.1896,dinesh-toilet-cleaner-500ml-buy-2-get-1-free,Dinesh Toilet Cleaner 500ML Buy 2 Get 1 Free,cleaning,"Floor, Toilet & Glass Cleaners",500ml,170,135,47,,1462
DM-1.1858,dinesh-dishwash-liquid-2get-1free,Dinesh Dishwash Liquid 2get 1free,cleaning,Dishwash,1 pc,135,,43,,1453
DM-1.186,dinesh-floor-cleaner-500ml,Dinesh Floor Cleaner 500ml,cleaning,"Floor, Toilet & Glass Cleaners",500ml,165,,58,,1454
DM-1.1859,dinesh-glass-cleaner-500ml,Dinesh Glass Cleaner 500ml,cleaning,"Floor, Toilet & Glass Cleaners",500ml,170,,46,,1455
DM-1.1861,dinesh-liquid-detergent-2get-1free-1000ml,Dinesh Liquid Detergent 2get 1free 1000ml,cleaning,Detergent & Laundry,1000ml,275,,50,,1457
DM-1.2348,dinesh-shakti-toilet-cleaner-750ml,Dinesh Shakti Toilet Cleaner 750ml,cleaning,"Floor, Toilet & Glass Cleaners",750ml,235,,20,,1461
DM-4.1009,divya-farm-fresh-plastic-wrap-100g,Divya Farm Fresh Plastic Wrap 100g,home-living,Storage & Organisers,100g,395,,40,,1486
DM-4.1008,divya-farm-fresh-plastic-wrap-350g,Divya Farm Fresh Plastic Wrap 350g,home-living,Storage & Organisers,350g,420,,36,,1487
DM-1.286,domex-floor-cleaner-500ml,Domex Floor Cleaner 500ml,cleaning,"Floor, Toilet & Glass Cleaners",500ml,155,,54,,1582
DM-1.2097,dr-wool-liquid-detergent-1-kg,Dr. Wool Liquid Detergent 1 kg,cleaning,Detergent & Laundry,1kg,270,,50,,1648
DM-4.235,dust-pan-leaf-model-plastic,Dust Pan Leaf Model Plastic,cleaning,"Floor, Toilet & Glass Cleaners",1 pc,275,,28,,1694
DM-4.19,dust-pan-with-brush-big-065,Dust Pan With Brush Big 065,cleaning,"Floor, Toilet & Glass Cleaners",1 pc,245,,19,,1695
DM-1.1681,efficient-cleaning-helper-steel-scrubber,Efficient Cleaning Helper Steel Scrubber,cleaning,Dishwash,1 pc,120,,54,,1758
DM-2.341-2,essence-metter-tempo-10-cushies-pocket-tissue,Essence/Metter/Tempo/10/Cushies Pocket Tissue,cleaning,Tissues & Paper,1 pc,130,105,53,,1825
DM-1.193-2,exo-dishwash-liquid-2ltr,Exo Dishwash Liquid 2ltr,cleaning,Dishwash,2L,510,,17,,1868
DM-1.1929,exo-dishwash-liquid-750-ml,Exo Dishwash Liquid 750 ml,cleaning,Dishwash,750ml,200,,23,,1869
DM-1.312,exo-touch-shine-250g,Exo Touch & Shine 250g,cleaning,Dishwash,250g,80,,34,,1870
DM-1.311,exo-touch-shine-500g,Exo Touch & Shine 500g,cleaning,Dishwash,500g,160,,26,,1871
DM-1.346,exo-touch-shine-safai-steel-scrubber,Exo Touch & Shine Safai Steel Scrubber,cleaning,Dishwash,1 pc,105,,32,,1872
DM-2.772,eye-shadow-brush-10pcs-set,Eye Shadow Brush 10pcs Set,beauty-skincare,Makeup & Nail Care,10 pcs,350,,59,,1874
DM-1.584,ezee-liquid-detergent-1kg,Ezee Liquid Detergent 1kg,cleaning,Detergent & Laundry,1kg,230,,12,,1877
DM-1.71,ezee-liquid-detergent-500g,Ezee Liquid Detergent 500g,cleaning,Detergent & Laundry,500g,145,,39,,1878
DM-9.768,foil-fringe-curtain-color-your-party-dori,FOIL Fringe Curtain Color Your Party Dori,gifts-puja,Gifts & Party,1 pc,235,,44,,2041
DM-3.86,farlin-clean-cloths-hand-wash-detergent-100ml,Farlin Clean Cloths Hand Wash Detergent 100ml,baby-care,Baby Accessories,100ml,420,,26,,1896
DM-3.656,farlin-clean-2-0-baby-laundry-800ml,Farlin Clean 2.0 Baby Laundry 800ml,baby-care,Baby Accessories,800ml,485,,31,,1895
DM-3.42,farlintooth-brush-finger-type-bf-117,Farlintooth Brush Finger Type bf-117,baby-care,Baby Accessories,1 pc,500,,33,,1918
DM-9.773,foil-balloon-baby-shower-banner,Foil Balloon Baby Shower Banner,gifts-puja,Gifts & Party,1 pc,255,,27,,2040
DM-9.149,foil-balloon-happy-birthday13letters,Foil Balloon Happy Birthday13letters,gifts-puja,Gifts & Party,1 pc,265,,53,,21
DM-9.153,foil-fringe-curtain-colour-party,Foil Fringe Curtain Colour Party,gifts-puja,Gifts & Party,1 pc,265,,27,,2042
DM-9.659,foil-fringe-curtain-colour-party-2,Foil Fringe Curtain Colour Party,gifts-puja,Gifts & Party,1 pc,265,,27,,2043
DM-17.317,folding-brush,Folding Brush,cleaning,"Floor, Toilet & Glass Cleaners",1 pc,240,,8,,2047
DM-1.2269,foot-file-brush-jf-208,Foot File Brush JF-208,cleaning,"Floor, Toilet & Glass Cleaners",1 pc,270,,9,,2059
DM-1.1811,formola-tongue-cleaner,Formola Tongue Cleaner,beauty-skincare,Oral Care,1 pc,130,,54,,2063
DM-7.897,freshwrapp-aluminium-foil-1kg,Freshwrapp Aluminium Foil 1kg,cleaning,Tissues & Paper,1kg,300,,48,,2084
DM-1.1079,gifty-dish-wash-500ml,GIFTY Dish Wash 500ml,cleaning,Dishwash,500ml,150,135,28,,2179
DM-4.73,garbage-bag-60-80cm,Garbage Bag 60*80cm,cleaning,"Floor, Toilet & Glass Cleaners",1 pc,260,,36,,2104
DM-4.1092,garbage-bag-80-100cm,Garbage Bag 80*100cm,cleaning,"Floor, Toilet & Glass Cleaners",1 pc,265,,27,,2105
DM-4.1091,garbage-bag-90-120cm,Garbage Bag 90*120cm,cleaning,"Floor, Toilet & Glass Cleaners",1 pc,245,,53,,2106
DM-4.1125,garbage-bags50cm-60ccm,Garbage Bags50cm*60ccm,cleaning,"Floor, Toilet & Glass Cleaners",1 pc,260,,15,,2107
DM-1.1272,ghadi-detergent-powder-800gm,Ghadi Detergent Powder 800gm,cleaning,Detergent & Laundry,800g,230,,15,,2177
DM-1.821,ghadi-detergent-powder-2kg,Ghadi Detergent Powder 2kg,cleaning,Detergent & Laundry,2kg,430,,33,,2176
DM-1.1115,gifty-dish-wash-green-lime-buy-1get1,Gifty Dish Wash Green Lime Buy 1get1,cleaning,Dishwash,1 pc,115,105,48,,2178
DM-2.354,glam-glory-apricot-scrub-150gm,Glam & Glory Apricot Scrub 150gm,beauty-skincare,Skin Care,150g,445,,56,,2200
DM-2.3541,glam-glory-snail-white-scrub-150ml,Glam & Glory Snail White Scrub 150ml,beauty-skincare,Skin Care,150ml,385,,41,,2203
DM-1.167,godrej-air-freshener-mix-car-fragrance-4u30g,Godrej Air Freshener Mix Car Fragrance 4u30g,cleaning,Fresheners & Repellents,30g,55,,43,,2251
DM-1.2276,godrej-fab-liquid-detergent-4ltr,Godrej Fab Liquid Detergent 4ltr,cleaning,Detergent & Laundry,4L,840,,10,,2266
DM-1.417,good-knight-gold-flash-liquid-refill,Good Knight Gold Flash Liquid Refill,stationery,"Pens, Pencils & Erasers",1 pc,40,,31,,2279
DM-1.1726,green-killer-cockroach-bond-traps-6pcsbh-37,Green Killer Cockroach Bond Traps 6pcsBH-37,cleaning,Fresheners & Repellents,1 pc,210,,57,,2315
DM-2.4059,hain-brush-flat-ramro,Hain Brush Flat Ramro,cleaning,"Floor, Toilet & Glass Cleaners",1 pc,280,,38,,2336
DM-2.4058,hair-brush-black,Hair Brush Black,ladies-wear,Hair Accessories,1 pc,85,,22,,2339
DM-17.2-2,hair-brush-flat-pink,Hair Brush Flat Pink,ladies-wear,Hair Accessories,1 pc,90,,36,,2340
DM-17.18,hair-brush-flat-red,Hair Brush Flat Red,ladies-wear,Hair Accessories,1 pc,70,65,22,,2341
DM-17.199,hair-brush-round,Hair Brush Round,ladies-wear,Hair Accessories,1 pc,85,,13,,2344
DM-17.3,hair-brush-round-small,Hair Brush Round Small,ladies-wear,Hair Accessories,1 pc,55,45,22,,2342
DM-17.29,hair-brush-round-steel,Hair Brush Round Steel,ladies-wear,Hair Accessories,1 pc,80,,18,,2343
DM-1.31,harpic-bathroom-cleaner-500ml,Harpic Bathroom Cleaner 500ml,cleaning,"Floor, Toilet & Glass Cleaners",500ml,150,,37,yes,2476
DM-1.1799,harpic-flush-matic-100gm,Harpic Flush Matic 100gm,cleaning,Detergent & Laundry,100g,55,,30,,2478
DM-1.1248,harpic-flush-matic-50g,Harpic Flush Matic 50g,cleaning,Detergent & Laundry,50g,45,,56,yes,2479
DM-1.1798,harpic-flush-matic-50gm,Harpic Flush Matic 50gm,cleaning,Detergent & Laundry,50g,40,,28,,2480
DM-1.214,harpic-marine-500ml,Harpic Marine 500ml,cleaning,"Floor, Toilet & Glass Cleaners",500ml,155,,50,yes,2481
DM-1.1247,harpic-mix-organic-200ml,Harpic Mix Organic 200ml,cleaning,"Floor, Toilet & Glass Cleaners",200ml,95,,10,yes,2475
DM-1.8,harpic-power-plus-500-ml,Harpic Power Plus 500 ml,cleaning,"Floor, Toilet & Glass Cleaners",500ml,160,,23,yes,2482
DM-1.2141,harpic-power-plus-lemon-500ml,Harpic Power Plus Lemon 500ml,cleaning,"Floor, Toilet & Glass Cleaners",500ml,165,,26,,2484
DM-1.795,harpic-power-plus-free-bath-room-cleaner-900ml,Harpic Power Plus Free Bath Room Cleaner 900ml,cleaning,"Floor, Toilet & Glass Cleaners",900ml,275,,50,yes,2483
DM-1.2174,harpic-bathroom-ultra-free-250ml,Harpic Bathroom Ultra Free 250ml,cleaning,"Floor, Toilet & Glass Cleaners",250ml,105,,54,yes,2477
DM-1.2311,harpic-white-shine-bleach-1ltr,Harpic White&shine Bleach 1ltr,cleaning,Detergent & Laundry,1L,280,,59,,2485
DM-1.307,heartex-toilet-paper-clr,Heartex Toilet Paper Clr,cleaning,Tissues & Paper,1 pc,125,,44,,2500
DM-2.1646,hello-kitty-make-up-brush,Hello Kitty Make-up Brush,beauty-skincare,Makeup & Nail Care,1 pc,365,,19,,2506
DM-6.316,high-quality-aluminium-foil-paper,High Quality Aluminium Foil Paper,cleaning,Tissues & Paper,1 pc,115,95,43,,2532
DM-2.1093,himalaya-herbals-purifying-neem-scrub-100g,Himalaya Herbals Purifying Neem Scrub 100g,beauty-skincare,Skin Care,100g,335,,16,yes,2643
DM-1.825,jia-bin-flat-mop,Jia Bin Flat Mop,cleaning,"Floor, Toilet & Glass Cleaners",1 pc,255,,30,,2802
DM-1.585,jia-bin-mop,Jia Bin Mop,cleaning,"Floor, Toilet & Glass Cleaners",1 pc,235,,17,,2803
DM-3.626,jordan-baby-soft-brush-0-2-year,Jordan Baby Soft Brush 0-2 Year,cleaning,"Floor, Toilet & Glass Cleaners",1 pc,220,,51,,2830
DM-1.2304,kalassizcd-soft-brush-silk,Kalassizcd Soft Brush Silk,cleaning,"Floor, Toilet & Glass Cleaners",1 pc,220,,34,,2888
DM-5.12,kelloggs-corn-flakes-refill-pack-250g,Kelloggs Corn Flakes Refill Pack 250g,groceries,Breakfast & Cereals,250g,215,,20,,2980
DM-2.572,kiwi-2in1-brush,Kiwi 2in1 Brush,groceries,"Dry Fruits, Nuts & Seeds",1 pc,325,,16,,3075
DM-2.722,kiwi-leather-shoe-shine-brush,Kiwi Leather Shoe Shine Brush,home-living,"Tools, Hardware & Auto",1 pc,380,,25,,3078
DM-4.1408,laundry-basket-rectangular-3901,Laundry Basket Rectangular 3901,cleaning,Detergent & Laundry,1 pc,230,,30,,3159
DM-1.718,lizol-2ltr-mix-flavr,Lizol 2ltr Mix Flavr,cleaning,"Floor, Toilet & Glass Cleaners",2L,495,,56,,3229
DM-1.1227,lizol-5tr-mix-flavr,Lizol 5tr Mix Flavr,cleaning,"Floor, Toilet & Glass Cleaners",1 pc,220,185,49,,3230
DM-1.548,lizol-disinfectant-surface-cleaner-lavender-500ml,Lizol Disinfectant Surface Cleaner Lavender 500ml,cleaning,"Floor, Toilet & Glass Cleaners",500ml,170,,26,yes,3231
DM-1.1367,lizol-lavender-floral-975ml,Lizol Lavender + Floral 975ml,cleaning,"Floor, Toilet & Glass Cleaners",975ml,275,,39,,3228
DM-1.158,lizol-shakti-rose-aqua-fresh-450ml,Lizol Shakti Rose Aqua Fresh 450ml,cleaning,"Floor, Toilet & Glass Cleaners",450ml,160,,19,yes,3234
DM-1.49,lizol-surface-cleaner-citrus-500ml,Lizol Surface Cleaner Citrus 500ml,cleaning,"Floor, Toilet & Glass Cleaners",500ml,150,130,40,,3235
DM-1.489,lizol-surface-cleaner-floral-500ml,Lizol Surface Cleaner Floral 500ml,cleaning,"Floor, Toilet & Glass Cleaners",500ml,160,,25,yes,3236
DM-1.491,lizol-surface-cleaner-neem-500ml,Lizol Surface Cleaner Neem 500ml,cleaning,"Floor, Toilet & Glass Cleaners",500ml,155,,11,yes,3237
DM-1.1857,lizol-kitchen-cleaner-450ml,Lizol Kitchen Cleaner 450ml,cleaning,"Floor, Toilet & Glass Cleaners",450ml,150,,16,yes,3232
DM-1.2369,lizol-shakti-disinfectant-floor-cleaner-900ml,Lizol Shakti Disinfectant Floor Cleaner 900ml,cleaning,"Floor, Toilet & Glass Cleaners",900ml,220,,9,,3233
DM-2.495,lotus-herbals-apriscrub-fresh-apricot-scrub-100gm,Lotus Herbals Apriscrub Fresh Apricot Scrub 100gm,beauty-skincare,Skin Care,100g,335,285,56,,3337
DM-1.717,mop-oval-flor-cleaner-80cm,MOp Oval Flor Cleaner 80CM,cleaning,"Floor, Toilet & Glass Cleaners",1 pc,260,,37,,3790
DM-2.1892,mac-eyebrow-brush,Mac Eyebrow Brush,beauty-skincare,Makeup & Nail Care,1 pc,550,,25,,3418
DM-2.1762,mac-rose-brush,Mac Rose Brush,cleaning,"Floor, Toilet & Glass Cleaners",1 pc,420,,29,,3420
DM-1.2333,mantra-shree-high-quality-premium-tissue,Mantra Shree High Quality Premium Tissue,cleaning,Tissues & Paper,1 pc,125,,22,,3546
DM-1.2332,mantra-shree-resha-cockroaches-ants-away,Mantra Shree Resha Cockroaches Ants Away,cleaning,Fresheners & Repellents,1 pc,235,,26,,3547
DM-1.2351,mantra-shree-soft-absorbent-tissue-125gm,Mantra Shree Soft&absorbent Tissue 125gm,cleaning,Tissues & Paper,125g,60,55,23,,3548
DM-1.1653,max-kleen-buy-1get-free-floor-cleaner-975ml,Max Kleen Buy 1get Free Floor Cleaner 975ml,cleaning,"Floor, Toilet & Glass Cleaners",975ml,280,,56,,3566
DM-1.114,mop-chinese-squeezing-good-lirenbang,Mop Chinese Squeezing Good Lirenbang,cleaning,"Floor, Toilet & Glass Cleaners",1 pc,235,,8,,3787
DM-1.1312,mop-oval-flor-cleaner-40m,Mop Oval Flor Cleaner 40m,cleaning,"Floor, Toilet & Glass Cleaners",1 pc,260,,8,,3788
DM-1.823,mop-oval-flor-cleaner-60cm,Mop Oval Flor Cleaner 60cm,cleaning,"Floor, Toilet & Glass Cleaners",1 pc,230,205,14,,3789
DM-1.1022,more-light-detergent-powder-1kg,More Light Detergent Powder 1kg,cleaning,Detergent & Laundry,1kg,225,,13,,3792
DM-1.219,more-light-detergent-powder-4kg,More Light Detergent Powder 4kg,cleaning,Detergent & Laundry,4kg,850,,53,,3793
DM-1.765,mortein-2in1-insect-killer-200ml-50ml,Mortein 2in1 Insect Killer 200ml+50ml,cleaning,Fresheners & Repellents,200ml,165,,16,,3795
DM-1.797,mortein-liquid-machine-refill-35ml,Mortein Liquid Machine Refill 35ml,cleaning,Fresheners & Repellents,35ml,55,,9,,3797
DM-1.614,mortein-refill-45ml,Mortein Refill 45ml,cleaning,Fresheners & Repellents,45ml,60,,58,,3798
DM-1.244,mortin2in1insect-killer-mosquitoes400ml,Mortin2in1insect Killer mosquitoes400ml,cleaning,Fresheners & Repellents,400ml,285,255,30,,3799
DM-1.348,mr-muscle-visible-power-toilet-cleaner-500ml,Mr Muscle Visible Power Toilet Cleaner 500ml,cleaning,"Floor, Toilet & Glass Cleaners",500ml,145,,34,,3823
DM-1.2353,mr-genje-dish-wash-450ml,Mr Genje Dish Wash 450ml,cleaning,"Floor, Toilet & Glass Cleaners",450ml,150,,8,,3813
DM-1.2359,mr-genje-floor-cleaner-2ltr,Mr Genje Floor Cleaner 2ltr,cleaning,"Floor, Toilet & Glass Cleaners",2L,440,,53,,3814
DM-1.2358,mr-genje-floor-cleaner-500ml,Mr Genje Floor Cleaner 500ml,cleaning,"Floor, Toilet & Glass Cleaners",500ml,155,,44,,3815
DM-1.2352,mr-genje-glass-cleaner-500ml,Mr Genje Glass Cleaner 500ml,cleaning,"Floor, Toilet & Glass Cleaners",500ml,175,,42,,3816
DM-1.2357,mr-genje-kitchen-cleaner-500ml,Mr Genje Kitchen Cleaner 500ml,cleaning,"Floor, Toilet & Glass Cleaners",500ml,140,,35,,3818
DM-1.2356,mr-genje-toilet-cleaner-1ltr,Mr Genje Toilet Cleaner 1ltr,cleaning,"Floor, Toilet & Glass Cleaners",1L,290,,39,,3819
DM-1.2355,mr-genje-toilet-cleaner-500ml,Mr Genje Toilet Cleaner 500ml,cleaning,"Floor, Toilet & Glass Cleaners",500ml,165,,41,,3820
DM-1.32-2,mr-muscle-glass-cleaner-500ml,Mr. Muscle Glass Cleaner 500ml,cleaning,"Floor, Toilet & Glass Cleaners",500ml,175,160,24,,3825
DM-1.305,mr-muscle-kitchen-cleaner-450ml,Mr. Muscle Kitchen Cleaner 450ml,cleaning,"Floor, Toilet & Glass Cleaners",450ml,150,,28,,3826
DM-1.1472,mr-muscle-floor-cleaner-2ltr,Mr.Muscle Floor Cleaner 2ltr,cleaning,"Floor, Toilet & Glass Cleaners",2L,420,,37,,3827
DM-1.2134,mr-oriel-tooth-brushs,Mr.oriel Tooth Brushs,beauty-skincare,Oral Care,1 pc,110,,26,,3828
DM-1.2268,multifunctional-toilate-brush-8825,Multifunctional Toilate Brush 8825,cleaning,"Floor, Toilet & Glass Cleaners",1 pc,260,,46,,3837
DM-1.1389,multipurpose-brush-3551-l,Multipurpose Brush 3551-L,cleaning,"Floor, Toilet & Glass Cleaners",1 pc,275,,10,,3838
DM-3.322,mumlove-2-in-1-silicone-bottle-brush-no-a6647-3,Mumlove 2 In 1 Silicone Bottle Brush no.A6647-3,baby-care,Baby Accessories,1 pc,480,,16,,3850
DM-3.44,mumlove-comb-and-brush-set-063,Mumlove Comb And Brush Set 063,baby-care,Baby Accessories,1 pkt,425,,41,,3866
DM-3.64-2,mumlove-finger-shaped-tooth-brush-a1037,Mumlove Finger Shaped Tooth Brush A1037,baby-care,Baby Accessories,1 pc,425,,16,,3869
DM-3.323,mumlove-bottle-brush-601,Mumlove Bottle Brush 601,baby-care,Baby Accessories,1 pc,490,,35,,3863
DM-1.2242,npi-premium-kitchen-towel-220gm,NPI Premium Kitchen Towel 220gm,cleaning,Tissues & Paper,220g,105,95,49,,4104
DM-1.2244,npi-premium-soft-napkin-big,NPI Premium Soft Napkin Big,health-hygiene,Feminine Hygiene,1 pc,195,180,52,,4106
DM-1.2237,npi-premium-toilet-paper-130gm,NPI Premium Toilet Paper 130gm,cleaning,Tissues & Paper,130g,70,65,17,,4108
DM-1.2236,npi-premium-toilet-paper-70gm,NPI Premium Toilet Paper 70gm,cleaning,Tissues & Paper,70g,40,,49,,4109
DM-17.51,nail-brush,Nail Brush,beauty-skincare,Makeup & Nail Care,1 pc,325,,12,,3911
DM-2.797,nivea-extra-white-repair-pore-minimiser-scrub-100g,Nivea Extra White Repair Pore Minimiser Scrub 100g,beauty-skincare,Skin Care,100g,350,,51,yes,4052
DM-1.258,odonil-nature-air-freshener-48g-mix-r-flvr,Odonil Nature Air Freshener 48g Mix R Flvr,cleaning,"Floor, Toilet & Glass Cleaners",48g,45,,50,,4133
DM-1.1755,odopic-dishwash-gel-425-75ml-cp-lcl,Odopic Dishwash Gel 425+75ml Cp Lcl,cleaning,Dishwash,75ml,40,,14,,4135
DM-1.1941,odopic-dishwash-gel-lime-aloe-vera-225ml-25-ml,Odopic Dishwash Gel Lime& Aloe Vera 225ml+25 ml,cleaning,Dishwash,225ml,80,,8,,4136
DM-1.1942,odopic-dishwash-gel-lime-aloe-vera-425ml-75-ml,Odopic Dishwash Gel Lime& Aloe Vera 425ml+75 ml,cleaning,Dishwash,425ml,125,115,29,,4137
DM-1.367,original-liquid-handwash-refill-675,Original Liquid Handwash Refill 675,beauty-skincare,Bath & Body,1 pc,180,,37,,4179
DM-1.96,pop-up-napkins-super-soft-tissue,POP-Up Napkins Super Soft Tissue,health-hygiene,Feminine Hygiene,1 box,160,145,22,,4505
DM-1.1228,pva-mop,PVA Mop,cleaning,"Floor, Toilet & Glass Cleaners",1 pc,225,,49,,4633
DM-1.578,pamacare-sensetive-clean-brush,Pamacare Sensetive Clean Brush,cleaning,"Floor, Toilet & Glass Cleaners",1 pc,245,,27,,4231
DM-9.563,party-time-foil-balloon,Party Time Foil Balloon,gifts-puja,Gifts & Party,1 pc,265,,13,,4299
DM-1.1064,passion-prime-bathroom-tissue,Passion Prime Bathroom Tissue,cleaning,Tissues & Paper,1 pc,115,,31,,4303
DM-1.2286,passion-the-lifetime-tissue,Passion The Lifetime Tissue,cleaning,Tissues & Paper,1 pc,110,,38,,4304
DM-20.26,patanjali-detergent-powder-with-herbs-500g,Patanjali Detergent Powder With Herbs 500g,cleaning,Detergent & Laundry,500g,150,,14,yes,4328
DM-20.67,patanjali-detergent-powder-with-herbs-quality-2kg,Patanjali Detergent Powder With Herbs Quality 2kg,cleaning,Detergent & Laundry,2kg,425,,58,,4327
DM-20.98,patanjali-gonyle-floor-cleaner-1lt,Patanjali Gonyle Floor Cleaner 1lt,cleaning,"Floor, Toilet & Glass Cleaners",1L,250,,58,yes,4330
DM-20.99,patanjali-green-flush-toilet-cleaner500ml,Patanjali Green Flush Toilet Cleaner500ml,cleaning,"Floor, Toilet & Glass Cleaners",500ml,155,,16,,4331
DM-20.138,patanjali-popular-detergent-powder-4kg,Patanjali Popular Detergent Powder 4kg,cleaning,Detergent & Laundry,4kg,835,,38,yes,4350
DM-20.19,patanjali-super-dishwash-bar150,Patanjali Super Dishwash Bar150,cleaning,Dishwash,1 pc,125,,32,yes,4365
DM-20.101,patanjali-super-dishwash-bar250,Patanjali Super Dishwash Bar250,cleaning,Dishwash,1 pc,120,,17,yes,4366
DM-20.147,patanjali-popular-detergent-powder-1kg,Patanjali Popular Detergent Powder 1kg,cleaning,Detergent & Laundry,1kg,275,,27,,4354
DM-1.2241,penuel-toilet-paper-10in1,Penuel Toilet Paper 10in1,cleaning,Tissues & Paper,1 pc,110,,22,,4380
DM-1.2235,popup-bathtissue-comfort-orange-soft-100gm,Popup Bathtissue Comfort Orange Soft 100gm,cleaning,Tissues & Paper,100g,55,50,49,,4507
DM-1.2239,popup-bathtissue-jumbo-200gm,Popup Bathtissue Jumbo 200gm,cleaning,Tissues & Paper,200g,95,,51,,4508
DM-1.2238,popup-bathtissue-toilet-paper-130gm,Popup Bathtissue Toilet Paper 130gm,cleaning,Tissues & Paper,130g,55,,26,,4509
DM-1.2245,popup-napkin-original-standard,Popup Napkin Original Standard,health-hygiene,Feminine Hygiene,1 pc,180,,16,,4510
DM-1.2234,popup-toilet-paper-160gm,Popup Toilet Paper 160gm,cleaning,Tissues & Paper,160g,65,,15,,4511
DM-1.1039,pour-home-air-freshener-10g,Pour Home Air Freshener 10g,cleaning,Fresheners & Repellents,10g,35,,25,,4557
DM-1.1895,pour-home-air-freshener-nector-10g,Pour Home Air Freshener Nector 10g,cleaning,Fresheners & Repellents,10g,30,,23,,4558
DM-1.2199,power-ghadi-detergent-powder-4kg,Power Ghadi Detergent Powder 4kg,cleaning,Detergent & Laundry,4kg,755,,45,,4561
DM-1.306,premium-tissue-paper,Premium Tissue Paper,cleaning,Tissues & Paper,1 box,115,,11,,4590
DM-1.1748,reaon-harpic-power-plus-600ml,Reaon Harpic Power Plus 600ml,cleaning,"Floor, Toilet & Glass Cleaners",600ml,175,,34,,4758
DM-17.327,revolt-folding-brush,Revolt Folding Brush,cleaning,"Floor, Toilet & Glass Cleaners",1 pc,270,,51,,4769
DM-1.484,rin-shakti-detergent-power-1kg,Rin Shakti Detergent Power 1kg,cleaning,Detergent & Laundry,1kg,250,,21,,4794
DM-1.406,rin-shakti-detergent-power-3kg,Rin Shakti Detergent Power 3kg,cleaning,Detergent & Laundry,3kg,595,,55,,4795
DM-1.2275,sagun-deluxe-bathroom-tissue,Sagun Deluxe Bathroom Tissue,health-hygiene,Feminine Hygiene,1 pc,180,170,21,,4902
DM-1.254,sensodyne-sensitive-brush,Sensodyne Sensitive Brush,beauty-skincare,Oral Care,1 pc,130,,37,,4996
DM-1.792,sensodyne-sensitive-soft-buy-2-get-1-free-brush,Sensodyne Sensitive Soft Buy 2 Get 1 Free Brush,beauty-skincare,Oral Care,1 pc,130,,11,,4997
DM-1.1103,shilpa-advance-detergent-powder-7kg,Shilpa Advance Detergent Powder 7kg,cleaning,Detergent & Laundry,7kg,1300,1220,28,,5019
DM-4.1405,silicon-oil-brush-sx-210,Silicon Oil Brush SX-210,groceries,Oil & Ghee,1 pc,360,,22,,5081
DM-4.1186,silicone-oil-brush-1pc,Silicone Oil Brush 1pc,groceries,Oil & Ghee,1 pc,370,,15,,5082
DM-4.1094,sllicone-oli-brush-2pc-set,Sllicone Oli Brush 2pc Set,cleaning,"Floor, Toilet & Glass Cleaners",2 pc,265,235,41,,5128
DM-2.3901,super-golden-facial-pocket-tissue,Super Golden Facial Pocket Tissue,cleaning,Tissues & Paper,1 pc,110,,36,,5370
DM-20.139,superior-detergent-powder-5kg,Superior Detergent Powder 5kg,cleaning,Detergent & Laundry,5kg,1000,,19,,5390
DM-1.647,tara-green-air-freshner-jasmin-250ml,Tara Green Air Freshner Jasmin 250ml,cleaning,Fresheners & Repellents,250ml,175,,9,,5433
DM-1.2203,tessa-facial-tissue-120pc,Tessa Facial Tissue 120pc,cleaning,Tissues & Paper,120 pc,130,105,29,,5442
DM-1.1126,toilet-brush-metal-handle-2side-8023,Toilet Brush Metal Handle 2Side .8023,cleaning,"Floor, Toilet & Glass Cleaners",1 pc,230,,58,,52
DM-4.882,toilet-brush-oval-holder-6305,Toilet Brush Oval Holder 6305,cleaning,"Floor, Toilet & Glass Cleaners",1 pc,275,,42,,5547
DM-4.184,toilet-brush-with-stand-cover-a249,Toilet Brush With Stand Cover A249,cleaning,"Floor, Toilet & Glass Cleaners",1 pc,225,,24,,5548
DM-1.447,toilet-forever-brush-plastic-2side,Toilet Forever Brush Plastic 2side,cleaning,"Floor, Toilet & Glass Cleaners",1 pc,220,,16,,5549
DM-1.2298,toilet-paper-100gm-pkt,Toilet Paper 100gm Pkt,cleaning,Tissues & Paper,100g,50,,30,,5550
DM-1.2299,toilet-paper-feather-140gm,Toilet Paper Feather 140gm,cleaning,Tissues & Paper,140g,70,,47,,5551
DM-1.36,vim-concentrated-gel-lemons250ml,VIM Concentrated Gel lemons250ml,cleaning,Dishwash,250ml,85,,51,,5754
DM-2.539,vi-john-saving-brush,Vi-John Saving Brush,cleaning,"Floor, Toilet & Glass Cleaners",1 pc,265,,56,,5733
DM-1.1666,vim-anti-smell-with-pudina-buy-6get-1free,Vim Anti Smell With Pudina Buy 6get 1free,cleaning,Dishwash,1 pack,130,,43,,5752
DM-1.436,vim-concentrated-gel-yelow500ml,Vim Concentrated Gel yelow500ml,cleaning,Dishwash,500ml,145,,10,,5755
DM-1.1577,vim-liquid-225ml,Vim Liquid 225ml,cleaning,Dishwash,225ml,85,,37,,5757
DM-1.1411,vim-dish-wash-150gm,Vim Dish Wash 150gm,cleaning,Dishwash,150g,65,,39,,5756
DM-9.77,welcome-foil-banner-7balloons,Welcome Foil Banner 7Balloons,gifts-puja,Gifts & Party,1 pc,245,,10,,5836
DM-1.1112,white-phenyle-lemon-fresh-1ltr,White Phenyle Lemon Fresh 1ltr,cleaning,"Floor, Toilet & Glass Cleaners",1L,285,,12,,5884
DM-1.1731,ynba-tongue-cleaner-no-618,YNBA Tongue Cleaner NO.618,beauty-skincare,Oral Care,1 pc,125,115,10,,5961
DM-4.1048,zinger-manicure-foot-filter-brush,Zinger Manicure Foot Filter Brush,cleaning,"Floor, Toilet & Glass Cleaners",1 pc,250,,55,,5999
DM-1.88,kitchen-towel,Kitchen Towel,cleaning,Tissues & Paper,1 pc,120,,35,,3071
DM-1.2377,magic-scruber-fom-jali,Magic Scruber Fom Jali,cleaning,Dishwash,1 pc,125,,21,,3445
DM-1.97,napkin-paper,Napkin Paper,cleaning,Tissues & Paper,1 pkt,115,,29,,3927
DM-1.1337,patanjali-dishwash-75g,Patanjali Dishwash 75g,cleaning,Dishwash,75g,35,,23,yes,4329
DM-1.291,phenyle-lemon-fresh,Phenyle Lemon Fresh,cleaning,"Floor, Toilet & Glass Cleaners",1 pc,260,,50,,4398
DM-1.1655,safewash-lqd-detergent-1kg,Safewash Lqd Detergent 1kg,cleaning,Detergent & Laundry,1kg,230,,24,,4897
DM-1.1812,vim-liquid-lemons-1ltr,Vim Liquid Lemons 1ltr,cleaning,Dishwash,1L,230,,43,,5758
DM-4.1352,1413-love-sweet-cup-set,1413 Love Sweet Cup Set,kitchen-household,"Cups, Mugs & Glassware",1 pc,375,,41,,68
DM-4.1051,alpha-surya-gas-lighter,ALPHA/SURYA Gas Lighter,kitchen-household,Kitchen Tools,1 pc,250,230,23,,7
DM-5.778,amos-peelerz-lychee-65gm,Amos Peelerz Lychee 65gm,beauty-skincare,Skin Care,65g,205,,17,,254
DM-9.526,apple-cutter-kitchen-supplies-no-810,Apple Cutter Kitchen Supplies NO.810,stationery,School & Office Supplies,1 pc,150,125,18,,283
DM-3.487,baby-trading-cup-c6227,Baby Trading Cup C6227,kitchen-household,"Cups, Mugs & Glassware",1 pc,370,,34,,447
DM-9.8,bag-kitchen-pink,Bag Kitchen Pink,home-living,"Bags, Umbrellas & Travel",1 pc,765,,53,,453
DM-4.1188,bamboo-chopping-board,Bamboo Chopping Board,kitchen-household,Kitchen Tools,1 pc,255,,53,,564
DM-4.1177,bamboo-fiber-paper-cup-50pcs,Bamboo Fiber Paper Cup 50pcs,kitchen-household,"Cups, Mugs & Glassware",50 pcs,335,,27,,565
DM-4.1389,bamboo-spoon-and-spatula,Bamboo Spoon And Spatula,kitchen-household,Kitchen Tools,1 pc,220,,59,,567
DM-7.3201,buldak-hot-chiken-ramen-black-red-70gm-cup,Buldak Hot Chiken Ramen black\red 70gm Cup,groceries,"Noodles, Pasta & Soup",70g,30,,43,,859
DM-7.181,century-kitchen-king-50g,Century Kitchen King 50g,groceries,Spices & Masala,50g,40,,59,,955
DM-4.986,chulo-lighter,Chulo Lighter,kitchen-household,Kitchen Tools,1 pc,245,,57,,1078
DM-6.322,clip-lighter,Clip Lighter,kitchen-household,Kitchen Tools,1 pc,275,235,21,,1107
DM-4.1058,coffe-glass-60pc-roll,Coffe Glass 60pc Roll,kitchen-household,"Cups, Mugs & Glassware",60 pc,325,,14,,1133
DM-4.1364,coffe-cup-stanless-steel,Coffe Cup Stanless Steel,kitchen-household,"Cups, Mugs & Glassware",1 pc,370,330,49,,1132
DM-4.1511,coofee-mug-broad-cartoon,Coofee Mug Broad Cartoon,toys,Toys,1 pc,785,,41,,1211
DM-4.296,cutting-board-colour-medium,Cutting Board Colour Medium,kitchen-household,Kitchen Tools,1 pc,275,,45,,1290
DM-4.297,cutting-board-thick-small,Cutting Board Thick Small,kitchen-household,Kitchen Tools,1 pc,160,,13,,1291
DM-4.1118,deli-glass-quaffing-jug,Deli Glass Quaffing Jug,kitchen-household,"Cups, Mugs & Glassware",1 pc,375,315,33,,1346
DM-4.1522,deli-glass-asthray-105mm,Deli Glass Asthray 105mm,kitchen-household,"Cups, Mugs & Glassware",1 pc,390,,52,,1347
DM-4.1524,deli-glass-jie-yun-ashtray-1pcs,Deli Glass Jie Yun Ashtray 1pcs,kitchen-household,"Cups, Mugs & Glassware",1 pcs,340,,34,,1348
DM-10.429,dessert-highlighter-no-963,Dessert Highlighter NO.963,stationery,"Pens, Pencils & Erasers",1 pc,40,,37,,1386
DM-1.842,dettol-healthy-kitchen-dish-slab-gel-lemon-lime-750ml,Dettol Healthy Kitchen Dish Slab Gel Lemon/Lime 750ml,beauty-skincare,Bath & Body,750ml,705,,43,,1402
DM-1.177,dettol-healthy-kitchen-dish-slab-200ml,Dettol Healthy Kitchen Dish & Slab 200ml,beauty-skincare,Bath & Body,200ml,245,,25,,1400
DM-1.29,dettol-healthy-kitchen-dish-slab-400ml,Dettol Healthy Kitchen Dish & Slab 400ml,beauty-skincare,Bath & Body,400ml,430,,32,,1401
DM-4.1136,disposable-glass-small,Disposable Glass Small,kitchen-household,"Cups, Mugs & Glassware",1 pack,210,,28,,1479
DM-4.1067,disposable-plastic-9m-plate,Disposable Plastic 9m Plate,kitchen-household,Dinnerware & Serving,1 pc,495,,47,,1481
DM-4.1068,disposable-plastic-plate-big,Disposable Plastic Plate Big,kitchen-household,Dinnerware & Serving,1 pc,490,,28,,1482
DM-22.52,dog-bowl-steel-16cm,Dog Bowl Steel 16cm,pet-care,Pet Food & Accessories,1 pc,440,,54,,1541
DM-22.36,dog-bowl-steel-18cm,Dog Bowl Steel 18cm,pet-care,Pet Food & Accessories,1 pc,440,,55,,1542
DM-4.1013,european-style-thermos-jug,European Style Thermos Jug,kitchen-household,"Cups, Mugs & Glassware",1 pc,350,,40,,1828
DM-6.325,f11-lighter,F11 Lighter,kitchen-household,Kitchen Tools,1 pc,255,230,44,,1879
DM-3.513,farlin-feeding-bottle-glass-wide-neck-crystal-clear-120ml-abb-b001-12,Farlin Feeding Bottle Glass Wide Neck Crystal Clear 120ml ABB-B001-12,baby-care,Baby Accessories,120ml,440,,14,,1886
DM-3.509,farlin-mom-fit-fedding-bottle-pp-wide-neck-ab-41013,Farlin Mom Fit Fedding Bottle Pp Wide Neck AB-41013,baby-care,Baby Accessories,1 pc,455,,44,,1887
DM-3.593,farlin-mom-fit-fedding-bottle-pp-wide150ml-neck-ab-41013,Farlin Mom Fit Fedding Bottle Pp wide150ml Neck AB-41013,baby-care,Baby Accessories,150ml,425,,16,,1903
DM-3.161,farlin-momfit-anti-colic-glass-feeding-bottle-808g,Farlin MomFit Anti-Colic Glass Feeding Bottle 808G,baby-care,Baby Accessories,808g,440,375,15,,1904
DM-3.427,farlin-natural-feeding-bottle-nf-806,Farlin Natural Feeding Bottle Nf- 806,baby-care,Baby Accessories,1 bottle,445,,19,,1905
DM-3.28,farlin-sense-developing-feeding-bottle-per757,Farlin Sense Developing Feeding Bottle Per757,baby-care,Baby Accessories,1 pc,485,,10,,1908
DM-3.407,farlin-sense-developing-feeding-bottle-per-858,Farlin Sense Developing Feeding Bottle per-858,baby-care,Baby Accessories,1 pc,410,,27,,1907
DM-3.571,farlin-silky-feeding-bottle-140mlab41016,Farlin Silky Feeding Bottle 140mlAB41016,baby-care,Baby Accessories,1 pc,420,,25,,1910
DM-3.32,farlin-standard-neck-feeding-bottle-nf205,Farlin Standard Neck Feeding Bottle NF205,baby-care,Baby Accessories,1 pc,460,,45,,1911
DM-3.1,farlin-standard-neck-feeding-bottle-nf767,Farlin Standard Neck Feeding Bottle NF767,baby-care,Baby Accessories,1 pc,435,,53,,1912
DM-3.101,farlin-standard-neck-feeding-bottle-nf797,Farlin Standard Neck Feeding Bottle NF797,baby-care,Baby Accessories,1 pc,495,,32,,1913
DM-3.637,farlin-standard-neck-pp-feeding-bottle-0m-ab-42021,Farlin Standard Neck PP Feeding Bottle 0M+ AB-42021,baby-care,Baby Accessories,1 pc,460,405,15,,1915
DM-3.636,farlin-standard-neck-pp-feeding-bottle-3m-ab-41023,Farlin Standard Neck PP Feeding Bottle 3M+ AB-41023,baby-care,Baby Accessories,1 pc,395,,42,,1914
DM-3.102,farlin-wide-neck-feeding-bottle-step-3-nf805,Farlin Wide Neck Feeding Bottle step-3 NF805,baby-care,Baby Accessories,1 pc,400,,42,,1917
DM-4.1451,fashion-plastic-cup-bottle-5061,Fashion Plastic Cup Bottle 5061,kitchen-household,"Cups, Mugs & Glassware",1 pc,370,,13,,1929
DM-4.1257,fast-futuredwx-vacum-cup-750ml,Fast Futuredwx Vacum Cup 750ml,kitchen-household,"Cups, Mugs & Glassware",750ml,355,,38,,1931
DM-10.189,flower-highlighter-js-095,Flower Highlighter js-095,stationery,"Pens, Pencils & Erasers",1 pc,35,,51,,2003
DM-2.3469,folding-eyebrow-knife-3pc-set,Folding EyeBrow Knife 3pc Set,beauty-skincare,Makeup & Nail Care,3 pc,340,310,23,,2049
DM-4.21,fruit-knife-3pcs-set,Fruit Knife 3pcs Set,kitchen-household,Kitchen Tools,3 pcs,255,,11,,2093
DM-4.1114,g-duck-peeler-broad-yellowno-788,G.Duck Peeler Broad Yellowno.788,beauty-skincare,Skin Care,1 pc,480,405,41,,2097
DM-10.379,haixin-cutter-knife-221,HAIXIN CUTTER Knife 221,stationery,School & Office Supplies,1 pc,135,,39,,2358
DM-10.38,haixin-cutter-knife-small,HAIXIN CUTTER Knife Small,stationery,School & Office Supplies,1 pc,90,,56,,2357
DM-9.898,home-chef-kitchen-chef-special-gift-53-pcs,HOME CHEF Kitchen Chef Special Gift 53 pcs,gifts-puja,Gifts & Party,53 pcs,250,,44,,2692
DM-9.871,highlighter-single-pcs-rs55,Highlighter Single pcs rs55,stationery,"Pens, Pencils & Erasers",1 pc,50,45,39,,2538
DM-4.1243,jet-flame-llighter,Jet Flame Llighter,kitchen-household,Kitchen Tools,1 pc,265,215,34,,2800
DM-4.1281,jumbo-kitchen-lighter-12-inch,Jumbo Kitchen Lighter 12 Inch,kitchen-household,Kitchen Tools,1 pc,250,,32,,2876
DM-1.863,kitchen-cloth-black,Kitchen Cloth Black,cleaning,Dishwash,1 pc,110,90,8,,3067
DM-1.1953,kitchen-cloth-3-pcs-set,Kitchen Cloth 3 pcs Set,cleaning,Dishwash,3 pcs,110,,21,,3065
DM-1.979,kitchen-cloth-5pcs-set,Kitchen Cloth 5pcs /set,cleaning,Dishwash,5 pcs,115,,32,,3066
DM-4.1108,kitchen-cotton-apron-9364,Kitchen Cotton Apron 9364,kitchen-household,Kitchen Tools,1 pc,220,195,18,,3068
DM-4.1382,kitchen-tools-honey-muddler,Kitchen Tools Honey Muddler,groceries,"Sauces, Pickles & Spreads",1 pc,225,,8,,3070
DM-4.1469,kohinoor-fridge-bottle-1000ml,Kohinoor Fridge Bottle 1000ml,kitchen-household,Bottles & Lunch Boxes,1000ml,430,,37,,3088
DM-4.1247,lighter,Lighter,kitchen-household,Kitchen Tools,1 pc,280,,38,,3206
DM-6.32-2,lighter-no-818,Lighter No 818,kitchen-household,Kitchen Tools,1 pc,275,,44,,3207
DM-4.1367,love-cup-set-double-pcs,Love Cup Set Double pcs,kitchen-household,"Cups, Mugs & Glassware",1 pc,350,,48,,3383
DM-6.324,lumos-lighter,Lumos Lighter,kitchen-household,Kitchen Tools,1 pc,245,,8,,3396
DM-4.388,mug-ceramic-cup-smily-lv-is,MUG Ceramic Cup Smily Lv Is,kitchen-household,"Cups, Mugs & Glassware",1 pc,320,,37,,3831
DM-4.16,metal-jet-cigrette-lighter,Metal Jet Cigrette Lighter,kitchen-household,Kitchen Tools,1 pc,260,,48,,3607
DM-4.889,metal-jet-lighter,Metal Jet Lighter,kitchen-household,Kitchen Tools,1 pc,225,185,22,,3608
DM-4.397,milda-ceramic-cup-set-diva-flower-6pc-set,Milda Ceramic Cup Set Diva Flower 6pc Set,kitchen-household,"Cups, Mugs & Glassware",6 pc,380,,41,,3633
DM-9.529,multi-bottle-opener,Multi Bottle Opener,kitchen-household,Kitchen Tools,1 pc,240,,29,,3833
DM-4.1003,multi-bottle-opener-2,Multi Bottle Opener,kitchen-household,Kitchen Tools,1 pc,240,,53,,3834
DM-4.1128,multi-function-glass-wiper,Multi-Function Glass Wiper,cleaning,"Floor, Toilet & Glass Cleaners",1 pc,255,,34,,3836
DM-3.573,mumlove-baby-wide-neck-pp-feeding-bottle-330mlsv-3h,Mumlove Baby Wide Neck PP Feeding Bottle 330mlSV-3H,baby-care,Baby Accessories,1 pc,470,,36,,3861
DM-3.324,mumlove-baby-meal-plate-spoon-set-d6311,Mumlove Baby Meal Plate & Spoon Set D6311,baby-care,Baby Accessories,1 pc,485,,41,,3853
DM-3.574,mumlove-feeding-bottle-wide-neck-no-ma6045,Mumlove Feeding Bottle Wide Neck NO-ma6045,baby-care,Baby Accessories,1 pc,500,,31,,3868
DM-3.511,mumlove-glass-feeding-bottle-0-months-120ml-no-b1377,Mumlove Glass Feeding Bottle 0+Months 120ml no.B1377,baby-care,Baby Accessories,120ml,490,,53,,3871
DM-3.62-2,mumlove-well-being-glass-bottle-3-months-no-b3519,Mumlove Well-Being Glass Bottle 3+months no.B3519,baby-care,Baby Accessories,1 pc,450,380,40,,3878
DM-4.1182,oil-bottle-sprayable-and-pourable-2in1,Oil Bottle Sprayable And Pourable 2in1,kitchen-household,Kitchen Tools,1 pc,245,,41,,4144
DM-4.1466,otto-food-container-feel-fresh-ring-1500ml,Otto Food Container Feel Fresh Ring 1500ml,kitchen-household,Bottles & Lunch Boxes,1500ml,615,,13,,4190
DM-4.1465,otto-food-container-feel-fresh-square-400ml,Otto Food Container Feel Fresh Square 400ml,kitchen-household,Bottles & Lunch Boxes,400ml,195,,20,,4191
DM-9.53,ouyamei-bottle-opener-no-887,Ouyamei Bottle Opener NO.887,kitchen-household,Kitchen Tools,1 pc,235,,28,,4193
DM-4.1004,ouyamei-bottle-opener-no-887-2,Ouyamei Bottle Opener NO.887,kitchen-household,Kitchen Tools,1 pc,235,,48,,4194
DM-4.1057,peper-plate-10,Peper Plate 10,kitchen-household,Dinnerware & Serving,1 set,435,350,8,,4381
DM-4.1053,peper-plate-6,Peper Plate 6,kitchen-household,Dinnerware & Serving,1 set,495,,33,,4382
DM-4.1055,peper-plate-8,Peper Plate 8,kitchen-household,Dinnerware & Serving,1 set,495,,53,,4383
DM-4.1056,peper-plate-9,Peper Plate 9,kitchen-household,Dinnerware & Serving,1 set,460,,58,,4384
DM-4.1399,plastic-container-large-446,Plastic Container Large 446,kitchen-household,Bottles & Lunch Boxes,1 pc,535,440,21,,4422
DM-4.14,plastic-container-medium-445,Plastic Container Medium 445,kitchen-household,Bottles & Lunch Boxes,1 pc,570,,28,,4423
DM-4.1005,potato-peeler-yx-21224,Potato Peeler YX 21224,beauty-skincare,Skin Care,1 pc,410,,32,,4556
DM-6.342,power-gun-lighter-t-999,Power Gun Lighter T-999,kitchen-household,Kitchen Tools,1 pc,245,,12,,4562
DM-4.1064,r-b-container-medium-450ml,R.B. Container Medium (450ml),kitchen-household,Bottles & Lunch Boxes,450ml,220,,21,,4654
DM-4.1158,r-b-container-small-100pc,R.B. Container Small 100pc,kitchen-household,Bottles & Lunch Boxes,100 pc,320,,31,,4653
DM-10.461,rainbow-gliter-erasable-highlighter-no-985,Rainbow Gliter Erasable Highlighter no.985,stationery,"Pens, Pencils & Erasers",1 pc,45,,59,,4673
DM-21.152,royal-bites-creamy-vanilla-cup-rs-80,Royal Bites Creamy Vanilla Cup Rs 80,kitchen-household,"Cups, Mugs & Glassware",1 pc,90,,57,,4842
DM-4.147,ski-fridge-bottle-dash-big-900ml,SKI Fridge Bottle Dash Big 900ml,kitchen-household,Bottles & Lunch Boxes,900ml,365,,39,,5117
DM-4.1467,ski-fridge-bottle-hongkong-1000ml,SKI Fridge Bottle Hongkong 1000ml,kitchen-household,Bottles & Lunch Boxes,1000ml,435,,23,,5118
DM-4.1468,ski-gridge-bottle-barcelona-1000ml,SKI Gridge Bottle Barcelona 1000ml,kitchen-household,Bottles & Lunch Boxes,1000ml,420,,9,,5119
DM-4.39,sipper-glass-with-straw,Sipper Glass With Straw,baby-care,Baby Accessories,1 pc,455,,58,,5107
DM-3.638,sonne-baby-study-cup-b-6587,Sonne Baby Study Cup B-6587,kitchen-household,"Cups, Mugs & Glassware",1 pc,385,,13,,5202
DM-4.1388,soup-cup-plastic-baby-tiffin-box-no2881,Soup Cup (plastic Baby Tiffin box) no2881,groceries,"Noodles, Pasta & Soup",1 pc,50,,48,,5205
DM-4.1462,spray-bottle-plastic,Spray Bottle Plastic,kitchen-household,Bottles & Lunch Boxes,1 pc,570,505,34,,5230
DM-4.108,stainless-steel-kitchen-knife-g-j,Stainless Steel Kitchen Knife G&J,kitchen-household,Kitchen Tools,1 pc,265,,47,,5239
DM-4.1034,steel-travel-mug-long,Steel Travel Mug Long,kitchen-household,"Cups, Mugs & Glassware",1 pc,325,,57,,5256
DM-6.326,t28-lighter,T28 Lighter,kitchen-household,Kitchen Tools,1 pc,245,,47,,5423
DM-3.544,tender-flo-glass-feeder-with-handle-125ml,Tender Flo Glass Feeder With Handle 125ml,baby-care,Baby Accessories,125ml,470,,20,,5439
DM-3.522,tender-flo-glass-feeder-with-handle-250ml,Tender Flo Glass Feeder With Handle 250ml,baby-care,Baby Accessories,250ml,460,375,50,,5440
DM-6.323,tide-bond-lighter-model-cb-027,Tide Bond Lighter Model CB-027,kitchen-household,Kitchen Tools,1 pc,270,,20,yes,5501
DM-2.3472,topcolor-highlighter-no-tc-4039,Topcolor Highlighter NO.TC 4039,stationery,"Pens, Pencils & Erasers",1 pc,40,,32,,5584
DM-4.1403,travel-bottles-set-pack,Travel Bottles Set Pack,home-living,"Bags, Umbrellas & Travel",1 pack,765,655,33,,5587
DM-4.1326,tulip-large-coffe-cup-6pcs-set-laopala,Tulip Large Coffe Cup 6pcs Set Laopala,kitchen-household,"Cups, Mugs & Glassware",6 pcs,325,,54,,5625
DM-10.498,two-color-higlighter-dh-110,Two Color Higlighter DH-110,stationery,"Pens, Pencils & Erasers",1 pc,45,,26,,5631
DM-4.7,ultimate-chopper-knife-with-kawach,Ultimate Chopper Knife With Kawach,kitchen-household,Kitchen Tools,1 pc,260,,32,,5633
DM-9.383,watter-bottle-rabbit-7069,Watter Bottle Rabbit 7069,kitchen-household,Bottles & Lunch Boxes,1 pc,545,,11,,5819
DM-2.3104,wottagirl-serene-cupid-currant-100ml,Wottagirl Serene\cupid\currant 100ml,beauty-skincare,Fragrance & Deodorant,100ml,485,430,33,,5913
DM-4.1332,yara-glass-jar-150ml,Yara Glass Jar 150ml,kitchen-household,"Cups, Mugs & Glassware",150ml,335,,8,,5929
DM-4.1333,yara-glass-jar-250ml,Yara Glass Jar 250ml,kitchen-household,"Cups, Mugs & Glassware",250ml,355,,16,,5930
DM-4.1459,yera-jb-200-lilver-tin-lid-glass-jar,Yera JB 200 Lilver Tin Lid Glass Jar,kitchen-household,"Cups, Mugs & Glassware",1 pc,345,,10,,5941
DM-4.1452,yera-jr-1-5kg-glass-jar-1800ml,Yera JR 1.5kg Glass Jar 1800ml,kitchen-household,"Cups, Mugs & Glassware",1.5kg,320,,51,,5942
DM-4.1458,yera-jr-2kg-glass-jar,Yera JR 2kg Glass Jar,kitchen-household,"Cups, Mugs & Glassware",2kg,345,300,46,,5944
DM-4.1454,yera-jr-2kg-glass-jar-2425ml,Yera JR 2kg Glass Jar 2425ml,kitchen-household,"Cups, Mugs & Glassware",2kg,315,,38,,5943
DM-4.1442,yera-jr-4kg-glass-jar-5000ml,Yera JR 4kg Glass Jar 5000ml,kitchen-household,"Cups, Mugs & Glassware",4kg,370,,21,,5945
DM-4.146,yera-jr-500-st-glass-jar,Yera JR 500 ST Glass Jar,kitchen-household,"Cups, Mugs & Glassware",1 pc,380,,44,,5946
DM-4.1457,yera-jr-750-glass-jar,Yera JR 750 Glass Jar,kitchen-household,"Cups, Mugs & Glassware",1 pc,320,,55,,5947
DM-4.1487,yera-jr-glass-jar-750,Yera JR Glass Jar 750,kitchen-household,"Cups, Mugs & Glassware",1 pc,370,,48,,5948
DM-4.1453,yera-ksm-600-glass-jar-580ml,Yera KSM 600 Glass Jar 580ml,kitchen-household,"Cups, Mugs & Glassware",580ml,340,,57,,5950
DM-4.1445,yera-pjs-1000-glass-jar-1020ml,Yera PJS 1000 Glass Jar 1020ml,kitchen-household,"Cups, Mugs & Glassware",1020ml,310,,10,,5951
DM-4.1447,yera-pjs-1500-glass-jar-1550ml,Yera PJS 1500 Glass Jar 1550ml,kitchen-household,"Cups, Mugs & Glassware",1550ml,385,,46,,5952
DM-4.1443,yera-pjs-2000-glass-jar-2000ml,Yera PJS 2000 Glass Jar 2000ml,kitchen-household,"Cups, Mugs & Glassware",2000ml,380,,17,,5953
DM-4.1446,yera-pjs-550-glass-jar-575ml,Yera PJS 550 Glass Jar 575ml,kitchen-household,"Cups, Mugs & Glassware",575ml,385,,36,,5954
DM-4.1444,yera-kr-1kg-glass-jar-1240ml,Yera kR 1kg Glass Jar 1240ml,kitchen-household,"Cups, Mugs & Glassware",1kg,390,,34,,5949
DM-4.1231,zhehon-kitchen-apron-two-side-towel,Zhehon Kitchen Apron Two Side Towel,kitchen-household,Kitchen Tools,1 pc,230,,27,,5998
DM-4.568,cup-sets,Cup Sets,kitchen-household,"Cups, Mugs & Glassware",1 pc,390,315,52,,1245
DM-9.499,highilighter-237,Highilighter 237,stationery,"Pens, Pencils & Erasers",1 pc,40,,47,,2534
DM-1.86,kitchen-pochha-gray-duster,Kitchen Pochha GRAY DUSTER,cleaning,"Floor, Toilet & Glass Cleaners",1 pc,225,,57,,3069
DM-4.1463,kitchen-utensils-silicone-black-spone,Kitchen Utensils Silicone Black Spone,kitchen-household,Kitchen Tools,1 pc,230,,29,,3072
DM-4.1087,aquarius-6pcs-tea-cup-set-dbx27-2,Aquarius 6pcs Tea Cup Set DBX27-2,kitchen-household,"Cups, Mugs & Glassware",6 pcs,345,,44,,292
DM-4.1322,baltra-victoria-6pcs-tea-cup,Baltra Victoria 6pcs Tea Cup,kitchen-household,"Cups, Mugs & Glassware",6 pcs,530,,54,,538
DM-4.873,coffee-mug-long,Coffee Mug Long,kitchen-household,"Cups, Mugs & Glassware",1 pc,700,,22,,1137
DM-4.124,coffee-mug-single-long,Coffee Mug Single Long,kitchen-household,"Cups, Mugs & Glassware",1 pc,335,,42,,1139
DM-4.129-2,coffee-mug-psr-malaysia-smily,Coffee Mug PSR Malaysia SMILY,kitchen-household,"Cups, Mugs & Glassware",1 pc,590,,17,,1138
DM-4.1512,coffee-mug-broad-duel-tone-color,Coffee Mug Broad Duel Tone Color,kitchen-household,"Cups, Mugs & Glassware",1 pc,600,,15,,1136
DM-4.336,coffee-mug-white-single,Coffee Mug White Single,kitchen-household,"Cups, Mugs & Glassware",1 pc,375,,14,,1135
DM-4.1132,glass-water-jug-y35-y36,GLass Water Jug y35\y36,kitchen-household,"Cups, Mugs & Glassware",1 pc,345,,11,,2225
DM-4.1103,glass-food-jar-1350ml,Glass Food Jar 1350ml,kitchen-household,"Cups, Mugs & Glassware",1350ml,375,,42,,2215
DM-4.1105,glass-food-jar-650ml,Glass Food Jar 650ml,kitchen-household,"Cups, Mugs & Glassware",650ml,370,,19,,2216
DM-4.1104,glass-food-jar-950,Glass Food Jar 950,kitchen-household,"Cups, Mugs & Glassware",1 pc,370,,47,,2217
DM-4.945,glass-wiper,Glass Wiper,cleaning,"Floor, Toilet & Glass Cleaners",1 pc,250,,35,,2226
DM-4.1491,glass-beverage-dispenser-lron-stand-8ltr,Glass Beverage Dispenser Lron Stand 8ltr,kitchen-household,"Cups, Mugs & Glassware",8L,310,,48,,2208
DM-4.1503,glass-bottle-1000ml-314-50,Glass Bottle 1000ml 314-50,kitchen-household,"Cups, Mugs & Glassware",1000ml,390,,50,,2209
DM-4.1497,glass-bowl-with-led-16024,Glass Bowl With Led 16024,kitchen-household,"Cups, Mugs & Glassware",1 pc,390,,48,,2210
DM-4.1502,glass-bowl-with-lid-16026,Glass Bowl With Lid 16026,kitchen-household,"Cups, Mugs & Glassware",1 pc,370,,13,,2211
DM-4.1494,glass-bowl-with-lid-16031,Glass Bowl With Lid 16031,kitchen-household,"Cups, Mugs & Glassware",1 pc,325,,41,,2212
DM-4.1504,glass-bowl-with-lid-16032,Glass Bowl With Lid 16032,kitchen-household,"Cups, Mugs & Glassware",1 pc,325,,16,,2213
DM-4.1496,glass-dispenser-with-iron-stand-5-5ltr,Glass Dispenser With Iron Stand 5.5ltr,electronics,Personal Care Appliances,5.5L,1930,,52,,2214
DM-4.1508,glass-show-piece-buddha-small,Glass Show Piece Buddha Small,kitchen-household,"Cups, Mugs & Glassware",1 pc,235,,59,,2218
DM-4.1507,glass-show-piece-ganesh-small,Glass Show Piece Ganesh Small,kitchen-household,"Cups, Mugs & Glassware",1 pc,195,,14,,2219
DM-4.1498,glass-storage-jar-with-plastic-lid-1315-s-310-5,Glass Storage Jar With Plastic Lid 1315 S 310-5,kitchen-household,"Cups, Mugs & Glassware",1315 pcs,310,,52,,2220
DM-4.1505,glass-storage-jar-with-plastic-lid-309-5,Glass Storage Jar With Plastic Lid 309-5,kitchen-household,"Cups, Mugs & Glassware",1 pc,355,,35,,2221
DM-4.243,glass-tea-cup-with-saucer,Glass Tea Cup With Saucer,kitchen-household,"Cups, Mugs & Glassware",1 pc,310,,17,,2222
DM-4.141,glass-tooyh-pick-holder-2023,Glass Tooyh Pick Holder 2023,electronics,Lights & Electricals,1 pc,385,,57,,2223
DM-4.1495,glass-water-jug-1300ml,Glass Water Jug 1300ml,kitchen-household,"Cups, Mugs & Glassware",1300ml,370,,12,,2224
DM-4.152,juice-glass-footed-highball-306-100,Juice Glass Footed Highball 306-100,kitchen-household,"Cups, Mugs & Glassware",1 pack,315,,40,,2872
DM-4.1499,juice-glass-footed-highball-ic010-306-100,Juice Glass Footed Highball IC010 (306-100),kitchen-household,"Cups, Mugs & Glassware",1 pc,320,,33,,2873
DM-4.15,juice-glass-plisner-350ml-502-25,Juice Glass Plisner 350ml 502-25,kitchen-household,"Cups, Mugs & Glassware",350ml,315,,41,,2874
DM-4.1521,juice-glass-plisner-360ml-502-25,Juice Glass Plisner 360ml 502-25,kitchen-household,"Cups, Mugs & Glassware",360ml,355,,49,,2875
DM-4.1327,laopala-coffee-mug-6pcs-set,Laopala Coffee Mug 6pcs Set,kitchen-household,"Cups, Mugs & Glassware",6 pcs,640,,23,,3151
DM-4.133,royal-serve-ceramic-tea-cup-glaze-6pcs-set,Royal Serve Ceramic Tea Cup Glaze 6pcs Set,kitchen-household,"Cups, Mugs & Glassware",6 pcs,370,,9,,4858
DM-4.1328,royal-serve-cermic-coffee-mug-boho-lunar,Royal Serve Cermic Coffee Mug Boho/Lunar,kitchen-household,"Cups, Mugs & Glassware",1 pc,595,,28,,4859
DM-4.1163,rullex-tempered-tea-cup-rx111-6pcs-set,Rullex Tempered Tea Cup RX111 6pcs Set,kitchen-household,"Cups, Mugs & Glassware",6 pcs,355,,31,,4882
DM-4.1208,1001-4-s-eed-water-bottle-yy-261,1001-4 s[eed Water Bottle YY-261,kitchen-household,Bottles & Lunch Boxes,4 pcs,610,,18,,63
DM-4.1206,1009-6-water-bottle-yy-373,1009-6 Water Bottle YY-373,kitchen-household,Bottles & Lunch Boxes,1 pc,525,,16,,64
DM-4.1433,1100-yadali-water-bottle-1100ml,1100 Yadali Water Bottle 1100ml,kitchen-household,Bottles & Lunch Boxes,1100ml,440,,12,,65
DM-4.381,1714-2-baby-water-bottle,1714-2 Baby Water Bottle,kitchen-household,Bottles & Lunch Boxes,1 pc,590,,55,,69
DM-3.639,baby-panda-water-bottle-450ml,Baby Panda Water Bottle 450ml,kitchen-household,Bottles & Lunch Boxes,450ml,260,230,31,,419
DM-4.1349,baby-water-bottle-nice-big,Baby Water Bottle Nice Big,kitchen-household,Bottles & Lunch Boxes,1 pc,555,455,23,,451
DM-4.135,baby-water-bottle-nice-small,Baby Water Bottle Nice Small,kitchen-household,Bottles & Lunch Boxes,1 pc,325,,49,,450
DM-4.1308,baltra-cardio-sport-bottle-bsl-417,Baltra Cardio Sport Bottle BSL-417,kitchen-household,Bottles & Lunch Boxes,1 pc,865,,55,,12
DM-4.131,baltra-evok-sport-bottle-500mlbsl-416,Baltra Evok Sport Bottle 500mlBSL-416,kitchen-household,Bottles & Lunch Boxes,1 pc,885,,57,,516
DM-4.1314,baltra-horizon-sport-bottle-900mlbsl-425,Baltra Horizon Sport Bottle 900mlBSL-425,kitchen-household,Bottles & Lunch Boxes,1 pc,895,,11,,522
DM-4.1309,baltra-maya-sport-bottle-900mlbsl-418,Baltra Maya Sport Bottle 900mlBSL-418,kitchen-household,Bottles & Lunch Boxes,1 pc,845,,35,,526
DM-4.1316,baltra-pulse-sport-bottle-750ml-bsl-427,Baltra Pulse Sport Bottle 750ml Bsl-427,kitchen-household,Bottles & Lunch Boxes,750ml,575,,42,,528
DM-4.1299,baltra-sport-bottle-horizon-600ml-bsl-424,Baltra Sport Bottle Horizon 600ml BSL-424,kitchen-household,Bottles & Lunch Boxes,600ml,485,,47,,534
DM-4.1307,baltra-striking-sport-bottle-900mlbsl-272,Baltra Striking Sport Bottle 900mlBSL-272,kitchen-household,Bottles & Lunch Boxes,1 pc,975,,31,,13
DM-4.1377,cool-water-bottle-700ml,Cool Water Bottle 700ml,kitchen-household,Bottles & Lunch Boxes,700ml,345,,40,,1217
DM-4.1095,cute-water-bottle-broad-luck,Cute Water Bottle Broad Luck,kitchen-household,Bottles & Lunch Boxes,1 pc,585,,50,,1287
DM-4.1042,hi-fashion-water-bottle-730ml,Hi? Fashion Water Bottle 730ml,kitchen-household,Bottles & Lunch Boxes,730ml,355,290,29,,2529
DM-4.1437,keep-fit-water-bottle-700ml,Keep Fit Water Bottle 700ml,kitchen-household,Bottles & Lunch Boxes,700ml,325,,43,,2956
DM-4.1017,lunch-box-water-bottle-lb-k60,Lunch Box &water Bottle LB-K60,kitchen-household,Bottles & Lunch Boxes,1 pc,530,480,29,,3397
DM-4.1181,nice-water-bottle-1500ml,Nice Water Bottle 1500ml,kitchen-household,Bottles & Lunch Boxes,1500ml,515,,17,,4011
DM-4.1434,plastic-cup-water-bottle-1011-650ml,Plastic Cup Water Bottle 1011 650ml,kitchen-household,"Cups, Mugs & Glassware",650ml,370,,40,,4424
DM-4.1435,sisa-water-bottle,Sisa Water Bottle,kitchen-household,Bottles & Lunch Boxes,1 pc,570,,9,,5111
DM-4.1438,snorty-water-bottle-630ml,Snorty Water Bottle 630ml,kitchen-household,Bottles & Lunch Boxes,630ml,290,,28,,5149
DM-4.1241,sport-bottle-9162-2ltr,Sport Bottle 9162 2ltr,kitchen-household,Bottles & Lunch Boxes,2L,695,,13,,5222
DM-4.1448,sport-filter-water-bottle-9509-1000ml,Sport Filter Water Bottle 9509 1000ml,kitchen-household,Bottles & Lunch Boxes,1000ml,410,,40,,5223
DM-4.143,sport-filter-water-bottle-9511-1000ml,Sport Filter Water Bottle 9511 1000ml,kitchen-household,Bottles & Lunch Boxes,1000ml,375,,54,,5224
DM-4.1185,sport-water-bottle-2in1-9985,Sport Water Bottle 2in1 9985,kitchen-household,Bottles & Lunch Boxes,1 pc,495,,24,,5226
DM-4.1429,sport-water-bottle-750ml,Sport Water Bottle 750ml,kitchen-household,Bottles & Lunch Boxes,750ml,380,,39,,49
DM-4.1191,sport-water-bottle-permium-xbd-6098,Sport Water Bottle Permium XBD-6098,kitchen-household,Bottles & Lunch Boxes,1 pc,610,,40,,5227
DM-4.1449,sports-water-bottle-mvp-9596,Sports Water Bottle MVP 9596,kitchen-household,Bottles & Lunch Boxes,1 pc,590,,53,,50
DM-4.1432,tumlet-plastic-water-bottle-750ml,Tumlet Plastic Water Bottle 750ml,kitchen-household,Bottles & Lunch Boxes,750ml,305,,49,,5626
DM-4.1097,vacuum-sport-bottle500ml,Vacuum Sport bottle500ml,kitchen-household,Bottles & Lunch Boxes,500ml,235,,41,,5668
DM-4.1228,water-bottle-2477,Water Bottle 2477,kitchen-household,Bottles & Lunch Boxes,1 pc,485,,31,,5808
DM-4.1089,water-bottle-sport-no-291,Water Bottle Sport no.291,toys,Sports & Fitness,1 pc,585,,43,,5811
DM-4.349,water-bottle-no-9900,Water Bottle no.9900,kitchen-household,Bottles & Lunch Boxes,1 pc,585,470,9,,5810
DM-4.145,water-bottle-cup-ai-shang-bei-100ml,Water Bottle CUP Ai Shang Bei 100ml,kitchen-household,"Cups, Mugs & Glassware",100ml,320,280,19,,5809
DM-4.1428,water-bottle-star-yt-63138-760ml,Water Bottle Star YT-63138 760ml,kitchen-household,Bottles & Lunch Boxes,760ml,305,,10,,5812
DM-4.1436,cool-cute-bus-water-bottle,Cool Cute Bus Water Bottle,kitchen-household,Bottles & Lunch Boxes,1 pc,495,,53,,1213
DM-9.893,abc-wood-bord,ABC Wood Bord,home-living,Storage & Organisers,1 pc,460,400,45,,147
DM-1.1116,ariel-surf-4kg-free-bucket,Ariel Surf 4kg Free Bucket,cleaning,Detergent & Laundry,4kg,720,575,9,,307
DM-17.161,baby-rubber-setclip,Baby Rubber Setclip,baby-care,Baby Accessories,1 pc,415,,35,,426
DM-17.173,baby-set-rubber-clip-mix-box,Baby Set Rubber Clip Mix Box,ladies-wear,Hair Accessories,1 pc,75,,40,,431
DM-4.934,batha-sponge-rope,Batha Sponge Rope,home-living,"Tools, Hardware & Auto",1 pc,310,,42,,615
DM-4.128,bathroom-door-mat-big,Bathroom Door Mat Big,home-living,Home Decor & Furnishing,1 pc,670,,42,,618
DM-17.434,berry-berry-seoul-2-pcs-rubber,Berry Berry Seoul 2 pcs Rubber,ladies-wear,Hair Accessories,2 pcs,80,,50,,677
DM-4.98,bisu-lock-40mm,Bisu Lock 40mm,home-living,"Tools, Hardware & Auto",1 pc,340,,33,,735
DM-4.982,bisu-lock-60mm,Bisu Lock 60mm,home-living,"Tools, Hardware & Auto",1 pc,315,280,38,,736
DM-4.1278,boxes-one-storey-lunch-box-bfj-155,Boxes One Storey Lunch Box BFJ-155,kitchen-household,Bottles & Lunch Boxes,1 pc,495,,31,,793
DM-4.1286,brass-lock-20-mmno-261,Brass Lock 20 mmNO.261,home-living,"Tools, Hardware & Auto",1 pc,390,,22,,807
DM-4.994,brass-lock-25mmno-262,Brass Lock 25mmNO.262,home-living,"Tools, Hardware & Auto",1 pc,315,290,23,,808
DM-4.152-2,canyon-max-six-levers-padlocks-40mm,Canyon Max Six Levers Padlocks 40mm,home-living,"Tools, Hardware & Auto",1 pc,380,,19,,896
DM-1.1886,cleaning-towel-4pcs-pack,Cleaning Towel 4pcs Pack,home-living,Home Decor & Furnishing,4 pcs,615,,46,,1090
DM-4.94,cloth-hanger-5pcs-018,Cloth Hanger 5pcs 018,home-living,Storage & Organisers,5 pcs,450,,49,,1114
DM-4.219,cloth-hanger-5pcs-505,Cloth Hanger 5pcs 505,home-living,Storage & Organisers,5 pcs,495,,29,,1115
DM-4.1227,cloth-hanger-5pcs-902,Cloth Hanger 5pcs 902,home-living,Storage & Organisers,5 pcs,415,,34,,1116
DM-4.279,cloth-sline-rope-10m,Cloth Sline Rope 10m,home-living,"Tools, Hardware & Auto",1 pc,365,335,26,,1118
DM-4.944,coat-hanger-wood,Coat Hanger Wood,home-living,Storage & Organisers,1 pc,455,,58,,1122
DM-17.515,cute-girl-crochet-flower-bouquet-keychain,Cute Girl Crochet Flower Bouquet Keychain,home-living,Home Decor & Furnishing,1 pack,715,,58,,1285
DM-9.721,diy-plastic-storage-cabinet-6pcs,DIY Plastic Storage Cabinet 6pcs,home-living,Storage & Organisers,6 pcs,400,,53,,1535
DM-9.722,dyi-plastic-storage-cabinet-9pcs,DYI Plastic Storage Cabinet 9pcs,home-living,Storage & Organisers,9 pcs,445,,41,,1696
DM-1.1724,diling-toilet-block-clean-6pcsdl-506,DiLING Toilet Block Clean 6pcsDL-506,cleaning,"Floor, Toilet & Glass Cleaners",1 pc,225,195,34,,1445
DM-4.1263,digital-table-clock-with-laser-5618,Digital Table Clock With Laser 5618,electronics,Appliances & Gadgets,1 pc,1520,,32,,1443
DM-7.4076,dipawali-candle-25pcs,Dipawali Candle 25pcs,home-living,Home Decor & Furnishing,25 pcs,595,,59,,1467
DM-7.2237,dipawoli-candle-12-pc,Dipawoli Candle 12 pc,home-living,Home Decor & Furnishing,12 pc,585,,15,,1471
DM-7.1201,dipawoli-candle-small,Dipawoli Candle Small,home-living,Home Decor & Furnishing,1 pc,430,,48,,1472
DM-4.92,disposable-plastic-gloves-100pc,Disposable Plastic Gloves 100pc,kitchen-household,Dinnerware & Serving,100 pc,475,,22,,1483
DM-22.19,dog-leash-rope-qys-1841,Dog Leash Rope QYS 1841,pet-care,Pet Food & Accessories,1 pc,445,,15,,1557
DM-22.17,dog-leash-rope-collar-mix-qys-1840,Dog Leash Rope Collar Mix QYS 1840,pet-care,Pet Food & Accessories,1 pc,450,,41,,1555
DM-22.18,dog-leash-rope-collar-mix-qys-1856,Dog Leash Rope Collar Mix QYS 1856,pet-care,Pet Food & Accessories,1 pc,395,,57,,1556
DM-22.16,dog-poop-scooper-box-ls-321,Dog Poop Scooper Box LS-321,pet-care,Pet Food & Accessories,1 pc,490,,29,,1561
DM-4.1287,door-mat-premium,Door Mat Premium,home-living,Home Decor & Furnishing,1 pc,645,,45,,1589
DM-2.3402,dot-key-barrier-repair-hydrating-gentle-facewash-100ml,Dot&key Barrier repair+hydrating Gentle Facewash 100ml,beauty-skincare,Skin Care,100ml,285,,30,,1595
DM-2.3403,dot-key-cica-calming-belmish-clearing-gel-facewash-100ml,Dot&key Cica Calming Belmish Clearing Gel Facewash 100ml,beauty-skincare,Skin Care,100ml,295,,20,,1597
DM-2.3401,dot-key-watermelon-cooling-gel-facewash-100ml,Dot&key Watermelon Cooling Gel Facewash 100ml,beauty-skincare,Skin Care,100ml,325,,52,,1613
DM-9.712,duck-diy-funny-money-box-no-6732,Duck Diy Funny Money Box No.6732,home-living,Storage & Organisers,1 pc,470,415,58,,1689
DM-17.497,fashion-jewelry-knitted-heart-keychain,Fashion Jewelry Knitted Heart Keychain,home-living,"Tools, Hardware & Auto",1 pc,320,,8,,1928
DM-17.181,flower-rubber-2pc-set,Flower Rubber 2pc Set,ladies-wear,Hair Accessories,2 pc,90,,19,,2002
DM-4.951,folding-umbrella-xata-1143,Folding Umbrella (Xata) 1143,home-living,Storage & Organisers,1 pc,490,,52,,2051
DM-4.1385,gents-umbrella-streight-big,Gents Umbrella Streight Big,home-living,"Bags, Umbrellas & Travel",1 pc,785,,19,,2175
DM-2.332,gillette-7o-clock-pll-5-cartridges,Gillette 7o Clock Pll 5 Cartridges,beauty-skincare,Men's Grooming,1 pc,290,,42,,2186
DM-9.947,hammer-keyring,Hammer Keyring,home-living,"Tools, Hardware & Auto",1 pc,375,,10,,2418
DM-4.1134,hardened-cisa-padlock-70mm,Hardened Cisa PadLock 70mm,home-living,"Tools, Hardware & Auto",1 pc,375,,15,,2438
DM-4.1129,high-grade-lock-heavy,High Grade Lock Heavy,home-living,"Tools, Hardware & Auto",1 pc,325,290,11,,2531
DM-4.1272,hilam-atoot-double-locking-40mm,Hilam Atoot Double Locking 40mm,home-living,Storage & Organisers,1 pc,415,,14,,2539
DM-3.151,himalaya-basket-happy-baby-gift-pack,Himalaya Basket Happy Baby Gift Pack,baby-care,Baby Bath & Skin Care,1 pc,385,340,15,,2606
DM-10.155,ink-box-gb-21027,Ink Box GB 21027,stationery,"Pens, Pencils & Erasers",1 pack,35,,10,,2748
DM-2.2405,joy-papaya-sun-spf50sun-block-cream-60ml,Joy Papaya Sun spf50sun Block Cream 60ml,beauty-skincare,Skin Care,60ml,240,,19,,2856
DM-9.22,key-ring-mix,Key Ring Mix,home-living,"Tools, Hardware & Auto",1 pc,355,,21,,3002
DM-9.79,keyring-hand-cartoon-mix,Keyring Hand Cartoon Mix,toys,Toys,1 pc,800,,29,,3008
DM-17.298,keyring-metal,Keyring Metal,home-living,"Tools, Hardware & Auto",1 pc,310,280,37,,3009
DM-17.274,keyring-cute-girl,Keyring Cute Girl,home-living,"Tools, Hardware & Auto",1 pc,320,,57,,3003
DM-17.257,keyring-cute-girl-2,Keyring Cute Girl,home-living,"Tools, Hardware & Auto",1 pc,320,,33,,3006
DM-17.498,keyring-cute-girl-heart-mix,Keyring Cute Girl Heart Mix,home-living,"Tools, Hardware & Auto",1 pc,365,320,46,,3005
DM-17.259,keyring-cuty-girl,Keyring Cuty Girl,home-living,"Tools, Hardware & Auto",1 pc,325,,8,,3007
DM-9.787,keyring-mix,Keyring Mix,home-living,"Tools, Hardware & Auto",1 pc,335,,56,,3010
DM-2.762,lotus-herbals-matte-look-sunblock-spf-40-50g,LOTUS Herbals Matte Look Sunblock Spf 40 50g,beauty-skincare,Skin Care,50g,205,,57,,3341
DM-2.761,lotus-herbals-matte-look-sunblock-spf40-100g,LOTUS Herbals Matte Look Sunblock spf40 100g,beauty-skincare,Skin Care,100g,290,,30,,3342
DM-10.519,labubu-lock-dairy-jz2017-1085,Labubu Lock Dairy jz2017-1085,stationery,Notebooks & Paper,1 pc,115,110,17,,3111
DM-4.74,ladies-umbrella-folding-1300-10,Ladies Umbrella Folding 1300-10,home-living,Storage & Organisers,1 pc,440,,41,,3122
DM-4.263,lock-70mm,Lock 70mm,home-living,"Tools, Hardware & Auto",1 pc,390,,21,,3247
DM-10.48,lock-black-dairy-25-68,Lock Black Dairy 25-68,stationery,Notebooks & Paper,1 pc,125,,55,,3248
DM-4.81,lock-mindy-high-quality-yellow,Lock Mindy High Quality Yellow,home-living,"Tools, Hardware & Auto",1 pkt,310,,43,,3249
DM-17.236,locket-stainles-name,Locket Stainles Name,ladies-wear,Jewellery,1 pc,245,,28,,3259
DM-17.109,locket-stainless-steel-316,Locket Stainless Steel 316,ladies-wear,Jewellery,1 pc,270,255,42,,3260
DM-17.171,locket-stainless-steel,Locket Stainless Steel,ladies-wear,Jewellery,1 pc,255,215,24,,3261
DM-17.231,locket-stainless-steel-2,Locket Stainless Steel,ladies-wear,Jewellery,1 pc,255,,49,,3262
DM-17.234,locket-fashion-2,Locket Fashion 2,ladies-wear,Jewellery,1 pc,255,225,33,,3252
DM-17.96,locket-fashion-32-pc,Locket Fashion 32 PC,ladies-wear,Jewellery,32 pc,220,,51,,3253
DM-17.233,locket-lock,Locket Lock,ladies-wear,Jewellery,1 pc,255,,49,,3254
DM-17.235,locket-moon-star,Locket Moon Star,ladies-wear,Jewellery,1 pc,230,,57,,3255
DM-17.115,locket-set-fashion,Locket Set Fashion,ladies-wear,Jewellery,1 pc,220,,27,,3256
DM-17.112,locket-set-stainless-steel,Locket Set Stainless Steel,ladies-wear,Jewellery,1 pc,275,,46,,3257
DM-17.286,locket-simple-design,Locket Simple Design,ladies-wear,Jewellery,1 pc,240,,16,,3258
DM-17.237,locket-star,Locket Star,ladies-wear,Jewellery,1 pc,235,,28,,3263
DM-17.238,locket-steel,Locket Steel,ladies-wear,Jewellery,1 pc,265,220,28,,3250
DM-17.239,locket-steel-2pc,Locket Steel 2pc,ladies-wear,Jewellery,2 pc,255,235,13,,3264
DM-17.24,locket-steel-ewelry,Locket Steel Ewelry,ladies-wear,Jewellery,1 pc,255,,11,,3251
DM-4.1187,long-umbrella-12-ring,Long Umbrella 12 Ring,home-living,"Bags, Umbrellas & Travel",1 pc,950,,15,,3269
DM-2.402,lotus-hrbl-safe-sun-antiagein-ultra-sunblock-100g,Lotus Hrbl Safe Sun Antiagein Ultra Sunblock 100g,beauty-skincare,Skin Care,100g,320,,50,,3363
DM-2.2058,lotus-professional-ultra-protect-sun-block-spf70,Lotus Professional Ultra-protect Sun Block spf70,beauty-skincare,Skin Care,1 pc,485,410,10,,3325
DM-2.1982,lotus-professional-uv-deffence-sunblock-spf100,Lotus Professional Uv Deffence Sunblock spf100,beauty-skincare,Skin Care,1 pc,490,,11,,3376
DM-4.1371,lunch-box-one-layer,Lunch Box One Layer,kitchen-household,Bottles & Lunch Boxes,1 pc,555,445,35,,3398
DM-4.137,lunch-box-two-layer,Lunch Box Two Layer,kitchen-household,Bottles & Lunch Boxes,1 pc,515,,54,,3399
DM-2.2575,mg-whitening-and-ageing-sun-block-spf100ml,MG Whitening And Ageing Sun Block SPF100ml,beauty-skincare,Skin Care,100ml,345,,54,,3631
DM-17.412,medium-bag-keychain-pouch-with-a-silk-accent-scarf,Medium Bag Keychain Pouch With A Silk Accent Scarf,home-living,"Bags, Umbrellas & Travel",1 pc,780,,38,,3589
DM-17.3-2,metal-keyring-steel,Metal Keyring Steel,home-living,"Tools, Hardware & Auto",1 pc,365,,54,,3609
DM-4.1252,mini-candle-24-pcs,Mini Candle 24 pcs,home-living,Home Decor & Furnishing,24 pcs,400,,35,,3660
DM-9.924,mini-cartoon-projection-camera-keychain,Mini Cartoon Projection Camera Keychain,toys,Toys,1 pc,455,,17,,3661
DM-9.923,mini-handbag-keychain-with-pom-pom-charm,Mini Handbag Keychain With Pom-Pom Charm,home-living,"Tools, Hardware & Auto",1 pc,210,,26,,3664
DM-17.198,mirror-2in-1-pocket,Mirror 2in 1 Pocket,home-living,Home Decor & Furnishing,1 pc,675,,17,,3679
DM-17.165,mobile-keyring,Mobile Keyring,electronics,Mobile & Audio,1 pc,1030,,23,,3775
DM-17.95,moti-locket-stainless-steel,Moti Locket Stainless Steel,ladies-wear,Jewellery,1 pc,245,205,8,,3802
DM-9.821,music-jass-play-mat-757-78,Music Jass Play Mat 757-78,home-living,Home Decor & Furnishing,1 pc,620,545,12,,3889
DM-10.395,my-friend-lock-diary-m36k-111001,My Friend Lock Diary M36k-111001,stationery,Notebooks & Paper,1 pc,110,,17,,3897
DM-1.2233,npi-premium-multi-fold-paper-towel,NPI Premium Multi-fold Paper Towel,cleaning,Tissues & Paper,1 pc,105,,42,,4105
DM-2.3891,niyado-whitening-sun-block-spf30,Niyado Whitening Sun Block spf30,beauty-skincare,Skin Care,1 pc,500,,32,,4097
DM-4.1282,number-lock-taar,Number Lock Taar,home-living,"Tools, Hardware & Auto",1 pc,370,310,50,,4114
DM-2.2439,oshea-herbals-mattifying-sun-block-cream120gspf40,Oshea Herbals Mattifying Sun Block cream120gspf40,beauty-skincare,Skin Care,1 pc,460,390,44,,4180
DM-10.473,pencil-bag-cartoon,Pencil Bag Cartoon,stationery,"Pens, Pencils & Erasers",1 pc,35,,30,,4374
DM-10.116,pencil-box-nice-time-no-2812,Pencil Box Nice Time no.2812,stationery,"Pens, Pencils & Erasers",1 pc,40,,27,,4375
DM-9.47,pencil-box-set-a-776,Pencil Box Set A- 776,stationery,"Pens, Pencils & Erasers",1 pc,35,,33,,4376
DM-9.46,pencil-box-set-a-8935,Pencil Box Set A- 8935,stationery,"Pens, Pencils & Erasers",1 pc,40,,35,,4377
DM-4.47,placemat-coaster-set,Placemat & Coaster Set,kitchen-household,Dinnerware & Serving,1 pc,415,,37,,4417
DM-4.1516,plastic-playing-card,Plastic Playing Card,home-living,Storage & Organisers,1 pc,420,,58,,4425
DM-4.1065,plastic-spoon-kata,Plastic Spoon /kata,kitchen-household,Kitchen Tools,1 pc,270,,25,,4426
DM-4.1381,plastic-cloth-clip-12pcs-no1885,Plastic Cloth Clip 12pcs no1885,home-living,Storage & Organisers,12 pcs,425,,50,,4420
DM-4.1387,plastic-cloth-clip-24pc,Plastic Cloth Clip 24pc,home-living,Storage & Organisers,24 pc,460,,32,,4421
DM-17.514,pocket-mirror-kerning,Pocket Mirror Kerning,home-living,Home Decor & Furnishing,1 pc,665,570,30,,4482
DM-17.155,pocket-mirror-small,Pocket Mirror Small,home-living,Home Decor & Furnishing,1 pc,365,,25,,4483
DM-4.317,qq-hot-case-lunch-box-1000ml,QQ Hot Case Lunch Box 1000ml,kitchen-household,Bottles & Lunch Boxes,1000ml,465,,12,,4635
DM-4.478,richsoon-top-security-locks-70mm,Richsoon Top Security Locks 70mm,ladies-wear,Clothing,1 pc,1010,,27,,4773
DM-4.479,rolinson-top-security-locks-60mm,Rolinson Top Security Locks 60mm,ladies-wear,Clothing,1 pc,950,790,44,,4812
DM-4.1276,rope-big,Rope Big,home-living,"Tools, Hardware & Auto",1 pc,330,,10,,4823
DM-4.1275,rope-small,Rope Small,home-living,"Tools, Hardware & Auto",1 pc,215,,54,,4824
DM-4.997,round-hanger-heavy-28clip,Round Hanger Heavy 28clip,home-living,Storage & Organisers,1 pc,420,350,18,,4830
DM-17.263,rubber-2pcs,Rubber 2pcs,ladies-wear,Hair Accessories,2 pcs,75,65,32,,4873
DM-17.1,rubber-moti-no-169f,Rubber Moti no.169F,ladies-wear,Hair Accessories,1 pc,75,,10,,4875
DM-17.295,rubber-flower-clip-mix,Rubber Flower Clip Mix,ladies-wear,Hair Accessories,1 pc,75,,41,,4874
DM-17.41,rubber-simple-2pcs-rs-10,Rubber Simple 2pcs Rs 10,ladies-wear,Hair Accessories,2 pcs,10,,57,,4877
DM-17.262,rubber-single-pcs,Rubber Single pcs,ladies-wear,Hair Accessories,1 pc,45,,14,,4878
DM-4.289,scrather-plastic,Scrather Plastic,home-living,Storage & Organisers,1 pc,425,345,53,,4967
DM-4.971,soft-touch-cleaning-towel,Soft Touch Cleaning Towel,home-living,Home Decor & Furnishing,1 pc,675,,57,,5168
DM-9.648,spark-candle-12cm-m,Spark Candle 12cm M,home-living,Home Decor & Furnishing,1 pc,660,545,18,,5212
DM-9.646,spark-candle-18cm-big,Spark Candle 18cm Big,home-living,Home Decor & Furnishing,1 pc,645,,12,,5213
DM-1.1885,sponge-cleaning-block-5pcs,Sponge Cleaning Block 5pcs,cleaning,Dishwash,5 pcs,130,,32,,5221
DM-17.299,sport-keyring,Sport Keyring,toys,Sports & Fitness,1 pc,680,,35,,5225
DM-17.437,spring-coil-rubber-band,Spring Coil Rubber Band,ladies-wear,Hair Accessories,1 pc,80,65,26,,5232
DM-4.937,steel-cloth-clip20pcs,Steel Cloth Clip20pcs,home-living,Storage & Organisers,20 pcs,450,,24,,5253
DM-4.1406,steel-hanger-10pcs-set,Steel Hanger 10pcs Set,home-living,Storage & Organisers,10 pcs,410,,59,,5254
DM-1.532,sunday-king-onkey-scouring-pads-3pcs-thick,Sunday King Onkey Scouring Pads 3pcs Thick,health-hygiene,Feminine Hygiene,3 pcs,190,,12,,5338
DM-9.92,sweet-hear-friend-keyring,Sweet Hear Friend Keyring,home-living,"Tools, Hardware & Auto",1 pc,390,355,17,,5405
DM-4.886,top-security-lock-50mm,TOP Security Lock 50mm,home-living,"Tools, Hardware & Auto",1 pc,330,,14,,5582
DM-4.1409,table-mat-4pcs-set,Table Mat 4pcs Set,kitchen-household,Dinnerware & Serving,4 pcs,485,,15,,5426
DM-1.601,tide-plus-surf-1kg-bag-all-flvr,Tide Plus Surf 1kg Bag All Flvr,cleaning,Detergent & Laundry,1kg,260,,40,,5503
DM-4.1222,tiffin-box-enjoy-no-8474,Tiffin BOX Enjoy no.8474,kitchen-household,Bottles & Lunch Boxes,1 pc,485,390,27,,5512
DM-4.1144,time-atoot-lock-40mm,Time Atoot Lock 40mm,home-living,"Tools, Hardware & Auto",1 pc,360,305,26,,5519
DM-4.1142,time-atoot-lock-55mm,Time Atoot Lock 55mm,home-living,"Tools, Hardware & Auto",1 pc,315,,33,,5520
DM-4.1143,time-atoot-lock-60mm,Time Atoot Lock 60mm,home-living,"Tools, Hardware & Auto",1 pc,375,,48,,5521
DM-4.1273,time-lock-35mm,Time Lock 35mm,home-living,"Tools, Hardware & Auto",1 pc,365,295,39,,5523
DM-4.888,top-security-lock-30mm,Top Security Lock 30mm,home-living,"Tools, Hardware & Auto",1 pc,315,,17,,5580
DM-4.887,top-security-lock-40mm,Top Security Lock 40mm,home-living,"Tools, Hardware & Auto",1 pc,345,,13,,5581
DM-4.1518,travelling-personal-care-box-706,Travelling Personal Care Box 706,home-living,Storage & Organisers,1 pc,455,,20,,5588
DM-17.191,wenhao-chimti-rubber-set,Wenhao Chimti Rubber Set,ladies-wear,Hair Accessories,1 pc,90,,12,,5869
DM-17.17,y-3-pcs-rubber-chunky-black,Y 3 pcs Rubber Chunky Black,ladies-wear,Hair Accessories,3 pcs,90,,10,,61
DM-4.947,zip-seal-bag-3-size,Zip Seal Bag 3 Size,home-living,"Bags, Umbrellas & Travel",1 pc,870,,13,,6001
DM-4.988,alarm-lock,Alarm Lock,home-living,"Tools, Hardware & Auto",1 pc,370,,40,,229
DM-4.943,folding-umbrella-no2625,Folding Umbrella no2625,home-living,Storage & Organisers,1 pc,485,,49,,2052
DM-1.537,king-onkey-scouring-pads-5pcs,King Onkey Scouring Pads 5pcs,health-hygiene,Feminine Hygiene,5 pcs,200,,12,,3035
DM-4.69,numbering-candle,Numbering Candle,home-living,Home Decor & Furnishing,1 pc,655,605,50,,4117
DM-17.184,rubber-pain-bow-color-band,Rubber Pain Bow Color Band,ladies-wear,Hair Accessories,1 pc,75,,53,,4876
DM-4.43-2,soft-grip-pegs-cloth-clip,Soft Grip Pegs Cloth Clip,home-living,Storage & Organisers,1 pack,455,,36,,5159
DM-17.264,thank-you-rubber-box-mix-colour,Thank You Rubber Box Mix Colour,ladies-wear,Hair Accessories,1 pc,85,,40,,5445
DM-9.1,ac-electric-air-pump,AC Electric Air Pump,electronics,Appliances & Gadgets,1 pc,1410,,45,,151
DM-4.135-2,approan-fenfang-no-908,Approan Fenfang NO.908,electronics,Appliances & Gadgets,1 pc,1370,,25,,286
DM-4.259,apron-fashion-genfang-1218,Apron Fashion Genfang 1218,kitchen-household,Kitchen Tools,1 pc,270,,43,,291
DM-4.421,baltra-bvb-104-vacuum-flask-1000ml,BALTRA BVB 104 Vacuum Flask 1000ML,kitchen-household,Bottles & Lunch Boxes,1000ml,745,,13,,498
DM-4.422,baltra-hair-trimmer-gentle-bpc-830,BALTRA Hair Trimmer Gentle BPC -830,beauty-skincare,Men's Grooming,1 pc,530,455,24,,518
DM-4.1416,baltra-hair-trimmer-gentle-bpc-840,BALTRA Hair Trimmer Gentle BPC -840,beauty-skincare,Men's Grooming,1 pc,525,,9,,519
DM-3.12,baby-toothbrush-w-led-flash-keyring-625,Baby Toothbrush W/led Flash Keyring 625,baby-care,Baby Bath & Skin Care,1 pc,330,,46,,440
DM-4.561,baltra-3-in-1-mixer-grinder-urban-bmg-203-750w,Baltra 3-in-1 Mixer Grinder URBAN BMG-203 750w,electronics,Kitchen Appliances,1 pc,5250,,21,,494
DM-4.1424,baltra-3jar-mixer-grinder-supreme-bmg-199-550w,Baltra 3jar Mixer Grinder SUPREME BMG 199 550w,electronics,Kitchen Appliances,1 pc,6150,,53,,495
DM-4.1421,baltra-bf-288-table-fan-evo-2-5w,Baltra BF 288 Table Fan EVO 2.5w,electronics,Kitchen Appliances,1 pc,5900,,57,,497
DM-4.1135,baltra-electric-chapati-maker-btr-203,Baltra Electric Chapati Maker BTR-203,electronics,Appliances & Gadgets,1 pc,2250,2080,22,,500
DM-4.428,baltra-electric-cordless-kettle-1-5l-fast-bc130,Baltra Electric Cordless Kettle 1.5l Fast BC130,electronics,Kitchen Appliances,1.5L,5200,,14,,499
DM-4.1294,baltra-electric-cordless-kettle-1-8l-fast-bc183,Baltra Electric Cordless Kettle 1.8l Fast Bc183,electronics,Kitchen Appliances,1.8L,5250,,53,,502
DM-4.1305,baltra-electric-cordless-kettle-super-fast1-5l-fast-bc136,Baltra Electric Cordless Kettle Super fast1.5l Fast Bc136,electronics,Kitchen Appliances,1.5L,5900,,47,,501
DM-4.1291,baltra-electric-fanheater-hilton-bth-145,Baltra Electric fanHeater Hilton BTH-145,electronics,Appliances & Gadgets,1 pc,2600,,29,,503
DM-4.1292,baltra-electric-thundar-hilton-bth-158,Baltra Electric tHUNDAR Hilton BTH-158,electronics,Appliances & Gadgets,1 pc,2650,,11,,513
DM-4.1312,baltra-embreevacuum-pot-1500ml-bsl-287,Baltra EmbreeVacuum Pot 1500ML BSL-287,kitchen-household,Bottles & Lunch Boxes,1500ml,865,,11,,514
DM-4.1315,baltra-embreevacuum-pot-1800ml-bsl-288,Baltra EmbreeVacuum Pot 1800ML BSL-288,kitchen-household,Bottles & Lunch Boxes,1800ml,1140,,44,,515
DM-4.1293,baltra-leo-bsl-double-walled-steel-bottle1500ml,Baltra LEO BSL Double Walled Steel bottle1500ml,kitchen-household,Bottles & Lunch Boxes,1500ml,940,,11,,523
DM-4.1317,baltra-martinhair-trimmer-grooming-bpc-856,Baltra MartinHair Trimmer &Grooming BPC-856,beauty-skincare,Men's Grooming,1 pc,480,,10,,524
DM-4.1298,baltra-smart-chef-2jar-mixer-grinder-bmg-210,Baltra Smart Chef 2jar Mixer Grinder BMG-210,electronics,Kitchen Appliances,1 pc,5200,4530,21,,533
DM-4.1306,baltra-suprem-electric-cordless-kettle-1-8l-fast-bc158,Baltra Suprem Electric Cordless Kettle 1.8l Fast Bc158,electronics,Kitchen Appliances,1.8L,5900,,24,,14
DM-4.1414,baltra-electric-induction-cooktop-blc-136-1800w,Baltra Electric Induction Cooktop BLC 136 1800w,electronics,Kitchen Appliances,1 pc,5250,,49,,504
DM-4.1425,baltra-electric-iron-comfy-bti-164-1000w,Baltra Electric Iron COMFY BTI 164 1000w,electronics,Personal Care Appliances,1 pc,2840,,21,,505
DM-4.1426,baltra-electric-iron-eagle-bti-169-1200w,Baltra Electric Iron EAGLE BTI 169 1200w,electronics,Personal Care Appliances,1 pc,2750,,18,,506
DM-4.1422,baltra-electric-iron-nano-bti-163-1800w,Baltra Electric Iron NANO BTI 163 1800w,electronics,Personal Care Appliances,1 pc,2560,,19,,507
DM-4.1415,baltra-grind-master-2jar-mixer-grinder-bmg-196-550w,Baltra Grind Master 2jar Mixer Grinder BMG-196 550w,electronics,Kitchen Appliances,1 pc,5850,5550,34,,517
DM-4.1417,baltra-hair-trimmer-prism-bpc-836,Baltra Hair Trimmer PRISM BPC 836,beauty-skincare,Men's Grooming,1 pc,530,,19,,520
DM-4.1418,baltra-hair-trimmer-grooming-set-martin-bpc-856,Baltra Hair Trimmer&grooming Set MARTIN BPC 856,beauty-skincare,Men's Grooming,1 pc,505,,40,,521
DM-4.1419,baltra-max-202-mixer-grinder-3jar-600w,Baltra Max 202 Mixer Grinder 3jar 600w,electronics,Kitchen Appliances,1 pc,5200,,11,,525
DM-2.2173,beauty-blender-5in-1,Beauty Blender 5in 1,beauty-skincare,Makeup & Nail Care,1 pc,380,,10,,659
DM-2.3821,blender-4pcs-set-box,Blender 4pcs Set Box,electronics,Kitchen Appliances,4 pcs,3770,3290,46,,748
DM-4.1485,body-hair-trimmer-888-2,Body Hair Trimmer 888-2,beauty-skincare,Men's Grooming,1 pc,320,,13,,759
DM-9.445,bubbles-fan-mix,Bubbles fAN MIX,electronics,Kitchen Appliances,1 pc,3160,,9,,853
DM-9.758,cat-shoes-led-table-lamp,Cat Shoes Led Table Lamp,electronics,Lights & Electricals,1 pc,380,,38,,912
DM-16.32,coke-fanta-sprite-1-5ltr,Coke/Fanta/Sprite 1.5Ltr,beverages,Soft Drinks & Soda,1.5L,150,,49,yes,1140
DM-16.33,coke-fanta-sprite-1ltr,Coke/Fanta/Sprite 1Ltr,beverages,Soft Drinks & Soda,1L,100,,38,,1141
DM-16.36,coke-fanta-sprite-2-25ltr,Coke/Fanta/Sprite 2.25Ltr,beverages,Soft Drinks & Soda,2.25L,215,,8,,1142
DM-16.34,coke-fanta-sprite-500ml,Coke/Fanta/Sprite 500ml,beverages,Soft Drinks & Soda,500ml,60,,25,yes,1144
DM-16.68,coke-fanta-sprite-250ml,Coke/fanta/Sprite 250ml,beverages,Soft Drinks & Soda,250ml,35,,13,,1143
DM-7.2849,dark-fantasy-choco-files-300gm,Dark Fantasy Choco Files 300gm,snacks,Chocolates & Candy,300g,460,,47,,1317
DM-7.393-2,dark-fantasy-choco-files-75g,Dark Fantasy Choco Files 75g,snacks,Chocolates & Candy,75g,140,,52,,1318
DM-4.1515,duracell-battery-aa2,Duracell Battery AA2,electronics,Lights & Electricals,1 pc,385,,34,,1692
DM-4.251,duracell-batteryaa4,Duracell batteryAA4,electronics,Lights & Electricals,1 pc,365,,9,,1693
DM-9.837,ev-pickup-new-electric-truck-no-158-8,EV- Pickup New Electric Truck no.158-8,toys,Toys,1 pc,850,,38,,1834
DM-9.649,electric-aircraft-flash-electric-no-8841,Electric Aircraft Flash Electric No.8841,electronics,Appliances & Gadgets,1 pc,1380,,11,,1765
DM-9.812,electric-bubble-gun-light-3-age,Electric Bubble Gun & Light 3+age,toys,Toys,1 pc,780,660,10,,1766
DM-4.116,eveready-aa-battery-2pcs,Eveready AA Battery 2pcs,electronics,Lights & Electricals,2 pcs,320,,54,,1842
DM-4.1159,eveready-aaa-battery-2pcs,Eveready AAA Battery 2pcs,electronics,Lights & Electricals,2 pcs,365,,43,,1843
DM-4.386,evereday-aa-battery-2-pair,Evereday AA Battery 2 Pair,electronics,Lights & Electricals,1 pc,330,290,38,,1844
DM-17.119,fancy-u-pin,Fancy U Pin,stationery,School & Office Supplies,1 pc,135,,18,,1884
DM-16.171,fanta-sprite-coke-2ltr,Fanta \Sprite\Coke 2ltr,beverages,Soft Drinks & Soda,2L,175,,9,yes,1885
DM-4.193,fenfang-hanging-towel-8911,Fenfang Hanging Towel 8911,home-living,Home Decor & Furnishing,1 pc,575,,55,,1933
DM-4.238,fenfang-shower-cap-1pcs,Fenfang Shower Cap 1pcs,ladies-wear,Clothing,1 pcs,945,865,25,,1934
DM-17.205,flowers-box-fancy,Flowers Box Fancy,home-living,Storage & Organisers,1 pc,400,,37,,2005
DM-7.2671,hilife-rolled-oats-400gm,HIlife Rolled Oats 400gm,groceries,Breakfast & Cereals,400g,300,,33,,2577
DM-17.134,hair-chimti-fancy-moti-823p,Hair Chimti Fancy Moti 823P,ladies-wear,Hair Accessories,1 pc,75,,22,,2345
DM-7.267,hilife-rolled-oats-450g-jar,Hilife Rolled Oats 450g Jar,groceries,Breakfast & Cereals,450g,300,,11,,2578
DM-7.375,hilife-rolled-oats-950g-jar,Hilife Rolled Oats 950g Jar,groceries,Breakfast & Cereals,950g,575,,15,,2579
DM-7.2431,kelloggs-oats-rolled-oats-200g,Kelloggs Oats Rolled Oats 200g,groceries,Breakfast & Cereals,200g,175,,34,,2974
DM-7.243,kelloggs-oats-rolled-oats-400g,Kelloggs Oats Rolled Oats 400g,groceries,Breakfast & Cereals,400g,290,,38,,2985
DM-7.2432,kelloggs-oats-rolled-oats-900g,Kelloggs Oats Rolled Oats 900g,groceries,Breakfast & Cereals,900g,600,,21,,2986
DM-4.3,kitchen-apron-fenfang-8810,Kitchen Apron Fenfang 8810,kitchen-household,Kitchen Tools,1 pc,250,220,14,,3064
DM-10.329,led-light,LEd Light,electronics,Lights & Electricals,1 pc,310,270,18,,3170
DM-9.887,lamp-fan,Lamp Fan,electronics,Kitchen Appliances,1 pc,3130,,46,,3147
DM-10.554,lantu-pencil-led-2b,Lantu Pencil Led 2B,stationery,"Pens, Pencils & Erasers",1 pc,45,,54,,3149
DM-4.1271,led-baby-study-lamp-ms-790,Led Baby Study Lamp MS-790,electronics,Lights & Electricals,1 pc,345,,51,,3169
DM-4.1061,mw-gold-battery-aa-4pc-pkt-small,MW Gold Battery AA 4PC Pkt Small,electronics,Lights & Electricals,4 pc,220,,49,,3893
DM-7.467-2,maearon-center-filled-biscuit-250gm,Maearon Center Filled Biscuit 250gm,snacks,Biscuits & Cookies,250g,145,130,32,,3433
DM-4.1268,matoso-electric-jug-mt-20,Matoso Electric Jug MT-20,electronics,Appliances & Gadgets,1 pc,1530,,13,,3563
DM-4.209,maxell-alkaline-battery-aa-aaa,Maxell Alkaline Battery AA/AAA,electronics,Lights & Electricals,1 pc,385,,34,,3578
DM-4.148,maxtop-car-mounted-vacuum-cleaner-mp-251,Maxtop Car Mounted Vacuum Cleaner MP-251,kitchen-household,Bottles & Lunch Boxes,1 pc,490,,46,,3580
DM-9.885,milk-handheld-fan,Milk Handheld Fan,electronics,Kitchen Appliances,1 pc,3740,,23,,3637
DM-9.884,mini-folden-fan,Mini Folden Fan,electronics,Kitchen Appliances,1 pc,2320,,46,,3663
DM-5.3-2,nestle-lactogen-infant-formula-powder-1,Nestle Lactogen Infant Formula Powder 1,baby-care,Baby Food & Formula,1 pc,995,,37,,3983
DM-7.4745,pran-black-forest-chocolate-filled-cookies-70gm,Pran Black Forest Chocolate Filled Cookies 70gm,snacks,Chocolates & Candy,70g,145,,20,,4564
DM-4.1255,sanlu-vacuum-steel-800ml,Sanlu Vacuum Steel 800ml,kitchen-household,Bottles & Lunch Boxes,800ml,335,,37,,4931
DM-5.784,sapphire-fantajy-toffee-350gm,Sapphire Fantajy Toffee 350gm,snacks,Chocolates & Candy,350g,555,,26,,4938
DM-1.2058,shenglong-shaver-sl-908,Shenglong Shaver sl-908,beauty-skincare,Men's Grooming,1 pc,320,,32,,5017
DM-1.2232,sonic-electric-toothbrush,Sonic Electric Toothbrush,beauty-skincare,Oral Care,1 pc,135,,10,,5201
DM-17.217,spider-man-musice-headphones,Spider Man Musice Headphones,electronics,Mobile & Audio,1 pc,1020,,42,,5217
DM-4.1251,steel-vacuum-bottle-1000ml,Steel Vacuum Bottle 1000ml,kitchen-household,Bottles & Lunch Boxes,1000ml,375,,52,,5257
DM-2.3625,table-led-mirron-stan,Table LED Mirron Stan,home-living,Storage & Organisers,1 pc,400,,21,,5425
DM-9.886,teddy-fan,Teddy Fan,toys,Toys,1 pc,875,,30,,5435
DM-5.25,tiffany-cream-toffee-300g,Tiffany Cream Toffee 300g,beauty-skincare,Skin Care,300g,805,735,50,,5508
DM-5.26,tiffany-deluxe-toffee-300g,Tiffany Deluxe Toffee 300g,snacks,Chocolates & Candy,300g,460,,41,,5509
DM-5.488,tiffany-eclairs-milch-king-toffee-300g,Tiffany Eclairs/Milch King Toffee 300g,snacks,Chocolates & Candy,300g,445,,45,,5510
DM-5.489,tiffany-wafer-mix-75g,Tiffany Wafer Mix 75g,snacks,Biscuits & Cookies,75g,45,,41,,5511
DM-4.45,vgr-pro-hair-trimmer-v-055,VGR Pro Hair Trimmer V-055,beauty-skincare,Men's Grooming,1 pc,265,240,55,,5717
DM-4.266,vgr-pro-hair-trimmer-v-987,VGR Pro Hair Trimmer V-987,beauty-skincare,Men's Grooming,1 pc,330,,56,,5721
DM-4.1145,vgr-pro-hair-trimmer-v-306,VGR Pro Hair Trimmer V-306,beauty-skincare,Men's Grooming,1 pc,315,265,28,,5718
DM-4.1148,vgr-pro-hair-trimmer-v-930,VGR Pro Hair Trimmer V-930,beauty-skincare,Men's Grooming,1 pc,330,,27,,5719
DM-4.122,vgr-pro-hair-trimmer-v-937,VGR Pro Hair Trimmer V-937,beauty-skincare,Men's Grooming,1 pc,335,,34,,5720
DM-9.3,vgr-professional-hair-trimmer-v-071,VGR Professional Hair Trimmer V-071,beauty-skincare,Men's Grooming,1 pc,280,,34,,5725
DM-9.4,vgr-professional-hair-trimmer-v-030,VGR Professional Hair Trimmer V-030,beauty-skincare,Men's Grooming,1 pc,275,235,27,,5724
DM-9.2,vgr-professional-hair-trimmer-v-290,VGR Professional Hair Trimmer V-290,beauty-skincare,Men's Grooming,1 pc,275,,27,,5726
DM-4.1471,vgr-professional-hair-dryer-v-439,VGR Professional Hair Dryer V-439,electronics,Personal Care Appliances,1 pc,1820,1550,26,,5722
DM-4.1267,vgr-professional-lady-shaver-set-v-761,VGR Professional Lady Shaver Set V-761,beauty-skincare,Men's Grooming,1 pc,305,,42,,5727
DM-4.1481,vgr-professional-men-s-shaver-v-341,VGR Professional Men's Shaver V-341,beauty-skincare,Men's Grooming,1 pc,320,,42,,5728
DM-4.1474,vgr-professional-shaver-v-397,VGR Professional Shaver V-397,beauty-skincare,Men's Grooming,1 pc,325,,31,,5729
DM-4.1473,vgr-rechargeable-foil-shaver-v-375,VGR Rechargeable Foil Shaver V-375,cleaning,Tissues & Paper,1 pc,125,,9,,5730
DM-4.1081,vacuum-stalinless-steel-hot-cool-no-316,Vacuum Stalinless Steel Hot& Cool no.316,kitchen-household,Bottles & Lunch Boxes,1 pc,485,,18,,5669
DM-4.1365,vacuum-insulation-coffe-cup,Vacuum Insulation Coffe Cup,kitchen-household,Bottles & Lunch Boxes,1 pc,565,,28,,5667
DM-7.3933,well-bell-rolled-oats-300gn,Well Bell Rolled Oats 300gn,groceries,Breakfast & Cereals,1 pc,330,285,57,,5866
DM-7.4223,well-bell-rolled-oats-500gm,Well Bell Rolled Oats 500gm,groceries,Breakfast & Cereals,500g,365,320,53,,5867
DM-9.353,ypd-electric-mosquito-bad-no016,YPD Electric Mosquito Bad no016,cleaning,Fresheners & Repellents,1 pc,210,,43,,5968
DM-9.919,yuefan-balloon-100pcs-yf1660,Yuefan Balloon 100pcs YF1660,gifts-puja,Gifts & Party,100 pcs,250,,47,,5969
DM-7.3691,sunfeast-dark-fantasy-choco-rolls-60g,Sunfeast Dark Fantasy Choco Rolls 60g,snacks,Chocolates & Candy,60g,130,115,58,,5342
DM-4.1376,vacuum-flask-high-grade-stainless-stel-2-5l,Vacuum Flask High Grade Stainless Stel 2.5l,kitchen-household,Bottles & Lunch Boxes,2.5L,935,,46,,5666
DM-4.515,baltra-electric-rice-cooker-aroma-bat-500d-1-5ltr,Baltra Electric Rice Cooker AROMA BAT 500D 1.5ltr,toys,Sports & Fitness,1.5L,1090,895,43,,509
DM-4.1296,baltra-regular-ricecooker-galaxy-1-8-ltrbtt-700,Baltra Regular Ricecooker Galaxy 1.8 ltrBTT-700,kitchen-household,Bottles & Lunch Boxes,1 pc,790,,37,,531
DM-4.1295,baltra-regular-ricecooker-titanium-1-8-ltrbtt-700,Baltra Regular Ricecooker Titanium 1.8 ltrBTT-700,kitchen-household,Bottles & Lunch Boxes,1 pc,980,,23,,532
DM-4.142,baltra-electric-ricce-cooker-aroma-bat-700d-1-8l,Baltra Electric Ricce Cooker AROMA BAT 700d 1.8l,toys,Sports & Fitness,1.8L,1130,,22,,508
DM-4.1412,baltra-electric-rice-cooker-btg-700-1-8l-tr,Baltra Electric Rice Cooker BTG 700 1.8l Tr,electronics,Kitchen Appliances,1.8L,5600,,8,,510
DM-4.514,baltra-electric-rice-cooker-galaxy-bat-btg-900-900d-2-2l,Baltra Electric Rice Cooker GALAXY BAT/BTG 900/900D 2.2l,toys,Sports & Fitness,2.2L,1010,,47,,511
DM-4.1427,baltra-electric-rice-cooker-super-bts-508d-1-5ltr,Baltra Electric Rice Cooker SUPER BTS 508D 1.5ltr,electronics,Kitchen Appliances,1.5L,5950,,42,,512
DM-9.907,cooker-with-exquisite-30-pcs-kitchen-set,Cooker With Exquisite 30 pcs Kitchen Set,toys,Toys,30 pcs,940,,17,,1212
DM-10.564,10-lcd-writing-table-no-9393,"10 "" LCD Writing Table no.9393",stationery,School & Office Supplies,1 pc,150,,32,,62
DM-10.11,12-woodless-erasable-color-pencil,12 Woodless & Erasable Color Pencil,stationery,"Pens, Pencils & Erasers",1 set,40,,10,,66
DM-10.538,36-woodless-erasable-color-pencil-hj-6936,36 Woodless & Erasable Color Pencil Hj-6936,stationery,"Pens, Pencils & Erasers",1 pc,40,,51,,86
DM-10.536,42-pcs-art-set,42 Pcs Art Set,stationery,School & Office Supplies,42 pcs,140,,16,,102
DM-10.52,art-clasis-note-book-jza696-2264,ART Clasis Note Book JzA696-2264,stationery,Notebooks & Paper,1 pc,105,,8,,315
DM-10.359,acrylic-colour-marker-no-6875-12,Acrylic Colour Marker NO.6875-12,stationery,"Pens, Pencils & Erasers",1 pc,35,,50,,170
DM-10.548,acrylic-marker-zx-619-12,Acrylic Marker zx-619-12,stationery,"Pens, Pencils & Erasers",1 pc,40,,47,,171
DM-10.544,acrylic-paint-set-acrylit-colour-lh-1812a,Acrylic Paint Set Acrylit Colour LH-1812A,stationery,Art & Craft,1 pc,255,,58,,173
DM-10.524,adhesive-book-cover-50836-cm,Adhesive Book Cover 50836 cm,stationery,Notebooks & Paper,1 pc,110,,15,,176
DM-9.458,aircraft-plane-a4300,Aircraft Plane A4300,stationery,Notebooks & Paper,1 pc,115,100,19,,188
DM-3.468,alpenliebe-lolipop-8g,Alpenliebe Lolipop 8g,snacks,Chocolates & Candy,8g,35,,50,,237
DM-10.253,arlsand-co-mix-pen0-5mm,ArlsAnd Co Mix pen0.5mm,stationery,"Pens, Pencils & Erasers",1 pc,35,,14,,311
DM-10.465,art-marker-24-pcs-black,Art Marker 24 pcs Black,stationery,"Pens, Pencils & Erasers",24 pcs,35,,40,,316
DM-2.4084,bob-keen-b-lack-pencil-gel-liner,BOB Keen B Lack Pencil Gel Liner,beauty-skincare,Makeup & Nail Care,1 pc,385,,29,,756
DM-10.47,bts-diary-no-808-66,BTS Diary NO.808-66,stationery,Notebooks & Paper,1 pc,125,,16,,849
DM-10.407,baby-pencil-case-no-6691-7110,Baby Pencil Case NO-6691-7110,stationery,"Pens, Pencils & Erasers",1 pc,35,,32,,421
DM-10.424,baby-pencil-case-no-1922-04,Baby Pencil Case NO.1922-04,stationery,"Pens, Pencils & Erasers",1 pc,45,,28,,422
DM-10.42,baby-pencil-case-no-97a,Baby Pencil Case NO.97A,stationery,"Pens, Pencils & Erasers",1 pc,40,,53,,423
DM-10.418,baby-pencil-case-no-ad062,Baby Pencil Case NO.AD062,stationery,"Pens, Pencils & Erasers",1 pc,40,,16,,420
DM-10.376,baiku-mechanical-lead-pen-no-852,Baiku Mechanical Lead Pen No.852,stationery,"Pens, Pencils & Erasers",1 pc,40,,38,,465
DM-10.553,baiku-mechanical-pencil-2-0mm-bk-298,Baiku Mechanical Pencil 2.0mm Bk-298,stationery,"Pens, Pencils & Erasers",1 pc,40,,18,,466
DM-9.23,ballons-100pc-mix-colour,Ballons 100pc Mix Colour,gifts-puja,Gifts & Party,100 pc,255,,41,,490
DM-10.303,bertand-color-pencil,Bertand Color Pencil,stationery,"Pens, Pencils & Erasers",1 pc,40,,30,,679
DM-10.507,bertand-colour-pencials-black-wood-no-1900,Bertand Colour Pencials Black Wood no.1900,stationery,Art & Craft,1 pc,230,,35,,680
DM-10.509,bertand-premium-colour-pencils-no-1811,Bertand Premium Colour Pencils No.1811,stationery,"Pens, Pencils & Erasers",1 pc,40,,37,,681
DM-6.263,boo-canna-pro-smokin-paper-with-fiter,Boo Canna Pro Smokin Paper With Fiter,stationery,Notebooks & Paper,1 pc,130,,8,,768
DM-10.39,bord-marker,Bord Marker,stationery,"Pens, Pencils & Erasers",1 pc,40,,16,,769
DM-17.27-2,bracelet-mix-colour,Bracelet Mix Colour,ladies-wear,Jewellery,1 pc,230,,10,,797
DM-10.12,bts-black-pink-gel-pen,Bts & Black Pink Gel Pen,stationery,"Pens, Pencils & Erasers",1 pc,40,,23,,848
DM-10.384,chren-color-pen-siler-no-3802,CHREN Color Pen Siler NO.3802,stationery,"Pens, Pencils & Erasers",1 pc,40,,34,,1074
DM-10.348,chren-rtarrysky-ink-pen-897,CHREN Rtarrysky Ink Pen 897,stationery,"Pens, Pencils & Erasers",1 pc,40,,22,,1073
DM-10.456,cartoon-pen-neutral-no-238,Cartoon Pen Neutral NO.238,stationery,"Pens, Pencils & Erasers",1 pc,40,,40,,909
DM-10.468,chase-you-dreams-diary-219af,Chase You Dreams Diary -219AF,stationery,Notebooks & Paper,1 pc,130,,31,,1021
DM-10.411,chiisen-specta-colour-a4no-1376,Chiisen Specta Colour A4NO.1376,stationery,Notebooks & Paper,1 pc,135,,31,,1047
DM-10.388,chren-enaser-pen-no3591,Chren Enaser Pen NO3591,stationery,"Pens, Pencils & Erasers",1 pc,40,,42,,1075
DM-10.246,chren-so-cute-ink-pen-305,Chren So Cute Ink Pen 305,stationery,"Pens, Pencils & Erasers",1 pc,45,,59,,1076
DM-10.528,clourfull-ink-pen,Clourfull Ink Pen,stationery,"Pens, Pencils & Erasers",1 pc,40,,47,,17
DM-10.387,colour-full-ball-pen,Colour Full Ball Pen,stationery,"Pens, Pencils & Erasers",1 pc,40,,22,,1192
DM-9.485,colour-spiral-candel,Colour Spiral Candel,gifts-puja,Gifts & Party,1 pc,245,,38,,1194
DM-9.585,colour-gun-pichkari,Colour Gun Pichkari,toys,Toys,1 pc,890,,22,,1193
DM-2.2624,colourful-kata,Colourful Kata,ladies-wear,Jewellery,1 pc,255,,14,,1195
DM-10.33,consice-notebook-b5,Consice NoteBook B5,stationery,Notebooks & Paper,1 pc,120,,13,,1210
DM-10.545,desk-ball-point-pen-sa-601,DESK Ball Point Pen SA-601,stationery,"Pens, Pencils & Erasers",1 pc,40,,26,,1384
DM-10.335,daydreaming-note-book,Daydreaming Note Book,stationery,Notebooks & Paper,1 pc,120,,34,,1323
DM-2.593,dear-she-eye-liner-pencil-1-1gm,Dear She Eye Liner Pencil 1.1gm,beauty-skincare,Makeup & Nail Care,1.1g,50,,45,,1326
DM-10.444,discove-ink-pen-no-663,Discove Ink Pen NO.663,stationery,"Pens, Pencils & Erasers",1 pc,40,,9,,1476
DM-9.945,diy-flying-alrcraft-rc,Diy Flying Alrcraft Rc,toys,Toys,1 pc,880,,33,,1533
DM-10.419,drawing-ruler-no-360,Drawing Ruler no.360,stationery,School & Office Supplies,1 pc,140,,35,,1661
DM-10.333,drawing-book,Drawing Book,stationery,Notebooks & Paper,1 pc,120,105,51,,1660
DM-10.355,estdi-boow-highiter-colour,ESTDI Boow Highiter Colour,stationery,"Pens, Pencils & Erasers",1 pc,40,,25,,1827
DM-10.337,elsa-anna-pencil-box,Elsa Anna Pencil Box,stationery,"Pens, Pencils & Erasers",1 pc,40,,39,,1775
DM-10.391,eraser-pkt-4pc-set,Eraser Pkt 4pc Set,stationery,"Pens, Pencils & Erasers",4 pc,40,,55,,1824
DM-10.392,fihamix-diary-no-707-94,FihaMIX Diary NO.707-94,stationery,Notebooks & Paper,1 pc,125,,13,,1943
DM-6.291,filter-paper,Filter Paper,stationery,Notebooks & Paper,1 pc,115,,12,,1944
DM-9.502,foam-soft-note-book-2020-07,Foam Soft Note Book 2020-07,stationery,Notebooks & Paper,1 pc,110,,42,,2006
DM-7.268,food-colour-orange-red-powder-100gm,Food Colour Orange Red Powder 100gm,groceries,Cooking Essentials,100g,80,65,27,,2053
DM-1.2323,friends-are-life-flower-paper-shop-0268-11,Friends Are Life Flower Paper Shop 0268-11,stationery,Notebooks & Paper,1 pc,135,125,30,,22
DM-9.501,garment-scissor-brother,Garment Scissor Brother,stationery,School & Office Supplies,1 pc,155,,48,,2109
DM-2.888,garnier-color-naturals-burgundy-hair-colour-29ml,Garnier Color Naturals Burgundy Hair Colour 29ml,beauty-skincare,Hair Care,29ml,75,,29,,2123
DM-2.2903,garnier-colour-naturals-ultra-colour-6-620red,Garnier Colour Naturals Ultra Colour 6.620red,beauty-skincare,Hair Care,1 pc,310,,45,,2132
DM-10.216,glilter-pen-12-pcs,Glilter Pen 12 pcs,stationery,"Pens, Pencils & Erasers",12 pcs,40,,10,,2227
DM-10.547,glilter-pen-6-pcs,Glilter Pen 6 pcs,stationery,"Pens, Pencils & Erasers",6 pcs,40,,12,,2228
DM-10.315,glory-alliance-ink-pen,Glory Alliance Ink Pen,stationery,"Pens, Pencils & Erasers",1 pc,35,,12,,2233
DM-10.272,glue-gun,Glue Gun,stationery,Art & Craft,1 pc,275,,38,,2246
DM-10.74,glue-sticks-no-2513,Glue Sticks no.2513,stationery,Art & Craft,1 pc,260,225,34,,2247
DM-2.1377,godrej-expert-creme-hair-colour-honey-brown-20g,Godrej Expert Creme Hair Colour Honey Brown 20g,beauty-skincare,Skin Care,20g,105,,28,,2261
DM-2.275,godrej-expert-hair-colour-bugundy,Godrej Expert Hair Colour Bugundy,beauty-skincare,Hair Care,1 pc,375,,48,,2263
DM-10.255,good-lucky-pen-mp-1516,Good Lucky Pen mp-1516,stationery,"Pens, Pencils & Erasers",1 pc,35,,16,,2280
DM-10.234,hello-everyone-pensil-set-2813,Hello Everyone Pensil Set 2813,stationery,"Pens, Pencils & Erasers",1 set,35,,40,,2504
DM-10.386,hi-tecpoint-pilot-pen-v7,Hi-Tecpoint Pilot Pen V7,stationery,"Pens, Pencils & Erasers",1 pc,45,,31,,2528
DM-10.273,highiter-colour-6,Highiter Colour 6,stationery,"Pens, Pencils & Erasers",1 set,40,,34,,2535
DM-2.3705,hilary-rhoda-colour-splash-lip-blam,Hilary Rhoda Colour Splash Lip Blam,beauty-skincare,Makeup & Nail Care,1 pc,390,,16,,2542
DM-10.485,hot-melt-glue-gun,Hot Melt Glue Gun,stationery,Art & Craft,1 pc,265,,51,,2710
DM-10.551,jambo-soft-eraser-2287,Jambo Soft Eraser 2287,stationery,"Pens, Pencils & Erasers",1 pc,35,,43,,2766
DM-10.323,jojo-inkjet-photo-paper-210mm-297mm,Jojo Inkjet Photo Paper 210mm*297mm,stationery,Notebooks & Paper,1 pc,125,,45,,2828
DM-10.313,kaixi-classic-pen,Kaixi Classic Pen,stationery,"Pens, Pencils & Erasers",1 pc,40,,54,,2886
DM-9.503,kaixi-eraser-ink-pen,Kaixi Eraser Ink Pen,stationery,"Pens, Pencils & Erasers",1 pc,40,,22,,2887
DM-17.243,kata-colour-mix,Kata Colour Mix,ladies-wear,Hair Accessories,1 pc,75,,27,,2927
DM-2.3833,kata-flower-mix-colour,Kata Flower Mix Colour,ladies-wear,Hair Accessories,1 pc,80,,47,,2932
DM-17.268,kata-mix-colour-big,Kata Mix Colour Big,ladies-wear,Hair Accessories,1 pc,85,,15,,2942
DM-17.207,kata-small-mix-colour,Kata Small Mix Colour,ladies-wear,Hair Accessories,1 pc,45,,22,,2948
DM-2.447,lakme-forever-matte-liquid-lip-colour5-6,Lakme Forever Matte Liquid Lip colour5.6,beauty-skincare,Makeup & Nail Care,1 pc,335,,39,,3124
DM-10.552,lantu-lead-pencil-2-0mm-mp8161,Lantu Lead Pencil 2.0mm Mp8161,stationery,"Pens, Pencils & Erasers",1 pc,45,,22,,3148
DM-10.372,lead-pen-enjoy-writing-pen,Lead Pen Enjoy Writing Pen,stationery,"Pens, Pencils & Erasers",1 pc,40,,8,,3167
DM-10.377,lead-pencil-no-9568,Lead Pencil NO.9568,stationery,"Pens, Pencils & Erasers",1 pc,40,,37,,3168
DM-10.445,lini-cute-bell-penah888,Lini Cute Bell PenAH888,stationery,"Pens, Pencils & Erasers",1 pc,40,,25,,3212
DM-10.55,living-coral-duo-colur-pencil-lc1920-24d,Living Coral Duo-Colur Pencil lc1920-24d,stationery,"Pens, Pencils & Erasers",1 pc,45,,58,,3222
DM-10.513,living-coral-pencils-4-mm,Living Coral Pencils +4 mm,stationery,"Pens, Pencils & Erasers",1 pc,45,,45,,3223
DM-10.512,living-coral-pencils-5-mm,Living Coral Pencils +5 mm,stationery,"Pens, Pencils & Erasers",1 pc,40,,34,,3224
DM-10.394,lovein-gen-mix-pen-g-3106,Lovein Gen Mix Pen G-3106,stationery,"Pens, Pencils & Erasers",1 pc,45,,20,,3391
DM-10.393,lovein-gel-pen-g585,Lovein Gel Pen G585,stationery,"Pens, Pencils & Erasers",1 pc,35,,54,,3390
DM-4.118,lucky-hawk-usb-2m-2pin-card-only-black-colour,Lucky Hawk USB (2m 2pin Card Only Black colour),electronics,Mobile & Audio,1 pc,940,,31,,3394
DM-10.446,messi-bell-pen,MESSI Bell Pen,stationery,"Pens, Pencils & Erasers",1 pc,40,,56,,3603
DM-1.2195,minico-japan-premium-disposabile-dipapers-l40pcs,MInico Japan Premium Disposabile Dipapers L40pcs,baby-care,Diapers & Wipes,40 pcs,665,,38,,3669
DM-1.2196,minico-japan-premium-disposabile-dipapers-m42pcs,MInico Japan Premium Disposabile Dipapers M42pcs,baby-care,Diapers & Wipes,42 pcs,575,510,20,,3670
DM-1.2194,minico-japan-premium-disposabile-dipapers-nb30pcs,MInico Japan Premium Disposabile Dipapers NB30pcs,baby-care,Diapers & Wipes,30 pcs,725,,16,,3671
DM-1.2197,minico-japan-premium-disposabile-dipapers-xl38pcs,MInico Japan Premium Disposabile Dipapers XL38pcs,baby-care,Diapers & Wipes,38 pcs,640,,33,,3672
DM-1.2198,minico-japan-premium-disposabile-dipapers-xxl36pcs,MInico Japan Premium Disposabile Dipapers XXl36pcs,baby-care,Diapers & Wipes,36 pcs,690,,12,,3673
DM-10.4-2,mrd-pencil-set-box,MRD Pencil Set Box,stationery,"Pens, Pencils & Erasers",1 pc,40,,10,,3829
DM-10.471,matalic-ball-i-pen-colour,Matalic Ball I Pen Colour,stationery,"Pens, Pencils & Erasers",1 pc,40,,31,,34
DM-3.631,minico-paper-cotton-swabs-100-pcs-mi-cb06,Minico Paper Cotton Swabs 100 pcs MI-CB06,health-hygiene,Health & Wellness,100 pcs,220,200,53,,3675
DM-3.629,minico-paper-cotton-swabs-100pcs-mi-cb02,Minico Paper Cotton Swabs 100pcs MI-CB02,health-hygiene,Health & Wellness,100 pcs,260,,38,,3676
DM-3.628,minico-paper-cotton-swabs-200pcs-mi-cb01,Minico Paper Cotton Swabs 200pcs MI-CB01,health-hygiene,Health & Wellness,200 pcs,245,,56,,3677
DM-3.63,minico-paper-cotton-swabs-300-pcs-mi-cb04,Minico Paper Cotton Swabs 300 pcs MI-CB04,health-hygiene,Health & Wellness,300 pcs,255,,28,,3678
DM-9.509,mix-eraser,Mix Eraser,stationery,"Pens, Pencils & Erasers",1 pc,40,,46,,3770
DM-4.4,mouse-rat-glue-trapstg-1a,Mouse & Rat Glue TrapsTG-1A,cleaning,Fresheners & Repellents,1 pc,205,190,42,,3812
DM-10.51,multi-10-colored-naruto-labubu-ballpoint-pen,Multi 10 Colored Naruto/ Labubu Ballpoint Pen,stationery,"Pens, Pencils & Erasers",1 pc,40,,33,,3832
DM-17.194,nail-glue-sticker-gd-26,Nail Glue Sticker GD.26,beauty-skincare,Makeup & Nail Care,1 pc,370,,40,,3919
DM-3.615,naill-scissor-assop-rk-3667,Naill Scissor Assop rk-3667,stationery,School & Office Supplies,1 pc,135,,17,,3920
DM-10.481,note-book-series-18k,Note Book Series 18k,stationery,Notebooks & Paper,1 pc,130,,22,,4099
DM-10.449,oddy-self-adhesive-labels,ODDY Self Adhesive Labels,stationery,Notebooks & Paper,1 pc,110,,21,,4131
DM-4.159,office-scissor-k16,Office Scissor K16,stationery,School & Office Supplies,1 pc,155,,49,,4138
DM-4.158,office-scissor-k17,Office Scissor K17,stationery,School & Office Supplies,1 pc,155,,45,,4139
DM-4.157,office-scissor-k18,Office Scissor K18,stationery,School & Office Supplies,1 pc,155,,20,,4140
DM-4.156,office-scissor-k19,Office Scissor K19,stationery,School & Office Supplies,1 pc,155,,30,,4141
DM-4.155,office-scissor-k20,Office Scissor K20,stationery,School & Office Supplies,1 pc,140,,14,,4142
DM-10.217,pencin-colour-set-no-7078a,Pencin Colour Set No 7078A,stationery,Art & Craft,1 pkt,230,190,36,,4378
DM-10.235,pensin-set-pary-3323,Pensin Set Pary 3323,stationery,"Pens, Pencils & Erasers",1 set,45,,41,,4379
DM-10.261,permanet-marker,Permanet Marker,stationery,"Pens, Pencils & Erasers",1 pc,40,,21,,4394
DM-10.475,pilot-v5-pen,Pilot V5 Pen,stationery,"Pens, Pencils & Erasers",1 pc,45,,50,,4399
DM-10.254,pochacco-lovely-pen-no-371,Pochacco Lovely Pen no-371,stationery,"Pens, Pencils & Erasers",1 pc,40,,59,,4481
DM-10.562,queen-north-mountain-pencil-box,Queen North Mountain Pencil Box,stationery,"Pens, Pencils & Erasers",1 pc,45,,58,,4644
DM-10.448,raping-paper-cover,Raping Paper Cover,stationery,Notebooks & Paper,1 pc,110,,56,,4719
DM-9.33,rapping-gift-paper,Rapping Gift Paper,stationery,Notebooks & Paper,1 pc,110,,29,,4720
DM-9.781,rapping-paper-expensive,Rapping Paper Expensive,stationery,Notebooks & Paper,1 pc,110,,15,,4721
DM-4.1006,rige-classic-mustache-scissor-small,Rige Classic Mustache Scissor Small,stationery,School & Office Supplies,1 pc,100,,43,,4776
DM-10.17,shine-pen-12colour-no-508,Shine Pen 12colour NO.508,stationery,"Pens, Pencils & Erasers",1 set,40,,40,,5029
DM-10.492,shine-pen-24-colour-no-508,Shine Pen 24 Colour NO.508,stationery,"Pens, Pencils & Erasers",1 pack,45,,37,,5030
DM-10.501,simple-notebook-no-18-116,Simple Notebook no.18-116,beauty-skincare,Skin Care,1 pc,440,,50,,5101
DM-10.526,smile-friends-chren-pen,Smile Friends Chren Pen,stationery,"Pens, Pencils & Erasers",1 pc,40,,59,,5138
DM-1.1708,sopa-dispenser-ceramic,Sopa Dispenser Ceramic,kitchen-household,Dinnerware & Serving,1 pc,425,375,10,,5204
DM-6.318,stash-pro-rolling-paper-white,Stash Pro Rolling Paper White,liquor-smoking,Hookah & Smoking,1 pc,365,305,45,,5243
DM-4.244,straw-pice-25pcs-colour-packing,Straw Pice 25pcs Colour Packing,gifts-puja,Gifts & Party,25 pcs,245,,29,,5269
DM-2.842,streax-cream-hair-colour-burgundy-20ml,Streax Cream Hair Colour Burgundy 20ml,beauty-skincare,Hair Care,20ml,70,,10,,5273
DM-2.841,streax-cream-hair-colour-cinnamon-red-20ml,Streax Cream Hair Colour Cinnamon Red 20ml,beauty-skincare,Hair Care,20ml,65,,55,,5274
DM-2.84,streax-cream-hair-colour-flame-red-20ml,Streax Cream Hair Colour Flame Red 20ml,beauty-skincare,Hair Care,20ml,75,65,57,,5275
DM-2.979,streax-cream-hair-colour-3-16-burgundy-50ml,Streax Cream Hair Colour 3.16 Burgundy 50ml,beauty-skincare,Hair Care,50ml,100,,49,,5272
DM-2.2906,streax-creame-hair-colour-1black,Streax Creame Hair Colour 1black,beauty-skincare,Hair Care,1 pc,350,,27,,5276
DM-2.326,streax-creme-hair-colour-golden-blonde-7-3-50ml,Streax Creme Hair Colour Golden Blonde 7.3 50ml,beauty-skincare,Skin Care,50ml,200,,43,,5277
DM-2.3348,streax-creme-hair-colour-red-0-6-50ml,Streax Creme Hair Colour Red 0.6 50ml,beauty-skincare,Skin Care,50ml,175,,19,,5278
DM-2.1028,streax-hair-colour-natural-black1-20g,Streax Hair Colour Natural Black1 20g,beauty-skincare,Hair Care,20g,60,,9,,5284
DM-2.671,streax-hair-colour-burgundy-3-16-smart-pack,Streax Hair Colour Burgundy 3.16 Smart Pack,beauty-skincare,Hair Care,1 pkt,370,,41,,5280
DM-2.672,streax-hair-colour-c-red-5-66-smart-pack,Streax Hair Colour C. Red 5.66 Smart Pack,beauty-skincare,Hair Care,1 pkt,345,,23,,5281
DM-2.657,streax-hair-colour-platinum-blonde-9-1-120ml,Streax Hair Colour Platinum Blonde 9.1 120ml,beauty-skincare,Hair Care,120ml,175,,57,,5285
DM-2.673,streax-hair-colour-golden-blonde-7-3-smart-pack,Streax Hair Colour Golden Blonde 7.3 Smart Pack,beauty-skincare,Hair Care,1 pc,325,,34,,5282
DM-2.67,streax-hair-colour-natural-black-1-smart-pack,Streax Hair Colour Natural Black 1 Smart Pack,beauty-skincare,Hair Care,1 pkt,325,,58,,5283
DM-2.3474,streax-hair-colour-burgundy-3-16,Streax Hair Colour Burgundy 3.16,beauty-skincare,Hair Care,1 pc,335,,39,,5279
DM-10.3,super-light-clay-12colour-no-1115,Super Light Clay 12colour no.1115,stationery,Art & Craft,1 pkt,275,,9,,5382
DM-10.352,the-classic-100-days-note-book-jzrb-0001,The Classic 100 Days Note Book Jzrb 0001,stationery,Notebooks & Paper,1 pc,125,115,9,,5446
DM-1.957,topcollectionlemon-rose-strawberry-aseel-lavender-touch-soft-openclassic-bakhour-aroosah-300ml-mix,TopCollectionLemon\Rose\Strawberry\ aseel\Lavender\ touch\ soft\openclassic\bakhour\aroosah 300ml {mix},beauty-skincare,Fragrance & Deodorant,300ml,950,900,20,,5583
DM-10.385,veiao-v5-pen-0-5,Veiao V5 Pen 0.5,stationery,"Pens, Pencils & Erasers",1 pc,40,,54,,5713
DM-10.336,vincent-van-gogh-note-book,Vincent VAn Gogh Note Book,stationery,Notebooks & Paper,1 pc,125,,34,,5759
DM-10.539,white-board-marker-bc-1006,White Board Marker Bc-1006,stationery,"Pens, Pencils & Erasers",1 pc,35,,17,,5885
DM-9.655,wooden-loglc-learning-board-ml-048,Wooden Loglc Learning Board Ml-048,toys,Toys,1 pc,945,,32,,5912
DM-10.549,yalong-color-pencil-24pc-yl-231041-24,Yalong Color Pencil 24pc YL-231041-24,stationery,"Pens, Pencils & Erasers",24 pc,40,,36,,5924
DM-10.439,yalong-drawing-pencil-12pcyl201328-12,Yalong Drawing Pencil 12pcYL201328-12,stationery,"Pens, Pencils & Erasers",1 pc,40,,37,,5925
DM-10.319,yalong-pencils-12pc-231312,Yalong Pencils 12pc 231312,stationery,"Pens, Pencils & Erasers",12 pc,35,,15,,5926
DM-10.172,yalong-to-go-wooden-pencil,Yalong To Go Wooden Pencil,stationery,"Pens, Pencils & Erasers",1 pc,45,,53,,5928
DM-10.324,yalong-to-go-real-bamboo-pencils,Yalong To Go Real Bamboo Pencils,stationery,"Pens, Pencils & Erasers",1 pc,45,,45,,5927
DM-10.382,zuixua-golden-selver-pen-c3084,ZUIXUA Golden /Selver Pen C3084,stationery,"Pens, Pencils & Erasers",1 pc,35,,26,,6005
DM-10.9,acrylic-sraw-deduce-wonderful-12-colours,Acrylic Sraw Deduce Wonderful 12 Colours,stationery,Art & Craft,1 pc,270,,31,,174
DM-4.1368,chat-paper-50pc-roll,Chat Paper 50pc Roll,stationery,Notebooks & Paper,50 pc,120,,23,,1022
DM-10.332,dream-a-lite-note-book,Dream A Lite Note Book,stationery,Notebooks & Paper,1 pc,110,,9,,1662
DM-17.211,kata-big-colour-mix,Kata Big Colour Mix,ladies-wear,Hair Accessories,1 pc,85,,19,,2922
DM-17.269,kata-colourfull-mix,Kata Colourfull Mix,ladies-wear,Hair Accessories,1 pack,70,,44,,2928
DM-17.214,kata-honey-mix-colour,Kata Honey Mix Colour,groceries,"Sauces, Pickles & Spreads",1 pc,235,,49,,2937
DM-17.213,kata-mix-colour-honey,Kata Mix Colour Honey,groceries,"Sauces, Pickles & Spreads",1 pc,230,,28,,2943
DM-10.51-2,mechanical-pencil-leads-2b,Mechanical Pencil Leads 2B,stationery,"Pens, Pencils & Erasers",1 set,40,,25,,3587
DM-10.556,mechanical-pencil-leads-2b-0-5mm-no-241,Mechanical Pencil Leads 2B/0.5mm no.241,stationery,"Pens, Pencils & Erasers",1 pc,45,,37,,3586
DM-10.482,note-book-series-a5-dairy,Note Book Series A5 Dairy,stationery,Notebooks & Paper,1 pc,105,,10,,4100
DM-10.277,simple-notebook-14-1-20-5cm,Simple NoteBook 14.1*20.5cm,beauty-skincare,Skin Care,1 pc,445,360,35,,5100
DM-17.2-3,baby-hair-band,Baby Hair Band,ladies-wear,Hair Accessories,1 pc,75,,40,,408
DM-17.7,baby-hair-band-al-lian,Baby Hair Band Al-Lian,ladies-wear,Hair Accessories,1 pc,80,,30,,405
DM-17.3-3,baby-hair-band-for,Baby Hair Band For,ladies-wear,Hair Accessories,1 pc,90,,19,,406
DM-17.179,baby-hair-band-stone-flowers,Baby Hair Band Stone Flowers,ladies-wear,Hair Accessories,1 pc,75,,37,,409
DM-17.178,baby-hair-band-whitestone,Baby Hair Band Whitestone,ladies-wear,Hair Accessories,1 pc,85,70,44,,410
DM-17.23,baby-hair-band-whitestone-5pc,Baby Hair Band Whitestone 5pc,ladies-wear,Hair Accessories,5 pc,80,,29,,8
DM-17.8,baby-hair-band-love-star,Baby Hair Band Love Star,ladies-wear,Hair Accessories,1 pc,80,,55,,407
DM-9.845,baby-make-up-kit-no-3688,Baby Make Up Kit no.3688,beauty-skincare,Makeup & Nail Care,1 pc,315,,9,,9
DM-9.896,baby-nail-art-set,Baby NAIL Art Set,baby-care,Baby Accessories,1 pc,455,,49,,10
DM-17.6,baby-hair-band-with-stone-al-lian,Baby Hair Band With Stone Al-LIAN,ladies-wear,Hair Accessories,1 pc,80,,57,,411
DM-17.296,baby-set-hair-band,Baby Set Hair Band,baby-care,Baby Accessories,1 pack,435,,21,,429
DM-9.909,baby-tool-set-no-sd-269-10,Baby Tool Set No.SD 269-10,home-living,"Tools, Hardware & Auto",1 pc,360,,52,,11
DM-9.79-2,9-pcs-doctor-s-kit-no-66001a,9 pcs Doctor's Kit no.66001a,toys,Toys,9 pcs,880,775,55,,6
DM-9.839,ak-47-automatic-rifle-sound-light-electric-toy-gun,AK 47 Automatic Rifle Sound-Light Electric Toy Gun,toys,Toys,1 pc,765,,38,,221
DM-9.911,airport-play-set-no-hs7799-1,Airport Play Set No.HS7799-1,toys,Toys,1 pc,760,,36,,189
DM-9.823,animal-world-puzzle-animal-map-no-757-83,Animal World Puzzle Animal Map no.757-83,toys,Toys,1 pc,910,800,53,,270
DM-9.89,animal-world-set,Animal World Set,toys,Toys,1 pack,895,,54,,269
DM-9.726,animals-bubble-camera-no-ah-187,Animals Bubble Camera NO.AH-187,toys,Toys,1 pc,945,,44,,271
DM-9.762,baby-doll-transparent-5912a,Baby Doll Transparent 5912A,toys,Toys,1 pc,945,,34,,399
DM-9.422,baby-toy-block-no-fx0802,Baby Toy Block No FX0802,toys,Toys,1 pc,930,,37,,443
DM-9.611,baby-toy-mix-monster-no-s238,Baby Toy Mix Monster NO.S238,toys,Toys,1 pc,755,,14,,444
DM-9.711,baby-toys-4g-rattle-7pc,Baby Toys 4G Rattle 7pc,toys,Toys,4g,795,,12,,446
DM-17.36-2,baby-rubber-whit-doll,Baby Rubber Whit Doll,baby-care,Baby Accessories,1 pc,400,,49,,427
DM-10.563,baby-slime-toys,Baby Slime Toys,toys,Toys,1 pc,860,,14,,433
DM-9.715,baby-toy-monster-boat-coast-guard,Baby Toy Monster Boat Coast Guard,toys,Toys,1 pc,765,,36,,445
DM-9.763,barbie-doll-play-set-no-zq1010,Barbie Doll Play Set No.ZQ1010,toys,Toys,1 pc,890,,20,,608
DM-9.753,barbie-doll-fashion-girl-no-880,Barbie Doll Fashion Girl NO.880,toys,Toys,1 pc,835,,29,,607
DM-9.684,bathing-toys-5pc-chu-chu,Bathing Toys 5pc Chu-chu,toys,Toys,5 pc,950,,17,,616
DM-9.683,bathing-toys-fish-chu-chu,Bathing Toys Fish Chu-chu,toys,Toys,1 pc,785,,58,,617
DM-9.941,beaut-barbie-sweet-toys,Beaut Barbie Sweet Toys,toys,Toys,1 pc,855,,21,,656
DM-9.862,building-block-no-5012,Building Block No. 5012,toys,Toys,1 pc,805,,56,,855
DM-9.607,car-toy-no-829076,Car Toy NO.829076,toys,Toys,1 pc,830,,41,,903
DM-9.759,crawl-doll-funny-sound-no-333-3a,Crawl Doll Funny Sound NO.333-3A,toys,Toys,1 pc,840,,33,,1233
DM-9.905,diy-blocks-112-pieces,Diy Blocks 112 Pieces,toys,Toys,112 pcs,940,,57,,1532
DM-9.621,doctors-toy-sapid-si169-25,Doctors Toy Sapid si169-25,toys,Toys,1 pc,810,,32,,1539
DM-9.939,doll-barbywa-no-101,Doll Barbywa No.101,toys,Toys,1 pc,785,,32,,1570
DM-9.938,doll-barbywa-no-601,Doll Barbywa No.601,toys,Toys,1 pc,865,,51,,1571
DM-10.308,doll-bear-dieary,Doll Bear Dieary,stationery,Notebooks & Paper,1 pc,120,115,16,,1572
DM-9.664,doll-playsets-no-zq1010,Doll Playsets NO.ZQ1010,toys,Toys,1 pc,840,,35,,1577
DM-9.888,doll-fan,Doll Fan,toys,Toys,1 pc,910,,57,,1573
DM-17.303,doll-key-mix-design,Doll Key Mix Design,toys,Toys,1 pc,755,,21,,1574
DM-17.301,doll-keyring-big,Doll Keyring Big,toys,Toys,1 pc,945,,10,,1576
DM-9.922,doll-keyring-mix-design,Doll Keyring Mix Design,toys,Toys,1 pc,855,,44,,1575
DM-2.3827,doll-wax-20pcs,Doll Wax 20pcs,beauty-skincare,Skin Care,20 pcs,440,,56,,1578
DM-9.739,eva-puzzle-mat-4pc,Eva Puzzle Mat 4pc,toys,Toys,4 pc,760,,29,,1835
DM-9.74,eva-puzzle-mat-single,Eva Puzzle Mat Single,toys,Toys,1 pc,450,,27,,1837
DM-9.741,eva-puzzle-mat-big-size,Eva Puzzle Mat Big Size,toys,Toys,1 pc,895,,8,,1836
DM-9.745,evafun-foam-blocks-52piece-set,EvaFun Foam Blocks 52piece Set,toys,Toys,1 pc,845,725,36,,1838
DM-22.58,ferplast-toy-for-dog-goodbite-natural,Ferplast Toy For Dog Goodbite Natural,pet-care,Pet Food & Accessories,1 pc,425,,33,,1935
DM-9.841,finger-doll,Finger Doll,toys,Toys,1 pc,770,,16,,1948
DM-9.663,happy-block-no-fx0803-m-69pc,HAPPY Block NO.FX0803 M 69PC,toys,Toys,69 pc,835,675,53,,2423
DM-9.667,hc-soft-blocks-build-dream-53pc-no-039c-03,HC Soft Blocks Build Dream 53pc NO.039C-03,toys,Toys,53 pc,865,,14,,2489
DM-9.672,hc-soft-blocks-buid-dream-artist-no029c-08120pc,HC Soft Blocks Buid Dream ARTIST NO029C-08120PC,toys,Toys,08120 pc,870,,19,,2488
DM-9.942,jelena-vinyl-doll,Jelena Vinyl Doll,toys,Toys,1 pc,795,,43,,2793
DM-17.294,keyring-cute-girl-doll-mix,Keyring Cute Girl Doll Mix,toys,Toys,1 pc,875,,37,,3004
DM-9.765,lovely-doll-fashion-no-9004,Lovely Doll Fashion NO.9004,toys,Toys,1 pc,790,,43,,3392
DM-9.853,magic-gyro-toy-crackle-light,Magic Gyro Toy Crackle Light,toys,Toys,1 pc,795,,34,,3441
DM-3.29,morisons-baby-dreams-teether,Morisons Baby Dreams Teether,baby-care,Baby Accessories,1 pc,480,,44,,3794
DM-3.369,mumlove-baby-ring-bell-teether-a6119,Mumlove Baby Ring Bell Teether A6119,baby-care,Baby Accessories,1 pc,460,,13,,3855
DM-3.312,mumlove-baby-water-teether-a1090,Mumlove Baby Water Teether A1090,baby-care,Baby Accessories,1 pc,440,,49,,3860
DM-3.313,mumlove-banana-brush-teether-a6119-4,Mumlove Banana Brush Teether A6119-4,baby-care,Baby Accessories,1 pc,410,,57,,3862
DM-9.641,puzzle-board-game-no-3688-q2,Puzzle Board Game NO.3688-Q2,toys,Toys,1 pc,935,835,56,,4630
DM-9.612,puzzle-moble-phone-no-626-4,Puzzle Moble Phone NO.626-4,toys,Toys,1 pc,835,,35,,4632
DM-9.95,puzzle-block-49pcs-5027,Puzzle Block 49pcs 5027,toys,Toys,49 pcs,835,780,34,,4629
DM-9.136,puzzle-game-spinner-big,Puzzle Game Spinner Big,toys,Toys,1 pc,845,,34,,4631
DM-9.948,spin-pop-toy-no-h031,SPIN POP TOY No.H031,toys,Toys,1 pc,860,,36,,5219
DM-9.13,slime-crystal-mud-no-tk7778,Slime Crystal Mud No.TK7778,toys,Toys,1 pc,785,680,34,,5122
DM-10.178,slime-crystal-mud-ice,Slime Crystal Mud Ice,toys,Toys,1 pc,925,,59,,5123
DM-9.408,slime-crystal-no-tk4031,Slime Crystal NO.TK4031,toys,Toys,1 pc,880,,33,,5124
DM-9.548,slime-crystal-no-tk7892,Slime Crystal NO.tk7892,toys,Toys,1 pc,785,,16,,5125
DM-9.131,slime-joker-tk7710,Slime Joker TK7710,toys,Toys,1 pc,760,,32,,5126
DM-17.312,the-monsiers-doll-keyring,The Monsiers Doll Keyring,toys,Toys,1 pc,945,,10,,5474
DM-4.59,toilet-blocks-4pcs,Toilet Blocks 4pcs,cleaning,"Floor, Toilet & Glass Cleaners",4 pcs,245,,22,,5546
DM-9.56,tongle-toys-assorated-450g,Tongle Toys - Assorated 450g,toys,Toys,450g,880,,22,,5573
DM-9.701,toys-single-ring,Toys Single Ring,toys,Toys,1 pc,455,,55,,5586
DM-9.951,water-toy-650w,Water Toy 650w,toys,Toys,1 pc,780,,14,,5817
DM-9.952,water-toy-8203,Water Toy 8203,toys,Toys,1 pc,920,,57,,5818
DM-9.53-2,wild-animals-toy-a585,Wild Animals Toy A585,toys,Toys,1 pkt,920,,41,,5894
DM-9.472,single-box-rattle,Single Box Rattle,toys,Toys,1 pc,560,,24,,5104
DM-5.608,2pm-snack-fire-chesse-balls-60g,2pm Snack Fire Chesse Balls 60g,toys,Sports & Fitness,60g,680,,24,,80
DM-4.418,baltra-sports-bottle-bsl275-600ml,BALTRA Sports Bottle BSL275-600ml,kitchen-household,Bottles & Lunch Boxes,600ml,480,,57,,535
DM-9.736,br-039-comic-chess,BR-039 COMIC CHESS,toys,Sports & Fitness,1 pc,595,,24,,794
DM-9.917,brands-racquet-tennis-racket-big-ball-br-081,BRANDS Racquet Tennis Racket Big Ball BR-081,toys,Sports & Fitness,1 pc,655,,31,,803
DM-9.532,brands-racquet-tennis-racket-small-ball-br-076,BRANDS Racquet Tennis Racket Small Ball BR-076,toys,Sports & Fitness,1 pc,355,,12,,804
DM-4.1302,baltra-alex-sports-bottle-500ml-bsl-420,Baltra Alex Sports Bottle 500ml BSL-420,kitchen-household,Bottles & Lunch Boxes,500ml,395,,19,,496
DM-4.1304,baltra-pulse-sports-bottle-1000ml-bsl-428,Baltra Pulse Sports Bottle 1000ml BSL-428,kitchen-household,Bottles & Lunch Boxes,1000ml,600,,42,,529
DM-4.1301,baltra-pulse-sports-bottle-500ml-bsl-426,Baltra Pulse Sports Bottle 500ml BSL-426,kitchen-household,Bottles & Lunch Boxes,500ml,365,,15,,530
DM-4.13,baltra-twist-sports-bottle-500ml-bsl-240,Baltra Twist Sports Bottle 500ml BSL-240,kitchen-household,Bottles & Lunch Boxes,500ml,375,,50,,537
DM-4.1413,baltra-oslo-sports-bottle-bsl-422,Baltra Oslo Sports Bottle Bsl 422,kitchen-household,Bottles & Lunch Boxes,1 pc,805,,22,,527
DM-4.1423,baltra-sports-bottle-ello-bsl-421-500ml,Baltra Sports Bottle ELLO BSL 421 500ml,kitchen-household,Bottles & Lunch Boxes,500ml,445,370,53,,536
DM-9.738,bestway-kids-swimming-pool-51009,Bestway Kids Swimming Pool 51009,toys,Sports & Fitness,1 pc,585,525,31,,682
DM-10.532,brains-chess-educational-toy-fun-lot-no-8628,Brains Chess Educational Toy Fun Lot no.8628,toys,Sports & Fitness,1 pc,695,,50,,801
DM-10.533,brains-chess-educational-toy-fun-lot-no-8638,Brains Chess Educational Toy Fun Lot no.8638,toys,Sports & Fitness,1 pc,695,,17,,802
DM-4.1484,gym-shaker-bottle,Gym Shaker Bottle,toys,Sports & Fitness,1 pc,710,,55,,2333
DM-9.748,intex-swimming-pool-27100,Intex Swimming Pool 27100,toys,Sports & Fitness,1 pc,610,,46,,2750
DM-10.531,ludo-brains-game-no-8016,Ludo Brains Game! no.8016,toys,Sports & Fitness,1 pc,605,560,27,,3395
DM-7.4474,mitho-sagun-gym-sattu-1kg,Mitho Sagun Gym Sattu 1kg,health-hygiene,Feminine Hygiene,1kg,350,,16,,3766
DM-7.4475,mitho-sagun-gym-sattu-sugar-free-1kg,Mitho Sagun Gym Sattu Sugar Free 1kg,health-hygiene,Feminine Hygiene,1kg,355,,43,,3767
DM-4.5,sports-fashion-health-bottle-750ml-5830,Sports Fashion Health Bottle 750ml 5830,kitchen-household,Bottles & Lunch Boxes,750ml,330,,41,,5228
DM-9.444,sports-toys,Sports Toys,toys,Sports & Fitness,1 pc,685,615,35,,5229
DM-4.1256,swimming-vacuum-cup-650ml,Swimming Vacuum Cup 650ml,kitchen-household,Bottles & Lunch Boxes,650ml,280,,38,,5410
DM-4.1218,yoga-mat-4-mm,Yoga Mat 4 mm,toys,Sports & Fitness,1 pc,605,,57,,5966
DM-7.4852,yoga-bar-high-protein-oats-dark-chocolate-1kg,Yoga Bar High Protein Oats Dark Chocolate 1kg,groceries,Breakfast & Cereals,1kg,575,,45,,5962
DM-7.4853,yoga-bar-high-protein-oats-dark-chocolate-250gm,Yoga Bar High Protein Oats Dark Chocolate 250gm,groceries,Breakfast & Cereals,250g,195,,46,,5963
DM-7.4851,yoga-bar-millet-muesli-nuts-seeds-cruch-450gm,Yoga Bar Millet Muesli Nuts&seeds Cruch 450gm,groceries,Breakfast & Cereals,450g,315,,44,,5964
DM-5.105,yoga-bar-protein-mini-chocolate-20gm,Yoga Bar Protein Mini Chocolate 20gm,snacks,Chocolates & Candy,20g,35,,38,,5965
DM-4.195,yoga-mat,Yoga Mat,toys,Sports & Fitness,1 set,570,,15,,5967
DM-22.3,bearing-moisturizing-dog-soap-100gm,Bearing Moisturizing Dog Soap 100gm,pet-care,Pet Food & Accessories,100g,115,,59,,651
DM-22.12,bearing-tick-and-flea-white-hair-dog-shampoo-150ml,Bearing Tick And Flea White Hair Dog Shampoo 150ml,pet-care,Pet Food & Accessories,150ml,150,,47,,652
DM-22.11,bearing-tick-and-flea-white-hair-dog-shampoo-300ml,Bearing Tick And Flea White Hair Dog Shampoo 300ml,pet-care,Pet Food & Accessories,300ml,235,,48,,653
DM-22.13,bonacibo-adult-dog-lamb-rice-4kg,Bonacibo Adult Dog Lamb&rice 4kg,pet-care,Pet Food & Accessories,4kg,1830,,46,,763
DM-4.164,carpet-brush-venus,Carpet Brush Venus,cleaning,"Floor, Toilet & Glass Cleaners",1 pkt,245,,56,,907
DM-9.756,cute-pet-light-table-usb-chargin,Cute Pet Light Table USB Chargin,pet-care,Pet Food & Accessories,1 pc,490,,40,,1286
DM-22.7,dog-food-wet-hong-can-400gm,Dog Food Wet Hong Can 400gm,pet-care,Pet Food & Accessories,400g,235,,8,,1549
DM-22.1,dog-pet-deodorizing-spray-150ml,Dog Pet Deodorizing Spray 150ml,pet-care,Pet Food & Accessories,150ml,140,,51,,1558
DM-22.2,dog-pet-deodorizing-spray-60ml,Dog Pet Deodorizing Spray 60ml,pet-care,Pet Food & Accessories,60ml,80,65,59,,1559
DM-22.8,dog-pet-wipes-90pcs,Dog Pet Wipes 90pcs,pet-care,Pet Food & Accessories,90 pcs,495,,14,,1560
DM-22.53,dog-toy-bone-tjwj-146,Dog Toy Bone TJWJ 146,pet-care,Pet Food & Accessories,1 pc,405,,49,,1563
DM-22.3-2,dog-toy-bone-tjwj-147,Dog Toy Bone TJWJ 147,pet-care,Pet Food & Accessories,1 pc,400,,9,,1564
DM-22.54,dog-toy-chicken-16cm-647,Dog Toy Chicken 16cm 647,pet-care,Pet Food & Accessories,1 pc,460,,27,,1565
DM-22.27,dog-toy-shrilling-chicken-tjwj-185,Dog Toy Shrilling Chicken TJWJ 185,pet-care,Pet Food & Accessories,1 pc,415,,15,,1566
DM-9.71,doll-kitty-popet-bag,Doll /Kitty Popet Bag,toys,Toys,1 pc,950,,30,,1569
DM-2.373,florona-naturals-petroleum-jelly-120ml,Florona Naturals Petroleum Jelly 120ml,beauty-skincare,Bath & Body,120ml,155,,21,,1999
DM-2.3731,florona-naturals-petroleum-jelly-60ml,Florona Naturals Petroleum Jelly 60ml,beauty-skincare,Bath & Body,60ml,80,,24,,2000
DM-22.26,god-cat-pet-grooming-fp-148,God&cat Pet Grooming FP-148,pet-care,Pet Food & Accessories,1 pc,405,,46,,2250
DM-1.2015,godrej-aer-spray-matic-petal-violet,Godrej Aer Spray Matic Petal/Violet,cleaning,Detergent & Laundry,1 pc,220,180,18,,2253
DM-1.2053,godrej-aer-petal-click-gel,Godrej Aer Petal Click Gel,cleaning,Fresheners & Repellents,1 pc,235,,17,,2252
DM-2.682,pamacare-petroleum-jelly-200g,Pamacare Petroleum Jelly 200g,beauty-skincare,Bath & Body,200g,235,,38,,4228
DM-2.1474,pamacare-pure-petroleum-jelly-50g,Pamacare Pure Petroleum Jelly 50g,beauty-skincare,Bath & Body,50g,75,,40,,4230
DM-2.1483,pamacare-pure-petroleum-jelly-100g,Pamacare Pure Petroleum Jelly 100g,beauty-skincare,Bath & Body,100g,115,,39,,4229
DM-22.9,pet-glove-wipe-for-dogs-cats-6pcs,Pet Glove Wipe For Dogs&cats 6pcs,pet-care,Pet Food & Accessories,6 pcs,415,,31,,4395
DM-9.925,plush-puppy-dog-coin-purse-keychain-with-glasses,Plush Puppy Dog Coin Purse Keychain With Glasses,pet-care,Pet Food & Accessories,1 pc,410,,46,,4480
DM-9.835,r-c-sports-car-competitive-no-789a-41,R/C Sports Car Competitive no.789a-41,toys,Toys,1 pc,935,,22,,4665
DM-2.2965,redcarpet-mix-deodorant-body-spray-250ml,Redcarpet Mix Deodorant Body Spray 250ml,beauty-skincare,Fragrance & Deodorant,250ml,875,,45,,4767
DM-22.56,royal-canin-puppy-mini-gravy-85gm,Royal Canin Puppy Mini Gravy 85gm,pet-care,Pet Food & Accessories,85g,110,,13,,4852
DM-2.2511,sumnima-herbal-rose-petal-water-100ml,Sumnima Herbal Rose Petal Water 100ml,beverages,Water,100ml,20,,11,,5327
DM-2.3552,sumnima-herbal-rose-petal-water-200ml,Sumnima Herbal Rose Petal Water 200ml,beverages,Water,200ml,20,,49,,5328
DM-22.5,teething-set-dog-toys,Teething Set Dog Toys,pet-care,Pet Food & Accessories,1 pc,470,420,37,,5437
DM-2.2505,vaseline-blueseal-petroleum-jelly-100ml,Vaseline Blueseal Petroleum Jelly 100ml,beauty-skincare,Bath & Body,100ml,120,,8,yes,5684
DM-17.222,b-b-top,B.B Top,ladies-wear,Clothing,1 pc,950,,8,,381
DM-17.258,bb-jewellry-mix-earing,BB Jewellry Mix Earing,ladies-wear,Jewellery,1 pc,230,,21,,627
DM-3.37,baby-dolphin-shishu-baby-cap-honey-soother,Baby Dolphin / Shishu Baby Cap Honey Soother,groceries,"Sauces, Pickles & Spreads",1 pc,245,230,28,,400
DM-8.3,baby-polo-sunglasses,Baby Polo Sunglasses,ladies-wear,"Bags, Watches & Eyewear",1 pc,860,,58,,424
DM-7.3701,barari-chatpata-pani-puri150-gm,Barari Chatpata Pani Puri150 gm,snacks,"Chips, Namkeen & Snacks",150g,100,,34,,595
DM-4.268,bath-belt-colorful-long-202,Bath Belt Colorful Long 202,ladies-wear,Clothing,1 pc,935,,32,,612
DM-22.48,bearing-groomers-choice-conditioning-cream-rinse-360,Bearing Groomers Choice Conditioning Cream Rinse 360,beauty-skincare,Skin Care,1 pc,500,,20,,649
DM-22.49,bearing-tick-flea-dog-spray-250ml,Bearing Tick&flea Dog Spray 250ml,pet-care,Pet Food & Accessories,250ml,210,190,58,,654
DM-4.87,birthday-cap-exclusive-l-new,Birthday Cap Exclusive L New,gifts-puja,Gifts & Party,1 pc,280,,36,,724
DM-9.26,birthday-cap-large,Birthday Cap Large,gifts-puja,Gifts & Party,1 pc,260,,24,,725
DM-2.3886,bosuya-long-lasting-hairdressing-wand-touch-up-30gm,Bosuya long-lasting+hairdressing Wand Touch Up 30gm,beauty-skincare,Makeup & Nail Care,30g,310,,47,,785
DM-17.98,bra-set-jewelry,Bra Set Jewelry,ladies-wear,Jewellery,1 pc,265,,54,,795
DM-17.293,bracelet-chen-wala,Bracelet Chen Wala,ladies-wear,Jewellery,1 pc,230,,50,,796
DM-17.291,bracelet-moti-mix,Bracelet Moti Mix,ladies-wear,Jewellery,1 pack,265,,12,,798
DM-17.332,bracelet-moti-mix-ramro,Bracelet Moti Mix Ramro,ladies-wear,Jewellery,1 pc,265,240,22,,799
DM-17.277,bracelet-stainless-steel,Bracelet Stainless Steel,ladies-wear,Jewellery,1 pc,280,,30,,800
DM-9.525,brands-toddler-ring-stack-the-rings-no-0122,Brands Toddler Ring Stack The Rings NO.0122,ladies-wear,Jewellery,1 pc,265,,28,,806
DM-1.1804,comfort-moring-fresh-lily-fresh-2ltr,Comfort Moring Fresh /lily Fresh 2ltr,cleaning,Detergent & Laundry,2L,405,,44,,1201
DM-9.902,crying-again-baby-kering-no-2025-86,Crying Again Baby Kering no.2025-86,toys,Toys,1 pc,870,,40,,1240
DM-2.2733,dekar-whitening-moisturing-cream-200gm,Dekar Whitening Moisturing Cream 200gm,beauty-skincare,Skin Care,200g,590,,41,,1344
DM-9.819,desioner-fashion-jewelry-series-zd114,Desioner Fashion Jewelry Series ZD114,ladies-wear,Jewellery,1 pc,250,220,42,,1382
DM-9.82,desioner-fashion-jewelry-series-zd117,Desioner Fashion Jewelry Series ZD117,ladies-wear,Jewellery,1 pc,250,220,40,,1383
DM-9.933,diy-beading-fashion-girlslet-s,Diy Beading Fashion GirlsLet's,ladies-wear,Clothing,1 pc,965,,18,,1531
DM-22.37,dog-collar-belt-1-5cm-pql86,Dog Collar Belt 1.5cm PQL86,pet-care,Pet Food & Accessories,1 pc,490,,27,,1543
DM-22.21,dog-collar-belt-ys-83,Dog Collar Belt YS-83,pet-care,Pet Food & Accessories,1 pc,450,360,59,,1546
DM-22.59,dog-collar-belt-foam-4cm,Dog Collar Belt Foam 4cm,pet-care,Pet Food & Accessories,1 pc,400,355,57,,1544
DM-22.6-2,dog-collar-belt-spike-ys-16,Dog Collar Belt Spike ys-16,pet-care,Pet Food & Accessories,1 pc,500,440,39,,1545
DM-22.57,dog-collar-cat-belt-06-1200pcs,Dog Collar Cat Belt 06 1200pcs,pet-care,Pet Food & Accessories,1200 pcs,425,,23,,1547
DM-22.4,dog-tick-stop-powder-150gm,Dog Tick Stop Powder 150gm,pet-care,Pet Food & Accessories,150g,135,125,17,,1562
DM-17.78,earing-jewelry,Earing *jewelry,ladies-wear,Jewellery,1 pc,275,245,20,,1702
DM-17.79,earing-jewelry-2,Earing *jewelry,ladies-wear,Jewellery,1 pc,275,,45,,1703
DM-17.8-2,earing-jewelry-3,Earing *jewelry,ladies-wear,Jewellery,1 pc,275,,50,,1704
DM-17.136,earing-jewelry-4,Earing *jewelry,ladies-wear,Jewellery,1 pc,275,,38,,1705
DM-17.137,earing-jewelry-5,Earing *jewelry,ladies-wear,Jewellery,1 pc,275,,8,,1706
DM-17.271,earing-3pcs-set,Earing 3pcs Set,ladies-wear,Jewellery,3 pcs,280,235,48,,1709
DM-17.289,earing-3pcs-set-fashion,Earing 3pcs Set Fashion,ladies-wear,Jewellery,3 pcs,270,,13,,1707
DM-17.282,earing-3pcs-set-mix,Earing 3pcs Set Mix,ladies-wear,Jewellery,3 pcs,265,,37,,1708
DM-17.62,earing-925,Earing 925,ladies-wear,Jewellery,1 pc,275,255,20,,1711
DM-17.281,earing-925-bb-jewellry,Earing 925 Bb Jewellry,ladies-wear,Jewellery,1 pc,235,,59,,1710
DM-17.69,earing-b-925,Earing B.925,ladies-wear,Jewellery,1 pc,250,,50,,1712
DM-17.56,earing-b-b,Earing B.B,ladies-wear,Jewellery,1 pc,230,,55,,1713
DM-17.59,earing-jewelry-6,Earing Jewelry,ladies-wear,Jewellery,1 pc,265,,49,,1730
DM-17.58,earing-jewelry-925,Earing Jewelry 925,ladies-wear,Jewellery,1 pc,225,,27,,1722
DM-17.228,earing-jewelry-925star,Earing Jewelry 925star,ladies-wear,Jewellery,1 pc,245,,23,,1723
DM-17.22,earing-jewelry-fashion,Earing Jewelry Fashion,ladies-wear,Jewellery,1 pc,260,,28,,1721
DM-17.135,earing-jewelry-no-925,Earing Jewelry no.925,ladies-wear,Jewellery,1 pc,225,195,26,,1724
DM-17.219,earing-jewelry925,Earing Jewelry925,ladies-wear,Jewellery,1 pc,275,,56,,1727
DM-17.223,earing-jewelry925-2,Earing Jewelry925,ladies-wear,Jewellery,1 pc,275,,21,,1728
DM-17.224,earing-jewelry925-3,Earing Jewelry925,ladies-wear,Jewellery,1 pc,275,,31,,1729
DM-17.225,earing-jewelry925-small,Earing Jewelry925 Small,ladies-wear,Jewellery,1 pc,135,,39,,1725
DM-17.226,earing-jewelry92524pc,Earing Jewelry92524pc,ladies-wear,Jewellery,92524 pc,225,,29,,1726
DM-17.218,earing-s925,Earing S925,ladies-wear,Jewellery,1 pc,235,,32,,1733
DM-17.143,earing-silver,Earing Silver,ladies-wear,Jewellery,1 pc,235,,28,,1734
DM-17.87,earing-sliver-2pc,Earing Sliver 2pc,ladies-wear,Jewellery,2 pc,240,,25,,1735
DM-17.66,earing-stone-b-b-jwellary,Earing Stone B.B Jwellary,ladies-wear,Jewellery,1 pc,275,,28,,1743
DM-17.9,earing-stone-b-b-jwellary-12pc,Earing Stone B.B Jwellary 12pc,ladies-wear,Jewellery,12 pc,240,195,9,,1738
DM-17.7-2,earing-stone-b-b-jwellary-19p,Earing Stone B.B Jwellary-19p,ladies-wear,Jewellery,1 pc,265,,11,,1739
DM-17.85,earing-stone-b-b-jwellary-2pc,Earing Stone B.B Jwellary-2pc,ladies-wear,Jewellery,2 pc,225,,27,,1740
DM-17.75,earing-stone-b-b-jwellary-4pc,Earing Stone B.B Jwellary-4pc,ladies-wear,Jewellery,4 pc,245,,46,,1741
DM-17.67,earing-stone-b-b-jwellary-3,Earing Stone B.B Jwellary.3,ladies-wear,Jewellery,1 pc,255,,23,,1742
DM-17.86,earing-stone-fashion-jewellery-925,Earing Stone FASHION JEwellery 925,ladies-wear,Jewellery,1 pc,250,,58,,1744
DM-17.63,earing-stone-fashion-jwellary,Earing Stone Fashion Jwellary,ladies-wear,Jewellery,1 pc,235,220,47,,1745
DM-17.6-2,earing-stone-jwellary925,Earing Stone Jwellary925,ladies-wear,Jewellery,1 pc,280,235,37,,1737
DM-17.93,earing-stone-jwellary925-2,Earing Stone Jwellary925,ladies-wear,Jewellery,1 pc,280,,59,,1746
DM-17.139,earing-stone-jwellary925-3,Earing Stone Jwellary925,ladies-wear,Jewellery,1 pc,280,,54,,1747
DM-17.142,earing-stone-jwellary925-4,Earing Stone Jwellary925,ladies-wear,Jewellery,1 pc,280,,18,,1748
DM-17.84,earing-stone-long-b-b-jwellary,Earing Stone Long B.B Jwellary,ladies-wear,Jewellery,1 pc,245,230,48,,1749
DM-17.57,earing-top-925,Earing Top 925,ladies-wear,Jewellery,1 pc,235,,23,,1701
DM-17.29-2,earing-big-size,Earing Big Size,ladies-wear,Jewellery,1 pc,240,,26,,1714
DM-17.88,earing-fashion,Earing Fashion,ladies-wear,Jewellery,1 pc,235,195,13,,1719
DM-17.65,earing-fashion-mix,Earing Fashion Mix,ladies-wear,Jewellery,1 pc,235,,31,,1718
DM-17.83,earing-fashion-mix-stainless-steel,Earing Fashion Mix Stainless Steel,ladies-wear,Jewellery,1 pc,260,,14,,1715
DM-17.64,earing-fashion-mix925,Earing Fashion mix925,ladies-wear,Jewellery,1 pc,245,210,8,,1716
DM-17.82,earing-fashion-mixjewelry,Earing Fashion mixJewelry,ladies-wear,Jewellery,1 pc,225,200,57,,1717
DM-17.272,earing-flower-desing-mix,Earing Flower Desing Mix,home-living,Home Decor & Furnishing,1 pc,600,,31,,1720
DM-17.279,earing-korean,Earing Korean,ladies-wear,Jewellery,1 pc,270,,22,,1731
DM-17.61,earing-mix925,Earing mix925,ladies-wear,Jewellery,1 pc,270,,51,,1698
DM-17.72,earing-mix925-2,Earing mix925,ladies-wear,Jewellery,1 pc,270,,54,,1699
DM-17.74,earing-mix925-3,Earing mix925,ladies-wear,Jewellery,1 pc,270,,13,,1700
DM-17.138,earing-moti,Earing Moti,ladies-wear,Jewellery,1 pc,280,,46,,1732
DM-17.288,earing-stainless-steel,Earing Stainless Steel,ladies-wear,Jewellery,1 pack,270,,36,,1736
DM-17.141,earing-top-medo-925,Earing Top Medo -925,ladies-wear,Jewellery,1 pc,250,,57,,1751
DM-17.14,earing-top-moti,Earing Top Moti,ladies-wear,Jewellery,1 pc,220,,27,,1752
DM-17.118,earing-with-moti-jhumka9330,Earing With Moti jhumka9330,ladies-wear,Jewellery,1 pc,230,,26,,1753
DM-17.77,earingb-b-jewelry-moti,EaringB.B *jewelry Moti,ladies-wear,Jewellery,1 pc,250,225,23,,1754
DM-17.144,earingb-b-jewelry-moti-2,EaringB.B *jewelry Moti,ladies-wear,Jewellery,1 pc,250,,23,,1755
DM-2.948,enchanteur-alluring-body-mist-enticing-stunning-150m,Enchanteur Alluring Body /Mist enticing/Stunning 150m,beauty-skincare,Fragrance & Deodorant,1 pc,465,370,40,,1797
DM-2.532,enchanteur-roll-on-alluring-romantic-charming-mix50ml,Enchanteur Roll On Alluring /Romantic /Charming mix50ml,beauty-skincare,Fragrance & Deodorant,50ml,255,,15,,1796
DM-17.418,fashion-comb-2-pcs-set,Fashion Comb 2 pcs Set,ladies-wear,Hair Accessories,2 pcs,75,,26,,1925
DM-17.426,fashion-jewelery-baby-side-clip-set,Fashion Jewelery Baby Side Clip Set,ladies-wear,Hair Accessories,1 pc,75,60,45,,1926
DM-17.345,hair-scrunchies,Hair Scrunchies,ladies-wear,Hair Accessories,1 pc,75,,58,,2355
DM-9.692,happy-birthday-foam-cap,Happy Birthday Foam Cap,gifts-puja,Gifts & Party,1 pc,235,,35,,2428
DM-9.94,happy-day-fashion-model-no-zr-555,Happy Day Fashion Model no.ZR-555,ladies-wear,Clothing,1 pc,970,,19,,2431
DM-9.728,happy-dinosaur-ring-toss-gameno-hd9058,Happy Dinosaur Ring Toss gameNo.HD9058,toys,Toys,1 pc,820,710,35,,2432
DM-1.1004,henko-matic-top-load-1kg-500g,Henko Matic Top Load 1kg+500g,cleaning,Detergent & Laundry,1kg,240,210,27,,2511
DM-2.3347,himalayan-dark-spot-clearing-face-mask-30g,Himalayan Dark Spot Clearing Face Mask 30g,beauty-skincare,Skin Care,30g,130,120,8,,2670
DM-1.443,huggies-wonder-pant-m32,Huggies Wonder Pant M32,baby-care,Diapers & Wipes,1 pc,600,,18,,2718
DM-1.1565,indulekha-bringha-oil-100ml,Indulekha Bringha Oil 100ml,beauty-skincare,Hair Care,100ml,135,,47,,2746
DM-1.1564,indulekha-bringha-oil-200ml,Indulekha Bringha Oil 200ml,beauty-skincare,Hair Care,200ml,265,,57,,2747
DM-17.26,jewelry-earing-mix,Jewelry Earing Mix,ladies-wear,Jewellery,1 pc,235,195,30,,2801
DM-7.463,khattu-100g,Khattu 100g,snacks,Chocolates & Candy,100g,210,,28,,3023
DM-9.85,lovely-fashion-dreamy-no-6635-2,Lovely Fashion Dreamy no.6635-2,ladies-wear,Clothing,1 pc,920,,23,,31
DM-9.849,lovely-fashion-dreamy-no-6643,Lovely Fashion Dreamy no.6643,ladies-wear,Clothing,1 pc,945,,8,,32
DM-9.801,merry-cap,Merry Cap,ladies-wear,Clothing,1 pc,895,785,17,,3602
DM-5.984,milky-mist-capella-dark-chooclate-55-hazelnut-40gm,Milky Mist Capella Dark Chooclate 55% Hazelnut 40gm,snacks,Chocolates & Candy,40g,85,,52,,3645
DM-5.98,milky-mist-capella-dark-chooclate-55-hazelnut-80gm,Milky Mist Capella Dark Chooclate 55% Hazelnut 80gm,snacks,Chocolates & Candy,80g,155,,46,,3646
DM-3.367,mumlove-baby-fruit-feeder-with-ring-6107,Mumlove Baby Fruit Feeder With Ring 6107,baby-care,Baby Accessories,1 pc,490,,47,,3847
DM-9.802,normal-cap,Normal Cap,ladies-wear,Clothing,1 pc,1030,,28,,4098
DM-5.1139,onion-rings-flavoured-50gm,Onion Rings Flavoured 50gm,ladies-wear,Jewellery,50g,280,,54,,4166
DM-5.1138,onion-rings-flavoured-90gm,Onion Rings Flavoured 90gm,ladies-wear,Jewellery,90g,225,,15,,4167
DM-4.1464,otto-food-contanier-feel-fresh-ring-300ml,Otto Food Contanier Feel Fresh Ring 300ml,ladies-wear,Clothing,300ml,910,770,9,,4192
DM-5.183,polo-ring,POLO Ring,ladies-wear,Jewellery,1 pc,250,215,15,,4489
DM-7.625,parle-top-200g,Parle Top 200g,ladies-wear,Clothing,200g,975,,44,,4290
DM-1.1734,parlede-toilet-wc-ring-pld-016,Parlede Toilet Wc Ring PLD.016,ladies-wear,Jewellery,1 pc,250,,42,,4294
DM-17.423,pearl-fluffy-scrunchie,Pearl Fluffy Scrunchie,ladies-wear,Hair Accessories,1 pc,85,,41,,4370
DM-17.425,polka-dot-piping-scrunchie,Polka Dot Piping Scrunchie,ladies-wear,Hair Accessories,1 pc,85,,21,,4488
DM-7.3453,poshan-food-black-gahat-geda-500gm,Poshan Food Black Gahat Geda 500gm,groceries,Dal & Pulses,500g,115,,38,,4516
DM-7.1361,pringles-mix-42g,Pringles Mix 42g,snacks,"Chips, Namkeen & Snacks",42g,35,,52,,4594
DM-7.1382,pringles-original-mix-110g,Pringles Original & Mix 110g,snacks,"Chips, Namkeen & Snacks",110g,75,,16,,4595
DM-7.3938,ratna-malika-reasted-bhatmas-160gm,Ratna Malika Reasted Bhatmas 160gm,groceries,Dal & Pulses,160g,60,,31,,4734
DM-9.864,ring-paino-no-8028,Ring Paino no.8028,toys,Toys,1 pc,770,,21,,4797
DM-1.1085,savitri-rahat-incense-sticks,Savitri Rahat Incense Sticks,gifts-puja,Puja Items,1 pc,80,,25,,4965
DM-17.447,stainless-steel-crystal-bead-hoop-earring,Stainless Steel Crystal Bead Hoop Earring,ladies-wear,Jewellery,1 pc,250,,30,,5237
DM-9.793,talkine-cap,Talkine Cap,ladies-wear,Clothing,1 pc,995,940,50,,5431
DM-17.15,top-black-for-black,Top Black For Black,ladies-wear,Clothing,1 pc,1000,835,27,,5579
DM-17.424,velvet-rhinestone-scrunchie-119h,Velvet Rhinestone Scrunchie 119H,ladies-wear,Hair Accessories,1 pc,85,,13,,5715
DM-2.3529,zerona-derma-hydra-moisturing-lotion-100g,Zerona Derma Hydra Moisturing Lotion 100g,beauty-skincare,Skin Care,100g,300,,39,,5992
DM-17.68,earing-stone,Earing Stone,ladies-wear,Jewellery,1 pc,250,210,8,,1750
DM-17.506,fashion-jewelry-gold-camellia-flower-stud-earrings,Fashion Jewelry Gold Camellia Flower Stud Earrings,home-living,Home Decor & Furnishing,1 pc,685,,43,,1927
DM-17.215,kata-fashion,Kata Fashion,ladies-wear,Jewellery,1 pc,240,,9,,2929
DM-17.275,yaring-blue-bell,Yaring Blue Bell,ladies-wear,Clothing,1 pc,835,,13,,5931
DM-17.152,baby-crown-light,Baby Crown Light,electronics,Lights & Electricals,1 pc,350,,55,,398
DM-17.306,baby-hair-bank-flower,Baby Hair Bank Flower,home-living,Home Decor & Furnishing,1 pc,580,,30,,412
DM-9.152,balloon-50pcs-solid-color-12,Balloon 50pcs Solid Color 12,gifts-puja,Gifts & Party,50 pcs,275,,31,,491
DM-9.691,balloon-heart,Balloon Heart,gifts-puja,Gifts & Party,1 pc,270,235,30,,492
DM-9.568,balloon-heart-1-pc,Balloon Heart 1 pc,gifts-puja,Gifts & Party,1 pc,240,,55,,493
DM-2.55,bee-flower-shoe-polish,Bee & Flower Shoe Polish,home-living,Home Decor & Furnishing,1 pc,580,,48,,664
DM-9.775,birthday-badge,Birthday Badge,gifts-puja,Gifts & Party,1 pc,270,255,14,,721
DM-9.15,birthday-ballons,Birthday Ballons,gifts-puja,Gifts & Party,1 pc,240,205,9,,722
DM-9.157,birthday-banner-letter,Birthday Banner Letter,gifts-puja,Gifts & Party,1 pc,255,,41,,723
DM-9.385,birthday-mental-crown,Birthday Mental Crown,gifts-puja,Gifts & Party,1 pc,240,,37,,726
DM-9.815,birthday-ribbon-18cm,Birthday Ribbon 18cm,stationery,Art & Craft,1 pc,235,,45,,727
DM-9.869,birthday-ribbon-rs-5,Birthday Ribbon Rs 5,stationery,Art & Craft,1 pc,30,,32,,728
DM-9.87,birthday-ribbon-rs10,Birthday Ribbon rs10,stationery,Art & Craft,1 pc,30,,10,,729
DM-9.769,birthday-sash,Birthday Sash +++,gifts-puja,Gifts & Party,1 pc,235,,25,,730
DM-9.814,birthday-wish-card,Birthday Wish Card,gifts-puja,Gifts & Party,1 pc,270,,55,,731
DM-10.483,elegant-flower-dairy-mb-808-1,Elegant Flower Dairy Mb-808-1,stationery,Notebooks & Paper,1 pc,115,,36,,1768
DM-5.947,elvan-party-mix-400g,Elvan Party Mix 400g,gifts-puja,Gifts & Party,400g,230,,18,,1776
DM-4.1361,flower-thormas,Flower Thormas,kitchen-household,Bottles & Lunch Boxes,1 pc,565,,8,,2004
DM-7.4647,fortune-refined-sunflower-oil-5-ltr,Fortune Refined Sunflower Oil 5 ltr,groceries,Oil & Ghee,5L,1210,,23,yes,2068
DM-9.76,happy-birthday-bag,Happy Birthday Bag,home-living,"Bags, Umbrellas & Travel",1 pc,865,785,38,,2426
DM-9.774,happy-birthday-banner-princess-prince,Happy Birthday Banner princess/prince,gifts-puja,Gifts & Party,1 pc,235,,54,,2427
DM-9.776,happy-birthday-photo-props,Happy Birthday Photo Props,gifts-puja,Gifts & Party,1 pc,265,245,49,,2429
DM-9.813,heart-balloon,Heart Balloon,gifts-puja,Gifts & Party,1 pc,230,,42,,2499
DM-3.135,himalaya-baby-care-gift-pack,Himalaya Baby Care Gift Pack,baby-care,Baby Bath & Skin Care,1 pc,310,,44,,2593
DM-3.643,himalaya-happy-baby-gift-pack,Himalaya Happy Baby Gift Pack,baby-care,Baby Bath & Skin Care,1 pack,350,,46,,2618
DM-3.601,himalaya-happy-baby-travel-gift-pack,Himalaya Happy Baby Travel Gift Pack,beauty-skincare,Skin Care,1 pack,495,,50,,2619
DM-17.324,kata-2side-flower-mix,Kata 2side Flower Mix,ladies-wear,Hair Accessories,1 pc,75,65,52,,2920
DM-17.334,kata-flower-stone-design-mix,Kata Flower & Stone Design Mix,ladies-wear,Hair Accessories,1 pc,75,,11,,2930
DM-17.304,kata-flower-design-mix,Kata Flower Design Mix,ladies-wear,Hair Accessories,1 pc,70,,59,,2931
DM-17.32,kata-flower-mix-cute,Kata Flower Mix Cute,ladies-wear,Hair Accessories,1 pc,80,70,30,,2933
DM-17.319,kata-flower-mix-ramro,Kata Flower Mix Ramro,ladies-wear,Hair Accessories,1 pc,70,,18,,2934
DM-17.212,kata-printed-flower,Kata Printed Flower,ladies-wear,Hair Accessories,1 pc,75,,42,,2944
DM-17.404,kids-cartoon-hair-accessories-gift-combo-set,Kids Cartoon Hair Accessories Gift Combo Set,toys,Toys,1 pc,795,,16,,3030
DM-9.806,mixed-gift,Mixed Gift,gifts-puja,Gifts & Party,1 pc,280,,42,,3774
DM-2.3816,nivea-soft-get-party-ready-with-berry-blossom-100ml,Nivea Soft Get Party Ready With Berry Blossom 100ml,beauty-skincare,Bath & Body,100ml,125,,15,,4079
DM-9.566,party-baza-balloon,Party Baza Balloon,gifts-puja,Gifts & Party,1 pc,225,210,38,,4295
DM-9.167,party-popper-large-size,Party Popper Large Size,gifts-puja,Gifts & Party,1 pc,265,215,25,,4296
DM-9.145,party-popper-medium-size,Party Popper Medium Size,gifts-puja,Gifts & Party,1 pc,230,190,10,,4297
DM-9.166,party-popper-small-size,Party Popper Small Size,gifts-puja,Gifts & Party,1 pc,140,,19,,4298
DM-4.1226,playing-card-golden-e50,Playing Card Golden E50,gifts-puja,Gifts & Party,1 pc,260,,44,,4428
DM-9.594,pokemon-naruto-labubu-card-6,Pokemon / Naruto / Labubu Card 6+,toys,Toys,1 pc,820,,30,,4484
DM-9.562,sash-birthday-pkt,Sash Birthday Pkt,gifts-puja,Gifts & Party,1 pc,255,,9,,4957
DM-9.81,sent-flower,Sent Flower,home-living,Home Decor & Furnishing,1 pc,670,,39,,5000
DM-7.632,sun-moon-sunflower-oil-5ltr,Sun-Moon Sunflower Oil 5ltr,beauty-skincare,Skin Care,5L,3500,,23,,5337
DM-7.1626,sun-moon-sunflower-oli-2ltr,Sun-moon Sunflower Oli 2ltr,groceries,Oil & Ghee,2L,575,,53,,5336
DM-7.1582,sunflow-sunflower-oil-5ltr,Sunflow Sunflower Oil 5ltr,groceries,Oil & Ghee,5L,995,,36,,5343
DM-7.178,sunmoon-refined-sunflower-oil-1ltr,Sunmoon Refined Sunflower Oil (1ltr),groceries,Oil & Ghee,1L,295,,10,,5344
DM-7.813,sunmoon-sunflower-oil-500ml-pouch,Sunmoon Sunflower Oil 500ml Pouch,groceries,Oil & Ghee,500ml,155,,17,,51
DM-7.4555,tirsana-sunflower-kernels-200gm,Tirsana Sunflower Kernels 200gm,groceries,"Dry Fruits, Nuts & Seeds",200g,365,,17,,5541
DM-9.595,uno-doramon-card-game-no-033,UNO Doramon Card Game no.033,toys,Games & Puzzles,1 pc,485,,24,,5648
DM-9.644,uou-party-balloons-50pcs,UOU Party Balloons 50pcs,gifts-puja,Gifts & Party,50 pcs,260,,37,,5650
DM-7.4656,fortune-sun-lite-refined-sunflower-oil-910g,Fortune Sun Lite Refined Sunflower Oil 910g,beauty-skincare,Skin Care,910g,1940,,35,yes,2073
DM-2.3194,acnes-scar-care,Acnes Scar Care,beauty-skincare,Skin Care,1 pc,460,,45,,165
DM-9.469,bike-238,Bike 238,home-living,"Tools, Hardware & Auto",1 pc,330,300,41,,717
DM-9.904,bullet-bike-moto-racing,Bullet Bike Moto Racing,toys,Toys,1 pc,870,,17,,864
DM-9.931,city-racing-monster-car-no-jw567-035,City Racing Monster Car no.jw567-035,toys,Toys,1 pc,775,,40,,1083
DM-9.635,climbers-r-c-off-road-vehicle-series-no-807-4,Climbers R/c Off-Road Vehicle Series No.807-4,toys,Toys,1 pc,810,,28,,1099
DM-9.9,die-cast-car-catapult-press-to-elect-the-car,Die-Cast Car - Catapult Press To Elect The Car,toys,Toys,1 pc,785,,44,,1442
DM-4.1519,floor-wiper-chinese,Floor Wiper Chinese,cleaning,"Floor, Toilet & Glass Cleaners",1 pc,230,,21,,1996
DM-9.661,funny-car-no-nr617-329,Funny Car no.nr617-329,toys,Toys,1 pc,865,,9,,2096
DM-1.1043,godrej-aer-twist-gel-car-scent45g,Godrej Aer Twist Gel Car scent45g,cleaning,Fresheners & Repellents,45g,65,,10,,2255
DM-4.1401,handy-wipers-2156-window-wiper,Handy Wipers 2156 Window Wiper,cleaning,"Floor, Toilet & Glass Cleaners",1 pc,250,,39,,2421
DM-9.844,metal-car-yc-502-78,Metal Car Yc 502-78,toys,Toys,1 pc,850,,26,,3605
DM-9.843,metal-car-yc-508-f12,Metal Car Yc 508-f12,toys,Toys,1 pc,815,,27,,3606
DM-9.851,metal-car-no-557,Metal Car no.557,toys,Toys,1 pc,875,,35,,3604
DM-4.188,my-car-care-micro-fiber-cloth,My Car Care Micro Fiber Cloth,home-living,"Tools, Hardware & Auto",1 pc,340,,20,,3895
DM-1.84,oks-car-care-wash-sponge,OKS Car Care Wash Sponge,cleaning,Dishwash,1 pkt,130,,34,,4152
DM-9.928,press-the-whistle-animal-car-3,Press The Whistle Animal Car 3+,toys,Toys,1 pc,870,,42,,4591
DM-9.642,r-c-car-charge-no-23-6ga,R/C Car Charge no.23-6gA,toys,Toys,1 pc,820,,31,,4655
DM-9.624,r-c-climbing-the-wall-stunt-car-no-920,R/C Climbing The Wall STUNT CAR NO.920,toys,Toys,1 pc,770,,46,,4657
DM-9.63,r-c-model-car-no-jhpcs5,R/C MODEL CAR no.JHpcs5,toys,Toys,1 pc,870,,27,,4662
DM-9.929,r-c-model-car-no-777-7,R/C Model Car NO.777-7,toys,Toys,1 pc,890,,10,,4660
DM-9.627,r-c-model-car-no-cr-147-1-a,R/C Model Car NO.CR-147-1 A,toys,Toys,1 pc,800,715,10,,4661
DM-9.83,r-c-off-road-vehicle-no-998,R/C Off-Road Vehicle No.998,toys,Toys,1 pc,825,,30,,4664
DM-9.829,r-c-spray-racing-car-no-by908-29,R/C Spray Racing Car NO.By908-29,toys,Toys,1 pc,885,785,32,,4666
DM-9.791,r-c-spray-racing-car-no-no-797-37,R/C Spray Racing Car NO.no.797-37,toys,Toys,1 pc,900,,38,,4667
DM-9.535,rolling-car-new-no-20-7fa,Rolling Car New no.20-7fa,toys,Toys,1 pc,805,740,45,,4813
DM-9.937,sliding-rail-car-3,Sliding Rail Car 3+,toys,Toys,1 pc,770,,43,,5121
DM-9.846,spray-racing-full-funciton-r-c-vehicle-no-jt615,Spray Racing Full Funciton R/C Vehicle no.JT615,toys,Toys,1 pc,880,,41,,5231
DM-1.1645,steel-wiper-floor,Steel Wiper Floor,cleaning,"Floor, Toilet & Glass Cleaners",1 pc,275,,42,,5258
DM-9.847,stunt-car-boy-gir-no-zx528,Stunt Car Boy& Gir no.ZX528,toys,Toys,1 pc,890,,48,,5298
DM-9.927,stunt-car-no-d402-01,Stunt Car No.D402-01,toys,Toys,1 pc,775,,12,,5299
DM-9.119,stunt-car-r-c-3045-2,Stunt Car R/c 3045-2,toys,Toys,1 pc,880,,56,,5300
DM-4.1386,wiper-2223,Wiper 2223,cleaning,"Floor, Toilet & Glass Cleaners",1 pc,225,,54,,5905
DM-4.123,wiper-chinese-medium,Wiper Chinese Medium,cleaning,"Floor, Toilet & Glass Cleaners",1 pc,240,,19,,5906
DM-4.1127,floor-wiper-simple,Floor Wiper Simple,cleaning,"Floor, Toilet & Glass Cleaners",1 pc,230,,26,,1997
DM-6.331,adailya-hooka-flv-lady-killer,Adailya Hooka Flv Lady Killer,liquor-smoking,Hookah & Smoking,1 pc,345,,39,,175
DM-6.333,coconut-charcoal-1kg,Coconut Charcoal 1kg,liquor-smoking,Hookah & Smoking,1kg,355,,33,,1128
DM-6.335,coconut-charcoal-250gm,Coconut Charcoal 250gm,liquor-smoking,Hookah & Smoking,250g,310,,47,,1129
DM-1.157,colgate-charcoal-clean-120g,Colgate Charcoal.Clean 120g,beauty-skincare,Oral Care,120g,130,,44,yes,1154
DM-2.898,dekar-whitening-charcoal-facial-mask100g,Dekar Whitening Charcoal Facial mask100g,beauty-skincare,Skin Care,100g,290,,37,,1341
DM-2.2651,garnier-pure-black-mask-charcoal-28g,Garnier Pure Black Mask Charcoal 28g,beauty-skincare,Skin Care,28g,135,,19,yes,2149
DM-4.1248,himalayan-charcoal-pellet-2-kg,Himalayan Charcoal Pellet 2 kg,liquor-smoking,Hookah & Smoking,2kg,355,,44,,2669
DM-2.3516,himalayan-pollution-detox-charcoal-face-sheet-mask-28g,Himalayan Pollution Detox Charcoal Face Sheet Mask 28g,beauty-skincare,Skin Care,28g,135,,21,,2675
DM-6.28,hooka-cone-small,Hooka Cone Small,liquor-smoking,Hookah & Smoking,1 pc,210,,38,,2698
DM-6.295,hooka-flv-mint,Hooka Flv Mint,liquor-smoking,Hookah & Smoking,1 pc,355,,46,,2699
DM-6.286,hukka-flv-export,Hukka Flv Export,liquor-smoking,Hookah & Smoking,1 pc,390,,38,,2728
DM-9.8-2,2-pcs-star,2 pcs Star,home-living,Everyday Essentials,2 pcs,235,,48,,70
DM-2.3597,2-in-1-iiberinaii-liquid-matte-lipstic,2-in-1 Iiberinaii Liquid Matte Lipstic,beauty-skincare,Makeup & Nail Care,1 pc,355,,11,,71
DM-5.688,2pm-akabare-twigs-80g,2pm Akabare Twigs 80g,snacks,"Chips, Namkeen & Snacks",80g,55,,9,,72
DM-9.116,360-degree-spining-car,360 Degree Spining Car,toys,Toys,1 pc,800,,9,,87
DM-9.731,3d-light-happy-frog-tortoise-music-lighting-no-yt813b,3D Light/Happy Frog Tortoise Music &Lighting NO.YT813B/,electronics,Lights & Electricals,1 pc,355,,15,,90
DM-9.734,3d-light-happy-frog-tortoise-music-lighting-no-yt813b-2,3D Light/Happy Frog Tortoise Music &Lighting NO.YT813B/,electronics,Lights & Electricals,1 pc,355,320,57,,91
DM-2.3836,3d-eyeshiley,3D Eyeshiley,beauty-skincare,Makeup & Nail Care,1 pack,390,,26,,89
DM-4.9,4-step-pedicure-paddle,4 Step Pedicure Paddle,beauty-skincare,Makeup & Nail Care,1 pc,350,285,36,,101
DM-9.795,7-9-beld-wala-kapada,7-9 Beld Wala Kapada,home-living,Storage & Organisers,1 pc,435,,13,,105
DM-6.34,8-peaks-himalayas-everest-world-375ml,8 Peaks Himalayas Everest World 375ml,groceries,Spices & Masala,375ml,225,,18,,106
DM-6.341,8-peaks-himalayas-everest-world-750ml,8 Peaks Himalayas Everest World 750ml,groceries,Spices & Masala,750ml,360,,43,,107
DM-9.794,8-10-kapada,8-10 Kapada,home-living,Storage & Organisers,1 pc,460,,45,,108
DM-6.267,8848-made-in-the-himalayan-rye-voodka-180,8848 Made In The Himalayan Rye Voodka 180,liquor-smoking,"Whisky, Rum & Spirits",1 pc,1590,,40,,109
DM-6.269,8848-made-in-the-himalayan-rye-voodka-750ml,8848 Made In The Himalayan Rye Voodka 750ml,liquor-smoking,"Whisky, Rum & Spirits",750ml,2640,,11,,110
DM-7.3214,9am-green-peas-825gm,9am Green Peas 825gm,groceries,Dal & Pulses,825g,170,,48,,115
DM-10.557,a5-dairy,A5 Dairy,home-living,Everyday Essentials,1 pc,225,200,54,,117
DM-2.2474,aqzy-liquid-blush-ab011,AQZY Liquid Blush AB011,beauty-skincare,Makeup & Nail Care,1 pc,310,280,53,,293
DM-1.1161,ariel-matic-front-load-4kg-2kg-free,ARIEL Matic FRONT LOAD 4kg+2kg Free,cleaning,Detergent & Laundry,4kg,710,,40,yes,303
DM-2.119,asta-berry-uv-guard-spf-30-100ml,ASTA BERRY UV Guard Spf 30 100ml,beauty-skincare,Skin Care,100ml,345,,19,,347
DM-7.4064,aama-ko-choila-paste-380gm,Aama Ko Choila Paste 380gm,groceries,"Sauces, Pickles & Spreads",380g,215,,47,,123
DM-17.422,accessory-lining-ruber-294g,Accessory Lining Ruber 294G,ladies-wear,Hair Accessories,294g,75,,15,,152
DM-2.733,acne-pimple-patch-cystic-36pcs,Acne Pimple Patch Cystic 36pcs,health-hygiene,Health & Wellness,36 pcs,245,,18,,159
DM-2.236,acnes-creamy-wash-150g,Acnes Creamy Wash 150g,beauty-skincare,Skin Care,150g,385,,22,,160
DM-2.1309,acnes-creamy-wash-100g,Acnes Creamy Wash 100g,beauty-skincare,Skin Care,100g,330,,23,,163
DM-17.357,aishu-comb-series-6003,Aishu Comb Series 6003,ladies-wear,Hair Accessories,1 pc,85,,38,,190
DM-5.1061,aiwibi-australia-premium-newborn-formula-1,Aiwibi Australia Premium Newborn Formula 1,baby-care,Baby Food & Formula,1 pc,885,,20,,211
DM-5.1062,aiwibi-australia-premium-newborn-formula-2,Aiwibi Australia Premium Newborn Formula 2,baby-care,Baby Food & Formula,1 pc,880,,8,,212
DM-3.645,aiwibi-autralia-baby-mosquito-repellent-patches,Aiwibi Autralia Baby Mosquito Repellent Patches,baby-care,Baby Bath & Skin Care,1 pc,380,,26,,213
DM-1.1729,aiwina-ultra-thin-320mm-8pads,Aiwina Ultra -thin 320mm 8pads,health-hygiene,Feminine Hygiene,8 pads,170,,51,,219
DM-5.761,amul-fruit-n-nut-150gm,Amul Fruit (N) Nut 150gm,home-living,Everyday Essentials,150g,105,,10,,262
DM-2.4013,anylady-baked-magic-blusher-palete,Anylady Baked Magic Blusher Palete,beauty-skincare,Makeup & Nail Care,1 pc,390,,43,,275
DM-7.3779,apis-saffron-0-5g,Apis Saffron 0.5g,groceries,Spices & Masala,0.5g,20,,55,,279
DM-7.614,arahar-daal-1kg,Arahar Daal 1kg,groceries,Dal & Pulses,1kg,180,,16,,294
DM-2.2318,argan-treatment-hair-film-sleek-smooth-1000ml,Argan Treatment Hair Film Sleek &smooth 1000ml,beauty-skincare,Hair Care,1000ml,910,,28,,297
DM-1.19,arial-surf-1kg,Arial Surf 1kg,cleaning,Detergent & Laundry,1kg,265,,17,,298
DM-1.998,ariel-matic-fromt-load-jaar-3kg,Ariel Matic Fromt Load Jaar 3kg,cleaning,Detergent & Laundry,3kg,580,,30,yes,300
DM-1.997,ariel-matic-front-load-2kg,Ariel Matic Front Load 2kg,cleaning,Detergent & Laundry,2kg,455,,15,yes,302
DM-1.2182,ariel-matic-liquid-pouch-2ltr,Ariel Matic Liquid Pouch 2ltr,cleaning,Detergent & Laundry,2L,400,,19,yes,304
DM-1.1835,ariel-matic-liquid-pouch-900g,Ariel Matic Liquid Pouch 900g,cleaning,Detergent & Laundry,900g,235,,19,,305
DM-1.991,ariel-matic-front-load-1kg-pack,Ariel Matic Front Load 1kg Pack,cleaning,Detergent & Laundry,1kg,245,,23,yes,301
DM-1.2247,ariel-power-gel-front-load-3-2kg,Ariel Power Gel Front Load 3.2kg,cleaning,Detergent & Laundry,3.2kg,655,,29,,306
DM-1.289,ariel-surf-500g,Ariel Surf 500g,cleaning,Detergent & Laundry,500g,155,130,55,,308
DM-6.218,arna-strong-330ml,Arna Strong 330ml,liquor-smoking,Beer,330ml,220,,31,,314
DM-2.3265,asta-berry-aloe-vera-gel-100ml,Asta Berry Aloe Vera Gel 100ml,beauty-skincare,Skin Care,100ml,280,255,9,,324
DM-2.3293,asta-berry-glow-creme-50g,Asta Berry Glow Creme 50g,beauty-skincare,Skin Care,50g,210,170,35,,331
DM-2.3828,asta-berry-ikin-was-strips,Asta Berry Ikin Was Strips,beauty-skincare,Skin Care,1 pc,440,,42,,335
DM-9.615,avenders-mask-speech,Avenders Mask Speech,home-living,Everyday Essentials,1 pc,230,,41,,367
DM-21.81,azzabko-21love-1000ml,Azzabko 21Love 1000ml,dairy-frozen,Ice Cream & Frozen,1000ml,515,,57,,368
DM-21.82,azzabko-strawberry-1000ml,Azzabko Strawberry 1000ml,dairy-frozen,Ice Cream & Frozen,1000ml,500,,59,,375
DM-21.83,azzabko-vanilla-500ml,Azzabko Vanilla 500ml,dairy-frozen,Ice Cream & Frozen,500ml,260,240,28,,377
DM-21.88,azzahko-vanilla-1000ml,Azzahko Vanilla 1000ml,groceries,Cooking Essentials,1000ml,440,,35,,378
DM-2.3653,b-g-nail-polish-14ml,B.G Nail Polish 14ml,beauty-skincare,Makeup & Nail Care,14ml,215,,58,,383
DM-2.1016,b-g-nail-polish-14ml-korean,B.G Nail Polish 14ml Korean,beauty-skincare,Makeup & Nail Care,14ml,210,,48,,382
DM-5.1066,bk-rich-cream-fudge-400gm,BK Rich Cream Fudge 400gm,beauty-skincare,Skin Care,400g,1060,,51,,737
DM-10.523,black-pink-mix-dairy-pu-009,BLACK PINK Mix Dairy Pu-009,stationery,Notebooks & Paper,1 pc,115,,39,,747
DM-2.3381,btc-silk-shine-treatment-creme-brown-500ml,BTC Silk & Shine Treatment Creme Brown 500ml,beauty-skincare,Skin Care,500ml,1060,,45,,846
DM-2.2509,babari,Babari,home-living,Everyday Essentials,1 pc,265,,43,,386
DM-9.751,baby-barbi-little-girl-ct-34,Baby Barbi Little Girl CT-34,toys,Toys,1 pc,800,,57,,390
DM-3.616,baby-fruit-and-vegetable-nibble-no-9259,Baby Fruit And Vegetable Nibble no.9259,home-living,Everyday Essentials,1 pc,240,,37,,402
DM-17.24-2,baby-star-clip-5pc-pkt,Baby Star Clip 5pc Pkt,ladies-wear,Hair Accessories,5 pc,85,,41,,434
DM-9.746,baby-travel-potty-360,Baby Travel Potty 360,baby-care,Diapers & Wipes,1 pc,605,,21,,449
DM-17.276,baby-bacelet,Baby Bacelet,baby-care,Baby Accessories,1 pc,445,,36,,389
DM-9.764,baby-boy-chu-chu-no-yf018,Baby Boy Chu-chu NO.YF018,toys,Toys,1 pc,855,,44,,392
DM-17.311,baby-kata-small-box,Baby Kata Small Box,baby-care,Baby Accessories,1 pack,285,240,29,,415
DM-2.1488,baby-lips,Baby Lips,beauty-skincare,Makeup & Nail Care,1 pc,315,,55,,417
DM-17.19,baby-set-rubbe-box,Baby Set Rubbe Box,ladies-wear,Hair Accessories,1 pc,75,,57,,430
DM-17.297,baby-set-clip,Baby Set Clip,ladies-wear,Hair Accessories,1 pack,80,,8,,428
DM-17.387,baby-side-clip-6pc-set,Baby Side Clip 6pc Set,ladies-wear,Hair Accessories,6 pc,85,,14,,432
DM-2.2811,bajaj-coconut-oil-90ml,Bajaj Coconut Oil 90ml,beauty-skincare,Hair Care,90ml,160,,14,,474
DM-2.281,bajaj-coconut-oil-175ml,Bajaj Coconut Oil 175ml,beauty-skincare,Hair Care,175ml,200,,31,,473
DM-7.926,bambino-hot-n-sour-vegetable-tomato-soup,BamBino Hot N Sour Vegetable/ Tomato Soup,groceries,"Noodles, Pasta & Soup",1 pc,45,,55,,546
DM-7.842,bambino-macaroni-155g,BamBino Macaroni 155g,groceries,"Noodles, Pasta & Soup",155g,55,,31,,548
DM-7.846,bambino-mixed-vegetable-soup,BamBino Mixed Vegetable Soup,groceries,"Noodles, Pasta & Soup",1 pc,40,,28,,551
DM-7.849,bambino-mushroom-soup,BamBino Mushroom Soup,groceries,"Noodles, Pasta & Soup",1 pc,45,,59,,552
DM-7.845,bambino-sweet-corn-vegetable-soup50g,BamBino Sweet Corn Vegetable Soup50g,groceries,Rice & Grains,50g,60,,50,,561
DM-7.875,bambino-gulab-jamun-mix-500g,Bambino Gulab Jamun Mix 500g,snacks,Chocolates & Candy,500g,820,,9,,544
DM-7.1309,bambino-macaroni-pep-shell-elbows-pipe-regate-350g,Bambino Macaroni Pep shell/elbows/pipe Regate 350g,groceries,"Noodles, Pasta & Soup",350g,115,,58,,550
DM-7.3033,bambino-rosetta-spaghetti-5gm,Bambino Rosetta Spaghetti 5gm,groceries,"Noodles, Pasta & Soup",5g,20,,21,,556
DM-7.505,bambino-soan-papdi-zero-colestrol-250g,Bambino Soan Papdi Zero Colestrol 250g,snacks,Chocolates & Candy,250g,375,,54,,558
DM-7.1995,bambino-gulab-jamun-rasgulla-500gm,Bambino Gulab jamun/rasgulla 500gm,snacks,Chocolates & Candy,500g,805,,52,,545
DM-7.1703,bambino-rasgulla-gulab-jamun-1kg,Bambino Rasgulla /gulab Jamun 1kg,snacks,Chocolates & Candy,1kg,1390,,53,,553
DM-7.1496,bambino-seviyan-thin-roasted-150g,Bambino Seviyan Thin & Roasted 150g,groceries,"Noodles, Pasta & Soup",150g,60,50,49,,557
DM-4.139,bamboo-spoon-dadu,Bamboo Spoon (dadu),kitchen-household,Kitchen Tools,1 pc,230,,22,,566
DM-4.1398,bamboo-tray-special-3pcs-set-rect,Bamboo Tray Special 3pcs Set Rect,kitchen-household,Dinnerware & Serving,3 pcs,455,,42,,568
DM-17.321,banana-kata-big,Banana Kata Big,ladies-wear,Jewellery,1 pc,265,,29,,571
DM-2.3856,banjaras-aloe-vera-moisturizing-gel-100gm,Banjaras Aloe Vera Moisturizing Gel 100gm,beauty-skincare,Skin Care,100g,280,,21,,574
DM-2.3853,banjaras-aloe-vera-rose-gel-saffron-gel-100gm,Banjaras Aloe Vera Rose gel/saffron Gel 100gm,beauty-skincare,Skin Care,100g,280,235,18,,575
DM-2.3848,banjaras-multani-mitti-face-pack,Banjaras Multani Mitti Face Pack,beauty-skincare,Skin Care,1 pack,475,420,47,,577
DM-2.3849,banjaras-multani-mitti-face-pack-100gm,Banjaras Multani Mitti Face Pack 100gm,beauty-skincare,Skin Care,100g,290,,55,,576
DM-2.4054,baolishi-blusher,Baolishi Blusher,beauty-skincare,Makeup & Nail Care,1 pc,310,250,42,,585
DM-6.261,barahsinge-pilsner-bier-330ml,Barahsinge Pilsner Bier 330ml,liquor-smoking,Beer,330ml,225,,43,,587
DM-6.221,barahsinge-plisner-650-ml,Barahsinge Plisner 650 ml,liquor-smoking,Beer,650ml,410,,26,,588
DM-6.248,barahsinghe-pilsner-bier-500ml,Barahsinghe Pilsner Bier 500ml,liquor-smoking,Beer,500ml,265,,48,,589
DM-1.2102,barari-pitambari-metal-clean-200g,Barari Pitambari Metal Clean 200g,cleaning,Dishwash,200g,65,,51,,604
DM-7.4216,barari-kodo-pitho-800gm,Barari Kodo Pitho 800gm,groceries,Rice & Grains,800g,200,,53,,598
DM-4.495,bath-sponge-5912a,Bath Sponge 5912A,home-living,Everyday Essentials,1 pc,275,,59,,614
DM-9.865,batman-car,Batman Car,toys,Toys,1 pc,835,,36,,619
DM-9.842,batt-train-no-4018-8,Batt Train no.4018-8,toys,Toys,1 pc,920,,57,,620
DM-1.336,baygon-300ml,Baygon 300ml,cleaning,Fresheners & Repellents,300ml,235,,9,,621
DM-1.334,baygon-700ml,Baygon 700ml,cleaning,Fresheners & Repellents,700ml,405,,16,,622
DM-1.1208,baygon-max-mosquito-fly-killer-400ml,Baygon Max Mosquito &Fly Killer 400ml,cleaning,Fresheners & Repellents,400ml,260,,40,,625
DM-17.315,be-happy-box,Be Happy Box,home-living,Storage & Organisers,1 pc,435,,50,,629
DM-9.86-2,bead-maze,Bead Maze,ladies-wear,Jewellery,1 pc,255,,31,,630
DM-2.3684,beard-natureal-black-color-30g,Beard Natureal Black Color 30g,beauty-skincare,Men's Grooming,30g,100,,16,,631
DM-2.3688,beardo-max-sun-screen-spf-50-50-ml,Beardo Max Sun Screen Spf 50 50 ml,beauty-skincare,Skin Care,50ml,195,,30,,642
DM-2.4019,beardo-max-volume-powder-wax-10gm,Beardo Max Volume Powder Wax 10gm,beauty-skincare,Skin Care,10g,90,,54,,643
DM-9.67,beautiful-diy-beads-kniting-crystal,Beautiful Diy Beads & Kniting Crystal,ladies-wear,Jewellery,1 pc,255,,57,,657
DM-9.465,beautiful-diy-beadwork,Beautiful Diy Beadwork,ladies-wear,Jewellery,1 pc,260,,19,,658
DM-2.3988,bellavita-fresh-unisex-bush-dynamite-night-fever-ody-spray-100ml,Bellavita Fresh unisex/bush/dynamite/night Fever Ody Spray 100ml,beauty-skincare,Fragrance & Deodorant,100ml,770,,28,,670
DM-2.3449,bellavita-luxury-glam-date-senorita-woman-mix-body-mist-150ml,Bellavita Luxury glam/date/senorita Woman Mix Body Mist 150ml,beauty-skincare,Fragrance & Deodorant,150ml,1000,,40,,673
DM-4.1357,better-thormas,Better Thormas,kitchen-household,Bottles & Lunch Boxes,1 pc,520,,31,,685
DM-1.2044,bheri-ghadi-surf500g,Bheri Ghadi surf500g,cleaning,Detergent & Laundry,500g,135,,49,,690
DM-7.4683,bikaji-all-in-one-kuch-kuch-175g,Bikaji All-in-One Kuch-Kuch 175g,snacks,"Chips, Namkeen & Snacks",175g,110,,26,yes,700
DM-7.4685,bikaji-all-in-one-kuch-kuch-350g,Bikaji All-in-One Kuch-Kuch 350g,snacks,"Chips, Namkeen & Snacks",350g,195,,55,,701
DM-7.468,bikaji-aloo-bhujia-tana-tan-175g,Bikaji Aloo Bhujia Tana-Tan 175g,snacks,"Chips, Namkeen & Snacks",175g,120,,55,yes,702
DM-7.4684,bikaji-sub-kuch-navratan-mix-175g,Bikaji Sub-Kuch Navratan Mix 175g,snacks,"Chips, Namkeen & Snacks",175g,125,115,48,,711
DM-7.4687,bikaji-sub-kuch-navratan-mix-350g,Bikaji Sub-Kuch Navratan Mix 350g,snacks,"Chips, Namkeen & Snacks",350g,230,,41,yes,712
DM-7.4681,bikaji-bikaneri-bhujia-175gm,Bikaji Bikaneri Bhujia 175gm,snacks,"Chips, Namkeen & Snacks",175g,100,,33,yes,704
DM-7.1911,bikaji-bikaneri-bhujia-360gm,Bikaji Bikaneri Bhujia 360gm,snacks,"Chips, Namkeen & Snacks",360g,235,,59,,705
DM-7.4172,bikano-bhujia-1kg,Bikano Bhujia 1kg,snacks,"Chips, Namkeen & Snacks",1kg,465,,42,,714
DM-7.4361,bikano-soan-papdi-250gm,Bikano Soan Papdi 250gm,snacks,Chocolates & Candy,250g,435,,17,,716
DM-4.112,bin-wang-playing-cards-no999,Bin Wang Playing Cards no999,toys,Games & Puzzles,1 pc,465,,22,,718
DM-4.979,binwang-no555-tas,Binwang no555 Tas,toys,Games & Puzzles,1 pc,490,435,19,,719
DM-2.334-2,bioderma-photoderm-creme-50-40ml,Bioderma Photoderm Creme 50+ 40ml,beauty-skincare,Skin Care,40ml,280,,30,,720
DM-7.4374,bisk-farm-ruskit-gold-180gm,Bisk Farm Ruskit Gold 180gm,snacks,Biscuits & Cookies,180g,100,,36,,733
DM-6.94,black-label-200ml,Black Label 200ml,liquor-smoking,"Whisky, Rum & Spirits",200ml,1340,,37,,741
DM-6.276,black-label-375ml,Black Label 375ml,liquor-smoking,"Whisky, Rum & Spirits",375ml,2310,2090,8,,742
DM-6.13,black-label-500ml,Black Label 500ml,liquor-smoking,"Whisky, Rum & Spirits",500ml,2690,,21,,743
DM-6.2-2,black-label-750ml,Black Label 750ml,liquor-smoking,"Whisky, Rum & Spirits",750ml,4490,,13,,744
DM-6.38,black-cigarette,Black Cigarette,liquor-smoking,Hookah & Smoking,1 pkt,350,,21,,738
DM-7.1955,black-kerau,Black Kerau,groceries,Dal & Pulses,1 pc,195,,43,,739
DM-6.1-3,black-label-1ltr,Black Label 1ltr,liquor-smoking,"Whisky, Rum & Spirits",1L,5450,,13,,740
DM-6.239,black-oak-180ml,Black Oak 180ml,liquor-smoking,"Whisky, Rum & Spirits",180ml,845,,34,,745
DM-2.3718,bloom-pure-glcerine-200ml,Bloom Pure Glcerine 200ml,beauty-skincare,Skin Care,200ml,545,,10,,750
DM-7.588,blue-cow-sweetened-dairy-creamer-390gm,Blue Cow Sweetened Dairy Creamer 390gm,stationery,Notebooks & Paper,390g,110,,58,,751
DM-2.3243,blue-heaven-sparkle-sindoor-6-5ml,Blue Heaven Sparkle Sindoor 6.5ml,beauty-skincare,Makeup & Nail Care,6.5ml,120,115,40,,752
DM-2.3652,blusher-stick-face-karite,Blusher Stick Face Karite,beauty-skincare,Makeup & Nail Care,1 pc,325,265,52,,753
DM-2.2685,bob-matte-lip-master,Bob Matte Lip Master,beauty-skincare,Makeup & Nail Care,1 pc,320,,53,,757
DM-2.3925,bobo-nail-clippers-801-23d,Bobo Nail Clippers 801-23d,beauty-skincare,Makeup & Nail Care,1 pc,330,,30,,758
DM-2.2792,body-lovin-trippin-mimosas-15ml,Body Lovin Trippin Mimosas 15ml,beauty-skincare,Fragrance & Deodorant,15ml,125,,16,,761
DM-3.519,bonne-acer-steel-feeder-125ml,Bonne Acer Steel Feeder 125ml,baby-care,Baby Accessories,125ml,400,,38,,766
DM-3.512,bonne-acer-steel-feeder-250ml,Bonne Acer Steel Feeder 250ml,baby-care,Baby Accessories,250ml,465,,21,,767
DM-7.1178,borges-classic-olive-oil-125ml,Borges Classic Olive Oil 125ml,groceries,Oil & Ghee,125ml,125,,41,,770
DM-7.4-2,borges-classic-olive-oil-250ml,Borges Classic Olive Oil 250ml,groceries,Oil & Ghee,250ml,190,,32,,771
DM-7.1177,borges-olive-massage-oil-100-pure-250ml,Borges Olive Massage Oil 100% Pure 250ml,groceries,Oil & Ghee,250ml,190,,44,,776
DM-2.3179,boro-plus-soft-light-moisturising-100ml,Boro Plus Soft Light Moisturising 100ml,beauty-skincare,Skin Care,100ml,290,,37,,782
DM-2.1913,boro-plus-aloevera-ge-l-150ml,Boro Plus Aloevera Ge l 150ml,home-living,Everyday Essentials,150ml,100,,47,,779
DM-5.546,bourn-vita500g,Bourn Vita500g,beverages,Health & Energy Drinks,500g,400,,35,,787
DM-17.46,bow-clip-hand-made,Bow Clip Hand Made,ladies-wear,Hair Accessories,1 pc,75,,50,,789
DM-17.44,bow-clip-2pc-card,Bow Clip 2pc Card,ladies-wear,Hair Accessories,2 pc,75,,36,,788
DM-9.729,brands-super-light-don-mini-in3clour,Brands Super Light Don Mini in3clour,electronics,Lights & Electricals,1 pc,195,,35,,805
DM-7.4378,britannia-50-50-time-pass-biskut-150g,Britannia 50 50 Time Pass Biskut 150g,snacks,Biscuits & Cookies,150g,95,,47,yes,812
DM-7.374,britannia-digestive-bscts250g,Britannia Digestive bscts250g,snacks,Biscuits & Cookies,250g,140,,26,yes,816
DM-7.357,britannia-marie-gold-250g,Britannia Marie Gold 250g,snacks,Biscuits & Cookies,250g,135,,27,yes,821
DM-7.1499,britannia-treat-funky-choco-50g,Britannia Treat Funky Choco 50g,snacks,Chocolates & Candy,50g,105,,45,yes,831
DM-7.545,britannia-wheat-rusk-305g,Britannia Wheat Rusk 305g,dairy-frozen,"Bread, Cakes & Bakery",305g,120,,39,,833
DM-7.544,britannia-wheat-rusks-235,Britannia Wheat Rusks.235,dairy-frozen,"Bread, Cakes & Bakery",1 pc,85,,31,yes,834
DM-7.275,britannia-good-day-12-1-pack,Britannia Good Day 12/1 Pack,snacks,Biscuits & Cookies,1 pkt,60,,23,yes,817
DM-7.373,britannia-marie-gold-300gm,Britannia Marie Gold 300gm,snacks,Biscuits & Cookies,300g,160,135,47,,822
DM-7.1442,britannia-marie-gold-45g-12-pcs-pkt,Britannia Marie Gold 45g 12 pcs Pkt,snacks,Biscuits & Cookies,45g,35,,37,yes,823
DM-7.401,britannia-nutri-choice-5-grain-200g,Britannia Nutri Choice 5 Grain 200g,snacks,Biscuits & Cookies,200g,120,,25,yes,825
DM-7.1595,britannia-nutri-choice-digestive-58g-12-pcs-packet,Britannia Nutri Choice Digestive 58g 12 pcs Packet,snacks,Biscuits & Cookies,58g,40,,41,yes,826
DM-6.332,brown-clove-cigarette,Brown Clove Cigarette,liquor-smoking,Hookah & Smoking,1 pack,340,,51,,837
DM-9.783,bubble-guitar-shape-small,Bubble Guitar Shape Small,toys,Toys,1 pc,475,,48,,850
DM-9.146,bubbles-umberlla,Bubbles Umberlla,home-living,"Bags, Umbrellas & Travel",1 pc,815,,29,,852
DM-7.46,buff-khurak-40gm,Buff Khurak 40gm,groceries,Spices & Masala,40g,40,,46,,854
DM-7.4287,buldak-cream-carbonara-ramen,Buldak Cream Carbonara Ramen,groceries,"Noodles, Pasta & Soup",1 pc,50,,45,,856
DM-7.4376,buldak-hankook-carbonara-chees-ramen-130gm,Buldak Hankook Carbonara Chees Ramen 130gm,groceries,"Noodles, Pasta & Soup",130g,50,,55,,857
DM-7.3885,buldak-hankook-hot-chicken-flavor-ramen-130gm,Buldak Hankook Hot Chicken Flavor Ramen 130gm,groceries,"Noodles, Pasta & Soup",130g,50,45,58,,858
DM-7.3862,buldak-rose-hot-chicken-flv,Buldak Rose Hot Chicken Flv,groceries,"Noodles, Pasta & Soup",1 pc,50,,36,,863
DM-10.502,business-affairs-dairy-25k,Business Affairs Dairy 25k,stationery,Notebooks & Paper,1 pc,120,,47,,865
DM-10.503,business-affairs-dairy-48k,Business Affairs Dairy 48k,stationery,Notebooks & Paper,1 pc,130,,29,,866
DM-10.504,business-affairs-dairy-60k,Business Affairs Dairy 60k,stationery,Notebooks & Paper,1 pc,130,115,43,,867
DM-2.61,clean-clear-morning-energy-facewash-100ml,CLEAN & Clear Morning Energy Facewash 100ml,beauty-skincare,Skin Care,100ml,335,,20,,1086
DM-1.1145,clinic-plus-strong-long170ml,CLINIC PLUS Strong & long170ml,beauty-skincare,Hair Care,170ml,235,,48,,1105
DM-5.439,complan-creamy-classic-500g,COMPLAN CREAMY CLASSIC 500g,beverages,Health & Energy Drinks,500g,460,375,17,,1206
DM-2.859,cr-cairuo-nail-polish-naked9-16ml,CR Cairuo Nail polish/naked9 16ml,beauty-skincare,Makeup & Nail Care,16ml,220,,45,,1229
DM-2.9,cr-nail-polish-16ml,CR Nail Polish 16ml,beauty-skincare,Makeup & Nail Care,16ml,220,,18,,1231
DM-2.4032,cr-cairuo-focus-glitter-nail-polish-12ml,CR Cairuo Focus Glitter Nail Polish 12ml,beauty-skincare,Makeup & Nail Care,12ml,185,,22,,1226
DM-2.1787,cr-cairuo-nail-polish-18ml,CR Cairuo Nail Polish 18ml,beauty-skincare,Makeup & Nail Care,18ml,250,,13,,1227
DM-2.3944,cr-cairuo-nail-polish-2in1,CR Cairuo Nail Polish 2in1,beauty-skincare,Makeup & Nail Care,1 pc,390,,42,,1228
DM-2.3578,cv3-24k-gold-hd-primer-30ml,CV3 24k Gold Hd Primer 30ml,beauty-skincare,Makeup & Nail Care,30ml,305,,56,,1292
DM-5.191,cadbury-5star-22g,Cadbury 5Star 22g,snacks,Chocolates & Candy,22g,50,,26,,873
DM-5.516,cadbury-5star-rs10,Cadbury 5star rs10,snacks,Chocolates & Candy,1 pc,10,,51,,874
DM-2.1245,candid-dusting-powder-100g,Candid Dusting Powder 100g,beauty-skincare,Bath & Body,100g,110,,49,,892
DM-2.1246,candid-dusting-powder-50g,Candid Dusting Powder 50g,beauty-skincare,Bath & Body,50g,70,,34,,893
DM-3.129,carters-delux-baby-bather,Carters Delux Baby Bather,baby-care,Baby Bath & Skin Care,1 pc,310,,12,,908
DM-4.12,cartoon-tape-big,Cartoon Tape Big,stationery,School & Office Supplies,1 pc,135,,41,,910
DM-16.259,cavins-cafe-hazeinlnd-choco-mocha-can-180-ml,Cavins Cafe Hazeinlnd/ Choco Mocha Can 180 ml,beverages,Tea & Coffee,180ml,295,,15,,914
DM-10.226,cello-tape-white,Cello Tape White..,stationery,"Pens, Pencils & Erasers",1 pc,40,,34,,921
DM-10.363,cello-tape-small,Cello Tape Small,stationery,"Pens, Pencils & Erasers",1 pc,25,,48,,922
DM-7.201,century-coriander-powder-200gm,Century Coriander Powder 200gm,groceries,Spices & Masala,200g,120,,58,,941
DM-7.213,century-coriander-powder-500g,Century Coriander Powder 500g,groceries,Spices & Masala,500g,265,,19,,942
DM-7.2426,century-coriander-powder-50g,Century Coriander Powder 50g,groceries,Spices & Masala,50g,40,,53,,925
DM-5.525,century-corn-flakes-fresh-nutritious-800g-jar,Century Corn Flakes Fresh & Nutritious 800g Jar,groceries,Breakfast & Cereals,800g,480,395,10,,943
DM-5.652,century-kurmure-hot-spicy-80g,Century Kurmure Hot Spicy 80g,snacks,"Chips, Namkeen & Snacks",80g,55,,40,,956
DM-7.2257,century-pani-puri-175g,Century Pani Puri 175g,snacks,"Chips, Namkeen & Snacks",175g,105,,11,,971
DM-7.416,century-pani-puri-50g,Century Pani Puri 50g,snacks,"Chips, Namkeen & Snacks",50g,40,,28,,972
DM-7.2-2,century-chill-powder-50g,Century Chill Powder 50g,groceries,Spices & Masala,50g,40,,35,,937
DM-7.1679,century-curry-powder50g,Century Curry powder50g,groceries,Spices & Masala,50g,45,,21,,947
DM-7.223,century-kashmiri-mirch-powder-50g,Century Kashmiri Mirch Powder 50g,groceries,Spices & Masala,50g,45,,16,,953
DM-7.224,century-kasoori-methi-25g,Century Kasoori Methi 25g,groceries,Spices & Masala,25g,30,,55,,954
DM-2.3695,cerave-daily-moisturizing-lotion-8fl-237ml,Cerave Daily Moisturizing Lotion 8fl 237ml,beauty-skincare,Skin Care,237ml,690,,28,,993
DM-2.2303,cetaphil-dam-hydrating-lotion-100g,Cetaphil Dam Hydrating Lotion 100g,beauty-skincare,Skin Care,100g,480,,17,,996
DM-2.2367,cetaphil-moisturising-lotion-250ml,Cetaphil Moisturising Lotion 250ml,beauty-skincare,Skin Care,250ml,930,,14,,1002
DM-2.2037,cetaphil-moisturising-cream-80g,Cetaphil Moisturising Cream 80g,beauty-skincare,Skin Care,80g,455,,28,,1000
DM-2.3002,cetaphil-moisturising-cream250g,Cetaphil Moisturising cream250g,beauty-skincare,Skin Care,250g,1160,,37,,1001
DM-2.3902,cetaphil-moisturising-lotion-118ml,Cetaphil Moisturising Lotion 118ml,beauty-skincare,Skin Care,118ml,545,460,48,,1003
DM-7.4157,chandan-incense-sticks,Chandan Incense Sticks,gifts-puja,Puja Items,1 pc,85,70,34,,1011
DM-2.4033,chanlanya-color-highlight,Chanlanya Color Highlight,beauty-skincare,Makeup & Nail Care,1 pc,325,,8,,1012
DM-2.4025,chanlanya-lip-glow-color-reviver-balm,Chanlanya Lip Glow Color Reviver Balm,health-hygiene,Health & Wellness,1 pc,245,,33,,1014
DM-9.504,chase-you-dreams-dairy-219af,Chase You Dreams Dairy 219Af,stationery,Notebooks & Paper,1 pc,110,,59,,1020
DM-2.353,cherry-blossom-black-40g,Cherry Blossom Black 40g,home-living,"Tools, Hardware & Auto",40g,345,,18,,1037
DM-2.872,cherry-blossom-black-liquid-shoes-polish75ml,Cherry Blossom Black Liquid Shoes polish75ml,home-living,"Tools, Hardware & Auto",75ml,370,,38,,1038
DM-2.2957,cherry-blossom-dark-tan40g,Cherry Blossom Dark Tan40g,home-living,"Tools, Hardware & Auto",40g,390,,50,,1040
DM-2.347,cherry-blossom-brown-lequid-shoe-polish,Cherry Blossom Brown Lequid Shoe Polish,home-living,"Tools, Hardware & Auto",1 pc,325,,12,,1039
DM-1.1769,cherry-handy-shine-neutral,Cherry Handy Shine Neutral,home-living,Everyday Essentials,1 pc,255,,16,,1041
DM-24.35,cherry-packet-1kg,Cherry Packet 1kg,groceries,"Dry Fruits, Nuts & Seeds",1kg,1300,,14,,1035
DM-7.4516,chicken-essence-powder-454gm,Chicken Essence Powder 454gm,groceries,Cooking Essentials,454g,270,,21,,1043
DM-22.51,chicken-jerky-slice-250gm,Chicken Jerky Slice 250gm,beverages,Soft Drinks & Soda,250g,35,,11,,1044
DM-1.1935,chikool-air-breeze-pants-m42,Chikool Air Breeze Pants m42,baby-care,Diapers & Wipes,1 pc,665,,40,,1048
DM-1.1937,chikool-air-breeze-pants-s44,Chikool Air Breeze Pants s44,baby-care,Diapers & Wipes,1 pc,625,,16,,1049
DM-1.1938,chikool-air-breeze-pants-xl36,Chikool Air Breeze Pants xl36,baby-care,Diapers & Wipes,1 pc,595,500,19,,1050
DM-1.2019,chikool-air-breeze-pants-xxl36,Chikool Air Breeze Pants xxl36,baby-care,Diapers & Wipes,1 pc,615,,29,,1051
DM-6.321,chitak-light-model-zt-z6,Chitak Light Model ZT-Z6,electronics,Lights & Electricals,1 pc,335,,34,,1053
DM-7.4491,chitale-bakarwadi-250gm,Chitale Bakarwadi 250gm,snacks,"Chips, Namkeen & Snacks",250g,140,,8,,1054
DM-6.103,chivas-regal-200ml,Chivas Regal 200ml,liquor-smoking,"Whisky, Rum & Spirits",200ml,1490,,47,,1056
DM-6.39,chivas-regal-375ml,Chivas Regal 375ml,liquor-smoking,"Whisky, Rum & Spirits",375ml,2270,,44,,1057
DM-6.4,chivas-rigal-1ltr,Chivas Rigal 1Ltr,liquor-smoking,"Whisky, Rum & Spirits",1L,4630,,14,,1059
DM-6.93,chivas-regal-500ml,Chivas Regal 500ml,liquor-smoking,"Whisky, Rum & Spirits",500ml,2730,,13,,1058
DM-5.372,choco-bean-nipple-bttle-25gm,Choco Bean Nipple Bttle 25gm,baby-care,Baby Accessories,25g,410,,43,,1061
DM-5.374,chocobean-ball-18gm,ChocoBean Ball 18gm,home-living,Everyday Essentials,18g,40,,16,,1067
DM-17.149,chokar-3-layer-with-stone,Chokar 3 Layer With Stone,ladies-wear,Jewellery,1 pc,240,,50,,1069
DM-4.974,chopstick-desing-preamium,Chopstick Desing Preamium,kitchen-household,Kitchen Tools,1 pc,250,,9,,1070
DM-4.932,chopsticks-desing-premium,Chopsticks Desing Premium,kitchen-household,Kitchen Tools,1 pc,270,,33,,1071
DM-4.79,chopsticks-melamine-88,Chopsticks Melamine 88,kitchen-household,Kitchen Tools,1 pc,230,,43,,1072
DM-9.336,christmas-long-strickers,Christmas Long Strickers,gifts-puja,Gifts & Party,1 pc,260,215,31,,1077
DM-5.1075,chupa-chups-big-tutti-frutti-and-strawberry-flavour,Chupa Chups Big Tutti Frutti And Strawberry Flavour,snacks,Chocolates & Candy,1 pc,90,,22,,1079
DM-5.871,chupa-chups-jel-12gm,Chupa Chups Jel 12gm,snacks,Chocolates & Candy,12g,40,,38,,1080
DM-5.757,chupa-chups-lollipops-11gm-rs10,Chupa Chups Lollipops 11gm rs10,snacks,Chocolates & Candy,11g,10,,37,,1081
DM-9.899,city-explolt-dojer-jkl-816,City Explolt Dojer JKL 816,toys,Toys,1 pc,755,,55,,1082
DM-2.62,clean-clear-morning-energy-lamon-facewash-100ml,Clean & Clear Morning Energy Lamon Facewash 100ml,beauty-skincare,Skin Care,100ml,290,,22,,1088
DM-2.504,clean-clear-morning-energy-brightning-berry-aqua-splash-50ml,Clean & Clear Morning Energy Brightning berry/aqua Splash 50ml,beauty-skincare,Skin Care,50ml,190,,13,,1085
DM-2.507,clean-clear-morning-energy-fw-lemon-50ml,Clean & Clear Morning Energy Fw Lemon 50ml,beauty-skincare,Skin Care,50ml,185,170,10,,1087
DM-1.1914,clear-men-cool-sport-menthol-325ml,Clear Men Cool Sport Menthol 325ml,home-living,Everyday Essentials,325ml,165,,16,,1094
DM-1.1904,clear-men-cool-sport-menthol-625ml,Clear Men Cool Sport Menthol 625ml,home-living,Everyday Essentials,625ml,315,,46,,1095
DM-7.2489,cling-food-wrap,Cling Food Wrap,cleaning,Tissues & Paper,1 pc,125,,49,,1100
DM-1.129,closeup-deep-action-150g,Closeup Deep Action 150g,beauty-skincare,Oral Care,150g,170,,51,,1109
DM-1.13-2,closeup-deep-action-40g,Closeup Deep Action 40g,beauty-skincare,Oral Care,40g,55,,8,,1110
DM-1.308,closeup-deep-action-80g,Closeup Deep Action 80g,beauty-skincare,Oral Care,80g,100,,20,,1111
DM-4.36,cloth-hanging-clip-6644-20-pcs,Cloth Hanging Clip 6644 20 pcs,home-living,Storage & Organisers,20 pcs,420,,34,,1117
DM-7.3901,clove-oil-l-p-5ml,Clove Oil L.p 5ml,groceries,Oil & Ghee,5ml,80,,37,,1119
DM-16.213,club-soda-250ml,Club Soda 250ml,beverages,Soft Drinks & Soda,250ml,40,,54,,1120
DM-16.212,club-soda-500ml,Club Soda 500ml,beverages,Soft Drinks & Soda,500ml,60,,55,,1121
DM-5.965,cocomio-x2-40gm,Cocomio x2 40gm,snacks,Chocolates & Candy,40g,95,,37,,1127
DM-7.861,coconut-powder-100g,Coconut Powder 100g,groceries,"Dry Fruits, Nuts & Seeds",100g,215,170,11,,1130
DM-1.124,colgate-cibaca-175g,Colgate Cibaca 175g,beauty-skincare,Oral Care,175g,190,,58,,1155
DM-1.1687,colgate-cibaca-65g,Colgate Cibaca 65g,beauty-skincare,Oral Care,65g,90,,56,yes,1156
DM-1.1498,colgate-gentle-enamel-buy-2-get-2-free,Colgate Gentle Enamel Buy 2 Get 2 Free,beauty-skincare,Oral Care,1 pkt,125,,28,,1158
DM-1.126,colgate-maxfresh-with-cooling-crystals-150g,Colgate MaxFresh With Cooling Crystals 150g,beauty-skincare,Oral Care,150g,155,,59,yes,1164
DM-1.2002,colgate-pain-out-dental-gel-10g,Colgate Pain Out Dental Gel 10g,beauty-skincare,Oral Care,10g,30,,45,,1147
DM-1.128,colgate-strong-teeth-100g,Colgate Strong Teeth 100g,beauty-skincare,Oral Care,100g,110,100,51,,1172
DM-1.845,colgate-swarna-vedshakti-100g,Colgate Swarna Vedshakti 100g,beauty-skincare,Oral Care,100g,140,,15,,1176
DM-1.844,colgate-swarna-vedshakti-200g,Colgate Swarna Vedshakti 200g,beauty-skincare,Oral Care,200g,235,,49,,1177
DM-1.171,colgate-total-advanced-health-80g,Colgate Total Advanced Health 80g,beauty-skincare,Oral Care,80g,95,90,28,,1178
DM-1.402,colgate-visible-white-dazzling-white-100g,Colgate Visible White Dazzling White 100g,beauty-skincare,Oral Care,100g,125,,46,,1179
DM-1.1459,colgate-zin-zang-3pic,Colgate Zin Zang (3pic),beauty-skincare,Oral Care,1 pkt,115,,10,yes,1182
DM-1.295,colgate-glow-in-dark-tooth-paste-80g,Colgate Glow In Dark Tooth Paste 80g,beauty-skincare,Oral Care,80g,110,,49,,1160
DM-1.1634,colgate-motupataulu-40gm,Colgate Motupataulu 40gm,beauty-skincare,Oral Care,40g,65,,43,,1165
DM-1.296,colgate-strong-teeth-200g,Colgate Strong Teeth 200g,beauty-skincare,Oral Care,200g,225,,50,yes,1173
DM-2.271,coloressence-lipstay-4ml,Coloressence Lipstay 4ml,beauty-skincare,Makeup & Nail Care,4ml,85,,44,,1188
DM-2.138,coloressence-nail-polish,Coloressence Nail Polish,beauty-skincare,Makeup & Nail Care,1 pc,335,,56,,1189
DM-17.176,comb-mix-shine,Comb Mix Shine,ladies-wear,Hair Accessories,1 pc,80,,8,,1197
DM-17.172,comb-no-9551,Comb No. 9551,ladies-wear,Hair Accessories,1 pc,70,,16,,1198
DM-5.898,confetteria-raffaello-150g,Confetteria Raffaello 150g,snacks,Chocolates & Candy,150g,420,,50,,1209
DM-2.2457,cool-days-aloe-vera-gel-300g,Cool Days Aloe Vera Gel 300g,beauty-skincare,Skin Care,300g,825,710,10,,1214
DM-4.1362,cool-thormas-500gm,Cool Thormas 500gm,kitchen-household,Bottles & Lunch Boxes,500g,290,,9,,1216
DM-4.881,cootton-buds-2in1,Cootton Buds 2in1,health-hygiene,Health & Wellness,1 pc,225,,52,,1219
DM-4.1107,cotten-swabs-buds,Cotten Swabs Buds,health-hygiene,Health & Wellness,1 pc,260,,48,,1222
DM-4.52,cotton-buds-100pc,Cotton Buds 100pc,health-hygiene,Health & Wellness,100 pc,265,,46,,1224
DM-4.1224,cotton-buds-no-27777,Cotton Buds no.27777,health-hygiene,Health & Wellness,1 pc,275,,33,,1223
DM-4.1249,cotton-swab-buds-100pcs,Cotton Swab (Buds) 100pcs,health-hygiene,Health & Wellness,100 pcs,245,,17,,1225
DM-2.3069,crazy-girl-sip-stick,Crazy Girl Sip Stick,beauty-skincare,Makeup & Nail Care,1 pc,355,,46,,1234
DM-9.78,crown-with-stone-big,Crown With Stone / Big,ladies-wear,Jewellery,1 pc,235,,54,,1238
DM-9.901,cube,Cube,toys,Toys,1 pc,940,,30,,1241
DM-1.1671,cuddlers-pants-ultra-s52pcs,Cuddlers Pants Ultra S52Pcs,baby-care,Diapers & Wipes,52 pcs,690,,10,,1243
DM-7.837,current-coriander-powder-100g,Current Coriander Powder 100g,groceries,Spices & Masala,100g,65,,57,,1259
DM-7.3473,current-hot-chicken-ramen-black-3x100-10gm,Current Hot Chicken ramen/ Black 3x100+10gm,groceries,"Noodles, Pasta & Soup",10g,20,,26,,1267
DM-7.444-2,current-coriander-powder-200g,Current Coriander Powder 200g,groceries,Spices & Masala,200g,110,,51,,1260
DM-5.833,current-hot-n-spicy-stick-kurmure-80g,"Current Hot n""spicy Stick Kurmure 80g",snacks,"Chips, Namkeen & Snacks",80g,60,,59,,1246
DM-7.229,current-kashmiri-mirch-powder-50g,Current Kashmiri Mirch Powder 50g,groceries,Spices & Masala,50g,45,,48,,1269
DM-5.589,current-nnjjii-60g,Current Nnjjii 60g,snacks,"Chips, Namkeen & Snacks",60g,45,,54,,1247
DM-9.681,cute-climbing-car9889-mix,Cute Climbing Car9889 MIX,toys,Toys,1 pc,850,,20,,1284
DM-10.559,cutter-hps-1880,Cutter hps-1880,stationery,School & Office Supplies,1 pc,145,,40,,1288
DM-2.2469,cv3-eye-lliner,Cv3 Eye Lliner,beauty-skincare,Makeup & Nail Care,1 pc,310,,36,,1293
DM-7.4521,dfu-gulab-jamun-180gm,DFU Gulab Jamun 180gm,snacks,Chocolates & Candy,180g,335,315,9,,1421
DM-7.2265,dipson-mushroom-chicken-mixxed-vegetable-soup-45g,DIPSON Mushroom /Chicken / Mixxed Vegetable Soup 45g,groceries,"Noodles, Pasta & Soup",45g,20,,37,,1473
DM-2.3113,dr-rashel-sun-cream-hydrate-spf-50,DR.Rashel Sun Cream Hydrate Spf 50,beauty-skincare,Skin Care,1 pc,500,435,18,,1651
DM-2.3237,dr-rashel-sun-cream-whitening-60g-spf-75,DR.Rashel Sun Cream Whitening 60g Spf 75,beauty-skincare,Skin Care,60g,205,170,56,,1652
DM-2.4063,dr-rashel-moisture-sun-spray-spf60-150ml,DR.Rashel Moisture Sun Spray spf60 150ml,beauty-skincare,Skin Care,150ml,405,,22,,1650
DM-4.1472,dsp-dry-care-hairdryer-30431,DSP Dry Care hairdryer-30431,electronics,Personal Care Appliances,1 pc,1770,,40,,1688
DM-5.313,dabur-glucose-d-1kg,Dabur Glucose-D 1kg,beverages,Health & Energy Drinks,1kg,705,,14,yes,1303
DM-2.1234,dabur-gulabari-rose-water120ml,Dabur Gulabari Rose water120ml,beauty-skincare,Bath & Body,120ml,155,,32,yes,1304
DM-7.361,dabur-honey-1kg,Dabur Honey 1kg,groceries,"Sauces, Pickles & Spreads",1kg,510,,58,yes,1306
DM-7.394-2,dabur-honey-250g,Dabur Honey 250g,groceries,"Sauces, Pickles & Spreads",250g,170,150,15,,1307
DM-7.879,dabur-honey-50g,Dabur Honey 50g,groceries,"Sauces, Pickles & Spreads",50g,55,,59,,1308
DM-1.67,dabur-lal-danta-manjan-50gm,Dabur Lal Danta Manjan 50gm,beauty-skincare,Oral Care,50g,80,,47,yes,1310
DM-1.371,dabur-red-paste-for-teeth-gums-40g,Dabur Red Paste For Teeth & Gums 40g,beauty-skincare,Oral Care,40g,65,,28,,1312
DM-1.37,dabur-red-paste-for-teeth-gums-80g,Dabur Red Paste For Teeth & Gums 80g,beauty-skincare,Oral Care,80g,95,,26,,1313
DM-7.4108,dabur-khajurprash-500gm,Dabur Khajurprash 500gm,groceries,"Dry Fruits, Nuts & Seeds",500g,680,,41,yes,1309
DM-3.276,dabur-lal-tail-200ml,Dabur Lal Tail 200ml,baby-care,Baby Bath & Skin Care,200ml,335,,43,,1311
DM-5.1053,darshans-sweet-heart-double-flv-700gm,Darshans Sweet Heart Double Flv 700gm,snacks,Chocolates & Candy,700g,965,,17,,1319
DM-2.768,dekar-glycerine-50ml,Dekar Glycerine 50ml,beauty-skincare,Bath & Body,50ml,70,,33,,1329
DM-2.2732,dekar-gulab-jal-300ml,Dekar Gulab Jal 300ml,beauty-skincare,Skin Care,300ml,805,,18,,1332
DM-2.1445,dekar-hot-cold-wax-250g,Dekar Hot /cold Wax 250g,beauty-skincare,Skin Care,250g,695,560,27,,1328
DM-2.1537,dekar-keratin-treatment-cream-500ml,Dekar Keratin Treatment Cream 500ml,beauty-skincare,Hair Care,500ml,550,,26,,1336
DM-2.2415,dekar-loose-rose-powder-20g,Dekar Loose Rose Powder 20g,home-living,Everyday Essentials,20g,45,,12,,1337
DM-2.526,dekar-pure-glycerine-200ml,Dekar Pure Glycerine 200ml,beauty-skincare,Bath & Body,200ml,200,170,53,,1338
DM-2.2416,dekar-whitening-moisturising-cream-100g,Dekar Whitening Moisturising Cream 100g,beauty-skincare,Skin Care,100g,320,,47,,1340
DM-2.1509,dekar-gulab-jal-100ml,Dekar Gulab Jal 100ml,beauty-skincare,Skin Care,100ml,295,,26,,1331
DM-2.1955,dekar-hot-wax-500gm,Dekar Hot Wax 500gm,beauty-skincare,Skin Care,500g,1200,1060,17,,1335
DM-4.145-2,deli-glassware-105mm,Deli Glassware 105mm,kitchen-household,"Cups, Mugs & Glassware",1 pc,310,,41,,1350
DM-4.412,deli-glassware-store-food-2-2l,Deli Glassware Store Food 2.2L,kitchen-household,"Cups, Mugs & Glassware",2.2L,315,280,19,,1349
DM-2.235,denim-mix-flvr-after-shave-100ml,Denim Mix Flvr After Shave 100ml,beauty-skincare,Men's Grooming,100ml,195,,11,,1356
DM-1.1877,dental-floss,Dental Floss,beauty-skincare,Oral Care,1 pack,110,,51,,1357
DM-2.1649,denver-body-spraymix50ml,Denver body-spraymix50ml,beauty-skincare,Men's Grooming,50ml,130,,25,,1365
DM-2.3082,derma-co-30-aha2-bha-face-peeling-solution-30ml,Derma CO 30%AHA2%Bha Face Peeling Solution 30ml,beauty-skincare,Skin Care,30ml,130,,42,,1376
DM-2.284,dermi-cool-combo-pack-150gm,Dermi Cool Combo Pack 150gm,beauty-skincare,Bath & Body,150g,160,,19,,1379
DM-2.3393,dermi-cool-powder-mix-flv-pack-150gm,Dermi Cool Powder Mix Flv Pack 150gm,beauty-skincare,Bath & Body,150g,155,,23,,1378
DM-2.2379,dermi-cool-heat-powder-50g,Dermi Cool Heat Powder 50g,beauty-skincare,Bath & Body,50g,85,70,14,,1380
DM-2.2844,dermicoll-powder-90gm,DermiColl Powder 90gm,home-living,Everyday Essentials,90g,75,,20,,1381
DM-9.755,desk-table-lamp-house-no-8801,Desk Table Lamp House NO.8801,stationery,School & Office Supplies,1 pc,165,135,13,,1385
DM-1.1933,dettol-2x-moisturisers-sking-care-100g,Dettol 2X Moisturisers Sking Care 100g,beauty-skincare,Bath & Body,100g,130,,24,,1387
DM-1.1539,dettol-3x-icy-cool-150g,Dettol 3X Icy Cool 150g,beauty-skincare,Bath & Body,150g,185,,26,yes,1391
DM-1.1848,dettol-3x-intenst-cooling-100gm-4-pcs,Dettol 3x Intenst Cooling 100gm 4 pcs,beauty-skincare,Bath & Body,100g,135,,20,yes,1392
DM-1.1469,dettol-orginal-60gm,Dettol Orginal 60gm,beauty-skincare,Bath & Body,60g,100,,48,yes,1408
DM-1.15-2,dettol-original-150g-4pic,Dettol Original 150g 4pic,beauty-skincare,Bath & Body,150g,170,,19,yes,1409
DM-1.1831,dettol-sensitive-liquid-handwash-675ml,Dettol Sensitive Liquid Handwash 675ml,beauty-skincare,Bath & Body,675ml,670,,15,yes,1414
DM-1.1098,dettol-skincare-everday-protection-handwash-buy-2get-1free175ml,Dettol Skincare Everday Protection Handwash Buy 2get 1free175ml,beauty-skincare,Bath & Body,175ml,210,,21,yes,1390
DM-1.231,dettol-foaming-handwash-700ml,Dettol Foaming Handwash 700ml,beauty-skincare,Bath & Body,700ml,555,,26,,1397
DM-1.2183,dettol-foaming-handwash-strawberry-flv-250ml,Dettol Foaming Handwash Strawberry Flv 250ml,beauty-skincare,Bath & Body,250ml,260,,44,yes,1398
DM-2.2508,dettol-multi-use-skin-surface-wipes-10w,Dettol Multi -use Skin & Surface Wipes 10w,cleaning,"Floor, Toilet & Glass Cleaners",1 pkt,225,,31,,1406
DM-2.2079,dettol-original-multi-use-skin-surface-wipes-40,Dettol Original Multi -use Skin &surface Wipes 40,cleaning,"Floor, Toilet & Glass Cleaners",1 pc,260,,37,yes,1388
DM-2.2386,dettol-original-multi-use-skin-surface-wipes80wipes,Dettol Original Multi -use Skin &surface wipes80wipes,cleaning,"Floor, Toilet & Glass Cleaners",1 pc,235,,42,yes,1389
DM-1.1011,dettol-original-liquid-hand-wash1-5ltr,Dettol Original Liquid Hand wash1.5Ltr,beauty-skincare,Bath & Body,1.5L,1080,,31,,1410
DM-1.764,dettol-sensitive-handwash-900ml,Dettol Sensitive Handwash 900ml,beauty-skincare,Bath & Body,900ml,780,,59,yes,1413
DM-1.1765,dettol-skincare-liquid-handwash-675ml,Dettol Skincare Liquid Handwash 675ml,beauty-skincare,Bath & Body,675ml,625,550,57,,1415
DM-2.3632,dewy-blush-matte-cheek-tint-101,Dewy Blush Matte Cheek Tint 101,beauty-skincare,Makeup & Nail Care,1 pc,370,350,25,,1417
DM-7.1876,dhara-gold-pure-mustard-oil-2ltr,Dhara Gold Pure Mustard Oil 2ltr,groceries,Oil & Ghee,2L,540,,24,,1423
DM-7.1875,dhara-pure-mustard-oil-500ml-pouch,Dhara Pure Mustard Oil 500ml Pouch,groceries,Oil & Ghee,500ml,190,,34,,1424
DM-7.255,dhara-gold-pure-mustard-oli-5ltr,Dhara Gold Pure Mustard Oli 5ltr,groceries,Oil & Ghee,5L,1130,,46,,1422
DM-1.2163,dhoni-expert-matic-powder-1kg,Dhoni Expert Matic Powder 1kg,cleaning,Detergent & Laundry,1kg,250,,21,,1427
DM-1.2255,dhoni-xtraa-matic-powder-1kg,Dhoni Xtraa Matic Powder 1kg,cleaning,Detergent & Laundry,1kg,245,,17,,1434
DM-9.631,die-cast-airliner-no-8869-11,Die-Cast Airliner NO.8869-11,toys,Toys,1 pc,770,,10,,1441
DM-9.897,digital-train-digital-cognition-clour-cognition-fine-hand-movements,"Digital Train Digital Cognition ,Clour Cognition Fine Hand Movements",toys,Toys,1 pc,780,,16,,1444
DM-1.1854,dinesh-phenyl-2x-cleaning-formula-1ltr,Dinesh Phenyl 2x Cleaning Formula 1ltr,baby-care,Baby Food & Formula,1L,1770,,27,,1458
DM-1.952,dinesh-shakti-powder-900g,Dinesh Shakti Powder 900g,cleaning,Detergent & Laundry,900g,230,215,26,,1460
DM-7.4336,dingdong-cream-roll-35gm,Dingdong Cream Roll 35gm,beauty-skincare,Skin Care,35g,170,,21,,1463
DM-9.826,dinosur-paino,Dinosur Paino,toys,Toys,1 pc,880,770,53,,1464
DM-7.3242,dipawoli-candel,Dipawoli Candel,gifts-puja,Gifts & Party,1 pc,230,,19,,1470
DM-7.4072,dipawoli-candel-6pcs,Dipawoli Candel 6pcs,gifts-puja,Gifts & Party,6 pcs,250,,25,,1468
DM-7.2756,dipawoli-candel-big,Dipawoli Candel Big,gifts-puja,Gifts & Party,1 pc,240,,20,,1469
DM-2.388,disaar-hair-removal-spray-foam-150ml,Disaar Hair Removal Spray Foam 150ml,beauty-skincare,Hair Care,150ml,195,,37,,1474
DM-1.1928,disaar-mouth-freshner-20ml,Disaar Mouth Freshner 20ml,beauty-skincare,Oral Care,20ml,40,,12,,1475
DM-4.107,disposable-glass,Disposable Glass,kitchen-household,"Cups, Mugs & Glassware",1 pc,325,,39,,1480
DM-4.1244,disposable-blow-big,Disposable Blow Big,kitchen-household,Dinnerware & Serving,1 pc,400,,34,,1477
DM-4.1069,disposable-blow-small,Disposable Blow Small,kitchen-household,Dinnerware & Serving,1 pc,280,,42,,1478
DM-7.4675,divya-foods-green-kerau-1kg,Divya Foods Green Kerau 1kg,groceries,Dal & Pulses,1kg,205,,12,,1499
DM-7.4302,divya-foods-arahar-daal-500gm,Divya Foods Arahar Daal 500gm,groceries,Dal & Pulses,500g,110,,55,,1488
DM-7.4311,divya-foods-black-simi-daal-500gm,Divya Foods Black Simi Daal 500gm,groceries,Dal & Pulses,500g,105,95,39,,1490
DM-7.3627,divya-foods-dhaniya-geda-200g,Divya Foods Dhaniya Geda 200g,groceries,Spices & Masala,200g,125,,52,,1496
DM-7.433,divya-foods-dry-mango-100gm,Divya Foods Dry Mango 100gm,groceries,Fruits & Vegetables,100g,30,,48,,1497
DM-7.4331,divya-foods-dry-pineapple-100gm,Divya Foods Dry Pineapple 100gm,groceries,"Dry Fruits, Nuts & Seeds",100g,200,185,50,,1498
DM-7.4337,divya-foods-jumli-simi-1kg,Divya Foods Jumli Simi 1kg,groceries,Spices & Masala,1kg,475,,45,,1500
DM-7.3832,divya-foods-khursani-30gm,Divya Foods Khursani 30gm,groceries,Spices & Masala,30g,30,,19,,1501
DM-7.3626,divya-foods-khursani-70gm,Divya Foods Khursani 70gm,groceries,Spices & Masala,70g,50,,33,,1502
DM-7.4329,divya-foods-kiwi-100gm,Divya Foods Kiwi 100gm,groceries,"Dry Fruits, Nuts & Seeds",100g,235,,36,,1503
DM-7.4332,divya-foods-lwang-sukmel-mix-50gm,Divya Foods Lwang Sukmel Mix 50gm,groceries,Spices & Masala,50g,45,,57,,1504
DM-7.4298,divya-foods-maas-daal-500gm,Divya Foods Maas Daal 500gm,groceries,Dal & Pulses,500g,115,,37,,1505
DM-7.432,divya-foods-makhana-100gm,Divya Foods Makhana 100gm,snacks,"Chips, Namkeen & Snacks",100g,80,,19,,1506
DM-7.4319,divya-foods-makhana-30gm,Divya Foods Makhana 30gm,snacks,"Chips, Namkeen & Snacks",30g,30,,9,,1507
DM-7.4669,divya-foods-makhana-60gm,Divya Foods Makhana 60gm,snacks,"Chips, Namkeen & Snacks",60g,50,,23,,1508
DM-7.4333,divya-foods-makkai-500gm,Divya Foods Makkai 500gm,groceries,Rice & Grains,500g,125,115,35,,1509
DM-7.669,divya-foods-methi-100gm,Divya Foods Methi 100gm,groceries,Spices & Masala,100g,80,,19,,1511
DM-7.3643,divya-foods-methi-500gm,Divya Foods Methi 500gm,groceries,Spices & Masala,500g,270,,36,,1512
DM-7.43,divya-foods-mix-daal-500gm,Divya Foods Mix Daal 500gm,groceries,Dal & Pulses,500g,120,105,58,,1513
DM-7.3425,divya-foods-mix-nut-100gm,Divya Foods Mix Nut 100gm,groceries,"Dry Fruits, Nuts & Seeds",100g,225,,36,,1514
DM-7.366,divya-foods-sauff-100g,Divya Foods Sauff 100g,groceries,Spices & Masala,100g,75,,24,,1518
DM-7.261,divya-foods-sauff-500g,Divya Foods Sauff 500g,groceries,Spices & Masala,500g,250,,45,,1519
DM-7.4317,divya-foods-timmur-geda-50gm,Divya Foods Timmur Geda 50gm,groceries,Spices & Masala,50g,40,,36,,1520
DM-7.57,divya-foods-vango-200gm,Divya Foods Vango 200gm,groceries,"Dry Fruits, Nuts & Seeds",200g,400,,13,,1521
DM-7.569,divya-foods-vango-400g,Divya Foods Vango 400g,groceries,"Dry Fruits, Nuts & Seeds",400g,705,,27,,1522
DM-7.652,divya-foods-wallnut-170gm,Divya Foods Wallnut 170gm,groceries,"Dry Fruits, Nuts & Seeds",170g,320,,27,,1523
DM-7.4677,divya-foods-wallnut-fruit-100gm,Divya Foods Wallnut Fruit 100gm,groceries,"Dry Fruits, Nuts & Seeds",100g,185,160,9,,1524
DM-7.604,divya-foods-white-kerau-1kg,Divya Foods White Kerau 1Kg,groceries,Dal & Pulses,1kg,215,,35,,1527
DM-7.4292,divya-foods-white-simi-daal-500gm,Divya Foods White Simi Daal 500gm,groceries,Dal & Pulses,500g,110,,18,,1528
DM-7.3638,divya-foods-white-teel-100gm,Divya Foods White Teel 100gm,groceries,Spices & Masala,100g,65,,22,,1529
DM-7.1257,divya-foods-white-teel-500g,Divya Foods White Teel 500g,groceries,Spices & Masala,500g,270,,30,,1530
DM-9.863,diy-fun-colored-clay-no-2019,Diy Fun Colored Clay no.2019,stationery,Art & Craft,1 pc,275,,13,,1534
DM-7.4515,dobate-healthy-laddu-250gm,Dobate Healthy Laddu 250gm,snacks,Chocolates & Candy,250g,465,,34,,1537
DM-22.38,dog-collar-foam-ea-122,Dog Collar Foam EA-122,pet-care,Pet Food & Accessories,1 pc,455,,9,,1548
DM-22.33,dog-good-boy-stick-warp-250gm,Dog Good Boy stick/warp 250gm,pet-care,Pet Food & Accessories,250g,210,,10,,1550
DM-22.45,dog-leash-collar-set-1-5cm,Dog Leash Collar Set 1.5cm,pet-care,Pet Food & Accessories,1 pc,400,,32,,1551
DM-22.61,dog-leash-collar-set-2-5cm,Dog Leash Collar Set 2.5cm,pet-care,Pet Food & Accessories,1 pc,425,,12,,1552
DM-22.46,dog-leash-collar-set-2cm,Dog Leash Collar Set 2cm,pet-care,Pet Food & Accessories,1 pc,425,380,18,,1553
DM-22.28,dog-leash-harness-fp49,Dog Leash Harness FP49,pet-care,Pet Food & Accessories,1 pc,415,370,42,,1554
DM-9.626,dojer-climdb-no-bq700-25,Dojer Climdb NO.bq700-25,toys,Toys,1 pc,910,790,59,,1567
DM-5.987,dolphin-jeli-dengan-nata-decoco-pudding-416-g,DolPhin Jeli Dengan Nata Decoco Pudding 416 g,snacks,Chocolates & Candy,416g,615,,53,,1579
DM-4.1482,door-bell-3918,Door Bell 3918,electronics,Lights & Electricals,1 pc,350,,32,,1588
DM-5.882,doriva-euro-coco-mello-500gm,Doriva Euro Coco Mello 500gm,snacks,Chocolates & Candy,500g,750,,28,,1592
DM-1.1788,dove-deep-moisture-miracle-hair-mask-300ml,Dove Deep Moisture Miracle Hair Mask 300ml,beauty-skincare,Hair Care,300ml,355,325,25,,1629
DM-2.402-2,dr-rashel-moisture-sun-spray-spf60-60ml,Dr. Rashel Moisture Sun Spray spf60++ 60ml,beauty-skincare,Skin Care,60ml,230,,12,,1645
DM-2.4022,dr-rashel-sun-cream-anti-aging-spf-90,Dr. Rashel Sun Cream Anti-aging Spf 90,beauty-skincare,Skin Care,1 pc,435,,28,,1646
DM-10.487,draw-oil-color-9ml-no-01601,Draw Oil Color 9ml no.01601,groceries,Oil & Ghee,9ml,80,,16,,1659
DM-9.934,dream-castle-169-pcs,Dream Castle 169 pcs,toys,Toys,169 pcs,855,,55,,1663
DM-7.755,druk-tomato-puree,Druk Tomato Puree,groceries,"Sauces, Pickles & Spreads",1 pc,210,,51,,1686
DM-2.408,duo-do-not-freezer,Duo Do Not Freezer,home-living,Everyday Essentials,1 pc,245,225,10,,1690
DM-4.1264,dura-beam-standard-classic-air-mattress-64756,Dura-beam Standard Classic Air Mattress 64756,toys,Toys,1 pack,875,,46,,1691
DM-2.6,elois-hair-removal-cream-flv-mix50g,ELOIS Hair Removal Cream Flv mix50g,beauty-skincare,Hair Care,50g,95,,40,,1773
DM-2.248,envy-natural-spray-black-white-60ml,ENVY Natural Spray black/white 60ml,beauty-skincare,Fragrance & Deodorant,60ml,325,,55,,1818
DM-2.1849,envy-dark-luv-pocket-perfum18ml,ENVY dark/luv Pocket perfum18ml,beauty-skincare,Fragrance & Deodorant,18ml,135,,28,,1814
DM-2.727,eyelash-curler,EYELASH CURLER,beauty-skincare,Makeup & Nail Care,1 pc,320,,17,,1875
DM-7.649,eagle-gloripan-instant-dry-yeast-450g,Eagle/Gloripan Instant Dry Yeast 450g,groceries,Cooking Essentials,450g,230,,57,,1697
DM-7.2745,egg-30pcs-carret,Egg 30pcs Carret,dairy-frozen,Eggs & Meat,30 pcs,490,,13,,1759
DM-4.1477,egg-boller-single,Egg Boller Single,home-living,Everyday Essentials,1 pc,135,,37,,1760
DM-7.4286,ego-swiss-roll-all-flv,Ego Swiss Roll All Flv,dairy-frozen,"Bread, Cakes & Bakery",1 pc,80,,42,,1763
DM-9.608,elephant-musical-piano-no-8887-1b,Elephant Musical Piano no.8887-1B,toys,Toys,1 pc,875,,25,,1770
DM-9.733,elephant-musiclan-music-no-664b,Elephant Musiclan Music NO.664B,toys,Toys,1 pc,910,770,36,,1769
DM-2.1416,elois-hair-removal-cream-25g,Elois Hair Removal Cream 25g,beauty-skincare,Hair Care,25g,70,,36,,1774
DM-5.368,elvan-truffle-assortment-150gm,Elvan Truffle Assortment 150gm,snacks,Chocolates & Candy,150g,255,,54,,1777
DM-2.1523,emami-7-in-one-oil-300ml,Emami 7 In One Oil 300ml,groceries,Oil & Ghee,300ml,145,,28,,1780
DM-2.3501,emami-7-in-one-oil-500ml,Emami 7 In One Oil 500ml,groceries,Oil & Ghee,500ml,175,,28,,1781
DM-2.207,emami-7oils-in-one-50ml,Emami 7Oils In One 50ml,beauty-skincare,Hair Care,50ml,110,,22,,1783
DM-2.545,emami-7in-one-oils200ml,Emami 7in One oils200ml,beauty-skincare,Hair Care,200ml,240,,56,,1782
DM-2.206,emami-7oils-in-one-damage-control-oil-100ml,Emami 7oils In One Damage Control Oil 100ml,beauty-skincare,Hair Care,100ml,140,,21,,1784
DM-2.1574,emami-fair-handsome-cream-for-men15g,Emami Fair & Handsome Cream For men15g,beauty-skincare,Skin Care,15g,110,,30,,1786
DM-2.2935,emami-fair-and-handsome-oil-control-cream25g,Emami Fair And Handsome Oil Control cream25g,beauty-skincare,Skin Care,25g,135,125,26,,1787
DM-2.879,emami-fair-handsom-radiance-action-fairness-system-30g,Emami Fair & Handsom Radiance Action Fairness System 30g,beauty-skincare,Skin Care,30g,135,,44,,1785
DM-2.3582,emelie-24-matte-maker-compact,Emelie 24 Matte Maker Compact,beauty-skincare,Makeup & Nail Care,1 pc,345,,34,,1791
DM-2.4041,emelie-ultra-wear-2-waypowder,Emelie Ultra-wear 2- Waypowder,beauty-skincare,Makeup & Nail Care,1 pc,330,,58,,1792
DM-2.949,enchanteur-body-mist-ramance-150ml,Enchanteur Body Mist Ramance 150ml,beauty-skincare,Fragrance & Deodorant,150ml,670,,40,,1800
DM-5.416,ensure-diabetes-care400g,Ensure Diabetes care400g,beverages,Health & Energy Drinks,400g,315,290,45,,1811
DM-5.324,ensure-nutrition-to-stay-strong-n-active400g,Ensure Nutrition To Stay Strong N active400g,beverages,Health & Energy Drinks,400g,365,,17,,1812
DM-2.3942,envy-natural-spray-gravity-for-men-60ml,Envy Natural Spray Gravity For Men 60ml,beauty-skincare,Fragrance & Deodorant,60ml,305,,27,,1819
DM-4.1153,everday-d-size-bettery,Everday D Size Bettery,electronics,Lights & Electricals,1 pc,325,,16,,1841
DM-7.4695,everytime-flax-seed-500gm,Everytime Flax Seed 500gm,groceries,"Dry Fruits, Nuts & Seeds",500g,830,,24,,1850
DM-7.4061,everytime-garam-masla-100gm,Everytime Garam Masla 100gm,groceries,Spices & Masala,100g,70,65,35,,1851
DM-7.48-2,everytime-garam-masla-200gm,Everytime Garam Masla 200gm,groceries,Spices & Masala,200g,120,,12,,1852
DM-7.3957,everytime-koseli-mix-250gm,Everytime Koseli Mix 250gm,groceries,Spices & Masala,250g,145,,38,,1858
DM-7.3956,everytime-koseli-mix-500gm,Everytime Koseli Mix 500gm,groceries,Spices & Masala,500g,280,,50,,1859
DM-7.4766,everytime-morning-diet-mix-500gm-jar,Everytime Morning Diet Mix 500gm Jar,kitchen-household,Bottles & Lunch Boxes,500g,225,,15,,1860
DM-7.3995,everytime-wallnut-fruit-180gm,Everytime Wallnut Fruit 180gm,groceries,"Dry Fruits, Nuts & Seeds",180g,315,,50,,1863
DM-7.3996,everytime-wallnut-fruit-90gm,Everytime Wallnut Fruit 90gm,groceries,"Dry Fruits, Nuts & Seeds",90g,200,,59,,1864
DM-7.4772,everytime-wallnut-kernels-350gm-jar,Everytime Wallnut Kernels 350gm Jar,groceries,"Dry Fruits, Nuts & Seeds",350g,590,,27,,1865
DM-17.183,eyelash-tweozer-no-165,Eyelash Tweozer no.165,beauty-skincare,Makeup & Nail Care,1 pc,355,320,46,,1876
DM-2.3222,fogg-scent-discover-50ml,FOGG SCENT DISCOVER 50ML,beauty-skincare,Fragrance & Deodorant,50ml,275,,12,,2032
DM-2.1196,fogg-scent-tuxedo-50ml,FOGG Scent Tuxedo 50ml,beauty-skincare,Fragrance & Deodorant,50ml,275,,50,,2037
DM-2.2169,fogg-aftar-mix-10ml,FOGG Aftar Mix 10ml,beauty-skincare,Fragrance & Deodorant,10ml,120,,14,,2011
DM-2.536,fogg-scent-mix-100ml,FOGG Scent Mix 100ml,beauty-skincare,Fragrance & Deodorant,100ml,470,,13,,2036
DM-9.743,folding-stool012,FOLDING Stool012,home-living,Storage & Organisers,1 pc,480,,20,,2050
DM-4.1277,fable-b-erlin-insulated-casserole-2500ml,Fable B Erlin Insulated Casserole 2500ml,kitchen-household,Cookware,2500ml,1640,1350,58,,1880
DM-2.1594,fair-lovely-glow-lovely-50g,Fair & Lovely Glow & Lovely 50g,beauty-skincare,Skin Care,50g,190,,45,,1882
DM-3.104,farlin-anti-choke-bended-feeding-bttl-nf904,Farlin Anti Choke Bended Feeding Bttl NF904,baby-care,Baby Accessories,1 pc,460,,42,,1888
DM-3.184,farlin-anti-colic-silicone-nipple-mix,Farlin Anti-Colic Silicone Nipple Mix,baby-care,Baby Accessories,1 pc,495,,50,,1889
DM-3.622,farlin-breast-pump-bf-640,Farlin Breast Pump Bf-640,baby-care,Baby Accessories,1 pc,480,,26,,1894
DM-3.576,farlin-crystal-clear-silicone-nipple-s-m-l-ac-210011,Farlin Crystal Clear Silicone Nipple S.M.L AC-210011,baby-care,Baby Accessories,1 pc,475,,9,,1898
DM-3.575,farlin-crystal-clear-silicone-nipple-s-m-l-ac-22005,Farlin Crystal Clear Silicone Nipple S.M.L AC-22005,baby-care,Baby Accessories,1 pc,470,,21,,1899
DM-3.572,farlin-golden-triangle-wide-neck-p-3,Farlin Golden Triangle Wide-neck P-3+,baby-care,Baby Accessories,1 pc,460,,34,,1900
DM-3.652,farlin-manual-breast-pump-free-direction-bf-640,Farlin Manual Breast PumP Free Direction BF-640,baby-care,Baby Accessories,1 pc,460,,48,,1902
DM-3.376,farlin-silicone-nipple-2pcac-21011,Farlin Silicone Nipple 2pcAC-21011,baby-care,Baby Accessories,1 pc,460,,22,,1909
DM-3.33,farlin-the-easy-feeder-bf-193a,Farlin The Easy Feeder BF-193A,baby-care,Baby Accessories,1 pc,500,,22,,1916
DM-3.416,farlin-pacifier-glow-0m-6m,Farlin Pacifier Glow 0m/6m+,baby-care,Baby Accessories,1 pc,430,,34,,1906
DM-4.1483,fascial-gun-massager-888,Fascial Gun Massager 888,electronics,Personal Care Appliances,1 pc,1930,1660,57,,1922
DM-4.1476,fascial-gun-pro-326,Fascial Gun Pro -326,toys,Toys,1 pc,925,800,42,,1923
DM-2.2218,fassupu-hydrating-face-mask-28ml,Fassupu Hydrating Face Mask 28ml,beauty-skincare,Skin Care,28ml,125,,32,,1930
DM-4.119,fevikwik-450mg,Fevikwik 450mg,stationery,Art & Craft,1 pc,245,,58,,1936
DM-7.4806,first-choice-bashan-500g,First Choice Bashan 500g,groceries,Spices & Masala,500g,270,,45,,1951
DM-7.3375,first-choice-chamsur-dana-100gm,First Choice Chamsur Dana 100gm,groceries,Spices & Masala,100g,65,,28,,1960
DM-7.3451,first-choice-chilly-flakes-25gm,First Choice Chilly Flakes 25gm,groceries,Spices & Masala,25g,30,,24,,1962
DM-7.3376,first-choice-jimmu-20g,First Choice Jimmu 20g,groceries,Spices & Masala,20g,25,,38,,1968
DM-7.4809,first-choice-juwano-seed-100g,First Choice Juwano Seed 100g,groceries,Spices & Masala,100g,65,,54,,1969
DM-7.338,first-choice-juwano-seed200g,First Choice Juwano Seed200g,groceries,Spices & Masala,200g,135,,11,,1970
DM-7.3378,first-choice-magaj-dana100gm,First Choice Magaj Dana100gm,groceries,Spices & Masala,100g,75,,49,,2
DM-7.4804,first-choice-mo-mo-50gm,First Choice Mo.mo 50gm,groceries,Cooking Essentials,50g,45,,50,,1974
DM-7.4601,first-choice-yeast-powder-100gm,First Choice Yeast Powder 100gm,groceries,Cooking Essentials,100g,80,,57,,1984
DM-7.4437,first-choice-batisha-powder-100gm,First Choice Batisha Powder 100gm,groceries,Spices & Masala,100g,75,,24,,1952
DM-7.4827,first-choice-beshan-200gm,First Choice Beshan 200gm,groceries,"Atta, Flour & Sooji",200g,40,,21,,1953
DM-7.4828,first-choice-bire-nun-200gm,First Choice Bire Nun 200gm,groceries,Spices & Masala,200g,115,,42,,1954
DM-7.4535,first-choice-bire-nun-dhikka-200gm,First Choice Bire Nun Dhikka 200gm,groceries,Spices & Masala,200g,135,,58,,1955
DM-7.481,first-choice-bire-nun-powder-100gm,First Choice Bire Nun Powder 100gm,groceries,Spices & Masala,100g,75,,41,,1956
DM-7.4195,first-choice-cinnamon-powder-25gm,First Choice Cinnamon Powder 25gm,groceries,Spices & Masala,25g,30,,57,,1963
DM-7.4102,first-choice-gud-dana-100gm,First Choice Gud Dana 100gm,groceries,"Salt, Sugar & Jaggery",100g,20,,18,,1966
DM-7.419,first-choice-gud-dana-200gm,First Choice Gud Dana 200gm,groceries,"Salt, Sugar & Jaggery",200g,35,,35,,1967
DM-7.4191,first-choice-mungrelo-dana-100gm,First Choice Mungrelo Dana 100gm,groceries,Spices & Masala,100g,80,,48,,1975
DM-7.4371,first-choice-mungrelo-dana-200gm,First Choice Mungrelo Dana 200gm,groceries,Spices & Masala,200g,110,,31,,1976
DM-2.308,fix-derma-fidelia-foot-cream-75g,Fix Derma Fidelia Foot Cream 75g,beauty-skincare,Skin Care,75g,245,,44,,1990
DM-2.2148,fix-derma-moisturizing-cream-60g,Fix Derma Moisturizing Cream 60g,beauty-skincare,Skin Care,60g,195,180,35,,1988
DM-2.1209,fix-derma-shadow-spf30gel-75g,Fix Derma Shadow SPF30gel 75g,beauty-skincare,Skin Care,75g,265,,52,,1993
DM-2.1857,fix-derma-moisturizing-lotion-150ml,Fix Derma Moisturizing Lotion 150ml,beauty-skincare,Skin Care,150ml,420,,46,,1991
DM-2.384-2,fix-derma-shadow-spf50-cream-75g,Fix Derma Shadow SPf50+Cream 75g,beauty-skincare,Skin Care,75g,280,,31,,1994
DM-2.51,fix-derma-shadow-spf30-cream,Fix Derma Shadow spf30 Cream,beauty-skincare,Skin Care,1 pc,465,430,56,,1992
DM-7.3882,flexi-creme-cremier-oil,Flexi Creme Cremier Oil,beauty-skincare,Skin Care,1 pc,460,,21,,1995
DM-10.245,foam-tape,Foam Tape,stationery,School & Office Supplies,1 pack,160,,44,,2009
DM-10.306,foam-tape-big-size,Foam Tape Big Size,stationery,School & Office Supplies,1 pc,145,135,36,,2007
DM-10.543,foam-tape-small,Foam Tape Small,stationery,School & Office Supplies,1 pc,90,,19,,2008
DM-2.3223,fogg-scent-explore-50ml,Fogg Scent Explore 50ML,beauty-skincare,Fragrance & Deodorant,50ml,270,,29,,2034
DM-2.1856,fogg-master-mix-mody-spray120ml,Fogg Master Mix Mody spray120ml,beauty-skincare,Fragrance & Deodorant,120ml,455,,59,,2023
DM-2.3811,fogg-scent-exclusive-collection-2pcs-pack,Fogg Scent Exclusive Collection 2pcs Pack,beauty-skincare,Fragrance & Deodorant,2 pcs,450,,25,,2033
DM-2.1354,fogg-scent-icon-fame-elite-dazzle-mix100ml,Fogg Scent Icon /fame/elite/dazzle mix100ml,beauty-skincare,Fragrance & Deodorant,100ml,425,,37,,2035
DM-2.3428,fogg-scent-xpression-spray-100ml,Fogg Scent Xpression Spray 100ml,beauty-skincare,Fragrance & Deodorant,100ml,480,,38,,2038
DM-2.2456,foisoner-moisturizing-keratin-argan-oli-treatment-cream-1000ml,Foisoner Moisturizing Keratin Argan Oli Treatment Cream 1000ml,beauty-skincare,Hair Care,1000ml,830,,22,,2046
DM-9.742,folding-chair,Folding Chair,home-living,Storage & Organisers,1 pc,400,,29,,2048
DM-2.3876,forhil-foot-cream-30gm,Forhil Foot Cream 30gm,beauty-skincare,Skin Care,30g,130,,50,,2062
DM-7.4411,fortune-refned-mustard-oil-5ltr,Fortune Refned Mustard Oil 5ltr,groceries,Oil & Ghee,5L,1180,980,56,,2069
DM-16.27,frooti-orgnl-500-ml,Frooti Orgnl 500 ml,beverages,Juices & Squash,500ml,90,,34,yes,2088
DM-2.918,garnier-white-complete-fairness-facewash-50g,GARNIER White Complete Fairness Facewash 50g,beauty-skincare,Skin Care,50g,175,,59,,2160
DM-2.3429,garnier-color-naturals-natural-brown-4-0,GARNIER Color Naturals Natural Brown 4.0,beauty-skincare,Hair Care,1 pc,345,,24,yes,2130
DM-2.2104,garnier-color-naturals-natural-black-1-0,GARNIER Color Naturals Natural Black 1.0,beauty-skincare,Hair Care,1 pc,310,,47,yes,2128
DM-2.2316,gueck-seaweed-creamy-hair-mask-1000ml,GUECK Seaweed Creamy Hair Mask 1000ml,beauty-skincare,Hair Care,1000ml,950,,23,,2323
DM-4.89,garlic-press,Garlic Press,kitchen-household,Kitchen Tools,1 pc,270,,41,,2108
DM-2.1365,garnier-black-naturals-3-16burgundy-pouch,Garnier Black Naturals 3.16Burgundy Pouch,beauty-skincare,Skin Care,1 pc,470,,48,yes,2111
DM-2.2855,garnier-black-naturals-4,Garnier Black Naturals 4,beauty-skincare,Skin Care,1 pc,505,,16,yes,2112
DM-2.989,garnier-color-natural-burgundy-3-16,Garnier Color Natural Burgundy 3.16,beauty-skincare,Hair Care,1 pc,320,270,28,,2119
DM-2.218,garnier-color-natural-black-1-60ml,Garnier Color Natural Black 1 60ml,beauty-skincare,Hair Care,60ml,110,,49,,2118
DM-2.396-2,garnier-color-naturals-4-brown-35ml,Garnier Color Naturals 4 Brown 35ml,beauty-skincare,Hair Care,35ml,85,,24,,2110
DM-2.217,garnier-color-naturals-cream-brown-4-70ml,Garnier Color Naturals Cream Brown 4 70ml,beauty-skincare,Hair Care,70ml,115,,58,,2124
DM-2.219,garnier-color-naturals-cream-darkest-brown-3-70ml,Garnier Color Naturals Cream Darkest Brown 3 70ml,beauty-skincare,Hair Care,70ml,125,,31,,2125
DM-2.991,garnier-color-naturals-cream-intense-red-6-60,Garnier Color Naturals Cream Intense Red 6.60,beauty-skincare,Hair Care,1 pc,350,,11,,2126
DM-2.1259,garnier-color-naturals-5-32-caramel-brown-110g,Garnier Color Naturals 5.32 Caramel Brown 110g,beauty-skincare,Hair Care,110g,160,130,38,,2122
DM-2.1507,garnier-men-oil-clear-deep-cleasing-60g,Garnier Men Oil Clear Deep Cleasing 60g,beauty-skincare,Skin Care,60g,210,,22,,2141
DM-2.126,garnier-men-power-turbo-bright-white-cream-spf15-45g,Garnier Men Power Turbo Bright / White Cream spf15 45g,beauty-skincare,Men's Grooming,45g,130,,15,,2142
DM-2.309,garnier-men-f-w-powerwhite-turbo-bright-double-action-50g,Garnier Men F.w Powerwhite Turbo Bright Double Action 50g,beauty-skincare,Men's Grooming,50g,125,,38,,2138
DM-2.398,garnier-skin-naturals-wrinkle-life-anti-aging-crea-40g,Garnier Skin Naturals Wrinkle LIfe Anti Aging Crea 40g,beauty-skincare,Skin Care,40g,160,,42,,2153
DM-2.446,garnier-skin-naturals-wrinkle-lift-anti-ageing-18g,Garnier Skin Naturals Wrinkle Lift anti-Ageing 18g,beauty-skincare,Skin Care,18g,110,,23,,2154
DM-2.41,garnier-white-bright-complet-fairness-facewash-lemon-100g,Garnier White Bright/Complet Fairness Facewash Lemon 100g,beauty-skincare,Skin Care,100g,310,280,19,,2159
DM-2.99,garnier-color-natural-cream-light-brown-5,Garnier Color Natural Cream Light Brown 5,beauty-skincare,Hair Care,1 pc,360,,20,yes,2120
DM-2.254,garnier-color-naturals-golden-brown-7-3,Garnier Color Naturals Golden Brown 7.3,beauty-skincare,Hair Care,1 pc,360,,45,yes,2127
DM-2.263,garnier-color-naturalsr-raspberry-red7-65,Garnier Color Naturalsr Raspberry red7.65,beauty-skincare,Hair Care,1 pc,385,320,33,,2131
DM-2.3842,garnier-niacinamide-fresh-plump-20ml,Garnier Niacinamide Fresh&plump 20ml,beauty-skincare,Skin Care,20ml,125,,50,yes,2146
DM-2.3839,garnier-niacinamide-fresh-plump-45ml,Garnier Niacinamide Fresh&plump 45ml,beauty-skincare,Skin Care,45ml,200,,37,yes,2147
DM-2.3843,garnier-salicylic-fresh-matte-20ml,Garnier Salicylic Fresh&matte 20ml,beauty-skincare,Skin Care,20ml,125,,19,,2150
DM-2.3841,garnier-salicylic-fresh-matte-45ml,Garnier Salicylic Fresh&matte 45ml,beauty-skincare,Skin Care,45ml,195,,17,yes,2151
DM-2.1585,gatsby-wg-watergloss-soft-150g,Gatsby WG Watergloss Soft 150g,beauty-skincare,Men's Grooming,150g,315,,18,,2166
DM-2.295-2,gatsby-wg-watergloss-super-hard-150g,Gatsby WG Watergloss Super Hard 150g,beauty-skincare,Men's Grooming,150g,285,,23,,2167
DM-2.926,gatsby-watergloss-hyper-solid-wet-look-150g,Gatsby Watergloss Hyper Solid Wet Look 150g,beauty-skincare,Men's Grooming,150g,315,290,14,,2165
DM-7.4577,gazzabko-piro-2x-noddles,Gazzabko Piro 2X Noddles,groceries,"Noodles, Pasta & Soup",1 pc,40,,55,,2168
DM-9.724,gear-truck-no-hd9053,Gear Truck NO.HD9053,toys,Toys,1 pc,865,,35,,2170
DM-9.545,geckd-soft-bullet-gun-no-sr868-25,Geckd Soft Bullet Gun NO.SR868-25,toys,Toys,1 pc,795,685,13,,2171
DM-9.916,gecko-mosquito-swatter-no199,Gecko Mosquito Swatter no199,cleaning,Fresheners & Repellents,1 pc,235,,11,,2172
DM-5.867,geef-magic-pops-5-5g,Geef Magic Pops 5.5g,snacks,Chocolates & Candy,5.5g,25,,48,,2173
DM-2.27-2,gel-eye-liner-romantic-may-24hrs-yr1006,Gel Eye Liner Romantic May 24hrs YR1006,beauty-skincare,Makeup & Nail Care,1 pc,350,,14,,2174
DM-2.903,gillete-2-use-throw,Gillete 2 Use & Throw,beauty-skincare,Men's Grooming,1 pc,330,,33,,2180
DM-2.329,gillete-fusion-4s-blade,Gillete Fusion 4S Blade,beauty-skincare,Men's Grooming,4 pcs,295,,36,,2181
DM-2.646,gillete-mach3-4s-blades,Gillete Mach3 4S Blades,beauty-skincare,Men's Grooming,4 pcs,295,,44,,2183
DM-2.683,gillete-vector-4-blade,Gillete Vector+4 Blade,beauty-skincare,Men's Grooming,1 pc,285,,28,,2184
DM-1.1747,gillette-foam-sensitive-regular-418gm,Gillette Foam Sensitive \Regular 418gm,beauty-skincare,Men's Grooming,418g,755,,39,,2189
DM-2.287,gillette-foam-regular-56gm,Gillette Foam Regular 56gm,beauty-skincare,Men's Grooming,56g,125,,39,,2188
DM-2.27-3,gillette-mach3,Gillette Mach3,beauty-skincare,Men's Grooming,1 pc,325,,55,,2190
DM-1.154,gillette-presto,Gillette Presto,beauty-skincare,Men's Grooming,1 pc,285,,48,,2191
DM-2.326-2,gillette-super-thin,Gillette Super Thin,beauty-skincare,Men's Grooming,1 pc,275,,45,,2192
DM-2.1262,gillette-vector-2blade,Gillette Vector 2blade,beauty-skincare,Men's Grooming,1 pc,290,,50,,2193
DM-16.251,ginger,Ginger,groceries,Spices & Masala,1 pc,95,,53,,2196
DM-1.2091,glade-air-fresh-mix-flov-10g,Glade Air Fresh Mix Flov 10g,cleaning,Fresheners & Repellents,10g,40,,43,,2197
DM-1.425,glade-floral-perfection-room-spray-300ml,Glade Floral Perfection Room Spray 300ml,cleaning,Fresheners & Repellents,300ml,210,175,48,,2198
DM-1.864,glade-gel-mix-flv-70g,Glade Gel Mix Flv 70g,beauty-skincare,Skin Care,70g,245,,13,,2199
DM-2.3539,glam-glory-carbon-scrup-150ml,Glam & Glory Carbon Scrup 150ml,beauty-skincare,Skin Care,150ml,420,,10,,2201
DM-2.3544,glam-glory-snail-white-faace-wash-100ml,Glam & Glory Snail White Faace Wash 100ml,beauty-skincare,Skin Care,100ml,315,,42,,2202
DM-1.2167,glam-glory-hair-removing-cream-all-flv-50gm,Glam&glory Hair Removing Cream All Flv 50gm,beauty-skincare,Skin Care,50g,210,195,34,,2206
DM-10.2,glitter-self-ashe-sive-eva-form,Glitter Self Ashe Sive Eva Form,stationery,Art & Craft,1 pc,260,,50,,2229
DM-4.463,glitter-sipper-glasa-big-with-straw,Glitter Sipper Glasa Big With Straw,baby-care,Baby Accessories,1 pc,450,,12,,2230
DM-4.38,gloves-warm-for-house-work-118,Gloves Warm For House Work 118,ladies-wear,Clothing,1 pc,950,,54,,2234
DM-7.2333,glucon-d-nimbu-pani-1kg,Glucon -D Nimbu Pani 1kg,beverages,Health & Energy Drinks,1kg,700,625,48,,2237
DM-7.3807,glucon-d-instant-energy-125gm,Glucon-D Instant Energy 125gm,health-hygiene,Health & Wellness,125g,180,,45,,2238
DM-7.676,glucon-d-instant-energy-1kg,Glucon-D Instant Energy 1kg,health-hygiene,Health & Wellness,1kg,1040,855,14,,2239
DM-7.677,glucon-d-instant-energy-regular-500g,Glucon-D Instant Energy Regular 500g,health-hygiene,Health & Wellness,500g,565,,34,,2240
DM-7.679,glucon-d-nimbu-pani-400g,Glucon-D Nimbu Pani 400g,health-hygiene,Health & Wellness,400g,400,,32,,2241
DM-5.173,glucovita-1kg,Glucovita 1kg,beverages,Health & Energy Drinks,1kg,800,,53,,2243
DM-5.136,glucovita-500g,Glucovita 500g,beverages,Health & Energy Drinks,500g,385,,23,,2244
DM-5.219,glucovita-orange-flavr-jar-400g,Glucovita Orange Flavr Jar 400g,beverages,Health & Energy Drinks,400g,335,295,22,,2245
DM-5.405,glucovita-lemon-400g,Glucovita Lemon 400g,beverages,Health & Energy Drinks,400g,320,,21,,2242
DM-2.159,glysolid-for-the-skin-125ml,Glysolid For The Skin 125ml,beauty-skincare,Skin Care,125ml,365,,43,,2248
DM-2.158,glysolid-for-the-skin-250ml,Glysolid For The Skin 250ml,beauty-skincare,Skin Care,250ml,675,,44,,2249
DM-1.1762,godrej-aer-spray-musk-after-smoke-all-flavours-220ml,Godrej Aer Spray Musk After Smoke & All Flavours 220ml,cleaning,Fresheners & Repellents,220ml,190,160,32,,2254
DM-1.2103,godrej-aermatic-spray-fefil-210-ml,Godrej Aermatic Spray Fefil 210 ml,cleaning,Fresheners & Repellents,210ml,170,,34,,2256
DM-1.1714,godrej-fab-1ltr-poucha,Godrej Fab 1ltr Poucha,cleaning,Detergent & Laundry,1L,255,,40,,2264
DM-1.227,godrej-fab-2ltr-poucha,Godrej Fab 2ltr Poucha,cleaning,Detergent & Laundry,2L,455,,53,,2265
DM-1.1037,godrej-all-flvr-aer-pocket,Godrej All Flvr Aer Pocket,cleaning,Fresheners & Repellents,1 pc,210,,20,,2257
DM-1.929,godrej-protekt-mr-magic-powder-handwash,Godrej Protekt Mr. Magic Powder Handwash,beauty-skincare,Bath & Body,1 pc,190,,17,,2270
DM-9.56-2,golden-number-candel,Golden Number Candel,gifts-puja,Gifts & Party,1 pc,220,,48,,2274
DM-6.211,golden-oak-180ml,Golden Oak 180ml,liquor-smoking,"Whisky, Rum & Spirits",180ml,915,790,36,,2275
DM-6.212,golden-oak-375ml,Golden Oak 375ml,liquor-smoking,"Whisky, Rum & Spirits",375ml,1560,1460,41,,2276
DM-6.213,golden-oak-750ml,Golden Oak 750ml,liquor-smoking,"Whisky, Rum & Spirits",750ml,2720,2230,11,,2277
DM-7.388-2,goldiee-shivom-gulab-jamun-mix-400g,Goldiee /shivom Gulab Jamun Mix 400g,snacks,Chocolates & Candy,400g,580,,29,,2278
DM-2.1779,good-nail-polish-remover-mix-flavr,Good Nail Polish Remover Mix Flavr,beauty-skincare,Makeup & Nail Care,1 pc,330,,45,,2281
DM-1.582,good-night-gold-flash-system-set,Good Night Gold Flash System Set,cleaning,Fresheners & Repellents,1 pc,205,,47,,2282
DM-7.3169,goodlife-good-choice-digestive-bicut-220gm,Goodlife Good Choice Digestive Bicut 220gm,snacks,Biscuits & Cookies,220g,105,,32,,2291
DM-5.813,goodlife-kesarmalai-lolipop,Goodlife Kesarmalai Lolipop,snacks,Biscuits & Cookies,1 pc,60,,19,,2294
DM-7.3179,goodlife-potato-biscut-25gm,Goodlife Potato Biscut 25gm,snacks,Biscuits & Cookies,25g,20,,34,,2298
DM-7.3178,goodlife-potato-biscut-75gm,Goodlife Potato Biscut 75gm,snacks,Biscuits & Cookies,75g,45,,47,,2299
DM-7.4497,goodlife-le-mond-desire-lemon-puff,Goodlife Le-mond Desire Lemon Puff,beauty-skincare,Makeup & Nail Care,1 pc,315,,17,,2297
DM-10.454,gooduck-notes-book-wz6350,Gooduck Notes Book Wz6350,stationery,Notebooks & Paper,1 pc,115,,48,,2305
DM-6.336,gorkha-strong-unfitered-330ml,Gorkha Strong Unfitered 330ml,liquor-smoking,Beer,330ml,230,210,56,,2313
DM-4.1394,greater-plane-cutter-no5850,Greater Plane Cutter no5850,stationery,School & Office Supplies,1 pc,160,,16,,2314
DM-16.27-2,green-life-coconut-water-sunlee-coconut-agua-de-coco-485ml,Green Life Coconut water/sunlee Coconut Agua De Coco 485ml,beverages,Water,485ml,20,,21,,2316
DM-1.1633,guanjing-breath-spray-hyaluronic-acid-20ml,Guanjing Breath Spray Hyaluronic Acid 20ml,beauty-skincare,Skin Care,20ml,110,,40,,2321
DM-7.4476,gudpak-500gm,Gudpak 500gm,snacks,Chocolates & Candy,500g,710,,22,,2322
DM-6.186,gurkhas-gun-180ml,Gurkhas & Gun 180ml,liquor-smoking,"Whisky, Rum & Spirits",180ml,750,,27,,2325
DM-7.115,gustozio-chicken-soup-powder-42g,Gustozio Chicken Soup Powder 42g,groceries,"Noodles, Pasta & Soup",42g,20,,17,,2326
DM-7.187,gyan-premium-arahar-daal-1kg,Gyan Premium Arahar Daal 1kg,groceries,Dal & Pulses,1kg,180,,52,,2330
DM-7.583,gyan-chakki-aata-5kg,Gyan Chakki Aata 5kg,groceries,Rice & Grains,5kg,940,790,13,,2327
DM-1.156,hit-chalk-kills-cockoaches,HIt Chalk Kills Cockoaches,cleaning,Fresheners & Repellents,1 pc,200,,46,,2690
DM-17.359,hair-pin-large,Hair Pin Large,stationery,School & Office Supplies,1 pc,155,135,37,,2352
DM-17.133,hair-chimti-stone-single,Hair Chimti Stone Single,ladies-wear,Hair Accessories,1 pc,50,,32,,2346
DM-17.34,hair-claw-clip-transparent-bow,Hair Claw Clip Transparent Bow,ladies-wear,Hair Accessories,1 pc,90,,33,,2347
DM-17.153,hair-mix-clip-small,Hair Mix Clip Small,ladies-wear,Hair Accessories,1 pc,50,,54,,2351
DM-17.33,hair-pit-pite-clip-black-pair-pkt,Hair Pit Pite Clip Black /pair Pkt,ladies-wear,Hair Accessories,1 pc,80,75,24,,2353
DM-7.895,hajmola-regular,Hajmola Regular,health-hygiene,Health & Wellness,1 pc,275,,40,,2360
DM-7.1877,hajmola-lapsi-amba,Hajmola Lapsi /amba,health-hygiene,Health & Wellness,1 pack,275,,24,,2359
DM-7.3115,haldhiram-samosa200gm,Haldhiram Samosa200gm,snacks,"Chips, Namkeen & Snacks",200g,135,,28,,2362
DM-2.3728,hamdard-kalonji-oil-100ml,Hamdard Kalonji Oil 100ml,health-hygiene,Health & Wellness,100ml,130,,53,,2414
DM-2.3729,hamdard-kulzum-oil-10ml,Hamdard Kulzum Oil 10ml,health-hygiene,Health & Wellness,10ml,45,,15,,2415
DM-2.3727,hamdard-onion-oil-100ml,Hamdard Onion Oil 100ml,health-hygiene,Health & Wellness,100ml,155,,52,,2416
DM-17.429,hand-made-baby-side-clip-5-pcs-set,Hand Made Baby Side Clip 5 pcs Set,ladies-wear,Hair Accessories,5 pcs,75,,34,,2420
DM-1.2206,hansha-surf-800gm,Hansha Surf 800gm,cleaning,Detergent & Laundry,800g,230,,23,,2422
DM-9.108,happy-bloxks-small-size,Happy Bloxks Small Size,toys,Toys,1 pc,465,,26,,2430
DM-9.936,happy-duck-multi-track-taxiing,Happy Duck Multi Track Taxiing,toys,Toys,1 pc,755,,49,,2433
DM-9.772,happy-anniversary-banner,Happy Anniversary Banner,gifts-puja,Gifts & Party,1 pc,220,,57,,2425
DM-5.18,happydent-white-wave-16g,Happydent white/wave 16g,snacks,Chocolates & Candy,16g,50,,57,,2437
DM-7.3125,harlals-pumkin-seed-200gm,Harlals Pumkin Seed 200gm,groceries,"Dry Fruits, Nuts & Seeds",200g,400,,26,,2462
DM-7.1663,harlals-wallnut-fruit-100g,Harlals Wallnut Fruit 100g,groceries,"Dry Fruits, Nuts & Seeds",100g,235,,30,,2471
DM-7.3842,harlals-chiya-seed-500gm,Harlals Chiya Seed 500gm,groceries,"Dry Fruits, Nuts & Seeds",500g,795,,26,,2452
DM-7.3129,harlals-flax-seed-200gm,Harlals Flax Seed 200gm,groceries,"Dry Fruits, Nuts & Seeds",200g,335,,48,,2453
DM-7.4562,harlals-mixnut-100gm,Harlals Mixnut 100gm,groceries,"Dry Fruits, Nuts & Seeds",100g,230,,29,,2455
DM-7.935,harlals-wallnut-fruit-200g,Harlals Wallnut Fruit 200g,groceries,"Dry Fruits, Nuts & Seeds",200g,335,,35,,2472
DM-7.311-2,harlas-3in1-mix-nut-200gm,Harlas 3in1 Mix Nut 200gm,groceries,"Dry Fruits, Nuts & Seeds",200g,380,,35,,2473
DM-7.3111,harlas-mix-nut-3in1-100gm,Harlas Mix Nut 3in1 100gm,groceries,"Dry Fruits, Nuts & Seeds",100g,195,,53,,2474
DM-5.1059,hazelnut-cream-with-cocoa-breadstick-56g,Hazelnut Cream With Cocoa & Breadstick 56g,beauty-skincare,Skin Care,56g,205,,12,,25
DM-7.744,hazelnut-duo-nusco-choco-jaam-350g,Hazelnut Duo Nusco Choco Jaam 350g,snacks,Chocolates & Candy,350g,530,,8,,2486
DM-1.2155,head-shoulders-oily-sticky-dandruff-deep-cleanse-340ml,Head & Shoulders Oily Sticky Dandruff Deep Cleanse 340ml,beauty-skincare,Hair Care,340ml,390,330,11,,2493
DM-1.1573,head-and-shoulders-cool-menthol-2in170ml,Head And Shoulders Cool Menthol 2in170ml,beauty-skincare,Hair Care,170ml,200,,21,,2496
DM-1.866,health-pumice-stone-3pcs-small,Health Pumice Stone 3pcs Small,beauty-skincare,Bath & Body,3 pcs,110,,19,,2497
DM-9.461,helicopter,Helicopter,toys,Toys,1 pc,875,,28,,2502
DM-10.341,hello-kitty-melidy-labubu-dairy-sc202-4,Hello Kitty / Melidy/ Labubu Dairy sc202-4,stationery,Notebooks & Paper,1 pc,110,,19,,2505
DM-1.1005,henko-matic-front-load-1kg-500g,Henko Matic Front Load 1kg+500g,cleaning,Detergent & Laundry,1kg,230,,56,,2508
DM-1.2284,henko-matic-front-load-4kg-2-kg-free,Henko Matic Front Load 4kg+2 kg Free,cleaning,Detergent & Laundry,4kg,790,,30,,2509
DM-1.2321,henko-matic-liquid-front-load-1ltr,Henko Matic Liquid Front Load 1ltr,cleaning,Detergent & Laundry,1L,250,,34,,2510
DM-1.74,henko-stain-champion-surf-1kg,Henko Stain Champion Surf 1kg,cleaning,Detergent & Laundry,1kg,280,,14,,2513
DM-5.626,hi-life-choco-plus-vanilla-moons-star-300gm,Hi-life Choco Plus Vanilla/Moons Star 300gm,snacks,Chocolates & Candy,300g,460,,42,,2522
DM-5.625,hi-life-corn-flakes-500gmpouch,Hi-life Corn Flakes 500gmPouch,groceries,Breakfast & Cereals,1 pc,335,,13,,2523
DM-10.54,highest-qualiy-trengle-set-no-8011,Highest Qualiy Trengle Set No.8011,toys,Games & Puzzles,1 pc,430,,44,,2533
DM-10.43,highighter-no3317,Highighter no3317,stationery,"Pens, Pencils & Erasers",1 pc,45,,39,,26
DM-6.232,highlander-180ml,Highlander 180ml,liquor-smoking,"Whisky, Rum & Spirits",180ml,855,,27,,2536
DM-6.231,highlander-375-ml,Highlander 375 ml,liquor-smoking,"Whisky, Rum & Spirits",375ml,1280,,47,,2537
DM-2.2948,hilary-rhhoda-eye-liner-eye-brow-no-1881,Hilary RHhoda Eye Liner Eye Brow No.1881,beauty-skincare,Makeup & Nail Care,1 pc,350,,54,,2540
DM-2.3058,hilary-rhhoda-eye-liner-liquide-5-5ml,Hilary RHhoda Eye Liner Liquide 5.5ml,beauty-skincare,Makeup & Nail Care,5.5ml,110,,13,,2541
DM-7.2837,hilife-besan-500gm,Hilife Besan 500gm,groceries,"Atta, Flour & Sooji",500g,65,,16,,2543
DM-7.4221,hilife-choco-fills-150gm,Hilife Choco Fills 150gm,snacks,Chocolates & Candy,150g,275,,50,,2546
DM-5.798,hilife-choco-plus-200gm,Hilife Choco Plus 200gm,snacks,Chocolates & Candy,200g,330,,53,,2547
DM-7.2141,hilife-choco-plus-90g,Hilife Choco Plus 90g,snacks,Chocolates & Candy,90g,170,150,22,,2551
DM-5.692,hilife-corn-flakes-300g,Hilife Corn Flakes 300g,groceries,Breakfast & Cereals,300g,230,,42,,2557
DM-7.303,hilife-corn-flakes-300gm-jar,Hilife Corn Flakes 300gm Jar,groceries,Breakfast & Cereals,300g,245,,28,,2556
DM-7.2804,hilife-corn-flakes-800gm-jar,Hilife Corn Flakes 800gm Jar,groceries,Breakfast & Cereals,800g,455,395,51,,2559
DM-7.2502,hilife-corn-flakes-original-1100-g,Hilife Corn Flakes Original 1100 g,groceries,Breakfast & Cereals,1100g,575,,57,,2560
DM-5.1127,hilife-choco-plus-425gm,Hilife Choco Plus 425gm,snacks,Chocolates & Candy,425g,740,,24,,2549
DM-5.977,hilife-choco-plus-moons-stars-450gm,Hilife Choco Plus Moons&stars 450gm,snacks,Chocolates & Candy,450g,705,,12,,2552
DM-5.1126,hilife-corn-flakes-300gm,Hilife Corn Flakes 300gm,groceries,Breakfast & Cereals,300g,220,,12,,2558
DM-7.434,hilife-macaroni-150g,Hilife Macaroni 150g,groceries,"Noodles, Pasta & Soup",150g,55,,22,,2568
DM-7.443-2,hilife-vuja-400gm,Hilife Vuja 400gm,snacks,"Chips, Namkeen & Snacks",400g,225,,17,,2580
DM-7.3851,hill-queen-long-grain-20kg,Hill Queen Long Grain 20kg,groceries,Rice & Grains,20kg,2700,,45,,2585
DM-2.2959,himalaya-anti-hair-fall-100ml,Himalaya Anti Hair Fall 100ml,beauty-skincare,Hair Care,100ml,155,,24,yes,2591
DM-3.354,himalaya-baby-extra-soft-72-wipes,Himalaya Baby Extra Soft 72 Wipes,baby-care,Diapers & Wipes,1 pc,690,615,39,,2599
DM-3.166,himalaya-babycare-baby-power-200g,Himalaya Babycare Baby Power 200g,baby-care,Baby Bath & Skin Care,200g,270,240,29,,2605
DM-3.137,himalaya-diper-rash-cream-50g,Himalaya Diper Rash Cream 50g,baby-care,Diapers & Wipes,50g,150,120,8,,2609
DM-2.1686,himalaya-herbal-natural-glow-fairness-cream-50g,Himalaya Herbal Natural Glow Fairness Cream 50g,beauty-skincare,Skin Care,50g,185,,49,,2622
DM-2.154,himalaya-herbals-anti-wrinkle-cream-50g,Himalaya Herbals Anti Wrinkle Cream 50g,beauty-skincare,Skin Care,50g,210,,50,yes,2628
DM-2.94-2,himalaya-herbals-moisturizing-aloevera-facewash50m,Himalaya Herbals Moisturizing Aloevera facewash50m,beauty-skincare,Skin Care,1 pc,400,,50,yes,2634
DM-2.92,himalaya-herbals-purifing-neem-facewash-100ml,Himalaya Herbals Purifing Neem Facewash 100ml,beauty-skincare,Skin Care,100ml,310,,47,,2640
DM-2.108,himalaya-herbals-purifying-neem-facewash-50ml,Himalaya Herbals Purifying Neem Facewash 50ml,beauty-skincare,Skin Care,50ml,180,145,44,,2641
DM-2.32-2,himalaya-herbals-purifying-neem-pack-100g,Himalaya Herbals Purifying Neem Pack 100g,beauty-skincare,Skin Care,100g,285,,42,,2642
DM-2.1003,himalaya-herbals-neem-facewash-200ml-2-400ml,Himalaya Herbals Neem Facewash 200ml*2=400ml,beauty-skincare,Skin Care,200ml,570,,29,yes,2635
DM-2.812,himalaya-litchi-shine-lip-care,Himalaya Litchi Shine Lip Care,beauty-skincare,Makeup & Nail Care,1 pc,320,290,46,,2652
DM-3.236,himalaya-moisturizing-aloe-vera-facial-wipes-25w,Himalaya Moisturizing Aloe Vera Facial Wipes 25w,cleaning,Tissues & Paper,1 pc,115,,52,yes,2653
DM-3.14-2,himalaya-baby-massage-oil-100ml,Himalaya Baby Massage Oil 100ml,baby-care,Baby Bath & Skin Care,100ml,185,,52,,2601
DM-3.167,himalaya-baby-power-100g,Himalaya Baby Power 100g,baby-care,Baby Bath & Skin Care,100g,170,,46,,2602
DM-3.168,himalaya-baby-power-50g,Himalaya Baby Power 50g,baby-care,Baby Bath & Skin Care,50g,130,,37,yes,2603
DM-1.95,himalaya-handwash-pouch-tulsi-7-lemon-750ml,Himalaya Handwash Pouch Tulsi 7 Lemon 750ml,beauty-skincare,Bath & Body,750ml,715,,31,,2617
DM-1.2283,himalaya-pure-hands-tulsi-aloe-moisturizing-hand-wash-675ml,Himalaya Pure Hands Tulsi&aloe Moisturizing Hand Wash 675ml,beauty-skincare,Bath & Body,675ml,565,,23,,2658
DM-3.235,himalaya-purifying-neem-facial-wipes-25w,Himalaya Purifying Neem Facial Wipes 25w,cleaning,Tissues & Paper,1 pc,125,,49,,2659
DM-2.239-2,himalaya-winter-defence-moisturizing-cream-100ml,Himalaya Winter Defence Moisturizing Cream 100ml,beauty-skincare,Skin Care,100ml,335,,51,,2665
DM-2.1823,himalaya-winter-defense-moisturizing-cream50ml,Himalaya Winter Defense Moisturizing cream50ml,beauty-skincare,Skin Care,50ml,195,,13,yes,2666
DM-3.594,himalayan-gentle-baby-shop-50g,Himalayan Gentle Baby Shop 50g,beauty-skincare,Bath & Body,50g,80,65,43,,2672
DM-2.813,himalayan-strawberry-shine-lip-care,Himalayan Strawberry Shine Lip Care,beauty-skincare,Makeup & Nail Care,1 pc,360,,23,,2677
DM-7.3069,himali-mix-dhalmooth-600gm-nilo,Himali Mix Dhalmooth 600gm Nilo,snacks,"Chips, Namkeen & Snacks",600g,370,,28,,2682
DM-7.1295,himali-motor-rs-120-300gm,Himali Motor Rs. 120 300gm,home-living,Everyday Essentials,300g,130,120,17,,2685
DM-7.307,himali-vuja-rs-50,Himali Vuja RS 50,snacks,"Chips, Namkeen & Snacks",1 pc,55,,35,,2688
DM-7.3071,himali-vuja-rs-100,Himali Vuja Rs 100,snacks,"Chips, Namkeen & Snacks",1 pc,100,,42,,2687
DM-7.418-2,himali-furandana-500gm,Himali Furandana 500gm,snacks,"Chips, Namkeen & Snacks",500g,255,240,54,,2679
DM-7.3652,holi-clour-pkt-big,Holi Clour Pkt Big,gifts-puja,Gifts & Party,1 pc,230,,11,,2691
DM-4.367,homio-hot-caes-lunch-box,Homio Hot Caes Lunch Box,kitchen-household,Bottles & Lunch Boxes,1 pc,535,,15,,2693
DM-17.329,hong-tian-side-clip-mix,Hong Tian Side Clip Mix,ladies-wear,Hair Accessories,1 pc,75,,42,,2697
DM-4.1356,horder-frame-big-6-8,Horder Frame Big 6*8,home-living,Home Decor & Furnishing,1 pc,655,,52,,2700
DM-4.1355,horder-frame-medium-5-7,Horder Frame Medium 5*7,home-living,Home Decor & Furnishing,1 pc,665,,26,,2701
DM-4.1354,horder-frame-small-4-6,Horder Frame Small 4*6,home-living,Home Decor & Furnishing,1 pc,345,315,53,,2702
DM-5.4,horlicks-junior-500g,Horlicks Junior 500g,beverages,Health & Energy Drinks,500g,425,,51,yes,2707
DM-5.184,horlicks-lite500g,Horlicks Lite500g,beverages,Health & Energy Drinks,500g,430,,34,,2708
DM-4.2,hot-pot-stand-770,Hot Pot Stand 770,kitchen-household,Cookware,1 pc,1850,,56,,2712
DM-1.1776,huggies-l14,Huggies L14,baby-care,Diapers & Wipes,1 pc,685,,23,,2716
DM-1.1777,huggies-s40,Huggies S40,baby-care,Diapers & Wipes,1 pc,665,,12,,2717
DM-1.588,huggies-wonder-pants-m6,Huggies Wonder Pants M6,baby-care,Diapers & Wipes,1 pc,685,,20,yes,2722
DM-1.1425,huggies-wonder-pants-xl24pcs,Huggies Wonder Pants XL24pcs,baby-care,Diapers & Wipes,24 pcs,595,560,51,,2724
DM-1.109,huggies-wonder-pants-xxl24pcs,Huggies Wonder Pants XXL24pcs,baby-care,Diapers & Wipes,24 pcs,600,,27,yes,2726
DM-1.464,huggies-wonder-pants-xl13,Huggies Wonder-pants XL13,baby-care,Diapers & Wipes,1 pc,705,,47,yes,2727
DM-1.1651,huggies-wonder-pants-l7,Huggies Wonder Pants L7,baby-care,Diapers & Wipes,1 pkt,650,,19,yes,2720
DM-1.267,huggies-wonder-pants-s10,Huggies Wonder Pants S10,baby-care,Diapers & Wipes,1 pkt,685,,57,yes,2723
DM-1.256,huggies-wonder-pants-xl34pc,Huggies Wonder Pants XL34pc,baby-care,Diapers & Wipes,34 pc,710,,44,yes,2725
DM-9.718,ibaby-baby-separated-bed-0m-6650,Ibaby Baby Separated Bed 0m+ 6650,baby-care,Baby Accessories,1 pc,485,,18,,2735
DM-9.717,ibaby-portable-baby-seperated-bed-w-net-66515,Ibaby Portable Baby Seperated Bed W/net 66515,baby-care,Baby Accessories,1 pc,495,,49,,2736
DM-4.112-2,ice-tray-no8507,Ice Tray no8507,kitchen-household,Dinnerware & Serving,1 pc,425,,13,,2737
DM-2.4016,ikt-wax-stick-50gm,Ikt Wax Stick 50gm,beauty-skincare,Skin Care,50g,190,,43,,2738
DM-6.301,imedine-sweet-750ml-red-and-white,Imedine Sweet 750ml Red And White,snacks,Chocolates & Candy,750ml,1180,1110,57,,2739
DM-1.76,imperial-leather-classic-115g,Imperial Leather Classic 115g,beauty-skincare,Bath & Body,115g,150,,45,,2740
DM-1.75-2,imperial-leather-classic-200g,Imperial Leather Classic 200g,beauty-skincare,Bath & Body,200g,220,180,44,,2741
DM-9.737,intex-kiddie-float-59586,Intex Kiddie Float 59586,toys,Sports & Fitness,1 pc,625,,29,,2749
DM-9.918,intex-wet-set-collection-6-suming-pool,Intex Wet Set Collection 6+ Suming Pool,toys,Sports & Fitness,1 pc,640,,20,,2751
DM-10.232,j-k-copier-75-gma4,J.K Copier 75.gmA4,stationery,Notebooks & Paper,1 pc,130,120,25,,2752
DM-2.193,joy-papaya-sun-screen-cream-spf-25-herbal-120ml,JOy Papaya Sun Screen Cream Spf 25 Herbal 120ml,beauty-skincare,Skin Care,120ml,365,,38,,2854
DM-2.119-2,joy-papaya-sun-spf50-120ml,JOy Papaya Sun Spf50 120ml,beauty-skincare,Skin Care,120ml,390,315,31,,2855
DM-6.29,jp-chenet-medium-sweet-red750ml,JP Chenet Medium Sweet red750ml,liquor-smoking,Wine,750ml,1760,1460,25,,2870
DM-9.73,junca-perform-music-guitar-no-rj2818,JUNCA Perform Music Guitar NO.RJ2818,toys,Toys,1 pc,860,,45,,2879
DM-6.5-2,jack-daniel-1ltr,Jack Daniel 1Ltr,liquor-smoking,"Whisky, Rum & Spirits",1L,5450,,19,,2754
DM-6.23,jack-daniel-200ml,Jack Daniel 200ml,liquor-smoking,"Whisky, Rum & Spirits",200ml,1450,,26,,2755
DM-6.69,jack-daniel-honey-1ltr,Jack Daniel Honey 1Ltr,liquor-smoking,"Whisky, Rum & Spirits",1L,5050,,49,,2756
DM-6.136,jack-daniels-fire-1ltr,Jack Daniels Fire 1Ltr,liquor-smoking,"Whisky, Rum & Spirits",1L,4810,3980,29,,2757
DM-7.4611,jacobs-danish-style-cookes-480gm,Jacobs Danish Style Cookes 480gm,home-living,Everyday Essentials,480g,255,,42,,2762
DM-7.456,jasmine-chilly-powder-100gm,Jasmine Chilly Powder 100gm,groceries,Rice & Grains,100g,60,,29,,2768
DM-7.3706,jasmine-chilly-powder-200g,Jasmine Chilly Powder 200g,groceries,Rice & Grains,200g,65,60,59,,2769
DM-7.4569,jasmine-kashmiri-mirch-50gm,Jasmine Kashmiri Mirch 50gm,groceries,Rice & Grains,50g,60,,26,,2772
DM-2.1826,javira-lamour-nail-color8ml,Javira Lamour Nail color8ml,beauty-skincare,Makeup & Nail Care,8ml,125,,15,,2777
DM-2.324,javira-liquid-sindoor-4g,Javira Liquid Sindoor 4g,beauty-skincare,Makeup & Nail Care,4g,100,,51,,2778
DM-2.3068,javira-nail-color-6gm,Javira Nail Color 6gm,beauty-skincare,Makeup & Nail Care,6g,125,,15,,2779
DM-2.3424,javira-nail-color-7gm,Javira Nail Color 7gm,beauty-skincare,Makeup & Nail Care,7g,130,,14,,2780
DM-17.376,jaw-clips,Jaw Clips,ladies-wear,Hair Accessories,1 pc,85,,52,,2781
DM-24.88,jayas-chicken-momo-50pcs,Jayas Chicken Momo 50pcs,dairy-frozen,Ice Cream & Frozen,50 pcs,245,,22,,2783
DM-24.89,jayas-vege-momo-50gm,Jayas Vege Momo 50gm,groceries,Cooking Essentials,50g,50,,44,,2788
DM-24.9,jayas-vegetable-momo-20pcs,Jayas Vegetable Momo 20pcs,dairy-frozen,Ice Cream & Frozen,20 pcs,240,,48,,2789
DM-24.93,jayasa-chicken-momo-20pcs,Jayasa Chicken Momo 20pcs,dairy-frozen,Ice Cream & Frozen,20 pcs,270,,23,,2790
DM-9.834,jeep-no-939,Jeep no.939,toys,Toys,1 pc,930,,9,,2791
DM-8.9,jents-gugles-raybon-classic,Jents Gugles Raybon Classic,ladies-wear,"Bags, Watches & Eyewear",1 pc,905,770,28,,2799
DM-17.253,jiaxi-baby-side-clipe-set,Jiaxi Baby Side Clipe Set,ladies-wear,Hair Accessories,1 pc,80,,47,,2804
DM-6.236,johnnie-walker-blonde-700ml,Johnnie Walker Blonde 700ml,liquor-smoking,"Whisky, Rum & Spirits",700ml,3420,,29,,2807
DM-2.2997,johnsons-24-hr-moisture-soft-cream-100ml,Johnsons 24 Hr Moisture Soft Cream 100ml,beauty-skincare,Skin Care,100ml,325,,42,,2810
DM-2.614,johnsons-24-hr-moisture-soft-cream-200ml,Johnsons 24 Hr Moisture Soft Cream 200ml,beauty-skincare,Skin Care,200ml,555,,9,,2811
DM-2.1511,johnsons-sun-care-long-lasting-spf60-150g,Johnsons Sun Care Long Lasting SPF60 150g,beauty-skincare,Skin Care,150g,410,340,26,,2825
DM-3.493,johnsons-skincare-wipes-80n,Johnsons Skincare Wipes 80N,cleaning,Tissues & Paper,1 pkt,130,,26,,2824
DM-16.102,joiner-all-mix-flavour-320ml,Joiner All Mix Flavour 320ml,beverages,Juices & Squash,320ml,70,,8,,2827
DM-1.1443,jordan-baby-pest-75g,Jordan Baby Pest 75g,baby-care,Baby Bath & Skin Care,75g,150,,50,,2831
DM-3.527,jordan-baby-tooth-paste-75gm,Jordan Baby Tooth Paste 75gm,baby-care,Baby Bath & Skin Care,75g,140,,47,,2832
DM-2.3211,joy-hyadra-refresh-ultra-light-gel-50ml,Joy Hyadra Refresh Ultra Light Gel 50ml,beauty-skincare,Skin Care,50ml,185,,49,,2843
DM-2.2817,joy-hydra-refresh-150ml,Joy Hydra Refresh 150ml,home-living,Everyday Essentials,150ml,95,,49,,2844
DM-2.172,joy-papaya-sun-30ml-spf25,Joy Papaya Sun 30ml spf25,beauty-skincare,Skin Care,30ml,155,,33,,2848
DM-2.1738,joy-papaya-sun-multi-benefit-spf40-sun-cream-60ml,Joy Papaya Sun Multi Benefit Spf40 Sun Cream 60ml,beauty-skincare,Skin Care,60ml,240,,34,,2852
DM-2.1737,joy-papaya-sun-multi-benefit-spf40-cream-120ml,Joy Papaya Sun Multi Benefit Spf40 Cream 120ml,beauty-skincare,Skin Care,120ml,370,,32,,2851
DM-2.2835,joy-papaya-sun-spf-70-120ml,Joy Papaya Sun Spf 70 120ml,beauty-skincare,Skin Care,120ml,340,,14,,28
DM-2.17,joy-papaya-sun-screen-cream-60ml,Joy Papaya Sun Screen Cream 60ml,beauty-skincare,Skin Care,60ml,195,,23,,2853
DM-2.2831,joy-papaya-sun-cream-spf-50-30ml,Joy Papaya Sun Cream Spf 50 30ml,beauty-skincare,Skin Care,30ml,145,,13,,2849
DM-2.1033,joy-pure-aloe-m-b-skin-cream-50ml,Joy Pure Aloe M.B Skin Cream 50ml,beauty-skincare,Skin Care,50ml,175,,38,,2859
DM-2.1393,joy-pure-aloe-m-b-skin-cream-100ml,Joy Pure Aloe M.B. Skin Cream 100ml,beauty-skincare,Skin Care,100ml,335,,23,,2860
DM-2.2907,joy-skin-fruits-200ml,Joy Skin Fruits 200ml,beauty-skincare,Skin Care,200ml,540,,17,,2861
DM-2.1394,joy-skin-fruits-active-moisture-100ml,Joy Skin Fruits Active Moisture 100ml,beauty-skincare,Skin Care,100ml,330,,59,,2862
DM-2.1395,joy-skin-fruits-active-moisture-50ml,Joy Skin Fruits Active Moisture 50ml,beauty-skincare,Skin Care,50ml,190,,8,,2863
DM-7.4281,jumli-simi-geda-500gm,Jumli Simi Geda 500gm,groceries,Spices & Masala,500g,245,,47,,2877
DM-2.356,juni-facial-wipes-with-rose-jasmine,Juni Facial Wipes With Rose/ Jasmine,cleaning,Tissues & Paper,1 pc,130,,20,,2880
DM-1.1543,juni-wipes-90sheets,Juni Wipes 90Sheets,cleaning,Tissues & Paper,90 sheets,120,,18,,2883
DM-1.174,juni-panty-liner-20155mm,Juni Panty Liner 20155mm,health-hygiene,Feminine Hygiene,1 pc,200,185,37,,2882
DM-2.18,kesh-king-ayurvedic-oil-100ml,KESH King Ayurvedic Oil 100ml,beauty-skincare,Hair Care,100ml,165,,26,,2994
DM-2.928,ks-spark-pocket-perfum-18ml,KS Spark Pocket Perfum 18ml,beauty-skincare,Fragrance & Deodorant,18ml,140,,9,,3095
DM-4.1363,kapabara-thormas-700ml,Kapabara Thormas 700ml,kitchen-household,Bottles & Lunch Boxes,700ml,295,260,39,,2890
DM-2.3537,karis-glysoft-glycerin-cream-50-ml,Karis Glysoft Glycerin Cream 50 ml,beauty-skincare,Bath & Body,50ml,75,,19,,2892
DM-2.2267,karis-moisturising-glysoft-creme-125ml,Karis Moisturising Glysoft Creme 125ml,beauty-skincare,Skin Care,125ml,380,,27,,2893
DM-2.3732,karis-mooisturising-glysoft-cream-250ml,Karis Mooisturising Glysoft Cream 250ml,beauty-skincare,Skin Care,250ml,610,545,57,,2894
DM-2.2975,karseell-maca-power-collagen-treatment-cream500ml,Karseell MaCA Power Collagen Treatment cream500ml,beauty-skincare,Skin Care,500ml,1190,1110,41,,2908
DM-7.3479,kasthamandap-balbara-500gm,Kasthamandap Balbara 500gm,snacks,"Chips, Namkeen & Snacks",500g,290,,28,,2913
DM-7.348,kasthamandap-gulmari-400gm,Kasthamandap Gulmari 400gm,snacks,"Chips, Namkeen & Snacks",400g,250,,56,,2914
DM-7.3483,kasthamandap-lakhamari-aaitha-250gm,Kasthamandap Lakhamari Aaitha 250gm,snacks,"Chips, Namkeen & Snacks",250g,160,,53,,2915
DM-7.3482,kasthamandap-lakhamari-aaitha-500g,Kasthamandap Lakhamari Aaitha 500g,snacks,"Chips, Namkeen & Snacks",500g,280,,30,,2916
DM-7.3484,kasthamandap-lakhamari-batareko500gm,Kasthamandap Lakhamari Batareko500gm,snacks,"Chips, Namkeen & Snacks",500g,270,225,34,,2917
DM-7.3478,kasthamandap-teel-ko-laddu-telauri-black-180gm,Kasthamandap Teel Ko Laddu (Telauri Black ) 180gm,groceries,Spices & Masala,180g,110,,46,,2919
DM-17.352,kata-fur-cherry-design,Kata Fur Cherry Design,ladies-wear,Hair Accessories,1 pc,80,,10,,2935
DM-17.336,kata-lafe-stone-mix,Kata Lafe Stone Mix,ladies-wear,Hair Accessories,1 pc,75,,59,,2941
DM-17.339,kata-rabit-degian,Kata Rabit Degian,ladies-wear,Jewellery,1 pc,260,245,42,,2945
DM-17.403,kata-big-size-ramro,Kata Big Size Ramro,ladies-wear,Jewellery,1 pc,255,,36,,2923
DM-17.377,kata-bow-krg86,Kata Bow krg86,ladies-wear,Jewellery,1 pc,265,235,24,,2924
DM-17.323,kata-kkl-2-mix-design,Kata kkl-2 Mix Design,ladies-wear,Hair Accessories,1 pc,85,,43,,2940
DM-17.216,kata-stone-moti-mix,Kata Stone Moti Mix,ladies-wear,Hair Accessories,1 pc,75,,46,,2949
DM-17.335,kata-white-medium-size,Kata White Medium Size,ladies-wear,Jewellery,1 pc,250,,31,,2950
DM-2.3066,katerina-texture-nail-polish-18ml,Katerina Texture Nail Polish 18ml,beauty-skincare,Makeup & Nail Care,18ml,245,,15,,2952
DM-2.2626,kaveri-mehendi-cone,Kaveri Mehendi Cone,beauty-skincare,Hair Care,1 pc,365,,45,,2955
DM-2.387,kejjan-s-moisturising-lotion-150ml,Kejjan's Moisturising Lotion 150ml,beauty-skincare,Skin Care,150ml,395,,14,,2959
DM-2.352,kejjan-s-moisturising-lotion-250ml,Kejjan's Moisturising Lotion 250ml,beauty-skincare,Skin Care,250ml,695,,49,,2960
DM-5.326,kellogg-s-chocos-110gm,"Kellogg""s Chocos 110gm",groceries,Breakfast & Cereals,110g,120,,18,,2971
DM-5.656,kellogg-s-chocos-duet-mocns-stars-375g,Kellogg's Chocos Duet Mocns Stars 375g,groceries,Breakfast & Cereals,375g,250,,45,,2973
DM-5.238,kelloggs-chocos-250g,Kelloggs Chocos 250g,groceries,Breakfast & Cereals,250g,180,,35,,2976
DM-5.277,kelloggs-corn-flakes-original-the-best-875g,Kelloggs Corn Flakes Original & The Best 875g,groceries,Breakfast & Cereals,875g,495,,50,,2979
DM-5.165,kelloggs-corn-flakes-original-the-best-475gm,Kelloggs Corn Flakes Original & The Best 475gm,groceries,Breakfast & Cereals,475g,345,,46,,2978
DM-5.499,kelloggs-chocos-385gm,Kelloggs Chocos 385gm,groceries,Breakfast & Cereals,385g,255,,37,,2975
DM-5.377,kelloggs-oast-500g-2-1kg,Kelloggs Oast 500g*2=1kg,groceries,Breakfast & Cereals,500g,360,295,10,,2983
DM-2.204,keratin-moisturizing-smooth-creamy-hair-mask-1000ml,Keratin Moisturizing & Smooth Creamy Hair Mask 1000ml,beauty-skincare,Hair Care,1000ml,925,,34,,2990
DM-2.2039,keratin-moisturizing-smooth-creamy-hair-mask-500ml,Keratin Moisturizing & Smooth Creamy Hair Mask 500ml,beauty-skincare,Hair Care,500ml,485,,14,,2991
DM-2.608,kesh-king-ayurvedic-oil-50ml,Kesh King Ayurvedic Oil 50ml,beauty-skincare,Hair Care,50ml,105,,49,,2995
DM-20.15,kesh-kanti-advance-herbal-hair-expert-oil-100ml,Kesh Kanti Advance Herbal Hair Expert Oil 100ml,beauty-skincare,Hair Care,100ml,150,,27,,2992
DM-2.3978,kesh-king-gold-ayurvedic-oil-100ml,Kesh King Gold Ayurvedic Oil 100ml,beauty-skincare,Hair Care,100ml,170,,12,,2999
DM-7.3075,khajurico-golden-mix-dhamotha-200gm,Khajurico Golden Mix Dhamotha 200gm,groceries,"Dry Fruits, Nuts & Seeds",200g,325,,36,,3016
DM-7.863,khajuriko-puffino-puff-pastry-70g,Khajuriko Puffino Puff Pastry 70g,beauty-skincare,Makeup & Nail Care,70g,775,,24,,3021
DM-6.223,khukuri-cigarette,Khukuri Cigarette,liquor-smoking,Hookah & Smoking,1 pc,390,,13,,3024
DM-2.1202,kiwi-shoes-polish-cream-black,KiWI Shoes Polish Cream Black/,beauty-skincare,Skin Care,1 pc,435,385,52,,3079
DM-3.618,kids-holytooth-orange-tothpaste-60g,Kids Holytooth Orange Tothpaste 60g,beauty-skincare,Oral Care,60g,90,,53,,3031
DM-3.619,kids-holytooth-strawberey-tothpaste-60g,Kids Holytooth Strawberey Tothpaste 60g,beauty-skincare,Oral Care,60g,80,,33,,3032
DM-5.93,kinder-joy-20g,Kinder Joy 20g,snacks,Chocolates & Candy,20g,80,,19,,3033
DM-7.4461,king-bell-yellow-mustrad-255gm,King Bell Yellow Mustrad 255gm,groceries,Spices & Masala,255g,140,130,37,,3034
DM-7.4492,kissan-fresh-tomato-kechup-pack-850-gm,Kissan Fresh Tomato Kechup Pack 850 gm,groceries,"Sauces, Pickles & Spreads",850g,375,315,24,,3056
DM-2.681,kiwi-express-shine-black-sponge,Kiwi Express Shine Black/ Sponge,cleaning,Dishwash,1 pc,115,,42,,3076
DM-2.1472,kiwi-instant-polish-brown-leather75ml,Kiwi Instant Polish Brown Leather75ml,home-living,"Tools, Hardware & Auto",75ml,325,,12,,3077
DM-2.589,kiwi-wax-leather-protect-instant-polish-black,Kiwi Wax Leather & Protect Instant Polish Black,beauty-skincare,Skin Care,1 pc,455,,55,,3080
DM-7.1209,knorr-chicken-soup-40g,Knorr Chicken Soup /40g,groceries,"Noodles, Pasta & Soup",40g,20,,54,,3081
DM-7.9-2,knorr-mixed-vegetable-soup-40gm,Knorr Mixed Vegetable Soup 40gm,groceries,"Noodles, Pasta & Soup",40g,20,,20,,3082
DM-7.745,knowr-italian-mushroom-soup-48g,Knowr Italian Mushroom Soup 48g,groceries,"Noodles, Pasta & Soup",48g,25,,36,,3084
DM-7.746,knowr-hot-sour-vegetable-soup,Knowr Hot & Sour Vegetable Soup,groceries,"Noodles, Pasta & Soup",1 pc,45,,10,,3083
DM-17.129,korean-kata-clour-mix,Korean Kata Clour Mix,ladies-wear,Hair Accessories,1 pc,85,,21,,3089
DM-5.1113,kravour-rolls-choco-strawberry-50gm,Kravour Rolls choco/strawberry 50gm,snacks,Chocolates & Candy,50g,95,,52,,3090
DM-10.517,kuluomi-spider-man-tepast-single-pcs,Kuluomi/ Spider Man Tepast Single pcs,toys,Toys,1 pc,465,,46,,3097
DM-5.124,kurmure-95g,Kurmure 95g,snacks,"Chips, Namkeen & Snacks",95g,75,,50,,3098
DM-10.314,kuromi-skeleton-dieary-80-55-3,Kuromi Skeleton Dieary 80-55-3,stationery,Notebooks & Paper,1 pc,135,,15,,3100
DM-10.256,kuromi-highiter-809-1,Kuromi Highiter 809-1,stationery,"Pens, Pencils & Erasers",1 pc,45,,54,,3099
DM-2.4062,l-a-girl-pro-powder,L.A Girl Pro- Powder,beauty-skincare,Makeup & Nail Care,1 pc,325,,26,,3110
DM-16.148,lemonza-nimbu-pani-250ml,LEMONZA Nimbu Pani 250ml,beverages,Health & Energy Drinks,250ml,275,,55,,3188
DM-1.1334,lifebuoy-handwash-185ml,LIFEBUOY HANDWASH 185ML,beauty-skincare,Bath & Body,185ml,185,,27,yes,3200
DM-7.4813,lnt-choice-mushroom-can-400g,LNT Choice Mushroom Can 400g,groceries,Cooking Essentials,400g,205,,48,,3238
DM-5.285,lotte-lotte-chocopie-12packs,LOTTE Lotte Chocopie 12packs,dairy-frozen,"Bread, Cakes & Bakery",1 pc,80,,35,,3322
DM-2.765,lotus-herbals-jojobawash-80g,LOTUS Herbals Jojobawash 80g,beauty-skincare,Skin Care,80g,300,275,52,,3339
DM-2.766,lotus-herbals-whiteglow-facial-foam-50g,LOTUS Herbals Whiteglow Facial Foam 50g,beauty-skincare,Skin Care,50g,190,,14,,3354
DM-5.772,lacto-fun-cholacate,Lacto Fun Cholacate,snacks,Chocolates & Candy,1 pkt,95,,32,,3112
DM-5.712,lactodex-1,Lactodex 1,baby-care,Baby Food & Formula,1 pc,865,,30,,3114
DM-5.713,lactodex-2,Lactodex 2,baby-care,Baby Food & Formula,1 pc,865,,40,,3113
DM-5.723,lactodex-3,Lactodex 3,baby-care,Baby Food & Formula,1 pc,865,,24,,3115
DM-5.876,lactodex-4,Lactodex 4,baby-care,Baby Food & Formula,1 pc,860,,34,,3116
DM-8.8,ladies-guggles-mix,Ladies Guggles Mix,ladies-wear,"Bags, Watches & Eyewear",1 pc,815,,30,,3117
DM-17.11,ladies-mala-mothi,Ladies Mala Mothi,ladies-wear,Jewellery,1 pc,275,,8,,3118
DM-17.106,ladies-moti-2line-white,Ladies Moti 2line White,ladies-wear,Jewellery,1 pc,255,,52,,3119
DM-17.42,ladies-small-kata,Ladies Small Kata,ladies-wear,Jewellery,1 pc,140,125,26,,3121
DM-7.3978,lajawab-makhana-250gm,Lajawab Makhana 250gm,snacks,"Chips, Namkeen & Snacks",250g,140,125,59,,3123
DM-2.3858,lakme-9-to-5-cc-complexion-care-cream-30g,Lakme 9 To 5 CC+ Complexion Care Cream 30g,beauty-skincare,Skin Care,30g,145,,53,,3125
DM-2.3361,lakme-9-to-5-sun-expert-super-matte-sunscrem-spf-50-50ml,Lakme 9 To 5 Sun Expert Super Matte Sunscrem Spf 50 50ml,beauty-skincare,Skin Care,50ml,215,,30,,3127
DM-2.336,lakme-9-to-5-sun-expert-super-matte-sunscrem-spf30-50ml,Lakme 9 To 5 Sun Expert Super Matte Sunscrem spf30 50ml,beauty-skincare,Skin Care,50ml,205,,15,,3128
DM-2.3777,lakme-9to5-skin-styllist-collection-cc-cream-30gm,Lakme 9to5 Skin Styllist Collection Cc Cream 30gm,beauty-skincare,Skin Care,30g,135,,20,,3129
DM-1.1476,lakme-spf-50-100ml,Lakme SPf 50 100ml,beauty-skincare,Makeup & Nail Care,100ml,925,,15,,3141
DM-2.3776,lakme-blush-glow-face-mask-all-flv,Lakme Blush&glow Face Mask All Flv,beauty-skincare,Skin Care,1 pc,450,,50,,3132
DM-2.432,lakme-face-compact-power-40gm,Lakme Face Compact Power 40gm,beauty-skincare,Makeup & Nail Care,40g,445,,15,,3133
DM-2.3773,lakme-forever-matte-compact-9gm,Lakme Forever Matte Compact 9gm,beauty-skincare,Makeup & Nail Care,9g,160,,24,,3134
DM-2.2123,lakme-true-wear-nail-color-9ml,Lakme True Wear Nail Color 9ml,beauty-skincare,Makeup & Nail Care,9ml,145,,9,,3144
DM-10.546,lantu-pop-earse-stamp,Lantu Pop Earse + Stamp,stationery,"Pens, Pencils & Erasers",1 pc,40,,44,,3150
DM-2.3936,lasya-matte-liquid-eye-liner-5ml,Lasya Matte Liquid Eye Liner 5ml,beauty-skincare,Makeup & Nail Care,5ml,110,,39,,3157
DM-7.2346,lawrence-mills-corn-flakes-500g,Lawrence Mills Corn Flakes 500g,groceries,Breakfast & Cereals,500g,325,305,45,,3162
DM-7.1975,lawrence-mills-choco-crunch-375g,Lawrence Mills Choco Crunch 375g,snacks,Chocolates & Candy,375g,610,,8,,3161
DM-5.225,lays-mix-flavour-41-gm,Lays Mix Flavour 41 gm,snacks,"Chips, Namkeen & Snacks",41g,40,,59,yes,3165
DM-5.178,lays-mix-flavour-74gm,Lays Mix Flavour 74gm,snacks,"Chips, Namkeen & Snacks",74g,55,,58,yes,3166
DM-17.322,leidona-kata,Leidona Kata,ladies-wear,Jewellery,1 pc,225,195,34,,3171
DM-2.4021,leito-conditioning-styling-mousse-230ml,Leito Conditioning Styling Mousse 230ml,beauty-skincare,Skin Care,230ml,675,,21,,3177
DM-2.4051,leito-face-powder-spf25,Leito Face Powder spf25,beauty-skincare,Skin Care,1 pc,415,,57,,3178
DM-2.3341,leito-nail-poish-10ml,Leito Nail Poish 10ml,beauty-skincare,Skin Care,10ml,90,,43,,3181
DM-2.3943,leito-nail-polish-6ml,Leito Nail Polish 6ml,beauty-skincare,Makeup & Nail Care,6ml,120,,52,,3182
DM-4.198,lemon-squeezer-clever-cook,Lemon Squeezer Clever Cook,toys,Toys,1 pc,875,,34,,3186
DM-16.153,lemonz-nimbu-pani-600ml,Lemonz Nimbu Pani 600ml,beverages,Health & Energy Drinks,600ml,445,,19,,3187
DM-4.1359,let-s-cheers-thormas,Let's Cheers Thormas,kitchen-household,Bottles & Lunch Boxes,1 pc,570,,41,,3189
DM-5.1036,lexus-orange-cream-1kg,Lexus Orange Cream 1kg,beauty-skincare,Skin Care,1kg,1940,,11,,3192
DM-1.115,lifebuoy-germ-protection-handwash-175ml,Lifebuoy Germ Protection Handwash 175ml,beauty-skincare,Bath & Body,175ml,200,,32,yes,3196
DM-1.2347,lifebuoy-germ-protection-handwash-buy-2-get-1-175ml,Lifebuoy Germ Protection Handwash Buy 2 Get 1 175ml,beauty-skincare,Bath & Body,175ml,180,,39,,3197
DM-1.1302,lifebuoy-germ-protection-hand-wash-675ml,Lifebuoy Germ Protection Hand Wash 675ml,beauty-skincare,Bath & Body,675ml,635,,47,,3194
DM-1.1983,lifebuoy-care-skin-protection-100g-400gm,Lifebuoy Care Skin Protection 100g*400gm,beauty-skincare,Bath & Body,100g,140,,36,,3195
DM-1.1984,lifebuoy-germ-protection-nature-100gm-400g,Lifebuoy Germ Protection Nature 100gm*400g,beauty-skincare,Bath & Body,100g,120,,48,yes,3198
DM-9.854,light-ronaldo-messi,Light Ronaldo / Messi,electronics,Lights & Electricals,1 pc,330,,21,,3204
DM-9.805,light-star,Light Star,electronics,Lights & Electricals,1 pc,390,,47,,3205
DM-7.3843,local-egg-30pcs,Local Egg 30pcs,dairy-frozen,Eggs & Meat,30 pcs,475,,33,,3239
DM-7.4578,local-faim-timur-ko-chop-200gm,Local Faim Timur Ko Chop 200gm,groceries,"Sauces, Pickles & Spreads",200g,130,,47,,3246
DM-1.1497,lordent-2in1-tooth-paste-active-herbal-protection-100gm,Lordent 2in1 Tooth paste\Active Herbal Protection 100gm,beauty-skincare,Oral Care,100g,135,,19,,3270
DM-2.2848,lords-24-hr-shea-moisturzing-100gm,Lords 24 Hr Shea Moisturzing 100gm,beauty-skincare,Skin Care,100g,305,,34,,3271
DM-2.2859,lords-coffe-facewash-100ml,Lords Coffe Facewash 100ml,beauty-skincare,Skin Care,100ml,340,275,11,,3275
DM-2.2861,lords-deep-moisturizing-cold-cream-100g,Lords Deep Moisturizing Cold Cream 100g,beauty-skincare,Bath & Body,100g,140,,45,,3276
DM-2.2846,lords-pollution-protect-suncream-spf-50-100ml,Lords Pollution Protect Suncream Spf 50 100ml,beauty-skincare,Skin Care,100ml,290,,21,,3284
DM-2.2804,loreal-paris-4-natural-brown100-72ml,Loreal Paris 4 Natural brown100+72ml,beauty-skincare,Hair Care,72ml,215,,36,,3297
DM-2.2644,loreal-paris-color-excllence-creme-3-16-burgundy-100g,Loreal Paris Color Excllence Creme 3.16 Burgundy 100g,beauty-skincare,Skin Care,100g,505,,14,,3290
DM-2.2642,loreal-paris-color-excllence-creme-4-25ml100g,Loreal Paris Color Excllence Creme 4.25ml100g,beauty-skincare,Skin Care,100g,530,,18,,3291
DM-2.2722,loreal-paris-excellence-color-6-13,Loreal Paris Excellence Color 6.13,beauty-skincare,Hair Care,1 pc,505,,41,,3302
DM-2.3263,loreal-paris-excellence-creme-100-72ml,Loreal Paris Excellence Creme 100+72ml,beauty-skincare,Skin Care,72ml,405,,19,,3303
DM-1.1849,loreal-paris-hyaluron-pure-340ml,Loreal Paris Hyaluron Pure 340ml,beauty-skincare,Skin Care,340ml,1360,1210,58,,3306
DM-5.83-2,lotte-choco-pie-real-orange-flv450g,Lotte Choco Pie Real Orange flv450g,dairy-frozen,"Bread, Cakes & Bakery",450g,205,,18,,3320
DM-5.192,lotte-choco-pie-cocoa-pie-168-g,Lotte Choco Pie Cocoa Pie 168 g,dairy-frozen,"Bread, Cakes & Bakery",168g,85,,17,,3319
DM-5.8-2,lotte-chocopie-premium-quality,Lotte Chocopie Premium Quality,dairy-frozen,"Bread, Cakes & Bakery",1 pc,75,,16,,3321
DM-5.935,lotte-xylitol-cool-chewing-all-flv,Lotte Xylitol Cool Chewing All Flv,snacks,Chocolates & Candy,1 pc,105,,12,,3323
DM-2.1442,lotus-herbal-neem-facewash50g,Lotus Herbal Neem facewash50g,beauty-skincare,Skin Care,50g,200,,40,,3333
DM-2.2917,lotus-herbala-safe-sun-silk-touch-mattifying-uvcream70g-spf50,Lotus Herbala Safe Sun Silk Touch Mattifying UVcream70g spf50,beauty-skincare,Skin Care,70g,235,,49,,3336
DM-2.2291,lotus-herbals-cherry-lip-mix-flv-4g,Lotus Herbals Cherry Lip Mix Flv 4g,groceries,"Dry Fruits, Nuts & Seeds",4g,60,,49,,3338
DM-2.408-2,lotus-herbals-safe-sun-spf-70,Lotus Herbals Safe Sun Spf 70,beauty-skincare,Skin Care,1 pc,475,,48,,3346
DM-2.1715,lotus-herbals-sheamoiste-moisturise120g,Lotus Herbals Sheamoiste moisturise120g,beauty-skincare,Skin Care,120g,400,,45,,3348
DM-2.41-2,lotus-herbals-uv-screen-mattel-gel-spf-50,Lotus Herbals UV Screen Mattel Gel Spf 50,beauty-skincare,Skin Care,1 pc,460,,8,,3351
DM-2.4,lotus-herbals-whiteglow-gel-cream-60g,Lotus Herbals WhiteGlow Gel Cream 60g,beauty-skincare,Skin Care,60g,195,180,10,,3356
DM-2.145,lotus-herbals-youtherx-anti-ageing50g-spf25,Lotus Herbals YoutherX Anti Ageing50g spf25,beauty-skincare,Skin Care,50g,180,,28,,3358
DM-2.2143,lotus-herbals-papaya-blem-50g,Lotus Herbals Papaya Blem 50g,beauty-skincare,Skin Care,50g,190,,50,,3343
DM-2.144,lotus-herbals-safe-sun-men-advanced-100g,Lotus Herbals Safe Sun Men Advanced 100g,beauty-skincare,Skin Care,100g,295,,35,,3344
DM-2.1517,lotus-herbals-safesun-uv-screen-mattegel-spf50-50g,Lotus Herbals safeSun Uv Screen matteGel spf50 50g,beauty-skincare,Skin Care,50g,190,,56,,3347
DM-2.1716,lotus-herbals-whiteglow-facial-foam100g,Lotus Herbals whiteGlow Facial foam100g,beauty-skincare,Skin Care,100g,295,,8,,3355
DM-2.1026,lotus-herbalsnutramoist-daily-moisturising-cream,Lotus HerbalsNutramoist Daily Moisturising Cream,beauty-skincare,Skin Care,1 pc,400,,27,,3362
DM-2.2302,lotus-professional-dermo-spa-night-creme-50g,Lotus Professional Dermo Spa Night Creme 50g,beauty-skincare,Skin Care,50g,180,,53,,3372
DM-2.3662,lotus-professional-retemin-plant-retino-boost-day-creme-50g,Lotus Professional Retemin Plant Retino Boost Day Creme 50g,beauty-skincare,Skin Care,50g,195,,30,,3374
DM-2.3663,lotus-professional-retemin-plant-retino-boost-night-creme-50g,Lotus Professional Retemin Plant Retino Boost Night Creme 50g,beauty-skincare,Skin Care,50g,180,,45,,3375
DM-2.1975,lotus-professional-anti-ageimg-day-cream-50g,Lotus Professional Anti Ageimg Day Cream 50g,beauty-skincare,Skin Care,50g,195,,32,,3369
DM-2.2081,lotus-professional-deep-moisturising-creme-50gm,Lotus Professional Deep Moisturising Creme 50gm,beauty-skincare,Skin Care,50g,185,,17,,3367
DM-2.1985,lotus-herbals-white-glow-deep-moisturising-cream-40gm,Lotus Herbals White Glow Deep Moisturising Cream 40gm,beauty-skincare,Skin Care,40g,150,,52,,3352
DM-2.263-2,lotus-herbals-white-glow-deep-moisurising-spf20-crem-60g,Lotus Herbals White Glow Deep Moisurising spf20 Crem 60g,beauty-skincare,Skin Care,60g,225,,54,,3353
DM-2.3771,lotus-herbals-whiteglow-gel-creme-spf25-60gm,Lotus Herbals Whiteglow Gel Creme spf25 60gm,beauty-skincare,Skin Care,60g,200,175,56,,3357
DM-2.4067,lotus-naturals-bb-white-glow-powder-spf-25,Lotus Naturals Bb White Glow Powder Spf 25,beauty-skincare,Skin Care,1 pc,480,,35,,3364
DM-2.2915,lotus-professiona-whitening-brightening-50g-cream-spf-25,Lotus Professiona Whitening &Brightening 50g Cream Spf 25,beauty-skincare,Skin Care,50g,215,,54,,3366
DM-2.1976,lotus-professional-anti-blemish-creme-50g,Lotus Professional Anti Blemish Creme 50g,beauty-skincare,Skin Care,50g,185,160,14,,3370
DM-2.1439,lotus-safe-sun-skin-lightening-spf30-50g,Lotus Safe Sun Skin Lightening spf30 50g,beauty-skincare,Skin Care,50g,210,,50,,3377
DM-2.4045,lotus-white-glow-compact-powder,Lotus White Glow Compact Powder,beauty-skincare,Makeup & Nail Care,1 pc,335,270,58,,3378
DM-5.812,love-cany-200gm,Love Cany 200gm,snacks,Chocolates & Candy,200g,350,295,8,,3382
DM-2.2665,love-warmth-hair-masque-damage-keratin-400ml,Love Warmth Hair Masque Damage Keratin 400ml,beauty-skincare,Hair Care,400ml,390,,34,,3389
DM-17.266,love-desing-kata,Love Desing Kata,ladies-wear,Jewellery,1 pc,250,,39,,3384
DM-9.65,lucency-gear-plane-no-8817,Lucency Gear Plane No.8817,toys,Toys,1 pc,790,665,31,,3393
DM-1.1567,lux-fresh-glow-lotus-400gm,Lux Fresh Glow Lotus 400gm,beauty-skincare,Bath & Body,400g,425,,20,,3404
DM-7.38,m-s-mahashree-furandana-425gm,M/S Mahashree Furandana 425gm,snacks,"Chips, Namkeen & Snacks",425g,230,,58,,3411
DM-7.3667,m-s-mahashree-namkin-500g,M/S Mahashree Namkin 500g,snacks,"Chips, Namkeen & Snacks",500g,310,,31,,3412
DM-7.3669,m-s-mahashree-namkin-majedar-mix-260gm,M/S Mahashree Namkin Majedar Mix 260gm,snacks,"Chips, Namkeen & Snacks",260g,165,,23,,3413
DM-7.3668,m-s-mahashree-namkin-sadabahar-mix-640gm,M/S Mahashree Namkin Sadabahar Mix 640gm,snacks,"Chips, Namkeen & Snacks",640g,390,,8,,3414
DM-7.426-2,mana-chhurra-chhurpi-100g,MANA Chhurra Chhurpi 100g,dairy-frozen,"Milk, Butter & Cheese",100g,120,,15,,3533
DM-7.3972,mf-mahashree-majadar-mix-namking-125gm,MF Mahashree Majadar Mix Namking 125gm,snacks,"Chips, Namkeen & Snacks",125g,95,,55,,3610
DM-7.397-2,mf-mahashree-sadabhar-namking-180gm,MF Mahashree Sadabhar Namking 180gm,snacks,"Chips, Namkeen & Snacks",180g,130,,58,,3611
DM-7.3969,mf-mahashree-sadabhar-namking-310gm,MF Mahashree Sadabhar Namking 310gm,snacks,"Chips, Namkeen & Snacks",310g,190,,30,,3612
DM-7.3968,mf-mahashree-sadabhar-namking-640gm,MF Mahashree Sadabhar Namking 640gm,snacks,"Chips, Namkeen & Snacks",640g,320,,31,,3613
DM-2.2578,mg-goldline-sun-creen-spf70-spf100ml,MG Goldline Sun Creen spf70 SPF100ml,beauty-skincare,Skin Care,100ml,290,,9,,3625
DM-7.613,maas-daal-1kg,Maas Daal 1kg,groceries,Dal & Pulses,1kg,205,,25,,3415
DM-7.3673,maas-geda-1kg,Maas Geda 1kg,groceries,Spices & Masala,1kg,455,,18,,3416
DM-2.2481,mac-campact-powder-bo-na-30g,Mac Campact Powder BO.NA 30g,beauty-skincare,Makeup & Nail Care,30g,620,,42,,3417
DM-5.809,madoc-mesco-luxury-royal-lakme-400gm,"Madoc mesco,luxury,royal,lakme 400gm",beauty-skincare,Makeup & Nail Care,400g,3150,,38,,3431
DM-5.915,madoc-royal-lacmi-250g,Madoc royal/lacmi 250g,groceries,Spices & Masala,250g,135,110,21,,3432
DM-9.434,magic-bean-go-homes,Magic Bean Go Homes,groceries,Dal & Pulses,1 pc,165,140,51,,3440
DM-2.3671,magic-lip-oli-no-336,Magic Lip Oli No 336,beauty-skincare,Makeup & Nail Care,1 pc,385,350,59,,3444
DM-9.866,magnetic-building-cudesc001y,Magnetic Building CudesC001Y,toys,Toys,1 pc,885,,44,,3447
DM-9.932,magnetic-flexible-building-rods-yh608,Magnetic Flexible Building Rods Yh608,toys,Toys,1 pc,755,,32,,3448
DM-7.4111,mahashree-sadabahar-mix-640gm,Mahashree Sadabahar Mix 640gm,snacks,"Chips, Namkeen & Snacks",640g,390,,35,,3449
DM-7.4796,maiju-ko-timur-chhop-200gm,Maiju Ko Timur Chhop 200gm,groceries,"Sauces, Pickles & Spreads",200g,130,,26,,3459
DM-9.597,mailipox-cutting-fruits-set-m3069-34,Mailipox Cutting Fruits Set M3069-34,toys,Toys,1 pc,785,,15,,3460
DM-9.596,mailipox-doctor-set-m3069-12,Mailipox Doctor Set M3069-12,toys,Toys,1 pc,810,,56,,3462
DM-9.476,mailipox-ham-burger-set-m3077-4,Mailipox Ham Burger Set m3077-4,toys,Toys,1 pkt,755,680,22,,3461
DM-7.607,makkai-1kg,Makkai 1kg,groceries,Rice & Grains,1kg,215,,25,,3467
DM-16.271,mala-s-mango-crush-750ml,Mala's Mango Crush 750ml,beverages,Juices & Squash,750ml,135,,8,,3468
DM-16.273,malas-blueberry-crush-750ml,Malas Blueberry Crush 750ml,beverages,Juices & Squash,750ml,115,,14,,3469
DM-16.272,malas-kiwi-crush-750ml,Malas Kiwi Crush 750ml,beverages,Juices & Squash,750ml,140,,42,,3470
DM-16.282,malas-strawberry-crush-750ml,Malas Strawberry Crush 750ml,beverages,Juices & Squash,750ml,115,,43,,3471
DM-1.122-2,mama-earth-anti-mosquito-fabric-roll-on-8ml,Mama Earth Anti Mosquito Fabric Roll On 8ml,cleaning,Fresheners & Repellents,8ml,30,,49,,3472
DM-2.2396,mama-earth-hydra-gel-indian-suncreen-50g,Mama Earth Hydra Gel Indian Suncreen 50g,beauty-skincare,Skin Care,50g,200,,31,,3486
DM-2.3144,mama-earth-bye-bye-dark-circles-eye-cream-20gm,Mama Earth Bye Bye Dark Circles Eye Cream 20gm,beauty-skincare,Skin Care,20g,120,,49,,3480
DM-3.403,mama-earth-mineral-based-suncreen-for-babies-50g,Mama Earth Mineral Based Suncreen For Babies 50g,beauty-skincare,Skin Care,50g,185,,17,,3487
DM-1.1221,mama-earth-mosquito-repellent-24-patches,Mama Earth Mosquito Repellent 24 Patches,cleaning,Fresheners & Repellents,1 pc,230,,55,,3474
DM-3.398,mamaearth-natural-mosquito-repellent-100ml,MamaEarth Natural Mosquito Repellent 100ml,cleaning,Fresheners & Repellents,100ml,100,,12,,3519
DM-3.402,mamaearth-natural-mosquito-repellent-gel-50ml,MamaEarth Natural Mosquito Repellent Gel 50ml,cleaning,Fresheners & Repellents,50ml,65,,9,,3520
DM-3.455,mamaearth-moisturizing-daily-lotion-200ml,MamaEarth Moisturizing Daily Lotion 200ml,beauty-skincare,Skin Care,200ml,510,470,48,,3516
DM-3.456,mamaearth-moisturizing-daily-lotion400ml,MamaEarth Moisturizing Daily lotion400ml,beauty-skincare,Skin Care,400ml,890,745,38,,3517
DM-3.644,mamaearth-natural-breathe-easy-vapour-patches,Mamaearth Natural Breathe Easy Vapour Patches,beauty-skincare,Skin Care,1 pc,480,,46,,3518
DM-1.403,mamy-poko-pants-s4,Mamy Poko Pants S4,baby-care,Diapers & Wipes,1 pc,670,,25,,3531
DM-1.168,mamy-poko-pants-xxl7,Mamy Poko Pants XXL7,baby-care,Diapers & Wipes,1 pc,700,,53,,3532
DM-7.2935,manali-pani-puri-300gm,Manali Pani Puri 300gm,snacks,"Chips, Namkeen & Snacks",300g,185,,53,,3535
DM-7.4571,manali-pani-puri-700gm,Manali Pani Puri 700gm,snacks,"Chips, Namkeen & Snacks",700g,375,,20,,3536
DM-7.442-2,manali-panipuri-150gm,Manali Panipuri 150gm,snacks,"Chips, Namkeen & Snacks",150g,110,,45,,3537
DM-7.4717,mangalam-aata-1kg,Mangalam Aata 1kg,groceries,Rice & Grains,1kg,215,,50,,3538
DM-7.4715,mangalam-aata-2kg,Mangalam Aata 2kg,groceries,Rice & Grains,2kg,425,,32,,3539
DM-7.4718,mangalam-aata-5kg,Mangalam Aata 5kg,groceries,Rice & Grains,5kg,935,,44,,3540
DM-7.122,mangaldeep-agarbatti-trisara-180,Mangaldeep Agarbatti Trisara 180,gifts-puja,Puja Items,1 pkt,75,,30,,3541
DM-7.4607,mangaldeep-scent-3-in-1,Mangaldeep Scent 3 In 1,beauty-skincare,Fragrance & Deodorant,1 pc,490,460,24,,3543
DM-2.1615,manicure-set-62017-3,Manicure Set 62017-3,beauty-skincare,Makeup & Nail Care,1 pc,325,260,24,,3545
DM-5.776,marshallow-ausman-30gm,Marshallow Ausman 30gm,snacks,Chocolates & Candy,30g,65,,43,,3550
DM-7.271,maseura-local-200g-pack,Maseura Local 200g Pack,groceries,Dal & Pulses,200g,70,65,35,,3557
DM-7.484-2,master-chef-black-kismis-200gm,Master Chef Black Kismis 200gm,groceries,"Dry Fruits, Nuts & Seeds",200g,355,,29,,3559
DM-7.1993,maxipan-red-cherry-without-stem-850g,Maxipan Red Cherry Without Stem 850g,groceries,"Dry Fruits, Nuts & Seeds",850g,1080,,56,,3579
DM-2.2224,maybelline-baby-color-lips,Maybelline Baby Color Lips,beauty-skincare,Makeup & Nail Care,1 pc,525,,56,,3581
DM-2.2182,maybelline-lasting-fix-loose-powder-40g,Maybelline Lasting Fix Loose Powder 40g,beauty-skincare,Makeup & Nail Care,40g,655,,15,,3582
DM-2.2183,maybelline-dream-compact-powder-10gm,Maybelline Dream Compact Powder 10gm,beauty-skincare,Makeup & Nail Care,10g,265,210,48,,3583
DM-4.1479,mensturation-heating-pad,Mensturation Heating Pad,health-hygiene,Feminine Hygiene,1 pc,190,155,38,,3597
DM-5.711,mentos-mint-37-5g-strawberry,Mentos Mint 37.5g/Strawberry,snacks,Chocolates & Candy,37.5g,85,,37,,3599
DM-5.758,mentosh-rainbow-mini-10gm,Mentosh Rainbow Mini 10gm,snacks,Chocolates & Candy,10g,20,,27,,3600
DM-9.827,mike,Mike,toys,Toys,1 pc,940,,39,,3632
DM-21.126,milky-bites-strawberry-iml-500ml,Milky Bites Strawberry Iml 500ml,dairy-frozen,Ice Cream & Frozen,500ml,235,,14,,3642
DM-21.136,milky-bites-vanilla-creamy-iceream-bliss,Milky Bites Vanilla Creamy Iceream Bliss,dairy-frozen,Ice Cream & Frozen,1 pc,260,,37,,3644
DM-10.276,mini-dairy,Mini Dairy,home-living,Everyday Essentials,1 pc,155,145,18,,3662
DM-9.93,mini-plane-no-2622-12,Mini Plane No.2622-12,toys,Toys,1 pc,515,,31,,3666
DM-4.1261,mini-massager-gun-203,Mini Massager gun-203,electronics,Personal Care Appliances,1 pc,1030,,8,,3665
DM-9.657,minico-multi-jig-cube-puzzue-9-pcs-mi-003,Minico Multi Jig Cube Puzzue 9 pcs mi-003,toys,Toys,9 pcs,890,,15,,3674
DM-9.811,mirron-small,Mirron Small,home-living,Storage & Organisers,1 pc,240,,28,,35
DM-2.4007,miss-glam-lipgloss,Miss Glam Lipgloss,beauty-skincare,Makeup & Nail Care,1 pc,390,,49,,3684
DM-7.3563,misty-cutting-mishri-500gm,Misty Cutting Mishri 500gm,groceries,"Salt, Sugar & Jaggery",500g,55,,33,,3703
DM-7.3596,misty-cutting-mishri-200gm,Misty Cutting Mishri 200gm,groceries,"Salt, Sugar & Jaggery",200g,30,,41,,3702
DM-7.3552,misty-flex-seeds-200gm,Misty Flex Seeds 200gm,groceries,"Dry Fruits, Nuts & Seeds",200g,335,,41,,3713
DM-7.3553,misty-flex-seeds-500gm,Misty Flex Seeds 500gm,groceries,"Dry Fruits, Nuts & Seeds",500g,815,,9,,3714
DM-7.355,misty-jwano-100gm,Misty Jwano 100gm,groceries,Spices & Masala,100g,80,,44,,3715
DM-7.3537,misty-kismish-100gm,Misty Kismish 100gm,groceries,"Dry Fruits, Nuts & Seeds",100g,190,160,8,,3723
DM-7.3538,misty-kismish-200gm,Misty Kismish 200gm,groceries,"Dry Fruits, Nuts & Seeds",200g,385,,38,,3724
DM-7.3539,misty-kismish-500gm,Misty Kismish 500gm,groceries,"Dry Fruits, Nuts & Seeds",500g,680,,44,,3725
DM-7.3541,misty-laung-100gm,Misty Laung 100gm,groceries,Spices & Masala,100g,70,,45,,3726
DM-7.354,misty-laung-50gm,Misty Laung 50gm,groceries,Spices & Masala,50g,45,,59,,3727
DM-7.3564,misty-methi-100gm,Misty Methi 100gm,groceries,Spices & Masala,100g,70,60,15,,3729
DM-7.3565,misty-methi-500gm,Misty Methi 500gm,groceries,Spices & Masala,500g,290,,59,,3730
DM-7.3566,misty-panchforaan-100gm,Misty Panchforaan 100gm,groceries,Spices & Masala,100g,75,,32,,3738
DM-7.3548,misty-sauf-100gm,Misty Sauf 100gm,groceries,Spices & Masala,100g,65,,11,,3747
DM-7.3549,misty-saunf-500gm,Misty Saunf 500gm,snacks,Chocolates & Candy,500g,810,,35,,3748
DM-7.3546,misty-sukmel-100gm,Misty Sukmel 100gm,groceries,Spices & Masala,100g,60,,58,,3749
DM-7.3545,misty-sukmel-50gm,Misty Sukmel 50gm,groceries,Spices & Masala,50g,45,,15,,3750
DM-7.3559,misty-vip-garam-mashala-100gm,Misty VIP Garam Mashala 100gm,groceries,Spices & Masala,100g,75,,55,,3754
DM-7.3561,misty-white-teel-100gm,Misty White Teel 100gm,groceries,Spices & Masala,100g,80,65,14,,3758
DM-7.3562,misty-white-teel-500gm,Misty White Teel 500gm,groceries,Spices & Masala,500g,235,,13,,3759
DM-7.4006,misty-black-kishmis-100gm,Misty Black Kishmis 100gm,groceries,"Dry Fruits, Nuts & Seeds",100g,200,,59,,3692
DM-7.4007,misty-black-kishmis-200gm,Misty Black Kishmis 200gm,groceries,"Dry Fruits, Nuts & Seeds",200g,400,,14,,3693
DM-7.4008,misty-black-kishmis-500gm,Misty Black Kishmis 500gm,groceries,"Dry Fruits, Nuts & Seeds",500g,675,,42,,3694
DM-7.368,misty-chiya-seed-100gm,Misty Chiya Seed 100gm,groceries,"Dry Fruits, Nuts & Seeds",100g,230,,31,,3698
DM-7.3681,misty-chiya-seed-200gm,Misty Chiya Seed 200gm,groceries,"Dry Fruits, Nuts & Seeds",200g,375,,21,,3699
DM-7.3856,misty-chiya-seed-500gm,Misty Chiya Seed 500gm,groceries,"Dry Fruits, Nuts & Seeds",500g,700,665,23,,3700
DM-7.4243,misty-cooking-soda-40gm,Misty Cooking Soda 40gm,groceries,Cooking Essentials,40g,40,,26,,3701
DM-7.4086,misty-dry-khurbani-200gm,Misty Dry Khurbani 200gm,groceries,"Dry Fruits, Nuts & Seeds",200g,365,,19,,3709
DM-7.408,misty-dry-kiwi-100gm,Misty Dry Kiwi 100gm,groceries,"Dry Fruits, Nuts & Seeds",100g,210,,18,,3710
DM-7.4079,misty-dry-kiwi-200gm,Misty Dry Kiwi 200gm,groceries,"Dry Fruits, Nuts & Seeds",200g,395,,17,,3711
DM-7.4082,misty-dry-mango-200gm,Misty Dry Mango 200gm,groceries,Fruits & Vegetables,200g,45,,12,,3712
DM-7.4744,misty-kismis-500gm-jar,Misty Kismis 500gm Jar,kitchen-household,Bottles & Lunch Boxes,500g,255,,48,,3722
DM-7.4087,misty-makhana-60gm,Misty Makhana 60gm,snacks,"Chips, Namkeen & Snacks",60g,50,,44,,3728
DM-7.4242,misty-mishri-500gm,Misty Mishri 500gm,groceries,"Salt, Sugar & Jaggery",500g,60,,59,,3731
DM-7.4241,misty-wallnut-fruit-200gm,Misty Wallnut Fruit 200gm,groceries,"Dry Fruits, Nuts & Seeds",200g,380,,26,,3755
DM-7.424,misty-wallnut-fruit-500gm,Misty Wallnut Fruit 500gm,groceries,"Dry Fruits, Nuts & Seeds",500g,685,,28,,3756
DM-7.612,mix-daal-1-kg,Mix Daal 1 kg,groceries,Dal & Pulses,1kg,195,165,26,,3769
DM-2.564,moming-bud-cotton-balls,Moming Bud Cotton Balls,health-hygiene,Health & Wellness,1 pkt,250,,17,,3777
DM-9.417,monster-jeep,Monster Jeep,toys,Toys,1 pc,885,,35,,3779
DM-22.55,moochine-healthy-growth-all-flv-85g,Moochine Healthy Growth All Flv 85g,home-living,Everyday Essentials,85g,80,,37,,3780
DM-4.1152,moon-star-salai-rs50,Moon Star Salai rs50,kitchen-household,Kitchen Tools,1 pack,45,,10,,3781
DM-2.354-2,moov-spray-35g,Moov Spray 35g,health-hygiene,Health & Wellness,35g,70,,49,,3786
DM-1.235,mortein-all-insect-2in1-killer-600ml,Mortein All Insect 2in1-Killer 600ml,cleaning,Fresheners & Repellents,600ml,350,,27,,3796
DM-1.246,mother-s-choice-new-born-xs-40pcs,"Mother""s Choice New Born Xs 40pcs",baby-care,Diapers & Wipes,40 pcs,595,,51,,3800
DM-17.227,moti-top,Moti Top,ladies-wear,Jewellery,1 pc,260,,10,,3804
DM-1.1473,mr-muscle-floor-claener1ltr,Mr Muscle Floor Claener1ltr,cleaning,"Floor, Toilet & Glass Cleaners",1L,245,,12,,3822
DM-1.2354,mr-genje-hand-wash-250ml,Mr Genje Hand Wash 250ml,beauty-skincare,Bath & Body,250ml,290,,28,,3817
DM-2.3822,multi-purpose-novo-blusher-4-1gm,Multi Purpose Novo Blusher 4.1gm,beauty-skincare,Makeup & Nail Care,4.1g,90,,48,,3835
DM-3.623,mumlove-baby-oral-aspirator-3-months,Mumlove Baby Oral Aspirator 3+Months,baby-care,Baby Accessories,1 pc,450,,57,,3854
DM-3.334,mumlove-baby-silcone-spoon-d6318-2,Mumlove Baby Silcone Spoon D6318-2,baby-care,Baby Accessories,1 pc,475,,33,,3848
DM-3.641,mumlove-baby-simple-nasal-aspirator-a1032-a,Mumlove Baby Simple Nasal Aspirator A1032-A,baby-care,Baby Accessories,1 pc,415,,26,,3856
DM-3.319,mumlove-baby-fruit-feeder-p6105,Mumlove Baby Fruit Feeder P6105,baby-care,Baby Accessories,1 pc,440,,52,,3852
DM-3.325,mumlove-colorful-silicon-teethea1091,Mumlove Colorful Silicon teetheA1091,baby-care,Baby Accessories,1 pc,465,400,47,,3865
DM-3.408,mumlove-silicone-pacifier-p1039,Mumlove Silicone Pacifier p1039,baby-care,Baby Accessories,1 pc,445,375,17,,3872
DM-3.389,mumlove-sleeping-style-pacifierno-p3639,Mumlove Sleeping Style PacifierNO.p3639,baby-care,Baby Accessories,1 pc,425,,40,,3873
DM-3.316,mumlove-soother-pacifier-0-months,Mumlove Soother Pacifier 0+ Months,baby-care,Baby Accessories,1 pc,420,,43,,3874
DM-3.538,mumlove-standrd-neck-nipple-2pcno-6109,Mumlove Standrd Neck Nipple 2pcNO.6109,baby-care,Baby Accessories,1 pc,420,,42,,3876
DM-3.347,mumlove-sweet-pacifier-p3636-8-month,Mumlove Sweet Pacifier p3636-8+month,baby-care,Baby Accessories,1 pc,475,405,57,,3877
DM-3.351,mumlove-wide-neck-2pc-nipple-6111,Mumlove Wide Neck 2pc Nipple-6111,baby-care,Baby Accessories,2 pc,400,,18,,3849
DM-3.318,mumlove-cute-baby-fruit-feeder-p6103,Mumlove Cute Baby Fruit Feeder P6103,baby-care,Baby Accessories,1 pc,420,,32,,3867
DM-3.317,mumlove-fork-spoon-set-d6303,Mumlove Fork & Spoon Set D6303,baby-care,Baby Accessories,1 pc,405,,10,,3870
DM-3.122,mumlove-standard-neck-nipple-s-m-l,Mumlove Standard Neck Nipple S.M.L,baby-care,Baby Accessories,1 pc,420,,50,,3875
DM-9.73-2,music-dance-robot-mix,Music & Dance Robot Mix,toys,Toys,1 box,870,,40,,3888
DM-7.4393,mutton-khurak-40gm,Mutton Khurak 40gm,groceries,Spices & Masala,40g,40,,58,,3891
DM-7.4184,mutton-sukuti-180gm,Mutton Sukuti 180gm,snacks,"Chips, Namkeen & Snacks",180g,120,,21,,3892
DM-17.285,mx-dou-baby-set-clip,Mx Dou Baby Set Clip,ladies-wear,Hair Accessories,1 pack,80,,32,,3894
DM-10.269,my-melodt-note505-2,My Melodt Note505-2,stationery,Notebooks & Paper,1 pc,130,,54,,3898
DM-5.492,my-chewy-corn-mix-gelly-300g,My Chewy Corn Mix Gelly 300g,snacks,Chocolates & Candy,300g,435,,25,,3896
DM-7.1751,n-p-f-chicken-vegetable-mushroom-soup-45g,N P F Chicken /vegetable /mushroom Soup 45g,groceries,"Noodles, Pasta & Soup",45g,20,,45,,3899
DM-2.3085,n-professional-sun-screen-matte-cream100ml-spf60,N+ Professional Sun Screen Matte Cream100ml spf60,beauty-skincare,Skin Care,100ml,315,,8,,3907
DM-2.3088,n-professional-under-eye-cream-15ml,N+ Professional Under Eye Cream 15ml,beauty-skincare,Skin Care,15ml,90,,54,,3903
DM-5.1,nestle-lactogen-3,NESTLE LACTOGEN 3,baby-care,Baby Food & Formula,1 pc,840,,39,,3981
DM-1.372,new-hit-black-625ml,NEW HIT BLACK 625ml,cleaning,Fresheners & Repellents,625ml,420,,26,,3995
DM-1.373,new-hit-black-400ml,NEW HIT BLACk 400ml,cleaning,Fresheners & Repellents,400ml,250,,31,,3994
DM-2.661,nivea-lip-care-all-flv-shine-4-8gm,NIVEA LIP CARE ALL FLV SHINE 4.8GM,beauty-skincare,Makeup & Nail Care,4.8g,105,,48,,4056
DM-2.794,nivea-men-fresh-active-roll-on,NIVEA MEN Fresh Active Roll On,beauty-skincare,Men's Grooming,1 pc,305,,39,yes,4067
DM-2.793,nivea-energy-fresh-black-white-roll-on,NIVEA Energy Fresh / Black & White Roll On,beauty-skincare,Fragrance & Deodorant,1 pc,500,,35,,4049
DM-1.1028,nine-ultra-thin-dc-ns-xl-pads-6s-heavy-flow,NIne Ultra Thin DC/NS XL+ Pads 6s Heavy Flow,health-hygiene,Feminine Hygiene,6 pcs,200,190,19,,4025
DM-7.2326,npf-barari-egg-veg-chowmein-350gm,NPF Barari Egg / Veg Chowmein 350gm,groceries,"Noodles, Pasta & Soup",350g,110,,34,,4101
DM-1.2243,npi-premium-tissuse-box,NPI Premium Tissuse Box,home-living,Storage & Organisers,1 pack,490,,53,,4107
DM-2.1353,nail-cutter-2023-1,Nail Cutter 2023-1,beauty-skincare,Makeup & Nail Care,1 pc,380,,52,,3914
DM-2.1481,nail-cutter-5001-13,Nail Cutter 5001-13,beauty-skincare,Makeup & Nail Care,1 pc,360,,45,,3915
DM-2.3132,nail-cutter-5002-1,Nail Cutter 5002-1,beauty-skincare,Makeup & Nail Care,1 pc,340,,48,,3916
DM-2.3131,nail-cutter-5002-2,Nail Cutter 5002-2,beauty-skincare,Makeup & Nail Care,1 pc,340,,39,,3917
DM-2.1751,nail-clipper-a7808w,Nail Clipper A7808W,beauty-skincare,Makeup & Nail Care,1 pc,365,,42,,3912
DM-2.175,nail-clipper-p216b,Nail Clipper P216B,beauty-skincare,Makeup & Nail Care,1 pc,325,,56,,3913
DM-2.3817,nail-cutter-no-1391,Nail Cutter No 1391,beauty-skincare,Makeup & Nail Care,1 pc,375,,10,,3918
DM-2.3581,naked-4-setting-spray-75ml,Naked 4 Setting Spray 75ml,beauty-skincare,Makeup & Nail Care,75ml,685,,17,,3921
DM-10.304,nano-double-sided-tape,Nano Double Sided Tape,stationery,School & Office Supplies,1 pc,155,130,22,,3924
DM-10.305,nano-tape-double-sided-3-6mm,Nano Tape Double Sided 3.6mm,stationery,School & Office Supplies,1 pc,165,,25,,3925
DM-10.432,naruto-pokemon-card,Naruto / Pokemon Card,gifts-puja,Gifts & Party,1 pc,220,,42,,3928
DM-4.294,natural-bamboo-coaster-6pcs-set,Natural Bamboo-coaster 6pcs/set,kitchen-household,Dinnerware & Serving,6 pcs,460,,55,,3931
DM-2.31-2,natures-cocoa-bright-bodty-lotion-100ml,Natures Cocoa Bright Bodty Lotion 100ml,beauty-skincare,Skin Care,100ml,340,,57,,3934
DM-2.3101,natures-cocoa-bright-bodty-lotion-400ml,Natures Cocoa Bright Bodty Lotion 400ml,beauty-skincare,Skin Care,400ml,1070,900,51,,3935
DM-2.187,navaratna-oil-50ml,Navaratna Oil 50ml,beauty-skincare,Hair Care,50ml,95,,31,,3940
DM-2.178,navaratna-oil-90ml,Navaratna Oil 90ml,beauty-skincare,Hair Care,90ml,140,,48,,3941
DM-2.177,navratna-oil-200ml,Navratna Oil 200ml,beauty-skincare,Hair Care,200ml,235,,14,,3942
DM-2.2826,navratna-oil-450ml,Navratna Oil 450ml,beauty-skincare,Hair Care,450ml,480,,59,,3943
DM-16.249,nawon-basil-seed-290ml,Nawon Basil Seed 290ml,beverages,Juices & Squash,290ml,55,45,11,,3944
DM-4.113,needle-thread-set-suedhago,Needle Thread Set Suedhago,home-living,"Tools, Hardware & Auto",1 pc,340,,36,,3947
DM-5.332,nestle-barone-12g,Nestle BarOne 12g,snacks,Chocolates & Candy,12g,35,,42,,3966
DM-5.235,nestle-barone-20gm,Nestle BarOne 20gm,snacks,Chocolates & Candy,20g,60,55,18,,3967
DM-5.77,nestle-ceregrow-2-6-years,Nestle Ceregrow 2-6 Years,baby-care,Baby Food & Formula,1 pc,1000,920,57,,3968
DM-5.243,nestle-cerelac-5grains-fruits-stage-5,Nestle Cerelac 5Grains & Fruits Stage 5,baby-care,Baby Food & Formula,1 pc,910,,44,,3969
DM-5.1-2,nestle-cerelac-weat-apple-1,Nestle Cerelac Weat Apple 1,baby-care,Baby Food & Formula,1 pc,920,,14,,3971
DM-5.9,nestle-cerelac-wheat-apple-cherry-2,Nestle Cerelac Wheat Apple Cherry 2,groceries,"Dry Fruits, Nuts & Seeds",1 pc,340,275,35,,3973
DM-5.6,nestle-cerelac-multi-grain-fruits-4,Nestle Cerelac Multi Grain & Fruits 4,baby-care,Baby Food & Formula,1 pc,850,,53,,3970
DM-5.61,nestle-gold-crunchy-corn-oat-flakes-475g,Nestle Gold Crunchy Corn Oat Flakes 475g,groceries,Breakfast & Cereals,475g,315,,30,,3975
DM-5.86-2,nestle-kitkat28-5g,Nestle KitKat28.5g,snacks,Chocolates & Candy,28.5g,65,,9,,3978
DM-5.195,nestle-kitkat-11-9g,Nestle Kitkat 11.9g,snacks,Chocolates & Candy,11.9g,35,,57,yes,3977
DM-5.135,nestle-kitkat38-5g-rs50,Nestle Kitkat38.5g rs50,snacks,Chocolates & Candy,38.5g,55,,33,,3979
DM-5.5,nestle-lactogen-2,Nestle Lactogen 2,baby-care,Baby Food & Formula,1 pc,875,,46,,3980
DM-5.2,nestle-lactogen-4,Nestle Lactogen 4,baby-care,Baby Food & Formula,1 pc,875,,8,,3982
DM-5.206,nestle-munch-10-1g,Nestle Munch 10.1g,snacks,Chocolates & Candy,10.1g,35,,57,,3987
DM-5.236,nestle-munch-20-1g,Nestle Munch 20.1g,snacks,Chocolates & Candy,20.1g,60,,48,,3988
DM-5.494,nestle-kit-kat-rs100,Nestle Kit Kat rs100,snacks,Chocolates & Candy,1 pc,90,,16,,3976
DM-5.9-2,nestle-munch-max-42g,Nestle Munch Max 42g,snacks,Chocolates & Candy,42g,85,,37,,3986
DM-1.1513,new-hit-200ml,New Hit 200ml,cleaning,Fresheners & Repellents,200ml,175,,19,,3991
DM-1.1021,new-hit-625ml,New Hit 625ml,cleaning,Fresheners & Repellents,625ml,345,305,13,,3990
DM-1.23,new-hit-anti-roach-gel-16-25g,New Hit Anti Roach Gel 16.25g,cleaning,Fresheners & Repellents,16.25g,40,,30,,3992
DM-1.1839,new-hit-anti-roach-gel-9-95gm,New Hit Anti Roach Gel 9.95gm,cleaning,Fresheners & Repellents,9.95g,35,,29,,3993
DM-1.385,new-hit-red-400ml,New Hit Red 400ml,cleaning,Fresheners & Repellents,400ml,250,,21,,3996
DM-1.1444,new-red-hit-200ml,New Red Hit 200ml,cleaning,Fresheners & Repellents,200ml,160,,16,,3998
DM-2.1448,newlook-hair-tretment-cream-250ml,NewLook Hair Tretment Cream 250ml,beauty-skincare,Hair Care,250ml,305,250,55,,4005
DM-7.2998,newari-sahi-pulao-basmati-rise-1kg,Newari Sahi Pulao Basmati Rise 1kg,groceries,Rice & Grains,1kg,245,,28,,4000
DM-2.3121,newlook-vegetable-glycerin-gel-60gm,Newlook Vegetable Glycerin Gel 60gm,beauty-skincare,Bath & Body,60g,80,,40,,4008
DM-2.1927,newlook-vegetable-glycerine-100ml,Newlook Vegetable Glycerine 100ml,beauty-skincare,Bath & Body,100ml,130,,32,,4009
DM-2.3818,nice-mirro-small,Nice Mirro Small,home-living,Home Decor & Furnishing,1 pack,420,,8,,4010
DM-7.768,nilon-s-garlic-ginger-paste-200g,"Nilon""s Garlic/Ginger Paste 200g",groceries,Spices & Masala,200g,135,,32,,4013
DM-16.175,nimbu-pani-2-5-ltr,Nimbu Pani 2.5 ltr,beverages,Health & Energy Drinks,2.5L,1710,,54,,4014
DM-1.1191,nine-dry-comfort-ultra-thinxl15pad,Nine Dry Comfort Ultra thinXL15pad,health-hygiene,Feminine Hygiene,1 pc,175,,54,,4016
DM-1.1162,nine-dry-comfort-ultra-thinxl50pad,Nine Dry Comfort Ultra thinXL50pad,health-hygiene,Feminine Hygiene,1 pc,195,180,44,,4017
DM-1.1503,nine-dry-comfortxl6pads275mm,Nine Dry ComfortXL6pads275mm,health-hygiene,Feminine Hygiene,1 pc,175,,46,,4018
DM-1.1192,nine-naturally-soft-ultra-thinxl15pad,Nine Naturally Soft Ultra thinXL15pad,health-hygiene,Feminine Hygiene,1 pc,180,,50,,4022
DM-1.1163,nine-naturally-soft-50pad,Nine Naturally Soft 50pad,health-hygiene,Feminine Hygiene,1 pc,185,,13,,4019
DM-17.353,ning-meng-hair-accessory-ref-6655,Ning Meng Hair Accessory REF: 6655,ladies-wear,Hair Accessories,1 pc,75,,24,,4026
DM-2.398-2,nisha-multani-mitti-papaya-face-fack-powder,Nisha Multani Mitti Papaya Face Fack Powder,beauty-skincare,Skin Care,1 pc,445,390,25,,4028
DM-2.3799,nishaevery-silk-argan-oli50ml,NishaEvery Silk Argan oli50ml,beauty-skincare,Hair Care,50ml,95,90,54,,4030
DM-2.22-2,nitro-canada-hair-wax-mix-all,Nitro Canada Hair Wax Mix All,beauty-skincare,Skin Care,1 pc,480,,47,,4031
DM-2.1077,nivea-cream-150ml,Nivea Cream 150ml,beauty-skincare,Bath & Body,150ml,165,,8,yes,4042
DM-2.1433,nivea-cream-25ml,Nivea Cream 25ml,beauty-skincare,Bath & Body,25ml,50,,25,,4043
DM-2.167-2,nivea-cream-30ml,Nivea Cream 30ml,beauty-skincare,Bath & Body,30ml,50,40,46,,4044
DM-2.3661,nivea-cream-blue-100ml,Nivea Cream Blue 100ml,beauty-skincare,Bath & Body,100ml,130,,26,yes,4046
DM-2.714,nivea-dry-comfort-rollon-50ml,Nivea Dry Comfort Rollon 50ml,beauty-skincare,Fragrance & Deodorant,50ml,245,,28,yes,4048
DM-2.156-2,nivea-extra-white-radiant-smooth-uv-filter-100ml,Nivea Extra White Radiant & Smooth Uv Filter 100ml,beauty-skincare,Bath & Body,100ml,115,,11,,4051
DM-2.71,nivea-fresh-natural-rollon-50ml-black-and-white-50ml,Nivea Fresh Natural Rollon 50ml\Black And White 50ml,beauty-skincare,Fragrance & Deodorant,50ml,245,,19,yes,4055
DM-2.1079,nivea-men-anti-acne-oc-facial-foam-100g,Nivea Men Anti-Acne OC Facial Foam 100g,beauty-skincare,Men's Grooming,100g,210,,20,,4059
DM-2.2707,nivea-men-balsamo-after-shave-hidratante-100ml,Nivea Men Balsamo After Shave Hidratante 100ml,beauty-skincare,Men's Grooming,100ml,240,,39,,4060
DM-2.721,nivea-men-cool-kick-rollon-50ml,Nivea Men Cool Kick Rollon 50ml,beauty-skincare,Men's Grooming,50ml,125,,10,,4062
DM-2.72,nivea-men-dry-impact-plus-rollon-50ml,Nivea Men Dry Impact Plus Rollon 50ml,beauty-skincare,Men's Grooming,50ml,125,,41,yes,4064
DM-2.713,nivea-men-whitening-brightening-rollon-50ml,Nivea Men Whitening/Brightening Rollon 50ml,beauty-skincare,Men's Grooming,50ml,125,105,11,,4075
DM-2.307-2,nivea-men-hydra-max-deep-clean-facial-foam-100g,Nivea Men Hydra Max Deep Clean Facial Foam 100g,beauty-skincare,Men's Grooming,100g,220,,21,yes,4069
DM-2.192,nivea-soft-moisturizing-cream-100ml,Nivea Soft Moisturizing Cream 100ml,beauty-skincare,Bath & Body,100ml,135,,26,yes,4081
DM-2.1078,nivea-soft-moisturizing-cream-200ml,Nivea Soft Moisturizing Cream 200ml,beauty-skincare,Bath & Body,200ml,230,,41,yes,4082
DM-2.1076,nivea-soft-moisturizng-cream-50ml,Nivea Soft Moisturizng Cream 50ml,beauty-skincare,Bath & Body,50ml,80,,19,,4084
DM-2.3801,nivea-soft-moisturizng-cream-50ml-spf-15,Nivea Soft Moisturizng Cream 50ml Spf 15,beauty-skincare,Bath & Body,50ml,80,,11,yes,4083
DM-2.709,nivea-whitening-protect-care-rollon-50ml,Nivea Whitening /protect $ Care Rollon 50ml,beauty-skincare,Fragrance & Deodorant,50ml,235,,31,,4096
DM-2.711,nivea-extra-whitening-white-firm-rollon-50ml,Nivea Extra whitening/ White & Firm Rollon 50ml,beauty-skincare,Fragrance & Deodorant,50ml,230,,58,,4053
DM-2.187-2,nivea-men-sensitive-deep-comfort-after-shave-lotion-100ml,Nivea Men Sensitive /Deep Comfort After Shave Lotion 100ml,beauty-skincare,Men's Grooming,100ml,230,205,8,,4074
DM-2.3342,nivea-men-cool-kick-extra-dry-spary-150ml,Nivea Men Cool Kick Extra Dry Spary 150ml,beauty-skincare,Men's Grooming,150ml,315,,36,yes,4061
DM-2.1613,nivea-men-deep-impact-rollon-50ml,Nivea Men Deep Impact Rollon 50ml,beauty-skincare,Men's Grooming,50ml,125,,31,yes,4063
DM-2.1542,nivea-men-protecting-fresh-coolsaving-form-200ml,Nivea Men Protecting /fresh &coolsaving Form 200ml,beauty-skincare,Men's Grooming,200ml,345,,11,yes,4073
DM-2.2152,nivea-men-silver-protect-protect-care-rollon-50ml,Nivea Men Silver Protect /protect&care Rollon 50ml,beauty-skincare,Men's Grooming,50ml,135,,24,yes,4057
DM-2.2008,nivea-pearl-white-micro-bubbles-deep-clean-100g,Nivea Pearl White Micro Bubbles Deep Clean 100g,beauty-skincare,Bath & Body,100g,130,,11,yes,4078
DM-2.1434,nivea-soft-light-moisturise-25ml,Nivea Soft Light Moisturise 25ml,beauty-skincare,Bath & Body,25ml,45,,54,,4080
DM-2.3809,nivea-soft-playful-peach-pomegranate-cream-50ml,Nivea Soft Playful peach/pomegranate Cream 50ml,beauty-skincare,Bath & Body,50ml,85,,55,,4085
DM-2.3808,nivea-soft-turn-on-your-charm-with-play-ful-peach-200ml,Nivea Soft Turn On Your Charm With Play Ful Peach 200ml,beauty-skincare,Bath & Body,200ml,210,,35,yes,4086
DM-2.2332,nivea-sun-kids-protect-care-spf-50-200ml,Nivea Sun KIds Protect &care Spf 50 200ml,beauty-skincare,Skin Care,200ml,590,,42,yes,4087
DM-2.1177,nivea-sun-protect-moisture-spf30-125ml-blue,Nivea Sun Protect & Moisture spf30 125ml Blue,beauty-skincare,Skin Care,125ml,360,,11,yes,4088
DM-2.3075,nivea-sun-protect-moisture-spf-50-125ml,Nivea Sun Protect Moisture Spf 50+125ml,beauty-skincare,Skin Care,125ml,410,380,24,,4089
DM-4.1284,number-look-17-d,Number Look 17 D,toys,Toys,1 pc,945,,30,,4115
DM-4.1283,number-look-simple,Number Look Simple,toys,Toys,1 pc,905,,38,,4116
DM-2.83,nupur-herbal-henna-50g,Nupur HErbal Henna 50g,beauty-skincare,Hair Care,50g,95,75,11,,4118
DM-7.2994,nutella-hazelnut-180gm,Nutella Hazelnut 180gm,groceries,"Sauces, Pickles & Spreads",180g,175,,49,,4120
DM-5.714,nutricia-farex-1,Nutricia Farex 1,baby-care,Baby Food & Formula,1 pack,950,,56,,4122
DM-5.715,nutricia-farex-2gentle-powder,Nutricia Farex 2Gentle Powder,baby-care,Baby Food & Formula,1 pc,860,,24,,4123
DM-5.733,nutricia-farex-3,Nutricia Farex 3,baby-care,Baby Food & Formula,1 pc,950,,27,,4124
DM-2.1203,nycil-cool-classic-with-minthol-150g,Nycil Cool Classic With Minthol 150g,beauty-skincare,Bath & Body,150g,155,,15,,4127
DM-2.1518,nycil-cool-germ-expert-powder-150g,Nycil Cool Germ Expert Powder 150g,beauty-skincare,Bath & Body,150g,155,130,25,,4128
DM-16.268,okf-aloevera-king-500ml,OKF Aloevera King 500ml,beverages,Juices & Squash,500ml,95,,20,,4145
DM-1.38,oks-microfiber-wash-mitt-glove,OKS Microfiber Wash Mitt Glove,ladies-wear,Clothing,1 pkt,895,735,36,,4153
DM-7.3932,oasella-hazelnut-cream-300gm,Oasella Hazelnut Cream 300gm,beauty-skincare,Skin Care,300g,715,,22,,4129
DM-5.884,oat-crisp-oat-coated-peanut-crisp-180gm,Oat Crisp ( Oat Coated Peanut Crisp ) 180gm,groceries,Breakfast & Cereals,180g,170,,13,,4130
DM-1.471,odomos-mosquito-repellent-cream-50g,Odomos Mosquito Repellent Cream 50g,cleaning,Fresheners & Repellents,50g,60,,35,,4132
DM-1.116,odonil-zipper-soulful-jasmine10g,Odonil Zipper Soulful Jasmine10g,cleaning,"Floor, Toilet & Glass Cleaners",10g,40,,48,,4134
DM-4.1288,oks-multi-purpose-cleaning-cloth-3-pcs,Oks Multi Purpose Cleaning Cloth 3 pcs,cleaning,"Floor, Toilet & Glass Cleaners",3 pcs,235,,14,,4154
DM-1.2076,oks-multi-purpose-cleaning-cloth-5-1,Oks Multi Purpose Cleaning Cloth 5+1,cleaning,"Floor, Toilet & Glass Cleaners",1 pc,240,,53,,4155
DM-1.783,oks-multi-purpose-cleaning-cloth-6030,Oks Multi Purpose Cleaning Cloth 6030,cleaning,"Floor, Toilet & Glass Cleaners",1 pc,265,,47,,4156
DM-1.745,oks-sponge-scourer-4253-3pcs,Oks Sponge Scourer 4253 3pcs,cleaning,Dishwash,3 pcs,105,,42,,4157
DM-9.915,onshine-spray-bubble-9289,Onshine SPray Bubble 9289,toys,Toys,1 pc,845,725,50,,4170
DM-7.1611,oreo-choco-creme-biskuts-rs25,Oreo Choco Creme Biskuts Rs25,beauty-skincare,Skin Care,1 pc,60,,20,,4172
DM-7.695,oreo-original-choco-120g,Oreo original/choco 120g,snacks,Chocolates & Candy,120g,220,,28,yes,4173
DM-16.5,org-redbull-250ml,Org- Redbull 250ml,beverages,Health & Energy Drinks,250ml,275,,33,,4175
DM-2.2025,ossum-body-mist-mix-120ml,Ossum Body Mist Mix 120ml,beauty-skincare,Fragrance & Deodorant,120ml,545,450,48,,4183
DM-2.3717,ossum-olive-oil-100ml,Ossum Olive Oil 100ml,groceries,Oil & Ghee,100ml,80,,15,,4185
DM-2.3267,ossum-rollon-all-flv-50ml,Ossum Rollon All Flv 50ml,beauty-skincare,Fragrance & Deodorant,50ml,265,,32,,4187
DM-2.3565,ossum-sakura-blossom-body-mist-250ml,Ossum Sakura Blossom Body Mist 250ml,beauty-skincare,Fragrance & Deodorant,250ml,910,795,49,,4188
DM-2.3214,oxy-brightening-cream-spf50-50gm,Oxy Brightening Cream SPF50+ 50gm,beauty-skincare,Skin Care,50g,190,175,17,,4195
DM-7.827,parle-g-250g,PARLE G 250g,snacks,Biscuits & Cookies,250g,125,,51,yes,4268
DM-7.1728,parle-hide-seek-choco-roll125g,PARLE hide@seek Choco roll125g,snacks,Chocolates & Candy,125g,225,,53,yes,4277
DM-24.77,pf-white-lachha-parotha-400g,PF White Lachha Parotha 400g,dairy-frozen,Ice Cream & Frozen,400g,240,,30,,4396
DM-6.49,porto-valdouro-tawny-750ml,PORTO Valdouro Tawny 750ml,liquor-smoking,"Whisky, Rum & Spirits",750ml,2660,2150,51,,4512
DM-6.317,paan-manara-permium-french-molasses,Paan Manara Permium French Molasses,liquor-smoking,Hookah & Smoking,1 pc,370,,55,,4198
DM-7.146-2,paicho-hot-sweet-sause-500g,Paicho Hot & Sweet Sause 500g,groceries,"Sauces, Pickles & Spreads",500g,280,,51,,4206
DM-7.172,paicho-chuk-amilo-250g,Paicho Chuk Amilo 250g,groceries,Spices & Masala,250g,135,,19,,4202
DM-7.1429,paicho-tomato-puree800gm,Paicho Tomato puree800gm,groceries,"Dry Fruits, Nuts & Seeds",800g,1060,,40,,4219
DM-9.859,paino-no8899-18,Paino no8899-18=,toys,Toys,1 pc,880,,28,,4222
DM-1.2161,palmolive-luminous-oils-hand-wash-750ml,Palmolive Luminous Oils Hand Wash 750ml,beauty-skincare,Bath & Body,750ml,695,,44,,4224
DM-2.2283,pamacare-rose-water250ml,Pamacare Rose Water250ml,beauty-skincare,Skin Care,250ml,595,,54,,4226
DM-1.1455,pantene-hair-science-silky-smooth-340ml,Pantene Hair Science Silky Smooth 340ml,beauty-skincare,Hair Care,340ml,340,,46,,4234
DM-7.333,parachute-aarati-kapur,Parachute Aarati Kapur,beauty-skincare,Hair Care,1 pkt,350,,38,,4236
DM-2.3032,parachute-amla-hair-oli-fall-control-300ml,Parachute Amla Hair Oli Fall Control 300ml,beauty-skincare,Hair Care,300ml,340,285,21,,4239
DM-2.75,parachute-coconut-oil-175ml,Parachute Coconut Oil 175ml,beauty-skincare,Hair Care,175ml,220,,31,,4242
DM-2.751,parachute-coconut-oil-90ml,Parachute Coconut Oil 90ml,beauty-skincare,Hair Care,90ml,135,,13,,4243
DM-2.1087,parachute-deep-conditioning-hot-oil-190ml,Parachute Deep Conditioning Hot Oil 190ml,beauty-skincare,Hair Care,190ml,245,,17,,4244
DM-2.1088,parachute-deep-conditioning-hot-oil-90ml,Parachute Deep Conditioning Hot Oil 90ml,beauty-skincare,Hair Care,90ml,150,135,32,,4245
DM-2.2819,parachute-jasmine-oli90ml,Parachute Jasmine Oli90ml,beauty-skincare,Hair Care,90ml,140,,12,,4249
DM-2.694,paracute-advanced-jasmine-oil-50ml,Paracute Advanced Jasmine Oil 50ml,groceries,Rice & Grains,50ml,60,,23,,4253
DM-3.5,paraute-baby-soup-75gm,Paraute Baby Soup 75gm,groceries,"Noodles, Pasta & Soup",75g,35,,9,,4255
DM-2.1565,park-avenue-original-collection-all-flev-150ml,Park Avenue Original Collection All Flev 150ml,beauty-skincare,Men's Grooming,150ml,325,,28,,4259
DM-2.1566,park-avenue-signaturecollection-mix-flvr-100ml,Park Avenue Signaturecollection Mix Flvr 100ml,beauty-skincare,Men's Grooming,100ml,235,200,11,,4261
DM-2.3734,park-avenue-for-her-allure-flv-100ml,Park Avenue For Her Allure Flv 100ml,beauty-skincare,Fragrance & Deodorant,100ml,405,,24,,4257
DM-7.2545,parle-g-56g-rs5,Parle -G 56g rs5,snacks,Biscuits & Cookies,56g,10,,31,,4263
DM-7.1152,parle-g-500g,Parle G 500g,snacks,Biscuits & Cookies,500g,255,,59,,4269
DM-7.1147,parle-happy-happy-150g,Parle Happy Happy 150g,snacks,Biscuits & Cookies,150g,90,,21,,4272
DM-7.714,parle-hide-seek-bourbon-70g,Parle Hide & Seek Bourbon 70g,snacks,Biscuits & Cookies,70g,45,,28,,4274
DM-7.2938,parle-hide-and-serek-bourbon-150gm,Parle Hide And Serek Bourbon 150gm,snacks,Biscuits & Cookies,150g,95,,38,yes,4276
DM-5.699,parle-kaccha-mango-bite198g,Parle Kaccha Mango bite198g,snacks,Chocolates & Candy,198g,360,,30,,4278
DM-7.1287,parle-kreams-gold-orange-105g,Parle Kreams Gold Orange 105g,snacks,Biscuits & Cookies,105g,70,60,46,,4281
DM-7.1286,parle-kreams-gold-pineaple-105g,Parle Kreams Gold Pineaple 105g,snacks,Biscuits & Cookies,105g,65,,11,yes,4282
DM-7.1244,parle-kreams-gold-elaichi,Parle Kreams Gold Elaichi,snacks,Biscuits & Cookies,1 pc,55,,29,yes,4280
DM-7.626,parle-marie-250g,Parle Marie 250g,snacks,Biscuits & Cookies,250g,145,,45,yes,4283
DM-7.111,parle-marie-50g-10,Parle Marie 50g*10,snacks,Biscuits & Cookies,50g,35,,26,yes,4284
DM-7.342,parle-nutricrunch-digestive100g,Parle Nutricrunch Digestive100g,snacks,Biscuits & Cookies,100g,60,,31,yes,4289
DM-7.1487,parle-hide-seek-choco-rolls-75g,Parle Hide & Seek Choco Rolls 75g,snacks,Chocolates & Candy,75g,150,,9,yes,4275
DM-7.1982,parle-monaco-rs10-packet,Parle Monaco rs10 Packet,snacks,Biscuits & Cookies,1 pkt,10,,40,,4287
DM-1.2007,parlede-toilet-gel-stamp-pld-021,Parlede Toilet Gel Stamp PLD-021,beauty-skincare,Skin Care,1 pc,415,,33,,4293
DM-1.68,paseo-extra-soft-toilet-roll-4s,Paseo Extra Soft Toilet Roll 4s,cleaning,Tissues & Paper,4 pcs,125,,18,,4300
DM-7.45-2,passpass-mouth-freshener-all-flv,Passpass Mouth Freshener All Flv,beauty-skincare,Oral Care,1 pc,120,105,41,,4305
DM-20.6,patanjali-aloevera-gel-150ml,Patanjali Aloevera Gel 150ml,beauty-skincare,Skin Care,150ml,415,,21,yes,4312
DM-20.3,patanjali-anti-bacterial-herbal-handwash-250ml,Patanjali Anti- Bacterial Herbal Handwash 250ml,beauty-skincare,Bath & Body,250ml,270,,49,yes,4315
DM-20.125,patanjali-chyawanpras-1-kg,Patanjali Chyawanpras 1 kg,health-hygiene,Health & Wellness,1kg,1020,,26,,4316
DM-20.126,patanjali-chyawanprash-500gm,Patanjali Chyawanprash 500gm,health-hygiene,Health & Wellness,500g,605,,9,yes,4317
DM-20.113,patanjali-coconut-oil-200ml,Patanjali Coconut Oil 200ml,beauty-skincare,Hair Care,200ml,220,200,34,,4318
DM-20.11,patanjali-dant-kanti-medicated-oral-gel-75g,Patanjali Dant Kanti Medicated Oral Gel 75g,beauty-skincare,Oral Care,75g,90,,22,,4322
DM-20.92,patanjali-herbal-hand-wash-200ml,Patanjali Herbal Hand Wash 200ml,beauty-skincare,Bath & Body,200ml,200,,47,yes,4336
DM-20.137,patanjali-herbal-wash-blue1kg,Patanjali Herbal Wash blue1kg,cleaning,"Floor, Toilet & Glass Cleaners",1kg,295,,57,yes,4306
DM-20.117,patanjali-herbal-wash-220g,Patanjali Herbal Wash 220g,cleaning,"Floor, Toilet & Glass Cleaners",220g,100,,8,yes,4307
DM-20.16,patanjali-kesh-kanti-natural-200ml,Patanjali Kesh Kanti Natural 200ml,beauty-skincare,Hair Care,200ml,235,220,22,,4346
DM-20.96,patanjali-kesh-kanti-anti-dandruff-450ml,Patanjali Kesh Kanti Anti -Dandruff 450ml,beauty-skincare,Hair Care,450ml,520,,45,,4337
DM-20.17,patanjali-kesh-kanti-anti-dandruff-200ml,Patanjali Kesh Kanti Anti Dandruff 200ml,beauty-skincare,Hair Care,200ml,240,,26,,4342
DM-20.91,patanjali-neen-kanti-150g,Patanjali Neen Kanti 150g,beauty-skincare,Bath & Body,150g,185,,30,yes,4349
DM-1.1966,patanjali-popular-powder-150gm,Patanjali Popular Powder 150gm,cleaning,Detergent & Laundry,150g,65,,44,,4351
DM-20.24,patanjali-popular-powder-2kg,Patanjali Popular Powder 2kg,cleaning,Detergent & Laundry,2kg,425,,58,,4352
DM-20.29,patanjali-popular-powder-400g,Patanjali Popular Powder 400g,cleaning,Detergent & Laundry,400g,120,,43,,4308
DM-20.122,patanjali-popular-powder-750g,Patanjali Popular Powder 750g,cleaning,Detergent & Laundry,750g,200,,30,yes,4353
DM-20.132,patanjali-saundary-alo-vera-gel-100ml,Patanjali Saundary Alo Vera Gel 100ml,beauty-skincare,Skin Care,100ml,290,,22,,4355
DM-20.97,patanjali-saundary-aloe-vera-gel-50ml,Patanjali Saundary Aloe Vera Gel 50ml,beauty-skincare,Skin Care,50ml,195,160,55,,4356
DM-20.123,patanjali-saundarya-facewash-50g,Patanjali Saundarya Facewash 50g,beauty-skincare,Skin Care,50g,180,,27,yes,4360
DM-20.106,patanjali-saundarya-neem-tulsi-facewash-100g,Patanjali Saundarya Neem Tulsi Facewash 100g,beauty-skincare,Skin Care,100g,330,,13,yes,4357
DM-7.335,patanjali-shuddha-shilajit-20g,Patanjali Shuddha Shilajit 20g,health-hygiene,Health & Wellness,20g,65,,47,,4362
DM-20.14,patanjali-sun-screen-cream-spf50-50gm,Patanjali Sun Screen Cream Spf50 50gm,beauty-skincare,Skin Care,50g,205,,11,yes,4363
DM-20.118,patanjali-superior-herbwash-250g,Patanjali Superior Herbwash 250g,cleaning,"Floor, Toilet & Glass Cleaners",250g,90,,16,,4367
DM-20.25,patanjali-superior-powder1kg,Patanjali Superior powder1kg,cleaning,Detergent & Laundry,1kg,280,,40,yes,4309
DM-20.33,patanjali-anti-bacterial-herbal-hand-wash-175ml,Patanjali Anti Bacterial Herbal Hand Wash 175ml,beauty-skincare,Bath & Body,175ml,175,,30,,4314
DM-20.143,patanjali-saundarya-aloe-vera-gel-kesar-chandan-150ml,Patanjali Saundarya Aloe Vera Gel Kesar Chandan 150ml,beauty-skincare,Skin Care,150ml,385,340,50,,4358
DM-20.151,patanjali-saundarya-shower-honey-kesar-250ml,Patanjali Saundarya Shower Honey&kesar 250ml,groceries,"Sauces, Pickles & Spreads",250ml,140,,32,,4361
DM-5.731,peanut-m-ms-45g,Peanut M&MS 45G,snacks,"Chips, Namkeen & Snacks",45g,40,,41,,4369
DM-5.26-2,pediasure-vanilla-delight-flavour-200g,PediaSure Vanilla Delight Flavour 200g,baby-care,Baby Food & Formula,200g,440,,39,,4373
DM-1.1598,pepsodent-40gm,Pepsodent 40gm,beauty-skincare,Oral Care,40g,55,,49,,4386
DM-1.1464,pepsodent-whitening-150gm,Pepsodent Whitening 150gm,beauty-skincare,Oral Care,150g,175,,59,,4392
DM-1.571,pepsodent-whitening-tooth-paste-80g,Pepsodent Whitening Tooth Paste 80g,beauty-skincare,Oral Care,80g,100,,26,,4391
DM-1.1749,phenyl-pink-1ltr,Phenyl Pink 1Ltr,cleaning,"Floor, Toilet & Glass Cleaners",1L,245,,25,,4397
DM-2.1306,pimple-clear-pin,Pimple Clear Pin,stationery,School & Office Supplies,1 pc,150,140,22,,4400
DM-2.3881,pimples-patch-star,Pimples Patch Star,home-living,Everyday Essentials,1 pc,230,,44,,4401
DM-7.4105,piri-piri-marinade-powder,Piri Piri Marinade Powder,groceries,Spices & Masala,1 pc,95,85,30,,4413
DM-1.424,pitambari-metal-clean-200g,Pitambari Metal Clean 200g,cleaning,Dishwash,200g,65,,31,,4415
DM-1.2329,pitambari-mantra-shree-200gm,Pitambari Mantra Shree 200gm,cleaning,Dishwash,200g,75,65,51,,4414
DM-17.54,pitpite-kata-white-pearl-single,Pitpite Kata White Pearl Single,ladies-wear,Jewellery,1 pc,135,,18,,4416
DM-9.531,playing-tas-bee,Playing Tas Bee,toys,Games & Puzzles,1 pc,500,,54,,4429
DM-2.3807,plom-body-lovin-body-mist-vanilla-caramello-50ml,Plom Body Lovin Body Mist Vanilla Caramello 50ml,beauty-skincare,Fragrance & Deodorant,50ml,265,,22,,39
DM-2.3805,plom-cerasense-mosturizing-creme-with-acai-nmf-1,Plom CeraSense Mosturizing Creme With Acai & NMF 1%,beauty-skincare,Skin Care,1 pc,415,,26,,4444
DM-2.3957,plom-body-lovin-body-mist-all-flv-100ml,Plom Body Lovin Body Mist All Flv 100ml,beauty-skincare,Fragrance & Deodorant,100ml,405,,46,,4433
DM-2.3744,plom-body-lovin-vanilla-caramello-50ml,Plom Body Lovin Vanilla Caramello 50ml,beauty-skincare,Fragrance & Deodorant,50ml,230,,21,,4437
DM-2.2897,plom-e-luminence-deep-moisturzing-cream-50ml,Plom e-Luminence Deep Moisturzing Cream 50ml,beauty-skincare,Skin Care,50ml,190,,36,,4448
DM-2.2244,ponds-acne-clear-anti-acne-facial-foam-100g,Ponds Acne Clear Anti Acne Facial Foam 100g,beauty-skincare,Skin Care,100g,330,,30,yes,4493
DM-2.379,ponds-age-miracle-day-cream-50g,Ponds Age Miracle Day Cream 50g,beauty-skincare,Skin Care,50g,175,,57,yes,4494
DM-2.3275,ponds-skin-bright-miracle-100gm,Ponds Skin Bright Miracle 100gm,beauty-skincare,Skin Care,100g,310,255,50,,4498
DM-2.3425,ponds-skin-institute-hyydra-miracle-100gm,Ponds Skin Institute Hyydra Miracle 100gm,beauty-skincare,Skin Care,100g,335,,33,,4502
DM-2.2905,ponds-skin-institute-hyydra-miracle-200gm,Ponds Skin Institute Hyydra Miracle 200gm,beauty-skincare,Skin Care,200g,480,420,27,,4503
DM-2.375,ponds-skin-institute-hydra-miracle-centle-gel-facewash-100gm,Ponds Skin Institute Hydra Miracle Centle Gel Facewash 100gm,beauty-skincare,Skin Care,100g,290,,26,yes,4499
DM-2.3949,ponds-skin-institute-hydra-miracle-light-moisturiser-50ml,Ponds Skin Institute Hydra Miracle Light Moisturiser 50ml,beauty-skincare,Skin Care,50ml,190,170,18,,4500
DM-2.3911,ponds-skin-institute-hydra-miracle-super-light-gel-50ml,Ponds Skin Institute Hydra Miracle Super Light Gel 50ml,beauty-skincare,Skin Care,50ml,170,,8,yes,4501
DM-7.2406,poshan-food-corn-grits-1kg-white-makai-aato,Poshan Food Corn Grits 1kg(white Makai Aato),groceries,Rice & Grains,1kg,230,200,17,,4522
DM-7.2378,poshan-food-fapar-aata-buck-wheat-1kg,Poshan Food Fapar Aata (Buck wheat)1kg,groceries,Rice & Grains,1kg,215,,8,,4523
DM-7.4054,poshan-food-makai-pitho-800-gm,Poshan Food Makai Pitho 800 gm,groceries,Rice & Grains,800g,170,,42,,4531
DM-7.238-2,poshan-food-rato-bodi-500g,Poshan Food Rato Bodi 500g,groceries,Dal & Pulses,500g,105,,55,,4535
DM-7.3285,poshan-food-siltung-500g,Poshan Food Siltung 500g,groceries,Rice & Grains,500g,135,,41,,4536
DM-7.3725,poshan-foods-mass-pitho-500gm,Poshan Foods Mass Pitho 500gm,groceries,"Atta, Flour & Sooji",500g,60,,56,,42
DM-7.2384,poshan-foods-gud-chaku-500g,Poshan Foods Gud (chaku)500g,groceries,"Salt, Sugar & Jaggery",500g,55,50,11,,4539
DM-7.3145,poshan-jau-ko-pitho-400gm,Poshan Jau Ko Pitho 400gm,groceries,"Atta, Flour & Sooji",400g,55,,18,,4542
DM-7.3518,poshan-makai-khaja-300gm,Poshan Makai Khaja 300gm,groceries,Rice & Grains,300g,100,,31,,4544
DM-7.3146,poshan-timur-geda-50gm,Poshan Timur Geda 50gm,groceries,Spices & Masala,50g,45,,39,,43
DM-7.2407,poshan-food-bal-bhojan-400gm,Poshan Food Bal Bhojan 400gm,baby-care,Baby Food & Formula,400g,715,,12,,4517
DM-7.2379,poshan-food-kodo-pitho-1kg,Poshan Food Kodo Pitho 1kg,groceries,Rice & Grains,1kg,215,,27,,4528
DM-7.3112,poshan-food-quati-500-gm,Poshan Food Quati 500 gm,groceries,Rice & Grains,500g,140,,35,,41
DM-7.3872,poshan-food-ban-silam-300gm,Poshan Food Ban Silam 300gm,groceries,Rice & Grains,300g,80,,34,,4518
DM-7.3351,poshan-food-chuk-amilo100g,Poshan Food Chuk amilo100g,groceries,Spices & Masala,100g,70,,32,,4521
DM-7.3809,poshan-food-fapar-chyakhla-500gm,Poshan Food Fapar Chyakhla 500gm,groceries,Rice & Grains,500g,125,110,30,,4525
DM-7.3808,poshan-food-green-kerau-500gm,Poshan Food Green Kerau 500gm,groceries,Dal & Pulses,500g,130,120,22,,4527
DM-7.3647,poshan-food-maas-pitho-500g,Poshan Food Maas Pitho 500g,groceries,"Atta, Flour & Sooji",500g,70,,33,,4529
DM-7.2385,poshan-foods-mix-sattu-500g,Poshan Foods Mix Sattu 500g,beverages,Health & Energy Drinks,500g,440,365,57,,4541
DM-7.2769,poshan-vango-200g,Poshan Vango 200g,groceries,"Dry Fruits, Nuts & Seeds",200g,390,,27,,4545
DM-7.4261,poshillio-kids-lito-super-porridge-750g,Poshillio Kids Lito Super Porridge 750g,baby-care,Baby Food & Formula,750g,1140,,32,,4546
DM-7.3888,poshillo-moms-delight-super-porridge-750gm,Poshillo Moms Delight Super Porridge 750gm,groceries,Cooking Essentials,750g,380,315,45,,4547
DM-7.3887,poshillo-multigrain-satu-750gm,Poshillo Multigrain Satu 750gm,beverages,Health & Energy Drinks,750g,615,,34,,4548
DM-7.3946,poshillo-protein-satu-instant-meal-750gm,Poshillo Protein + Satu Instant Meal 750gm,beverages,Health & Energy Drinks,750g,625,,42,,4550
DM-4.1246,potato-masher,Potato Masher,kitchen-household,Kitchen Tools,1 pc,220,,17,,4555
DM-1.814,pour-home-room-freshener-red-rose-48gm,Pour Home Room Freshener Red Rose 48gm,cleaning,Fresheners & Repellents,48g,60,55,36,,4559
DM-1.322,pour-home-room-freshener-rose-jasmine-130g,Pour Home Room Freshener rose/jasmine 130g,cleaning,Fresheners & Repellents,130g,125,,57,,4560
DM-7.645,pran-family-toast-200g,Pran Family /Toast 200g,dairy-frozen,"Bread, Cakes & Bakery",200g,100,,12,,4566
DM-16.3,pran-frooto-250ml,Pran Frooto 250ml,beverages,Juices & Squash,250ml,60,50,48,,4567
DM-7.2457,pran-krako-akbare-crunch-81g,Pran Krako Akbare Crunch 81g,snacks,"Chips, Namkeen & Snacks",81g,60,50,19,,4571
DM-16.274,pran-nata-floor-all-flv-250ml,Pran Nata Floor All Flv 250ml,beverages,Juices & Squash,250ml,60,,54,,4575
DM-7.4343,pran-premium-bake-rusk-170gm,Pran Premium Bake Rusk 170gm,dairy-frozen,"Bread, Cakes & Bakery",170g,85,,10,,4578
DM-2.2275,prem-dulhan-hair-henna-125g,Prem Dulhan Hair Henna 125g,beauty-skincare,Hair Care,125g,195,165,57,,4585
DM-7.3492,premia-paprika-powder-250gm,Premia Paprika Powder 250gm,groceries,Spices & Masala,250g,165,,13,,4587
DM-1.826,premium-room-spray-all-flvr,Premium Room Spray All Flvr,cleaning,Fresheners & Repellents,1 pc,200,,20,,4588
DM-9.668,pretty-girl-no-zq30332,Pretty Girl NO.ZQ30332,toys,Toys,1 pc,905,,57,,4592
DM-17.374,princess-side-clip-2pcs-set-big-size,Princess Side Clip 2pcs Set Big Size,ladies-wear,Hair Accessories,2 pcs,90,,58,,4593
DM-17.43,printed-bow-side-moti,Printed Bow Side Moti,ladies-wear,Jewellery,1 pc,255,,45,,4596
DM-7.4096,priyagold-crackle-coconut-300g,Priyagold Crackle Coconut 300g,snacks,Biscuits & Cookies,300g,160,140,40,,4603
DM-7.469,priyagold-marie-lite-144g,Priyagold Marie Lite 144g,snacks,Biscuits & Cookies,144g,90,75,24,,4605
DM-9.895,projwct-tubao-series-robot-no-1166,Projwct Tubao Series Robot no.1166,toys,Toys,1 pc,785,,26,,4608
DM-9.903,pujjale-bick-moto-racing-t8055,Pujjale Bick Moto Racing T8055,toys,Toys,1 pc,920,,38,,4612
DM-7.4056,pumpuri-mackerpels-in-tomato-saush-85g,PumPuri Mackerpels In Tomato Saush 85g,groceries,Fruits & Vegetables,85g,30,,41,,4615
DM-7.86,puorr-chicken-cube-pices,Puorr Chicken Cube Pices,toys,Toys,1 pc,805,655,33,,4616
DM-7.885,purnima-dhaniya-power-150g,Purnima Dhaniya Power 150g,groceries,Spices & Masala,150g,100,,56,,4621
DM-9.833,push-dinashor-jeep-9001a-12,Push Dinashor Jeep 9001a-12,toys,Toys,1 pc,840,,24,,4627
DM-7.459-2,pustakari-200gm,Pustakari 200gm,snacks,"Chips, Namkeen & Snacks",200g,140,,44,,4628
DM-24.33,quality-chicken-saussage250g,Quality Chicken Saussage250g,dairy-frozen,Ice Cream & Frozen,250g,175,,43,,4641
DM-24.5,quality-chicken-saussage-500g,Quality Chicken Saussage 500g,dairy-frozen,Ice Cream & Frozen,500g,240,,31,,4640
DM-7.3886,quati-250gm,Quati 250gm,groceries,Rice & Grains,250g,75,,40,,4642
DM-7.389-2,quati-400gm,Quati 400gm,groceries,Rice & Grains,400g,95,,55,,4643
DM-7.4632,r-r-kushal-vuja-300gm,R&R Kushal Vuja 300gm,snacks,"Chips, Namkeen & Snacks",300g,195,,26,,4651
DM-9.634,r-c-jeep-metal-no-690,R/C Jeep METAL NO.690,toys,Toys,1 pc,920,,25,,4656
DM-9.836,r-c-mini-model-jeep-no-cr-146,R/C Mini Model Jeep No.CR-146,toys,Toys,1 pc,495,,16,,4659
DM-9.868,r-c-off-road-climbing-king-608,R/C Off-Road Climbing King 608,toys,Toys,1 pc,830,,55,,4663
DM-9.719,r-c-stunt-twist-3255,R/C Stunt Twist 3255,toys,Toys,1 pc,915,825,53,,4668
DM-9.926,r-c-fast-manipulates-no-603,R/c Fast& Manipulates no.603,toys,Toys,1 pc,830,,11,,4658
DM-9.935,racing-collect-them-all-no-688,Racing Collect Them All no.688,toys,Toys,1 pc,845,,39,,4670
DM-9.943,racing-four-axils-ready-to-run,Racing Four Axils Ready-to-Run,toys,Toys,1 pc,760,,48,,4671
DM-7.4663,rakhshya-bandhan-dori-moti,Rakhshya Bandhan Dori Moti,gifts-puja,Puja Items,1 pc,85,,14,,4675
DM-7.4664,rakhshya-bandhan-dori-rudhrax-mix,Rakhshya Bandhan Dori Rudhrax Mix,gifts-puja,Puja Items,1 pc,85,,38,,4676
DM-7.3354,ramdana-geda-200g,Ramdana Geda 200g,groceries,Spices & Masala,200g,120,100,10,,4688
DM-1.175-2,ramsons-room-freshener-mix-200ml,Ramsons Room Freshener Mix 200ml,beauty-skincare,Fragrance & Deodorant,200ml,835,755,57,,4709
DM-2.3802,ramsons-pure-essence-urban-edge-noble-aura-100ml,Ramsons Pure essence/urban edge/ Noble Aura 100ml,beauty-skincare,Fragrance & Deodorant,100ml,400,370,54,,4712
DM-2.3286,ramsons-sandy-shose-100ml,Ramsons Sandy Shose 100ml,beauty-skincare,Fragrance & Deodorant,100ml,390,,59,,4713
DM-2.3846,ramsons-secret-code-dark-spray-200ml,Ramsons Secret Code Dark Spray 200ml,beauty-skincare,Fragrance & Deodorant,200ml,690,,55,,4715
DM-7.777,rasna-fruitplus-orange-mango-lemon-400g-pineaapple,Rasna Fruitplus orange/ Mango \LEMON 400G/Pineaapple,beverages,Health & Energy Drinks,400g,370,,25,,4726
DM-9.57,ratna-wooden-chakla-belan-set-no-1670,Ratna Wooden Chakla Belan Set NO.1670,kitchen-household,Kitchen Tools,1 pc,240,,34,,4740
DM-7.3942,ratna-malika-roasted-corn-mix-160gm,Ratna Malika Roasted Corn Mix 160gm,groceries,Rice & Grains,160g,60,,37,,4737
DM-7.3943,ratna-malika-roasted-corn-mix-320gm,Ratna Malika Roasted Corn Mix 320gm,groceries,Rice & Grains,320g,90,,29,,4738
DM-7.3936,ratna-malika-green-peas-160gm,Ratna Malika Green Peas 160gm,groceries,Dal & Pulses,160g,55,,20,,4731
DM-7.4025,ratna-malika-lakhamari-300gm,Ratna Malika Lakhamari 300gm,snacks,"Chips, Namkeen & Snacks",300g,175,,24,,4732
DM-7.3939,ratna-malika-pustakari-200gm,Ratna Malika Pustakari 200gm,snacks,"Chips, Namkeen & Snacks",200g,115,,17,,4733
DM-7.3941,ratna-malika-roasted-corn-plain-320gm,Ratna Malika Roasted Corn Plain 320gm,groceries,Rice & Grains,320g,80,,28,,4739
DM-6.199,red-label-200ml,Red Label 200ml,liquor-smoking,"Whisky, Rum & Spirits",200ml,940,860,31,,4761
DM-6.272,red-label-375ml,Red Label 375ml,liquor-smoking,"Whisky, Rum & Spirits",375ml,1430,1220,53,,4762
DM-6.197,red-label-750ml,Red Label 750ml,liquor-smoking,"Whisky, Rum & Spirits",750ml,2800,,32,,4764
DM-6.3-2,red-label-1ltr,Red Label 1ltr,liquor-smoking,"Whisky, Rum & Spirits",1L,3540,,54,,4760
DM-6.198,red-label-500ml,Red Label 500ml,liquor-smoking,"Whisky, Rum & Spirits",500ml,1650,,38,,4763
DM-16.164,redbull-krantingdaeng-250ml,RedBull Krantingdaeng 250ml,beverages,Health & Energy Drinks,250ml,255,,58,,4766
DM-5.619,rico-mango-mix-fruit-pudding-250g,Rico Mango Mix Fruit Pudding 250g,groceries,Fruits & Vegetables,250g,45,,54,,4774
DM-7.2827,rijals-rangila-furandana-450g,Rijals Rangila Furandana 450g,snacks,"Chips, Namkeen & Snacks",450g,230,210,16,,4788
DM-1.492,rin-fabric-whitener-500ml,Rin Fabric Whitener 500ml,cleaning,Detergent & Laundry,500ml,160,,49,,4792
DM-1.1518,rin-shakti-5-kg,Rin Shakti 5 kg,cleaning,Detergent & Laundry,5kg,1000,,23,,4793
DM-7.4438,roasted-green-kerau-170gm,Roasted Green Kerau 170gm,groceries,Dal & Pulses,170g,65,,28,,4803
DM-1.81,robin-liquid-blue-150ml,Robin Liquid Blue 150ml,cleaning,Detergent & Laundry,150ml,70,60,15,,4806
DM-1.82,robin-liquid-blue-75ml,Robin Liquid Blue 75ml,cleaning,Detergent & Laundry,75ml,45,,31,,4807
DM-2.3673,romantic-matte-lipgloss,Romantic Matte LipGloss,beauty-skincare,Makeup & Nail Care,1 pc,380,,56,,4816
DM-2.3466,romantic-may-mousse-liquid-blush,Romantic May Mousse Liquid Blush,beauty-skincare,Makeup & Nail Care,1 pc,310,,48,,4820
DM-2.3634,romantic-matte-velvet-liquid-blush-15ml,Romantic Matte Velvet Liquid Blush 15ml,beauty-skincare,Makeup & Nail Care,15ml,195,,23,,4818
DM-2.248-2,rose-red-gold-leaf,Rose Red /gold Leaf,gifts-puja,Gifts & Party,1 pc,235,,50,,4827
DM-17.147,rose-with-moti-jhumka-sadipin,Rose With Moti Jhumka Sadipin,ladies-wear,Jewellery,1 pc,220,,56,,4828
DM-9.62,rotation-acceleration-gyro-no-a138-51,Rotation Acceleration Gyro NO.A138-51,toys,Toys,1 pc,815,685,35,,4829
DM-4.105,round-shape-table-cloth-71cm,Round Shape Table Cloth 71CM,kitchen-household,Dinnerware & Serving,1 pc,460,,52,,4831
DM-9.807,round-sticker,Round Sticker,stationery,Art & Craft,1 pc,220,,31,,4832
DM-21.139,royal-bites-choco-vanilla-cone-110-ml,Royal Bites Choco Vanilla Cone 110 ml,snacks,Chocolates & Candy,110ml,215,,13,,4840
DM-21.7,royal-choco-highness-choco-vanilla-90,Royal Choco Highness / Choco Vanilla 90,snacks,Chocolates & Candy,1 pc,110,100,39,,4853
DM-7.4322,royal-ginder-pouder-160g,Royal Ginder Pouder 160g,groceries,Spices & Masala,160g,115,,14,,4855
DM-4.1321,royal-server-perk-wate-glass-rsgs203-201-202,Royal Server Perk Wate glass/RSGS203/201/202,kitchen-household,"Cups, Mugs & Glassware",1 pc,365,,47,,4833
DM-7.3915,royal-timur-chicken-chope-350g,Royal Timur-Chicken Chope 350g,groceries,"Sauces, Pickles & Spreads",350g,210,,41,,4863
DM-7.3916,royal-timur-fish-chope-200-g,Royal Timur-Fish Chope 200 g,groceries,"Sauces, Pickles & Spreads",200g,120,100,29,,4865
DM-7.3913,royal-timur-gundruk-chope-200-gm,Royal Timur-Gundruk Chope 200 gm,groceries,"Sauces, Pickles & Spreads",200g,135,,13,,4868
DM-7.3924,royal-timur-alas-135gm,Royal Timur-alas 135gm,groceries,Spices & Masala,135g,95,,10,,4861
DM-7.3921,royal-timur-alas-chope-250gm,Royal Timur-alas Chope 250gm,groceries,"Sauces, Pickles & Spreads",250g,165,145,32,,4862
DM-7.3922,royal-timur-garlik-250gm,Royal Timur-garlik 250gm,groceries,Spices & Masala,250g,140,,33,,4866
DM-7.4042,royal-timur-garlik-chop-130gm,Royal Timur-garlik Chop 130gm,groceries,"Sauces, Pickles & Spreads",130g,90,,47,,4867
DM-7.4651,royal-amchur-powder-150gm,Royal Amchur Powder 150gm,groceries,Spices & Masala,150g,105,,11,,4834
DM-7.4652,royal-garlic-crispy-170gm,Royal Garlic Crispy 170gm,groceries,Spices & Masala,170g,115,,47,,4854
DM-7.465-2,royal-panchforan-160gm,Royal Panchforan 160gm,groceries,Spices & Masala,160g,95,,59,,4856
DM-7.4649,royal-timur-fish-chhop-110gm,Royal Timur Fish Chhop 110gm,groceries,"Sauces, Pickles & Spreads",110g,95,,59,,4860
DM-7.1365,roza-tuna-chunk-in-veg-oil-185g,Roza Tuna Chunk In Veg Oil 185g,groceries,Oil & Ghee,185g,105,100,21,,4871
DM-17.164,rubbe-pkt-single,Rubbe Pkt Single,ladies-wear,Hair Accessories,1 pc,45,,51,,4872
DM-9.69,rubik-cube-no763,Rubik Cube no763,toys,Toys,1 pc,875,825,38,,4879
DM-2.3896,ruby-keratin-conditiioiner-500ml,Ruby Keratin Conditiioiner 500ml,beauty-skincare,Hair Care,500ml,535,,56,,4880
DM-7.3192,s-m-b-sadha-nmakin-280gm,S.m.b Sadha Nmakin 280gm,snacks,"Chips, Namkeen & Snacks",280g,160,150,18,,4886
DM-7.492,smb-sheetal-furandana-500g,SMB Sheetal Furandana 500g,snacks,"Chips, Namkeen & Snacks",500g,265,,30,,5134
DM-7.3931,smb-sheetal-namkin-800gm,SMB Sheetal Namkin 800gm,snacks,"Chips, Namkeen & Snacks",800g,455,430,28,,5135
DM-2.61-2,sonata-passion-nail-polish-6ml,SONATA Passion Nail Polish 6ml,beauty-skincare,Makeup & Nail Care,6ml,115,110,23,,5193
DM-2.472,sonata-soft-nail-police-8ml,SONATA Soft Nail POlice 8ml,beauty-skincare,Makeup & Nail Care,8ml,125,,23,,5196
DM-4.277,ss-hot-pot-stand-775,SS Hot Pot Stand 775,kitchen-household,Cookware,1 pc,1670,,21,,5234
DM-4.278,ss-hot-pot-stand-771,SS Hot Pot Stand 771,kitchen-household,Cookware,1 pc,1890,,14,,5233
DM-10.399,stc-sketch-book-42cmx29-7cma3,STC Sketch Book 42cmx29.7cmA3,stationery,Notebooks & Paper,1 pc,130,,52,,5251
DM-7.1628,sabudhana-pkt-200g,Sabudhana Pkt. 200g,groceries,Rice & Grains,200g,75,70,52,,4888
DM-7.795,sachasabu-sachamoti-agmark-sabudaana-500g,Sachasabu/Sachamoti Agmark Sabudaana 500g,groceries,Rice & Grains,500g,140,,51,,4889
DM-1.2367,safe-wash-matic-liquid-1ltr,Safe Wash Matic Liquid 1ltr,cleaning,Detergent & Laundry,1L,265,,23,,4891
DM-1.1373,safety-sanitery-pads-always-xxl-plus-320mm,Safety Sanitery Pads Always XXL Plus 320mm,health-hygiene,Feminine Hygiene,1 pc,175,,46,,4894
DM-4.1155,safety-table-eage-no-6224-6187,Safety Table Eage No.6224/6187,home-living,Storage & Organisers,1 pc,435,,27,,4895
DM-4.1156,safety-tape-round-2mlno-6002,Safety Tape Round 2mlNo.6002,stationery,School & Office Supplies,1 pc,145,,39,,4896
DM-7.1224,saffron-1g,Saffron 1g,groceries,Spices & Masala,1g,20,,8,,4900
DM-3.384,sagun-adult-mask-box,Sagun Adult Mask Box,health-hygiene,Feminine Hygiene,1 box,190,,21,,4901
DM-1.1694,sagun-ultra-thin-xxl-320ml10pad,Sagun Ultra Thin XXL 320Ml10pad,health-hygiene,Feminine Hygiene,1 pc,190,,19,,4906
DM-7.4257,sai-kripa-saideep-gold-2kg-jar-extra200g,Sai Kripa SaiDeep Gold 2kg Jar extra200g,beverages,Tea & Coffee,2kg,2210,,37,,4916
DM-7.3572,samriddha-buhari-amalako-achaar-350gm,Samriddha Buhari Amalako Achaar 350gm,groceries,"Sauces, Pickles & Spreads",350g,205,,37,,4918
DM-2.36-2,sancho,Sancho,liquor-smoking,Hookah & Smoking,1 pc,365,,34,,4927
DM-1.7,sani-fresh-ultra-shine-buy-free-odonil-500-ml,Sani Fresh Ultra Shine Buy Free Odonil 500 ml,cleaning,"Floor, Toilet & Glass Cleaners",500ml,145,,44,,4929
DM-1.1155,sani-fresh-ultra-sine-10x-500ml,Sani Fresh Ultra Sine 10X 500ml,cleaning,"Floor, Toilet & Glass Cleaners",10 x 500ml,1100,,48,,4930
DM-1.17,santoor-hand-wash-mix-all-buy1-get1free-200ml,Santoor Hand Wash Mix All buy1 get1free 200ml,beauty-skincare,Bath & Body,200ml,195,,56,,4933
DM-1.517,santoor-handwash-buy-1get-1-free360ml,Santoor Handwash Buy 1get 1 free360ml,beauty-skincare,Bath & Body,360ml,375,,48,,4934
DM-1.735,santoor-gentle-hand-wash675ml,Santoor Gentle Hand wash675ml,beauty-skincare,Bath & Body,675ml,650,,26,,4932
DM-7.2621,sarathi-methi-200-gm,Sarathi Methi 200 gm,groceries,Spices & Masala,200g,115,,10,,4945
DM-7.1591,sarathi-sauff-150gm,Sarathi Sauff 150gm,groceries,Spices & Masala,150g,105,,41,,4947
DM-7.1344,sarathi-white-teel-200gm,Sarathi White Teel 200gm,groceries,Spices & Masala,200g,130,,19,,4948
DM-7.3814,sarathi-black-teel-200gm,Sarathi Black Teel 200gm,groceries,Spices & Masala,200g,110,,32,,4940
DM-7.3356,sarathi-jwano-140gm,Sarathi Jwano 140gm,groceries,Spices & Masala,140g,100,95,54,,4944
DM-7.1343,sarathi-white-teel-500g,Sarathi White Teel 500g,groceries,Spices & Masala,500g,270,,32,,4949
DM-7.135,sarathi-siddhu-g-dhaniya-powder-500g,Sarathi/Siddhu-G Dhaniya Powder 500g,groceries,Spices & Masala,500g,280,,16,,4950
DM-7.1453,sarathi-siddhu-g-marich-geda-100g,Sarathi/Siddhu-G Marich Geda 100g,groceries,Spices & Masala,100g,75,,48,,4953
DM-5.4-2,sarbotam-premium-lito-mixed-flavour-banana,Sarbotam Premium Lito Mixed flavour/banana,groceries,Fruits & Vegetables,1 pc,130,,50,,4955
DM-9.21,sash-mix,Sash Mix,home-living,Everyday Essentials,1 pc,225,,51,,4958
DM-7.2873,sataylok-puja-oil-600ml,Sataylok Puja Oil 600ml,gifts-puja,Puja Items,600ml,80,,21,,4961
DM-7.2874,sataylok-puja-oil-300ml,Sataylok Puja Oil 300ml,gifts-puja,Puja Items,300ml,75,,44,,4960
DM-9.855,save-money-storge-collection-book,Save Money Storge Collection Book,stationery,Notebooks & Paper,1 pc,110,,40,,45
DM-17.31,scrunehies-mix,Scrunehies Mix,ladies-wear,Hair Accessories,1 pc,70,,19,,4968
DM-9.831,sea-world-travel-bus-no-345-344,Sea World Travel Bus no.345-344,home-living,"Bags, Umbrellas & Travel",1 pc,930,,48,,4969
DM-7.1387,seasame-oil-chinese-450ml,Seasame Oil Chinese 450ml,groceries,Spices & Masala,450ml,220,,34,,4971
DM-2.1556,see-mesee-mflip-gloos,See /MEsee/mfLip Gloos,beauty-skincare,Makeup & Nail Care,1 pc,355,,22,,46
DM-7.4512,sekeko-chicken-sukuti-60gm,Sekeko Chicken Sukuti 60gm,snacks,"Chips, Namkeen & Snacks",60g,50,,22,,4974
DM-7.487,selva-arbella-spaghetti-500g,Selva/Arbella Spaghetti 500g,groceries,"Noodles, Pasta & Soup",500g,150,,34,,4979
DM-7.4439,sendha-namak-500gm,Sendha Namak 500gm,groceries,Spices & Masala,500g,260,,16,,4980
DM-1.561,sensodyne-fresh-gel-deep-clean40g,Sensodyne Fresh Gel /deep clean40g,beauty-skincare,Oral Care,40g,60,55,34,,4989
DM-1.508,sensodyne-fresh-gel-75g,Sensodyne Fresh Gel 75g,beauty-skincare,Oral Care,75g,95,,30,,4991
DM-1.433,sensodyne-fresh-gel-150g,Sensodyne Fresh Gel 150g,beauty-skincare,Oral Care,150g,155,,43,,4990
DM-1.253,sensodyne-fresh-mint-150g,Sensodyne Fresh Mint 150g,beauty-skincare,Oral Care,150g,160,,45,,4992
DM-1.252,sensodyne-fresh-mint-75g,Sensodyne Fresh Mint 75g,beauty-skincare,Oral Care,75g,90,,25,,4993
DM-1.1267,sensodyne-rapid-relief-80g,Sensodyne Rapid Relief 80g,beauty-skincare,Oral Care,80g,95,85,19,,4994
DM-2.313-2,set-wet-style-vertial-hold-100ml-green,Set Wet Style Vertial Hold 100ml Green,beauty-skincare,Men's Grooming,100ml,215,,34,,5003
DM-2.3598,seven-girl-bb-cream-10ml,Seven Girl Bb Cream 10ml,beauty-skincare,Skin Care,10ml,95,,15,,5009
DM-9.658,shape-recognition-bord-36-months,Shape Recognition Bord 36+months,toys,Toys,1 pc,840,,8,,5014
DM-6.67,shikhar-ice-rush-pkt,Shikhar Ice Rush Pkt,liquor-smoking,Hookah & Smoking,1 pkt,340,,48,,5018
DM-7.4711,shin-ramen-stir-fry-noodeles,Shin Ramen Stir Fry Noodeles,groceries,"Noodles, Pasta & Soup",1 pc,45,,57,,5022
DM-7.4518,shin-ramyun-red-super-spicy-68gm,Shin Ramyun Red Super Spicy 68gm,groceries,"Noodles, Pasta & Soup",68g,25,,38,,5024
DM-9.824,shooting-gun-no-kyd-851,Shooting Gun no.Kyd-851,toys,Toys,1 pc,895,,39,,5035
DM-7.4604,shrinav-makai-275gm,Shrinav Makai 275gm,groceries,Rice & Grains,275g,85,,31,,5039
DM-7.4036,siddhi-vinayak-aloo-bhujia-160gm,Siddhi Vinayak Aloo Bhujia 160gm,snacks,"Chips, Namkeen & Snacks",160g,95,,14,,5041
DM-7.404,siddhi-vinayak-panjabi-tadka-160gm,Siddhi Vinayak Panjabi Tadka 160gm,groceries,Spices & Masala,160g,105,,34,,5047
DM-7.4039,siddhi-vinayak-panjabi-tadka-80gm,Siddhi Vinayak Panjabi Tadka 80gm,groceries,Spices & Masala,80g,55,,36,,5048
DM-7.3591,siddhu-g-timur-powder-45gm,Siddhu -G Timur Powder 45gm,groceries,Spices & Masala,45g,45,,42,,5050
DM-7.3595,siddhu-g-garam-mashala-dibba-85gm,Siddhu-G Garam Mashala Dibba 85gm,kitchen-household,Kitchen Tools,85g,275,,47,,5052
DM-7.1446,siddhu-g-timur-geda-25gm,Siddhu-G Timur Geda 25gm,groceries,Spices & Masala,25g,25,,26,,5053
DM-7.364,siddhu-g-black-teel-100gm,Siddhu-g Black Teel 100gm,groceries,Spices & Masala,100g,65,,8,,5051
DM-17.256,side-clip-2pcs-set,Side Clip 2pcs Set,ladies-wear,Hair Accessories,2 pcs,75,,29,,5054
DM-17.33-2,side-clip-3pcs-set,Side Clip 3pcs Set,ladies-wear,Hair Accessories,3 pcs,75,,10,,5055
DM-17.255,side-clip-single-buterfly,Side Clip Single Buterfly,ladies-wear,Hair Accessories,1 pc,45,,58,,5056
DM-17.187,sienie-power-puff-2pc-set,Sienie Power Puff 2pc Set,beauty-skincare,Makeup & Nail Care,2 pc,310,,49,,5057
DM-6.256,signature-rare-375ml,Signature Rare 375ml,liquor-smoking,"Whisky, Rum & Spirits",375ml,1450,,37,,5060
DM-6.124,signature-rare-750ml,Signature Rare 750ml,liquor-smoking,"Whisky, Rum & Spirits",750ml,2400,,37,,5061
DM-6.121,signature-premier-750ml,Signature Premier 750ml,liquor-smoking,"Whisky, Rum & Spirits",750ml,2420,,53,,5059
DM-2.3918,silcon-cera-v-cc-spf50,Silcon Cera-V CC SPF50+,beauty-skincare,Skin Care,1 pc,415,,12,,5066
DM-2.3919,silcon-perfect-cover-magic-bb-cream-spf-37,Silcon Perfect Cover Magic BB Cream SPF 37,beauty-skincare,Skin Care,1 pc,450,,37,,5073
DM-2.3995,silcon-barrier-repair-hydra-light-moisturiser-100gm,Silcon Barrier Repair Hydra Light Moisturiser 100gm,beauty-skincare,Skin Care,100g,345,,11,,5064
DM-2.2972,silkhair-4x-one-keratin-argan-oli-hair-mask-250ml,Silkhair 4x One Keratin Argan Oli Hair Mask 250ml,beauty-skincare,Hair Care,250ml,305,,29,,5083
DM-1.2328,silkhair-luxury-hair-keratin-care-spa-500ml,Silkhair Luxury Hair Keratin Care Spa 500ml,beauty-skincare,Hair Care,500ml,565,515,38,,5086
DM-4.138,silver-wire-cleaning-cloth,Silver Wire Cleaning Cloth,cleaning,"Floor, Toilet & Glass Cleaners",1 pc,260,,49,,5088
DM-7.617,simi-daal-black-1kg,Simi Daal Black/ 1kg,groceries,Dal & Pulses,1kg,190,,28,,5089
DM-5.677,similac-advance-formula-satge-2from-6to12month,Similac Advance Formula Satge 2from 6to12month,baby-care,Baby Food & Formula,1 pc,1580,,17,,5092
DM-5.603,similac-advance-formula-upto6-month-400g,Similac Advance Formula upto6 Month 400g,baby-care,Baby Food & Formula,400g,1110,,46,,5091
DM-7.3698,similac-advance-from-12to18-months,Similac Advance From 12to18 Months,baby-care,Baby Food & Formula,1 pc,1600,,58,,5093
DM-7.1794,similac-from-12-to-24-month-400g-3,Similac From 12 To 24 Month 400g (3),baby-care,Baby Food & Formula,400g,1260,,43,,5094
DM-7.3697,similac-from-18to24-months-4,Similac From 18to24 Months (4),baby-care,Baby Food & Formula,1 pc,1360,,47,,5095
DM-7.1795,similac-up-to-6-month-400g-1,Similac Up To 6 Month 400g (1),baby-care,Baby Food & Formula,400g,1140,,36,,5096
DM-7.1793,similack-after-six-month-2,Similack After Six Month (2),baby-care,Baby Food & Formula,1 pc,1440,,49,,5097
DM-2.3371,simple-moisturising-facial-wash-150ml,Simple Moisturising Facial Wash 150ml,beauty-skincare,Skin Care,150ml,435,,40,,5099
DM-9.908,single-animal,Single Animal,toys,Toys,1 pc,480,,14,,47
DM-9.804,single-star,Single Star,home-living,Everyday Essentials,1 pc,140,,44,,5105
DM-4.415,sinwuvs-cotton-swab-200pc,Sinwuvs Cotton Swab 200pc,health-hygiene,Health & Wellness,200 pc,250,,10,,5106
DM-7.437-2,sire-nun-100gm,Sire Nun 100gm,groceries,"Salt, Sugar & Jaggery",100g,20,,43,,5108
DM-7.4194,sire-nun-200gm,Sire Nun 200gm,groceries,"Salt, Sugar & Jaggery",200g,30,,43,,5109
DM-7.4407,sire-nun-500gm,Sire Nun 500gm,groceries,"Salt, Sugar & Jaggery",500g,55,,56,,5110
DM-10.157,sketch-book-26cmx19-cm-160gms,Sketch Book 26cmx19 cm 160gms,stationery,Notebooks & Paper,160g,115,,48,,5116
DM-9.809,small-sticker,Small Sticker,stationery,Art & Craft,1 pc,150,,9,,5129
DM-4.1265,small-tourch-xh-p50,Small Tourch XH-P50,electronics,Lights & Electricals,1 pc,200,,46,,5130
DM-7.3097,smb-mahesh-namkin500gm,Smb Mahesh Namkin500gm,snacks,"Chips, Namkeen & Snacks",500g,295,,55,,5133
DM-10.525,smile-a-5-dairy-qb-ti4338-2007,Smile A 5 Dairy QB/Ti4338-2007,stationery,Notebooks & Paper,1 pc,110,,26,,5137
DM-10.458,smile-mini-dairy-no-74100,Smile Mini Dairy No.74100,stationery,Notebooks & Paper,1 pc,80,,13,,5139
DM-2.3667,smilee-lip-blam,Smilee LIp Blam,beauty-skincare,Makeup & Nail Care,1 pc,350,295,9,,5140
DM-4.1431,smiling-face-protection-angle-6012,Smiling Face Protection Angle 6012,beauty-skincare,Skin Care,1 pc,495,,57,,5141
DM-16.217,smooah,Smooah,beverages,Juices & Squash,1 pc,110,,22,,5144
DM-16.216,smooah-mix-flv-150ml,Smooah Mix Flv 150ml,beverages,Juices & Squash,150ml,45,,36,,5143
DM-2.4066,snail-skin-whitening-compact-powder-24h-waterproof,Snail Skin Whitening Compact Powder 24h Waterproof,beauty-skincare,Makeup & Nail Care,1 pc,365,300,37,,5145
DM-2.3586,snail-collagen-face-mask,Snail&collagen Face Mask,beauty-skincare,Skin Care,1 pc,475,,26,,5146
DM-5.737,snickers-35gm,Snickers 35gm,snacks,Chocolates & Candy,35g,80,,35,,5147
DM-5.94,snickers-51g,Snickers 51g,snacks,Chocolates & Candy,51g,120,,52,,5148
DM-9.15-2,snow-spray,Snow Spray,gifts-puja,Gifts & Party,1 pc,225,205,33,,5151
DM-16.253,soda-pani-all-flv-275ml,Soda Pani All Flv 275ml,beverages,Soft Drinks & Soda,275ml,45,,18,,5157
DM-10.275,soft-highighter-920,Soft Highighter 920,stationery,"Pens, Pencils & Erasers",1 set,40,,27,,5160
DM-9.486,soft-highighter-no933,Soft Highighter no933,stationery,"Pens, Pencils & Erasers",1 pc,35,,36,,5161
DM-9.35,soft-pu-ball-10-cm-pu10,Soft Pu Ball 10 cm pu10,toys,Sports & Fitness,1 pc,705,,38,,5163
DM-9.572,soft-pu-ball-12-cm-pu12,Soft Pu Ball 12 cm pu12,toys,Sports & Fitness,1 pc,680,,39,,5164
DM-9.651,soft-pu-ball-6-cm-pu06,Soft Pu Ball 6*cm pu06,toys,Sports & Fitness,1 pc,595,,15,,5165
DM-9.34,soft-pu-ball-7-6-cm-pu76,Soft Pu Ball 7.6 cm pu76,toys,Sports & Fitness,1 pc,700,,26,,5166
DM-9.697,soft-pu-ball-m-dt-4m,Soft Pu Ball M Dt -4m,toys,Sports & Fitness,1 pc,655,,48,,5167
DM-1.1502,softy-155mm-panty-liners-20pc,Softy 155Mm Panty Liners 20pc,health-hygiene,Feminine Hygiene,20 pc,180,,42,,5171
DM-2.2127,softy-make-up-wipes,Softy Make -up Wipes,cleaning,Tissues & Paper,1 pc,110,95,44,,5170
DM-1.2018,softy-panty-liners-180-mm,Softy Panty Liners 180 mm,health-hygiene,Feminine Hygiene,1 pc,195,,11,,5173
DM-2.2126,softy-travel-wipes,Softy Travel Wipes,cleaning,Tissues & Paper,1 pc,115,,16,,5180
DM-1.215-2,sofy-bodyfit-anti-bacteria-7pads,Sofy BodyFit Anti Bacteria 7pads,health-hygiene,Feminine Hygiene,7 pads,190,,18,,5181
DM-2.25-2,sonata-jagler-40ml,Sonata Jagler 40ml,home-living,Everyday Essentials,40ml,50,,34,,5188
DM-2.47,sonata-nail-police-6ml,Sonata Nail Police 6ml,beauty-skincare,Makeup & Nail Care,6ml,125,,59,,5191
DM-2.787,sonata-one-coat-mr-matt-nail-polish-12ml,"Sonata One Coat, Mr Matt Nail Polish 12ml",beauty-skincare,Makeup & Nail Care,12ml,180,,56,,5192
DM-2.2083,sonata-rose-nail-polish8ml,Sonata Rose Nail polish8ml,beauty-skincare,Makeup & Nail Care,8ml,140,,33,,5194
DM-2.3556,sonata-status-keratin-nail-polish-14ml,Sonata Status Keratin Nail Polish 14ml,beauty-skincare,Makeup & Nail Care,14ml,200,,28,,5198
DM-2.2328,sonata-urban-nail-polish-12ml,Sonata Urban Nail Polish 12ml,beauty-skincare,Makeup & Nail Care,12ml,190,,40,,5199
DM-2.463,sonata-liquid-sindoor-3-5ml,Sonata Liquid Sindoor 3.5ml,beauty-skincare,Makeup & Nail Care,3.5ml,75,,27,,5190
DM-5.521,sour-bites-chupa-chups-rs10,Sour Bites Chupa Chups rs10,snacks,Chocolates & Candy,1 pc,10,,46,,5206
DM-5.705,sour-chupa-chups-tubes,Sour Chupa Chups Tubes,snacks,Chocolates & Candy,1 pc,90,,19,,5207
DM-9.825,space-weapon-projection-gun-no-838,Space Weapon Projection Gun no.838,toys,Toys,1 pc,835,,16,,5211
DM-4.591,spary-bottel-8018,Spary Bottel 8018,kitchen-household,Bottles & Lunch Boxes,1 pc,535,,41,,5214
DM-7.82,spicy-instant-fish,Spicy Instant Fish,home-living,Everyday Essentials,1 pc,270,,56,,5216
DM-7.4258,spicy-instant-fish-30gm,Spicy Instant Fish 30gm,home-living,Everyday Essentials,30g,40,,21,,5215
DM-9.122,spiderman-3-small,Spiderman 3 Small,toys,Toys,1 pc,480,,17,,5218
DM-4.584,stainkess-steel-ware-oil-can240z,Stainkess Steel Ware OIL Can240z,groceries,Oil & Ghee,1 pc,335,,28,,5236
DM-10.237,stamp-mix,Stamp Mix,stationery,Art & Craft,1 pc,225,,26,,5240
DM-9.84,stand-ronaldo-messi,Stand Ronaldo/ Messi,home-living,Storage & Organisers,1 pc,490,,14,,5241
DM-6.348,stash-pro-ripper-tipper,Stash-pro Ripper Tipper,toys,Toys,1 pc,780,,39,,5244
DM-1.222-2,stayfree-dry-max-all-night-7pads,StayFree Dry Max All Night 7pads,health-hygiene,Feminine Hygiene,7 pads,165,,59,,5245
DM-1.34,stayfree-secure-xl-ultra-thin-6-pads,StayFree Secure XL Ultra -Thin 6 Pads,health-hygiene,Feminine Hygiene,6 pads,195,,52,yes,5249
DM-1.658,stayfree-dry-max-all-night-14pads,Stayfree Dry-Max All Night 14pads,health-hygiene,Feminine Hygiene,14 pads,185,,14,,5246
DM-1.219-2,stayfree-secure-cottony-soft-7pads,Stayfree Secure Cottony Soft 7pads,health-hygiene,Feminine Hygiene,7 pads,185,,22,yes,5247
DM-4.1383,steel-tooth-pick,Steel Tooth Pick,home-living,Everyday Essentials,1 box,250,,51,,5255
DM-4.1232,stfe-tong-food-clip-ac0321,Stfe TONG Food Clip AC0321,stationery,School & Office Supplies,1 pc,170,,18,,5260
DM-9.852,stich-hand-band-nol8802-3,Stich Hand Band nol8802-3,toys,Toys,1 pc,825,,40,,5261
DM-10.56,stick-notes-pp-0305,Stick Notes PP 0305,stationery,Notebooks & Paper,1 pc,110,,46,,5262
DM-10.457,stick-notes-pp-0304,Stick Notes PP-0304,stationery,Notebooks & Paper,1 pc,130,,14,,5263
DM-17.402,stone-kata-moti-mix,Stone Kata Moti Mix,ladies-wear,Hair Accessories,1 pc,80,,33,,5265
DM-2.3825,straigat-hair-splint,Straigat Hair Splint,ladies-wear,Hair Accessories,1 pack,85,,35,,5268
DM-4.211,straw-pipe-100pc,Straw Pipe 100pc,home-living,"Tools, Hardware & Auto",100 pc,370,,44,,5270
DM-2.213,streax-repair-max-masque-smooth-shine-treatment-cream-500g,Streax Repair Max Masque/smooth Shine Treatment Cream 500g,beauty-skincare,Hair Care,500g,495,,32,,5292
DM-5.581,strepsils-8pc,Strepsils 8pc,health-hygiene,Health & Wellness,8 pc,240,,39,,5294
DM-9.861,stress-relief,Stress Relief,health-hygiene,Health & Wellness,1 pc,275,,21,,5295
DM-4.105-2,strong-hooks-3pc-gh-2130,Strong Hooks 3PC GH-2130,home-living,Storage & Organisers,3 pc,480,,44,,5297
DM-9.112,stunt-truck,Stunt Truck,toys,Toys,1 pc,785,,32,,5301
DM-7.42-2,sumana-foods-udhyog-lwang-powder-25gm,Sumana Foods Udhyog Lwang Powder 25gm,groceries,Spices & Masala,25g,30,,58,,5310
DM-7.4202,sumana-foods-udhyog-marich-powder-25gm,Sumana Foods Udhyog Marich Powder 25gm,groceries,Spices & Masala,25g,25,,10,,5311
DM-7.4204,sumana-foods-udhyog-mix-powder-25gm,Sumana Foods Udhyog Mix Powder 25gm,groceries,Spices & Masala,25g,25,,8,,5312
DM-7.4205,sumana-foods-udhyog-timmur-powder-25gm,Sumana Foods Udhyog Timmur Powder 25gm,groceries,Spices & Masala,25g,25,,34,,5314
DM-2.836,sumnima-multani-mitti-keshar,Sumnima Multani Mitti Keshar,beauty-skincare,Skin Care,1 pc,485,,42,,5334
DM-2.664,sumnima-herbal-multani-with-saffron,Sumnima Herbal Multani With Saffron,beauty-skincare,Skin Care,1 pc,480,,54,,5326
DM-2.1272,sumnima-herbal-methi-power-85g,Sumnima Herbal Methi Power 85g,groceries,Spices & Masala,85g,65,,18,,5320
DM-2.3505,sumnima-herbal-skin-protection-glycerine-130gm,Sumnima Herbal Skin Protection Glycerine 130gm,beauty-skincare,Bath & Body,130g,165,,34,,5331
DM-2.3504,sumnima-herbal-skin-protection-glycerine-260gm,Sumnima Herbal Skin Protection Glycerine 260gm,beauty-skincare,Bath & Body,260g,285,250,22,,5332
DM-2.3506,sumnima-herbal-skin-protection-glycerine-65gm,Sumnima Herbal Skin Protection Glycerine 65gm,beauty-skincare,Bath & Body,65g,90,,56,,5333
DM-17.394,sun-shine-baby-set,Sun Shine Baby Set,beauty-skincare,Skin Care,1 pc,485,,57,,5335
DM-1.706,sunday-stainless-steel-scourer-3pcs-pack,Sunday Stainless Steel Scourer 3pcs Pack,cleaning,Dishwash,3 pcs,120,110,57,,5339
DM-1.1725,sunday-stainless-steel-scourer50gm,Sunday Stainless Steel Scourer50gm,cleaning,Dishwash,50g,30,,35,,5340
DM-1.26,sunday-stinless-steel-scourer-1pc,Sunday Stinless Steel Scourer 1pc,cleaning,Dishwash,1 pc,130,,52,,5341
DM-1.2282,sunsilk-rosemary-argan-oil-700ml,Sunsilk Rosemary & Argan Oil 700ml,groceries,Spices & Masala,700ml,360,325,18,,5358
DM-1.1865,sunsilk-rosemary-argan-oil-frizz-smooth-sampoo-370-ml,Sunsilk Rosemary & Argan Oil Frizz Smooth Sampoo 370 ml,groceries,Spices & Masala,370ml,215,,58,yes,5359
DM-1.207,sunsilk-stunning-black-shine-shampo-170ml,Sunsilk Stunning Black Shine Shampo 170ml,beauty-skincare,Hair Care,170ml,230,,13,yes,5364
DM-7.2068,super-grow-cloves-50g,Super Grow Cloves 50g,groceries,Spices & Masala,50g,40,,8,,5372
DM-7.2303,super-grow-lwang-sukmel-100g,Super Grow Lwang -Sukmel 100g,groceries,Spices & Masala,100g,75,65,33,,5373
DM-7.2304,super-grow-lwang-sukmel-50g,Super Grow Lwang -Sukmel 50g,groceries,Spices & Masala,50g,40,,24,,5374
DM-7.323,super-grow-sauf-400gm,Super Grow Sauf 400gm,groceries,Spices & Masala,400g,245,,20,,5376
DM-7.2098,super-grow-souff-200g,Super Grow Souff 200g,groceries,Spices & Masala,200g,110,95,54,,5378
DM-7.231,super-grow-white-till-400g,Super Grow White Till 400g,groceries,Spices & Masala,400g,195,,31,,5380
DM-7.2097,super-grow-souff-100gm,Super Grow Souff 100gm,groceries,Spices & Masala,100g,70,,21,,5377
DM-7.2065,super-grow-sukmel-50g,Super Grow Sukmel 50g,groceries,Spices & Masala,50g,45,,27,,5368
DM-7.2104,super-grow-white-till-100gm,Super Grow White Till 100gm,groceries,Spices & Masala,100g,65,60,9,,5371
DM-7.2942,super-grow-white-till-200gm,Super Grow White Till 200gm,groceries,Spices & Masala,200g,115,,28,,5379
DM-9.944,super-hero-make-a-wise-life,Super Hero Make A Wise Life,toys,Toys,1 pc,755,,12,,5381
DM-9.906,super-money-gun-money-rain,Super Money Gun Money Rain!,toys,Toys,1 pc,890,,50,,5383
DM-7.4563,super-grow-methi-400gm,Super Grow Methi 400gm,groceries,Spices & Masala,400g,225,,35,,5375
DM-1.2201,surf-excel-quick-wash-1kg,Surf Excel Quick Wash 1kg,cleaning,Detergent & Laundry,1kg,265,,44,yes,5392
DM-1.288,surf-excel-quick-wash-500g,Surf Excel Quick Wash 500g,cleaning,Detergent & Laundry,500g,145,,57,,5393
DM-6.47,surya-cigarette-full-pack-red-light-fusion,Surya Cigarette Full Pack Red/Light/fusion,liquor-smoking,Hookah & Smoking,1 pc,315,,45,,5394
DM-6.4-2,surya-legend-cigarette,Surya Legend Cigarette,liquor-smoking,Hookah & Smoking,1 pkt,345,,57,,5395
DM-6.328,surya-sleek-blot,Surya Sleek Blot,home-living,Everyday Essentials,1 pack,230,,9,,5396
DM-2.3248,sweet-long-lsating-care-lipgloss-8ml,Sweet Long Lsating Care Lipgloss 8ml,beauty-skincare,Makeup & Nail Care,8ml,120,,23,,5406
DM-7.2318,sweet-and-sour-titaura-rs50,Sweet And Sour Titaura Rs50,snacks,Chocolates & Candy,1 pc,50,45,52,,5399
DM-7.46-2,sweet-and-sour-titaura,Sweet And Sour Titaura,snacks,Chocolates & Candy,1 pkt,95,80,49,,5400
DM-24.13,sweet-corn-1kg,Sweet Corn 1kg,groceries,Rice & Grains,1kg,240,,25,,5402
DM-24.52,sweet-corn-500gm,Sweet Corn 500gm,groceries,Rice & Grains,500g,145,125,46,,5403
DM-24.94,sweet-corn-american-1kg,Sweet Corn American 1kg,groceries,Rice & Grains,1kg,225,,40,,5404
DM-7.3426,sworgadwari-honey-250gm,Sworgadwari Honey 250gm,groceries,"Sauces, Pickles & Spreads",250g,150,,43,,5416
DM-7.5-2,sworgadwari-natural-honey-1kg,Sworgadwari Natural Honey 1kg,groceries,"Sauces, Pickles & Spreads",1kg,425,385,56,,5420
DM-7.521,sworgadwari-natural-honey-500g,Sworgadwari Natural Honey 500g,groceries,"Sauces, Pickles & Spreads",500g,285,,45,,5421
DM-7.805,sworgadwari-natural-honey-chiuri-1kg,Sworgadwari Natural Honey chiuri/ 1kg,groceries,"Sauces, Pickles & Spreads",1kg,415,,39,,5422
DM-7.1769,sworgadwari-chiuri-honey500g,Sworgadwari Chiuri honey500g,groceries,"Sauces, Pickles & Spreads",500g,280,,45,,5415
DM-7.19-2,sworgadwari-honey-jamun-1kg,Sworgadwari Honey Jamun 1kg,groceries,"Sauces, Pickles & Spreads",1kg,505,,38,,5417
DM-7.1898,sworgadwari-honey-rudilo-500gm,Sworgadwari Honey Rudilo 500gm,groceries,"Sauces, Pickles & Spreads",500g,285,235,11,,5419
DM-2.4131,tmc-after-shave-100ml,TMC After Shave 100ml,beauty-skincare,Men's Grooming,100ml,225,,57,,5542
DM-7.3884,tabasco-classic-sause-59ml,Tabasco Classic Sause 59ml,groceries,"Sauces, Pickles & Spreads",59ml,65,55,10,,5424
DM-4.1493,table-show-plece-small-dstg-1068,Table Show Plece Small DSTG 1068,home-living,Storage & Organisers,1 pc,280,,9,,5427
DM-4.106,taj-555-naphthalene-balls-box,Taj 555 Naphthalene Balls Box,cleaning,"Floor, Toilet & Glass Cleaners",1 box,265,,21,,5430
DM-4.147-2,taj-555-kapur-100g,Taj 555 Kapur 100g,gifts-puja,Puja Items,100g,80,,44,,5428
DM-1.2179,taj-555-naphthalene-balls-1kg,Taj 555 Naphthalene Balls 1kg,cleaning,"Floor, Toilet & Glass Cleaners",1kg,260,,22,,5429
DM-7.3611,tang-orange-lemon-mango500gm,Tang Orange \Lemon /mango500gm,beverages,Health & Energy Drinks,500g,385,330,38,,5432
DM-7.4246,teel-ko-laddu,Teel Ko Laddu,groceries,Spices & Masala,1 pc,85,,44,,5436
DM-2.2945,tender-flo-powder-puff,Tender Flo Powder Puff,beauty-skincare,Makeup & Nail Care,1 pc,375,,23,,5441
DM-9.858,tetris-tower-no-1001,Tetris Tower no.1001,toys,Toys,1 pc,825,,25,,5443
DM-7.2145,thakali-basmati-20kg,Thakali Basmati 20kg,groceries,Rice & Grains,20kg,2900,,20,,5444
DM-2.3227,the-derma-4-ceramide-barrier-repair-moisturzer-50gm,The Derma 4% Ceramide Barrier Repair Moisturzer 50gm,beauty-skincare,Skin Care,50g,180,,21,,5457
DM-6.191,the-singletion-12-yrs-700ml,The Singletion 12 Yrs 700ml,liquor-smoking,"Whisky, Rum & Spirits",700ml,2150,,28,,5475
DM-9.848,the-sumberd-family-no-lx506,The Sumberd Family no.Lx506,toys,Toys,1 pc,950,,8,,5476
DM-2.3153,the-derma-15-aha-1-bha-beginner-face-peeling-solution-30ml,The Derma 15%aha +1%Bha Beginner Face Peeling Solution 30ml,beauty-skincare,Skin Care,30ml,150,,32,,5451
DM-2.3172,the-derma-ceramide-ha-intense-daily-face-moistuizer-50gm,The Derma Ceramide+ha Intense Daily Face Moistuizer 50gm,beauty-skincare,Skin Care,50g,180,,32,,5462
DM-6.339,the-himalayan-reserve-180ml,The Himalayan Reserve 180ml,liquor-smoking,"Whisky, Rum & Spirits",180ml,915,,22,,5473
DM-24.106,three-star-aloo-tikki-500g,Three Star Aloo Tikki 500g,dairy-frozen,Ice Cream & Frozen,500g,260,,35,,5481
DM-24.4-2,three-star-chicken-momo-20pic,Three Star Chicken Momo 20pic,dairy-frozen,Ice Cream & Frozen,1 pc,255,215,50,,5487
DM-24.103,three-star-chiken-meatball-400gm,Three Star Chiken Meatball 400gm,dairy-frozen,Ice Cream & Frozen,400g,195,,57,,5492
DM-24.1-2,three-star-veg-momo-50pcs,Three Star Veg MOMo 50pcs,dairy-frozen,Ice Cream & Frozen,50 pcs,220,,49,,5499
DM-24.7,three-star-chicken-momo-50pc,Three Star Chicken Momo 50pc,dairy-frozen,Ice Cream & Frozen,50 pc,280,,37,,5488
DM-24.48,three-star-veg-momo-20pc,Three Star Veg Momo 20pc,dairy-frozen,Ice Cream & Frozen,20 pc,275,,14,,5498
DM-24.63,three-chop-chop-veg-burger-patty-10pcs,Three Chop Chop Veg Burger Patty 10pcs,groceries,"Sauces, Pickles & Spreads",10 pcs,230,,31,,5479
DM-24.64,three-chop-chop-chicken-burger-patty-10pc,Three Chop Chop Chicken Burger Patty 10pc,groceries,"Sauces, Pickles & Spreads",10 pc,200,,39,,5477
DM-24.104,three-star-chiken-salami-200g,Three Star Chiken Salami 200g,dairy-frozen,Ice Cream & Frozen,200g,120,110,31,,5493
DM-1.535,tide-extra-power-jsmn-rose-lemon-mint-surf-2kg-bag,Tide Extra Power Jsmn/rose/Lemon & Mint Surf 2kg Bag,cleaning,Detergent & Laundry,2kg,485,,25,,5502
DM-1.342,tide-plus-surf-all-flvr-500g,Tide Plus Surf All Flvr 500g,cleaning,Detergent & Laundry,500g,155,,34,yes,5504
DM-1.91,tide-surf-10-kg,Tide Surf 10 kg,cleaning,Detergent & Laundry,10kg,1710,,35,yes,5505
DM-1.1023,tide-surf-5kg,Tide Surf 5kg,cleaning,Detergent & Laundry,5kg,870,,32,yes,5506
DM-17.47,tiktik-dat-bow-clip,TikTik /dat Bow Clip,ladies-wear,Hair Accessories,1 pc,70,,21,,5518
DM-7.3656,tika-rs-big,Tika Rs Big,gifts-puja,Puja Items,1 pc,75,,25,,5516
DM-2.36-3,tika-rs10,Tika rs10,gifts-puja,Puja Items,1 pc,10,,23,,5517
DM-10.203,time-learner-mi-029,Time Learner Mi-029,toys,Toys,1 pc,810,,56,,5522
DM-7.1452,timmur-chhop-with-chicken-300gm,Timmur Chhop With Chicken 300gm,groceries,"Sauces, Pickles & Spreads",300g,190,,16,,5524
DM-7.3628,timmur-chhop-with-fish-300g,Timmur Chhop With Fish 300g,groceries,"Sauces, Pickles & Spreads",300g,180,,40,,5525
DM-7.3576,tinsels-sweet-kernel-corn-250gm,Tinsels Sweet Kernel Corn 250gm,groceries,Rice & Grains,250g,80,,23,,5528
DM-7.392,tirsana-ban-silam-300gm,Tirsana Ban Silam 300gm,groceries,Rice & Grains,300g,85,75,15,,5532
DM-7.4556,tirsana-chiya-seeds-200gm,Tirsana Chiya Seeds 200gm,groceries,"Dry Fruits, Nuts & Seeds",200g,360,340,28,,5533
DM-7.3838,tirsana-chiya-seeds-300gm,Tirsana Chiya Seeds 300gm,groceries,"Dry Fruits, Nuts & Seeds",300g,520,480,57,,5534
DM-7.3837,tirsana-flex-seeds-500gm,Tirsana Flex Seeds 500gm,groceries,"Dry Fruits, Nuts & Seeds",500g,810,,20,,5536
DM-7.3821,tirsana-makai-khaja-300g,Tirsana Makai Khaja 300g,groceries,Rice & Grains,300g,95,90,52,,5531
DM-7.4554,tirsana-pumkin-seeds-200gm,Tirsana Pumkin Seeds 200gm,groceries,"Dry Fruits, Nuts & Seeds",200g,355,,21,,5539
DM-2.4128,tmc-black-hope-oud-destiny-all-flv-100ml,Tmc black/hope/oud/destiny All Flv 100ml,beauty-skincare,Fragrance & Deodorant,100ml,460,415,15,,5543
DM-1.2297,toilet-rolls-70gm,Toilet Rolls 70gm,cleaning,Tissues & Paper,70g,40,,37,,5552
DM-4.307,toothpick-350pic,Toothpick 350pic,beauty-skincare,Oral Care,1 pc,130,110,24,,5575
DM-4.88,toothpick-automatic-carton-box,Toothpick Automatic Carton Box,beauty-skincare,Oral Care,1 pc,130,105,19,,5576
DM-4.998,toothpick-dark-premium,Toothpick Dark Premium,beauty-skincare,Oral Care,1 pc,130,,8,,5577
DM-4.879,toothpick-house-box,Toothpick House Box,beauty-skincare,Oral Care,1 pc,115,,20,,5578
DM-5.47,trident-chewgum-mix,Trident Chewgum Mix,snacks,Chocolates & Candy,1 pc,100,,43,,5590
DM-5.1121,trident-chewgum-spearmint,Trident Chewgum Spearmint,snacks,Chocolates & Candy,1 pc,100,80,44,,5591
DM-16.258,tropicana-slice-mango-200ml,Tropicana Slice Mango 200ml,beverages,Soft Drinks & Soda,200ml,35,,58,,5598
DM-16.94,tropicana-slice-mango1-ltr,Tropicana Slice mango1 ltr,beverages,Soft Drinks & Soda,1L,100,,10,,5599
DM-16.91,tropicana-slice-mango500ml,Tropicana Slice mango500ml,beverages,Soft Drinks & Soda,500ml,65,,29,,5600
DM-9.75,truck-traxcavator-no-107-3,Truck Traxcavator no.107-3,toys,Toys,1 pc,950,,43,,5603
DM-9.892,truck-metal-dojer-no-3087,Truck Metal Dojer NO.3087,toys,Toys,1 pc,860,710,48,,5601
DM-9.669,truck-metal-dojer-no-907,Truck Metal Dojer NO.907,toys,Toys,1 pc,765,725,51,,5602
DM-2.3484,true-derma-derma-dm-moisturizing-lotion-100g,True Derma Derma-Dm Moisturizing Lotion 100g,beauty-skincare,Skin Care,100g,315,,38,,5605
DM-2.3483,true-derma-luxirious-spf-50-gel-60g,True Derma Luxirious Spf 50 Gel 60g,beauty-skincare,Skin Care,60g,230,,9,,5607
DM-2.2929,true-skin-kolvit-skin-lightening-cream-20g,True Skin Kolvit Skin Lightening Cream 20g,beauty-skincare,Skin Care,20g,105,,36,,5610
DM-2.2928,true-skin-luxurious-50spf-cream-uva-uvb-protection-60g,True Skin Luxurious 50spf Cream Uva &uvb Protection 60g,beauty-skincare,Skin Care,60g,225,,15,,5611
DM-2.3111,true-skin-luxurious-50spf-gel-uva-uvb-protection-60g,True Skin Luxurious 50spf Gel Uva &uvb Protection 60g,beauty-skincare,Skin Care,60g,205,,45,,5612
DM-2.2925,true-skin-true-hair-gain-solution-for-hair-loss-treatment-100ml,True Skin True Hair Gain Solution For Hair Loss Treatment 100ml,beauty-skincare,Hair Care,100ml,135,,8,,5613
DM-2.3485,truederma-baby-dm-intense-moisturizing-cream-60g,TrueDerma Baby Dm Intense Moisturizing Cream 60g,baby-care,Baby Bath & Skin Care,60g,120,,16,,5615
DM-2.3201,truederma-luxurious-50-spf-cream-60gm,Truederma Luxurious 50+Spf Cream 60gm,beauty-skincare,Skin Care,60g,220,,41,,5616
DM-6.34-2,tuborg-deluxe-can-500ml,Tuborg Deluxe Can 500ml,liquor-smoking,Beer,500ml,305,,11,yes,5620
DM-7.78-2,tuna-solid-in-vegetable-oil-170g,Tuna Solid In Vegetable Oil 170g,groceries,Oil & Ghee,170g,85,,50,,5627
DM-5.493,twinfish-original-oat-choco-400g,Twinfish Original Oat Choco 400g,groceries,Breakfast & Cereals,400g,315,,17,,5630
DM-10.555,uno-dare-no-029,UNO DARE! No.029,toys,Games & Puzzles,1 pc,440,410,39,,5647
DM-10.451,uno-no-mercy-card,UNO No Mercy Card,toys,Games & Puzzles,1 pc,470,,22,,5649
DM-9.716,unicorn-dough-mini-4in1-no-1009,Unicorn Dough Mini 4in1 no.1009,toys,Toys,1 pc,500,,44,,5637
DM-4.758,union-glassware-ug-310-1-6,Union Glassware UG-310 1*6,kitchen-household,"Cups, Mugs & Glassware",1 set,380,,20,,5640
DM-4.149,union-glassware-ug-312,Union Glassware UG-312,kitchen-household,"Cups, Mugs & Glassware",1 pc,350,,8,,5641
DM-4.1501,union-glassware-ug-315-6pcs,Union Glassware UG-315 6pcs,kitchen-household,"Cups, Mugs & Glassware",6 pcs,390,,24,,5642
DM-4.1488,union-glassware-ug-320,Union Glassware UG-320,kitchen-household,"Cups, Mugs & Glassware",1 pc,390,,20,,5643
DM-4.1172,union-glassware-ug-325-6pcs-set,Union Glassware UG-325 6pcs Set,kitchen-household,"Cups, Mugs & Glassware",6 pcs,365,,18,,5644
DM-4.1167,union-gllassware-ug-385,Union Gllassware UG-385,kitchen-household,"Cups, Mugs & Glassware",1 pc,390,,25,,5645
DM-24.8-2,usha-chicken-momo-400gm,Usha Chicken Momo 400gm,dairy-frozen,Ice Cream & Frozen,400g,240,,38,,5652
DM-2.3423,ushas-fast-base-blush,Ushas Fast Base Blush,beauty-skincare,Makeup & Nail Care,1 pc,330,280,47,,5655
DM-1.315,v-series-gold-machine-750g,V- Series Gold Machine 750g,electronics,Appliances & Gadgets,750g,1400,,16,,5662
DM-1.69,v-series-gold-machine-wash-3kg,V- Series Gold Machine Wash 3kg,cleaning,Detergent & Laundry,3kg,645,,39,,5663
DM-2.1691,vaseline-lip-care-total-moaisture10g,VASELINE LIP CARE TOTAL MOAISTURE10G,beauty-skincare,Makeup & Nail Care,10g,150,,14,yes,5698
DM-2.3276,vaseline-deep-moisture-200ml,VAseline Deep Moisture 200ml,beauty-skincare,Bath & Body,200ml,235,,59,,5690
DM-4.1262,vgr-v-813-lint-remover,VGR V-813 Lint Remover,electronics,Personal Care Appliances,1 pc,1610,,10,,5731
DM-4.1478,vgr-professional-hair-timmer-v-947,VGR Professional Hair Timmer V-947,electronics,Personal Care Appliances,1 pc,1590,,18,,5723
DM-2.3327,vi-john-splash-after-shave-lotiion-classic-50ml,VI-JoHN Splash After Shave Lotiion Classic 50ml,beauty-skincare,Men's Grooming,50ml,125,,43,,5737
DM-2.499,vlcc-3d-youth-boost-sun-screen-gel-cream-spf40-100g,VLCC 3D Youth Boost Sun Screen Gel Cream spf40 100g,beauty-skincare,Skin Care,100g,335,315,21,,5773
DM-2.775,vlcc-de-tan-sun-screen-gel-cream-spf50-100g,VLCC De-tan Sun Screen Gel Cream spf50 100g,beauty-skincare,Skin Care,100g,310,255,15,,5774
DM-2.137,vlcc-lavang-moisturiser-100ml,VLCC Lavang Moisturiser 100ml,beauty-skincare,Skin Care,100ml,290,270,43,,5775
DM-2.2255,vwash-hygiene-100ml,VWash Hygiene 100ml,health-hygiene,Feminine Hygiene,100ml,60,50,17,,5782
DM-21.103,vadilal-aam-chaska-falala-65ml,Vadilal Aam Chaska FAlala 65ml,dairy-frozen,Ice Cream & Frozen,65ml,75,65,59,,5670
DM-21.26,vadilal-all-type-ice-crem-110ml,Vadilal All Type Ice Crem 110ml,dairy-frozen,Ice Cream & Frozen,110ml,100,,41,,58
DM-21.8-2,vadilal-badabite-cream-of-80ml,Vadilal Badabite Cream Of 80ml,dairy-frozen,Ice Cream & Frozen,80ml,65,55,46,,54
DM-1.83,vanish-oxi-action-fabric-wash-400ml,Vanish Oxi Action Fabric Wash 400ml,cleaning,Detergent & Laundry,400ml,110,,57,,5679
DM-1.829,vanish-oxi-action-fabric-wash-800ml,Vanish Oxi Action Fabric Wash 800ml,cleaning,Detergent & Laundry,800ml,200,,56,,5680
DM-9.474,variety-rubik-cube-822,Variety Rubik Cube 822,toys,Toys,1 pc,945,,57,,5681
DM-2.1298,vaseline-blueseal-250ml,Vaseline BLUEseal 250ml,beauty-skincare,Bath & Body,250ml,265,,12,,5682
DM-2.3112,vaseline-daily-brightening-moisturization-lotion-200ml,Vaseline Daily Brightening Moisturization Lotion 200ml,beauty-skincare,Bath & Body,200ml,210,,9,yes,5688
DM-1.1842,vaseline-deep-moisture-lotion-100ml,Vaseline Deep Moisture Lotion 100ml,beauty-skincare,Bath & Body,100ml,140,,55,yes,5691
DM-2.3294,vaseline-deep-moisture-lotion-400ml,Vaseline Deep Moisture Lotion 400ml,beauty-skincare,Bath & Body,400ml,375,,17,,5692
DM-1.2222,vaseline-gluta-hys-spf-50-pa,Vaseline Gluta- Hys Spf 50 Pa++,beauty-skincare,Bath & Body,1 pc,160,,37,,5693
DM-2.675,vaseline-healthy-white-uv-lightening-vitab3-400g,Vaseline Healthy White UV Lightening VitaB3 400g,beauty-skincare,Bath & Body,400g,430,,23,,5696
DM-2.361,vaseline-light-hydrate-400ml,Vaseline Light Hydrate 400ml,beauty-skincare,Bath & Body,400ml,410,380,18,,5697
DM-2.391,vaseline-cloud-soft-light-moisturiser-face-body-100ml,Vaseline Cloud Soft Light Moisturiser Face&body 100ml,beauty-skincare,Bath & Body,100ml,120,,43,yes,5685
DM-2.3909,vaseline-cloud-soft-light-moisturiser-face-body-200ml,Vaseline Cloud Soft Light Moisturiser Face&body 200ml,beauty-skincare,Bath & Body,200ml,195,,58,,5686
DM-2.3716,vaseline-gluta-hya-dewy-radiance-200ml,Vaseline Gluta-hya Dewy Radiance 200ml,beauty-skincare,Bath & Body,200ml,195,,57,,5694
DM-2.3706,vaseline-lip-therapy-20gm,Vaseline Lip Therapy 20gm,beauty-skincare,Makeup & Nail Care,20g,270,,37,,5699
DM-2.3512,vasmol-33-coconut-oil-kesh-kala-oil-based-100ml,Vasmol 33 Coconut Oil Kesh Kala Oil Based 100ml,beauty-skincare,Hair Care,100ml,140,,26,,5700
DM-6.196,vat-69-375ml,Vat 69 ( 375ml),liquor-smoking,"Whisky, Rum & Spirits",375ml,2090,1860,47,,5703
DM-6.85,vat-69-750ml,Vat 69 (750ml),liquor-smoking,"Whisky, Rum & Spirits",750ml,3760,,21,,5704
DM-6.6,vat-69-1ltr,Vat 69 1Ltr,liquor-smoking,"Whisky, Rum & Spirits",1L,5550,,20,,5705
DM-21.141,vcs-chicken-fiery-wings-500g,Vcs Chicken Fiery Wings 500G,dairy-frozen,Eggs & Meat,500g,325,,20,,5709
DM-21.142,vcs-chicken-strips-500g,Vcs Chicken Strips 500g,dairy-frozen,Eggs & Meat,500g,355,,21,,5710
DM-2.13,veet-hair-removal-cream-silk-fresh-sensitive50g,Veet Hair Removal Cream Silk &Fresh Sensitive50g,beauty-skincare,Hair Care,50g,90,,33,,5711
DM-1.1775,veet-pure-normal-30gm,Veet Pure Normal 30gm,beauty-skincare,Hair Care,30g,85,,31,,5712
DM-2.1926,vicks-babyrub-10ml,Vicks BabyRub 10ml,health-hygiene,Health & Wellness,10ml,45,,12,,5739
DM-2.2233,vicks-vaporub-5ml,Vicks VapoRub 5ml,health-hygiene,Health & Wellness,5ml,40,,20,,5744
DM-2.904,vicks-vaporub-10ml,Vicks Vaporub 10ml,health-hygiene,Health & Wellness,10ml,50,,24,,5741
DM-2.1422,vicks-vaporub-25g,Vicks Vaporub 25g,health-hygiene,Health & Wellness,25g,65,,16,,5742
DM-2.906,vicks-vaporub-50ml,Vicks Vaporub 50ml,health-hygiene,Health & Wellness,50ml,95,,36,,5743
DM-5.1111,vigos-compound-chocoate-box,Vigos Compound Chocoate Box,home-living,Storage & Organisers,1 pc,490,,32,,5748
DM-16.241,vinut-cafe-all-flv-280ml,Vinut Cafe All Flv 280ml,beverages,Tea & Coffee,280ml,375,,36,,5761
DM-7.3929,virginia-green-garden-chicken-luncheon-meat-340gm,Virginia Green Garden Chicken Luncheon Meat 340gm,dairy-frozen,Eggs & Meat,340g,280,,55,,5766
DM-5.14,viva-500g,Viva 500g,beverages,Health & Energy Drinks,500g,385,335,32,,5768
DM-7.2749,viva-itaeia-basil-thyme,Viva Itaeia Basil/thyme,groceries,Spices & Masala,1 pc,80,,24,,5769
DM-7.682,viva-italia-oregano-30g,Viva Italia Oregano 30g,groceries,Spices & Masala,30g,30,,43,,5771
DM-7.915,viva-italia-rosemary-30g,Viva Italia Rosemary 30g,groceries,Spices & Masala,30g,30,,32,,5772
DM-2.3503,vlcc-sun-screen-aqua-light-spf70,Vlcc Sun Screen Aqua Light spf70,beauty-skincare,Skin Care,1 pc,490,,58,,5778
DM-16.132,with-added-orange-falvour-1-5ml,WITH ADDED ORANGE FALVOUR 1.5ML,groceries,Fruits & Vegetables,1.5ml,30,,39,,59
DM-2.3383,wachd-nail-cutter-printed,Wachd Nail Cutter Printed,beauty-skincare,Makeup & Nail Care,1 pc,330,,25,,5783
DM-7.4255,wai-wai-bhujiya-550g,Wai Wai Bhujiya 550g,groceries,"Noodles, Pasta & Soup",550g,185,,48,,5786
DM-7.132-2,wai-wai-chicken-flavour,Wai Wai Chicken Flavour,groceries,"Noodles, Pasta & Soup",1 pc,40,,11,yes,5787
DM-7.3603,wai-wai-quick-hot-spicy-100gm,Wai Wai Quick Hot &Spicy 100gm,groceries,"Noodles, Pasta & Soup",100g,40,,20,yes,5789
DM-7.3293,waiwai-aloo-tama-noodels-75-gm,Waiwai Aloo Tama Noodels 75 gm,groceries,"Noodles, Pasta & Soup",75g,35,,54,yes,5792
DM-4.378,wall-hook-2pc-2052-2051,Wall Hook 2pc 2052/2051,home-living,Storage & Organisers,2 pc,405,360,10,,5796
DM-4.229,wall-hook-3-pcs,Wall Hook 3 pcs,home-living,Storage & Organisers,3 pcs,415,,51,,5798
DM-4.885,wall-hook-3pc-golden,Wall Hook 3pc Golden,home-living,Storage & Organisers,3 pc,490,,9,,5799
DM-4.371,wall-hook-3pc-9975-9958-0099-9809,Wall Hook 3pc-9975/9958/0099/9809,home-living,Storage & Organisers,3 pc,460,,35,,5794
DM-4.876,wall-hook-3pic,Wall Hook 3pic,home-living,Storage & Organisers,1 pc,480,,14,,5800
DM-4.37,wall-hook-6pc-7008,Wall Hook 6pc 7008,home-living,Storage & Organisers,6 pc,410,350,38,,5801
DM-4.231,wall-hook-mix-2-pcs,Wall Hook Mix 2 pcs,home-living,Storage & Organisers,2 pcs,455,,49,,5795
DM-4.228,wall-hook-sanm-9959-9961-3-pcs,Wall Hook sanm+9959/9961 3 pcs,home-living,Storage & Organisers,3 pcs,445,,31,,5802
DM-4.67,wall-hook-smily-mix,Wall Hook Smily Mix,home-living,Storage & Organisers,1 pc,475,,48,,5803
DM-4.368,warm-gloves,Warm Gloves,ladies-wear,Clothing,1 pc,1020,910,37,,5806
DM-1.1737,wash-the-king-sponge-wiping-4pc-pad,Wash The King Sponge Wiping 4pc Pad,health-hygiene,Feminine Hygiene,4 pc,170,,32,,5807
DM-7.596,weikfield-custard-powder-100g,WeikfielD Custard Powder 100g,groceries,Cooking Essentials,100g,70,,17,,5829
DM-7.1992,weikfield-cocoa-powder-150g,Weikfield Cocoa Powder 150g,groceries,Cooking Essentials,150g,110,,27,,5825
DM-7.923,weikfield-cocoa-powder-50g,Weikfield Cocoa Powder 50g,groceries,Cooking Essentials,50g,45,,35,,5826
DM-7.736,weikfield-custard-powder-vanilla-flavour-500g,Weikfield Custard Powder Vanilla Flavour 500g,groceries,Cooking Essentials,500g,240,,50,,5830
DM-7.4661,weikfield-classic-creamy-crunchy-peanut-buter-225gm,Weikfield Classic creamy/crunchy Peanut Buter 225gm,snacks,"Chips, Namkeen & Snacks",225g,125,,49,,5824
DM-2.2833,well-10-hair-treamant-and-spa-250gm,Well 10 Hair Treamant And Spa 250gm,beauty-skincare,Hair Care,250g,320,,27,,5842
DM-2.2698,well-10-nourish-shine-treatment-500g,Well 10 Nourish Shine Treatment 500g,beauty-skincare,Hair Care,500g,475,,56,,5843
DM-2.4121,well-10-professional-hair-mask-ph-balance-500gm,Well 10 Professional Hair Mask Ph Balance 500gm,beauty-skincare,Hair Care,500g,465,,48,,5847
DM-2.412,well-10-professional-hair-regrowth-treatment-spa-500ml,Well 10 Professional Hair Regrowth Treatment & Spa 500ml,beauty-skincare,Hair Care,500ml,510,,10,,5848
DM-7.3934,well-bell-choco-fillz-150gm,Well Bell Choco Fillz 150gm,snacks,Chocolates & Candy,150g,305,,33,,5856
DM-7.4645,well-bell-corn-flakes-350gm,Well Bell Corn Flakes 350gm,groceries,Breakfast & Cereals,350g,245,,46,,5859
DM-7.4267,well-bell-corn-flakes-750gm,Well Bell Corn Flakes 750gm,groceries,Breakfast & Cereals,750g,420,,23,,5860
DM-2.3665,wetell-shave-body-6pc-set-wt-417,Wetell Shave Body 6pc Set WT-417,beauty-skincare,Men's Grooming,6 pc,280,,27,,5870
DM-24.83,wheat-lachha-parotha-400gm,Wheat Lachha Parotha 400gm,dairy-frozen,Ice Cream & Frozen,400g,215,,45,,5871
DM-1.715,wheel-2-in-1-surf-1-kg,Wheel 2 In 1 Surf 1 kg,cleaning,Detergent & Laundry,1kg,250,,37,,5873
DM-1.714,wheel-2-in-1-surf-150g,Wheel 2 In 1 Surf 150g,cleaning,Detergent & Laundry,150g,65,,41,,5874
DM-1.383,wheel-2-in-1-surf-750g,Wheel 2 In 1 Surf 750g,cleaning,Detergent & Laundry,750g,205,,53,,5875
DM-1.25,wheel-2in1-surf-3kg,Wheel 2in1 Surf 3kg,cleaning,Detergent & Laundry,3kg,600,,24,,5872
DM-1.375,whisper-choice-ultra-6-pads-wings,Whisper Choice Ultra 6 Pads Wings,health-hygiene,Feminine Hygiene,6 pads,170,,48,,5877
DM-1.1456,whisper-choice-xxl-4times-back-6pads,Whisper Choice XXL 4Times Back 6pads,health-hygiene,Feminine Hygiene,6 pads,185,,50,,5878
DM-1.216,whisper-choice-xxl-4x-back-coveragr-6pads,Whisper Choice XXL 4x Back Coveragr 6pads,health-hygiene,Feminine Hygiene,6 pads,195,,18,yes,5879
DM-1.22,whisper-ultra-clean-xl6pic,Whisper Ultra Clean xl6pic,health-hygiene,Feminine Hygiene,1 pkt,185,,33,yes,5880
DM-1.223,whisper-ultra-hygiene-comfort-xl8pads,Whisper Ultra Hygiene Comfort xl8pads,health-hygiene,Feminine Hygiene,8 pads,200,,10,,5881
DM-1.1405,whisper-ultra-xl-pads-284mm,Whisper Ultra Xl Pads 284mm,health-hygiene,Feminine Hygiene,1 pc,200,,44,,5882
DM-9.912,whistle-snail-no-368-49,Whistle Snail no.368-49,toys,Toys,1 pc,810,735,37,,5883
DM-5.131,white-rabbit-108g,White Rabbit 108g,snacks,Chocolates & Candy,108g,205,165,25,,5886
DM-5.17-2,white-rabit-180g,White Rabit 180g,snacks,Chocolates & Candy,180g,330,,41,,5887
DM-10.264,white-tape-midium,White Tape Midium,stationery,School & Office Supplies,1 pc,150,,12,,5888
DM-2.123,white-tone-face-powder-30g,White Tone Face Powder 30g,beauty-skincare,Skin Care,30g,155,,26,,5889
DM-2.114,white-tone-face-power-50g,White Tone Face Power 50g,beauty-skincare,Skin Care,50g,185,165,35,,5890
DM-9.713,wireless-head-phone-09bt,Wireless Head Phone 09BT,electronics,Mobile & Audio,1 pc,1030,865,25,,5907
DM-9.894,witkon-color-mud,Witkon Color Mud,toys,Toys,1 pc,950,,38,,60
DM-2.1897,wokali-gold-cavier-peel-of-mask-130ml,Wokali Gold Cavier Peel Of Mask 130ml,beauty-skincare,Skin Care,130ml,365,,40,,5909
DM-2.878,wokali-white-black-mask-130ml,Wokali White Black Mask 130ml,beauty-skincare,Skin Care,130ml,380,,18,,5910
DM-5.118,womens-horlicks-caramel-400g,Womens Horlicks Caramel 400g,beverages,Health & Energy Drinks,400g,395,,44,yes,5911
DM-16.231,x-ginger-ale-330-ml,X Ginger Ale 330 ml,beverages,Soft Drinks & Soda,330ml,50,,34,,5915
DM-4.1341,x-series-jar-250ml,X-Series Jar 250ML,kitchen-household,Bottles & Lunch Boxes,250ml,180,,18,,5917
DM-1.2164,xtraa-matic-machine-wash-1kg,Xtraa Matic Machine Wash 1kg,cleaning,Detergent & Laundry,1kg,250,,57,,5919
DM-1.1141,xtraai-active-powder-500g,Xtraai Active Powder 500g,cleaning,Detergent & Laundry,500g,150,,49,,5921
DM-2.1618,yc-whitening-face-cucumber-extract-100ml,YC Whitening Face Cucumber Extract 100ml,beauty-skincare,Skin Care,100ml,310,,44,,5935
DM-2.1428,yc-lip-care-all-flvr,YC Lip Care All Flvr,beauty-skincare,Makeup & Nail Care,1 pc,370,320,41,,5933
DM-2.3898,yarong-famous-brand-pedicure-set,Yarong Famous Brand Pedicure Set,beauty-skincare,Makeup & Nail Care,1 pc,380,,31,,5932
DM-4.1486,yera-stackable-jar-2pcs-set,Yera Stackable Jar 2pcs Set,kitchen-household,Bottles & Lunch Boxes,2 pcs,505,,55,,5956
DM-17.316,ying-aier-nails,Ying Aier Nails,beauty-skincare,Makeup & Nail Care,1 pc,350,,20,,5957
DM-17.195,ying-aire-nails-20pc,Ying Aire Nails 20pc,beauty-skincare,Makeup & Nail Care,20 pc,330,,24,,5958
DM-4.777,ymj-stan,Ymj Stan,home-living,Storage & Organisers,1 pc,405,340,26,,5959
DM-2.3882,ymxercos-cleanse-acne-pimple-patch,Ymxercos Cleanse Acne Pimple Patch,health-hygiene,Health & Wellness,1 pc,265,,20,,5960
DM-7.4293,yuki-chillli-flakes-65gm,Yuki Chillli Flakes 65gm,groceries,Spices & Masala,65g,50,,36,,5972
DM-5.1085,yummies-jellido-mix-fruit-jellies-jar-240gm,Yummies Jellido Mix Fruit Jellies Jar 240gm,kitchen-household,Bottles & Lunch Boxes,240g,175,140,35,,5976
DM-2.3863,yuthika-super-light-gel-hyaluronic-50ml,Yuthika Super Light Gel Hyaluronic 50ml,beauty-skincare,Skin Care,50ml,210,,50,,5979
DM-2.1139,zandu-balm-8gm,Zandu Balm 8gm,health-hygiene,Health & Wellness,8g,40,,17,,5983
DM-7.1314,zed-black-luxury-fresh-pineapple-strawberry-incense-stick,Zed Black Luxury Fresh Pineapple/strawberry Incense Stick,gifts-puja,Puja Items,1 pc,70,,33,,5988
DM-7.912,zed-black-premium-incense-stick-3in1-raw-mango,Zed Black Premium Incense Stick 3in1/raw Mango,gifts-puja,Puja Items,1 pkt,80,,47,,5989
DM-2.3527,zerona-derma-wash-glo-facewash-for-glowing-60g,Zerona Derma Wash Glo Facewash For Glowing 60g,beauty-skincare,Skin Care,60g,235,190,56,,5995
DM-4.1173,zipper-bags-30pcs-size-15-15cm,Zipper Bags 30pcs Size 15*15cm,home-living,"Bags, Umbrellas & Travel",30 pcs,905,765,21,,6002
DM-9.677,zoo-balance-no-101a,Zoo Balance NO.101A,toys,Toys,1 pc,810,770,14,,6003
DM-1.2004,ad,Ad,home-living,Everyday Essentials,1 pc,235,,29,,178
DM-6.238,black-oak-375ml,Black Oak 375ml,liquor-smoking,"Whisky, Rum & Spirits",375ml,1540,,58,,746
DM-7.274,britannia-tiger-orng-crunch-elaichi-choc12-1-pack,Britannia Tiger Orng/Crunch/Elaichi/ Choc12/1 Pack,snacks,Biscuits & Cookies,1 pkt,65,60,8,,830
DM-6.33,carlsberg-can-500ml,Carlsberg Can 500ml,liquor-smoking,Beer,500ml,270,220,23,,906
DM-2.3266,cherry-blossom-black-15g,Cherry Blossom Black 15g,home-living,"Tools, Hardware & Auto",15g,360,,56,,1036
DM-7.12,chhurpi-good-100gm,Chhurpi Good 100gm,dairy-frozen,"Milk, Butter & Cheese",100g,135,,10,,1042
DM-7.4183,chicken-khurak,Chicken Khurak,groceries,Spices & Masala,1 pc,85,,27,,1046
DM-17.401,clip-steel-long,Clip Steel Long,stationery,School & Office Supplies,1 pc,140,,10,,1108
DM-1.131,colgate-herbal-100g,Colgate Herbal 100g,beauty-skincare,Oral Care,100g,125,,11,,1161
DM-1.125,colgate-max-fresh-with-cooling-crystals-70g,Colgate Max Fresh With Cooling Crystals 70g,beauty-skincare,Oral Care,70g,85,,52,,1163
DM-1.349,colgate-strong-teeth-38g,Colgate Strong Teeth 38g,beauty-skincare,Oral Care,38g,60,50,30,,1174
DM-10.558,cutter-no-0970,Cutter No 0970,stationery,School & Office Supplies,1 pc,150,,24,,1289
DM-2.2274,emami-fair-and-handsome-radiance-60g,Emami FAIR AND HANDSOME RADIANCE 60g,beauty-skincare,Skin Care,60g,200,185,51,,1788
DM-7.4812,first-choice-black-seasamei-100g,First Choice Black Seasamei 100g,groceries,Spices & Masala,100g,75,,19,,1958
DM-7.3449,first-choice-cinnamon-powder-50gm,First Choice Cinnamon Powder 50gm,groceries,Spices & Masala,50g,40,,21,,1964
DM-7.3448,first-choice-rosemary-25gm,First Choice Rosemary 25gm,groceries,Spices & Masala,25g,25,,38,,1980
DM-7.4815,first-choice-makhana-100g,First Choice Makhana 100g,snacks,"Chips, Namkeen & Snacks",100g,80,,15,,1971
DM-7.4811,first-choice-mitha-soff-100g,First Choice Mitha Soff 100g,groceries,Spices & Masala,100g,65,55,8,,1972
DM-7.345,first-choice-oregano-25gm,First Choice Oregano 25gm,groceries,Spices & Masala,25g,30,,16,,1978
DM-2.1404,fix-derma-shadow-spf-50gel,Fix Derma Shadow Spf 50gel,beauty-skincare,Skin Care,1 pc,395,375,37,,1989
DM-5.859,fruit-tella-strawberry-45gm,Fruit Tella Strawberry 45gm,snacks,Chocolates & Candy,45g,100,90,26,,2094
DM-17.349,hair-black-clip-no-6613,Hair Black Clip No.6613,ladies-wear,Hair Accessories,1 pc,75,,14,,2338
DM-7.3128,harlals-flax-seed-100gm,Harlals Flax Seed 100gm,groceries,"Dry Fruits, Nuts & Seeds",100g,195,,39,,2443
DM-1.196-2,head-shoulders-cool-menthol-180ml,Head & Shoulders Cool Menthol 180ml,beauty-skincare,Hair Care,180ml,240,,24,,2492
DM-9.867,hello-baby-care-set-lf-35,Hello Baby Care Set Lf 35,baby-care,Baby Bath & Skin Care,1 pc,325,,33,,2503
DM-5.797,hilife-choco-plus-300gm,Hilife Choco Plus 300gm,snacks,Chocolates & Candy,300g,440,370,24,,2548
DM-5.1093,hilife-choco-plus-475gm-jar,Hilife Choco Plus 475gm Jar,kitchen-household,Bottles & Lunch Boxes,475g,260,,13,,2550
DM-2.111,himalaya-herbals-oil-clear-lemon-facewash-100ml,Himalaya Herbals Oil Clear Lemon Facewash 100ml,beauty-skincare,Skin Care,100ml,285,,14,yes,2639
DM-1.301,huggies-wonder-pants-l30,Huggies Wonder Pants L30,baby-care,Diapers & Wipes,1 pkt,665,,57,,2719
DM-1.299,huggies-wonder-pants-m16,Huggies Wonder Pants M16,baby-care,Diapers & Wipes,1 pkt,650,,45,yes,2721
DM-7.157,jagadamba-megha-shreebhog-ajambari-aata5kg-pack,Jagadamba megha/Shreebhog /ajambari Aata5kg Pack,groceries,Rice & Grains,5kg,800,,15,,2764
DM-2.3377,jaifal-mix-body-massage-oil-100ml,Jaifal Mix Body Massage Oil 100ml,groceries,Oil & Ghee,100ml,80,65,22,,2765
DM-24.82,jayas-chicken-momo-40pcs,Jayas Chicken Momo 40pcs,dairy-frozen,Ice Cream & Frozen,40 pcs,250,,29,,2782
DM-17.267,kata-3768-20-no,Kata 3768-20 No,ladies-wear,Jewellery,1 pc,245,,32,,2921
DM-17.333,kata-hart-design,Kata Hart Design,ladies-wear,Hair Accessories,1 pc,85,,45,,2936
DM-17.208,kata-honey,Kata Honey,groceries,"Sauces, Pickles & Spreads",1 pc,235,,24,,2938
DM-17.241,kata-jhiljhile-mideum,Kata Jhiljhile Mideum,ladies-wear,Jewellery,1 pc,225,,23,,2939
DM-2.3834,kata-shubam-111,Kata shubam-111,ladies-wear,Jewellery,1 pc,225,,53,,2946
DM-17.206,kata-shubham-103,Kata shubham-103,ladies-wear,Jewellery,1 pc,230,,24,,2947
DM-5.481,kelloggs-chocos1-20kg,Kelloggs chocos1.20kg,groceries,Breakfast & Cereals,1.20kg,705,,19,,2977
DM-16.82,kinley-with-added-minerals-1ltr,Kinley With Added Minerals 1ltr,beverages,Water,1L,25,,23,,3038
DM-2.4015,leito-chamomile-moisturizing-cream-50ml,Leito Chamomile Moisturizing Cream 50ml,beauty-skincare,Skin Care,50ml,175,,38,,3176
DM-2.3596,lipstistik-rs100,Lipstistik rs100,beauty-skincare,Makeup & Nail Care,1 pc,105,,27,,3215
DM-1.1404,loreal-paris-total-repair-5-masque-200gm,Loreal Paris Total Repair 5 Masque 200gm,beauty-skincare,Hair Care,200g,380,,35,,3313
DM-2.3317,lotus-derma-botanics-ampoule-creme-50g,Lotus Derma Botanics Ampoule Creme 50g,beauty-skincare,Skin Care,50g,185,,45,,3326
DM-2.3315,lotus-derma-botanics-creme-50g,Lotus Derma Botanics Creme 50g,beauty-skincare,Skin Care,50g,195,,30,,3327
DM-2.2612,mamaearth-castor-oli150ml,mamaEarth Castor oli150ml,beauty-skincare,Skin Care,150ml,420,,11,,3512
DM-7.2725,mangaldeep-agarbattilarge,Mangaldeep Agarbattilarge,gifts-puja,Puja Items,1 pc,70,,46,,3542
DM-10.68,menu-khol,Menu Khol,home-living,Everyday Essentials,1 pc,260,,13,,3601
DM-7.3558,misty-dibba-garam-mashala-100gm,Misty Dibba Garam Mashala 100gm,kitchen-household,Kitchen Tools,100g,245,,18,,3707
DM-17.94,moti-mala,Moti Mala,ladies-wear,Jewellery,1 pc,225,,13,,3803
DM-7.322,munchys-oat-krunch-208g,Munchys Oat Krunch 208g,groceries,Breakfast & Cereals,208g,175,,31,,3882
DM-10.244,nano-double-side-tape-2-4m,Nano Double Side Tape 2.4m,stationery,School & Office Supplies,1 pack,165,,28,,3923
DM-2.186,nivea-cream-60ml,Nivea Cream 60ml,beauty-skincare,Bath & Body,60ml,90,,32,,4045
DM-1.28,pepsodent-germi-check-175g,Pepsodent Germi Check 175g,beauty-skincare,Oral Care,175g,180,,13,,4387
DM-1.279,pepsodent-herbal-175g,Pepsodent Herbal 175g,beauty-skincare,Oral Care,175g,220,,10,,4389
DM-2.2775,plom-hyaluronic-acid-2-30ml,Plom Hyaluronic Acid 2% 30ml,beauty-skincare,Fragrance & Deodorant,30ml,200,,56,,4458
DM-7.3247,posan-food-chamal-ko-pitho-1kg,Posan Food Chamal Ko Pitho 1kg,groceries,Rice & Grains,1kg,195,185,22,,4513
DM-7.2767,poshan-aalas-geda-500gm,Poshan Aalas Geda 500gm,groceries,Spices & Masala,500g,255,,29,,4515
DM-9.592,pufffer-ball,Pufffer Ball,toys,Sports & Fitness,1 pc,575,,17,,4611
DM-4.748,pull-push,Pull&push,toys,Toys,1 pc,755,,57,,4614
DM-7.1297,purnima-dhaniya-power-400g,Purnima Dhaniya Power 400g,groceries,Spices & Masala,400g,210,190,23,,4622
DM-24.49,quality-chicken-sauasge-250gm,Quality Chicken Sauasge 250gm,dairy-frozen,Eggs & Meat,250g,200,,52,,4639
DM-1.2026,sagun-ultra-thin-xl-6-290mm-pads,Sagun Ultra Thin Xl 6 290mm Pads,health-hygiene,Feminine Hygiene,1 pc,170,,21,,4905
DM-7.1351,sarathi-coriander-dhaniya-powder-100g,Sarathi Coriander /Dhaniya Powder 100g,groceries,Spices & Masala,100g,75,70,24,,4942
DM-7.3789,sarathi-siddhu-g-jwano-140gm,sarathi/Siddhu-G Jwano 140gm,groceries,Spices & Masala,140g,100,,45,,4951
DM-7.1346,sarathi-siddhu-g-jwano-70g,sarathi/Siddhu-G Jwano 70g,groceries,Spices & Masala,70g,55,,28,,4952
DM-1.872,sensodyne-repair-protect-deep-repair80g,Sensodyne Repair & Protect Deep repair80g,beauty-skincare,Oral Care,80g,110,,42,,4995
DM-1.1353,sofybodyfit-xl-60mm,Sofybodyfit Xl +60mm,health-hygiene,Feminine Hygiene,1 pc,180,170,19,,5183
DM-7.371-2,soyabean-5kg,Soyabean 5kg,groceries,Dal & Pulses,5kg,715,,8,,5208
DM-7.136,soyabean-oil-500ml-pouch,Soyabean Oil 500ml Pouch,groceries,Oil & Ghee,500ml,190,,8,,5209
DM-1.27,stayfree-secure-xl6-pads,Stayfree Secure XL6 Pads,health-hygiene,Feminine Hygiene,6 pads,195,,29,,5250
DM-1.1553,stayfree-secure-xl-18pic,Stayfree Secure Xl 18pic,health-hygiene,Feminine Hygiene,1 pc,180,,12,,5248
DM-7.1901,sworgadwari-honey-jamun-500gm,Sworgadwari Honey Jamun 500gm,groceries,"Sauces, Pickles & Spreads",500g,285,,25,,5418
DM-24.99,three-star-buff-mo-mo-50-pcs,Three Star Buff MO.Mo 50 pcs,dairy-frozen,Ice Cream & Frozen,50 pcs,250,,31,,5483
DM-4.31,toothpick-15,Toothpick 15,beauty-skincare,Oral Care,1 pack,105,,56,,5574
DM-21.4,vadilal-creamy-vanilla-60ml,Vadilal Creamy Vanilla 60ml,dairy-frozen,Ice Cream & Frozen,60ml,65,60,16,,55
DM-7.3445,vanilla-essence-28ml,Vanilla Essence 28ml,groceries,Cooking Essentials,28ml,35,,38,,5678
DM-7.289-2,wai-wai-quick-noodels-60gm,Wai Wai Quick Noodels 60gm,groceries,"Noodles, Pasta & Soup",60g,25,,20,yes,5790
DM-4.891,wall-hook-2pc-deer,Wall Hook 2pc Deer,home-living,Storage & Organisers,2 pc,500,,31,,5797
DM-2.2832,well-10-professional-growth-treatment-and-spa500ml,Well 10 Professional Growth Treatment And spa500ml,beauty-skincare,Hair Care,500ml,510,,25,,5846
DM-1.897,wheel-2in1-surf500gm,Wheel 2in1 surf500gm,cleaning,Detergent & Laundry,500g,145,,27,,5876
DM-2.165-2,zandu-ultra-power-balm,Zandu Ultra Power Balm,health-hygiene,Health & Wellness,1 pc,255,,25,,5985
DM-2.3258,zandu-vaporising-cold-rub-25ml,Zandu Vaporising Cold Rub 25ml,health-hygiene,Health & Wellness,25ml,60,,40,,5986
DM-3.627,zandu-vaporising-cold-rub-8mll,Zandu Vaporising Cold Rub 8mll,health-hygiene,Health & Wellness,1 pc,255,,31,,5987
