Display Order,Product Code,Product Name,UoM,Category,Subcategory,Slug,Website Status,Image
77,5.659,2PM lemon mint /masala munch stix80g,Pcs,Grocery & Staples,"Rice, Dal, Flour, Oil & Staples",2pm-lemon-mint-masala-munch-stix80g,Active,
78,7.3663,2pm Noodles Chicken curry 60gm,Pcs,Grocery & Staples,"Rice, Dal, Flour, Oil & Staples",2pm-noodles-chicken-curry-60gm,Active,
79,7.703,2pm Noodles/korean ramen 2xspics,pc,Grocery & Staples,"Rice, Dal, Flour, Oil & Staples",2pm-noodles-korean-ramen-2xspics,Active,
116,7.4055,A taste soda cracker sugar free 280gm,Pcs,Grocery & Staples,"Rice, Dal, Flour, Oil & Staples",a-taste-soda-cracker-sugar-free-280gm,Active,
119,7.3776,Aama ko chat masala 60gm,Pcs,Grocery & Staples,"Rice, Dal, Flour, Oil & Staples",aama-ko-chat-masala-60gm,Active,
120,7.3774,Aama ko chicken masala 100gm,Pcs,Grocery & Staples,"Rice, Dal, Flour, Oil & Staples",aama-ko-chicken-masala-100gm,Active,
121,7.4066,Aama ko chicken masala 60gm,Pcs,Grocery & Staples,"Rice, Dal, Flour, Oil & Staples",aama-ko-chicken-masala-60gm,Active,
128,7.3775,Aama ko garam masala 100gm,Pcs,Grocery & Staples,"Rice, Dal, Flour, Oil & Staples",aama-ko-garam-masala-100gm,Active,
129,7.4067,Aama ko garam masala 60gm,Pcs,Grocery & Staples,"Rice, Dal, Flour, Oil & Staples",aama-ko-garam-masala-60gm,Active,
133,7.4062,Aama ko hot cherry pepper & sichuan pepper paste 380gm,Pcs,Grocery & Staples,"Rice, Dal, Flour, Oil & Staples",aama-ko-hot-cherry-pepper-sichuan-pepper-paste-380gm,Active,
136,7.3772,Aama ko jwano masala mix100gm,Pcs,Grocery & Staples,"Rice, Dal, Flour, Oil & Staples",aama-ko-jwano-masala-mix100gm,Active,
139,7.3777,Aama ko momo masala 100gm,Pcs,Grocery & Staples,"Rice, Dal, Flour, Oil & Staples",aama-ko-momo-masala-100gm,Active,
144,7.3773,Aama ko thukpa masala 100gm,Pcs,Grocery & Staples,"Rice, Dal, Flour, Oil & Staples",aama-ko-thukpa-masala-100gm,Active,
145,7.389,Aashirbaad chana besan 500g,pkt,Grocery & Staples,"Rice, Dal, Flour, Oil & Staples",aashirbaad-chana-besan-500g,Active,
146,7.621,Aayo salt Pack 1kg,Pkt,Grocery & Staples,"Rice, Dal, Flour, Oil & Staples",aayo-salt-pack-1kg,Active,
161,2.22,Acnes soothing toner,Pcs,Grocery & Staples,"Rice, Dal, Flour, Oil & Staples",acnes-soothing-toner,Active,
183,2.799,Ahsan Attar Mix 3ml,pc,Grocery & Staples,"Rice, Dal, Flour, Oil & Staples",ahsan-attar-mix-3ml,Active,
184,2.8,Ahsan Attar Mix 8ml,pc,Grocery & Staples,"Rice, Dal, Flour, Oil & Staples",ahsan-attar-mix-8ml,Active,
220,7.1252,Ajinamoto 1 kg,PC,Grocery & Staples,"Rice, Dal, Flour, Oil & Staples",ajinamoto-1-kg,Active,
232,5.113,Alfredo no sugar added 100gm,Pcs,Grocery & Staples,"Rice, Dal, Flour, Oil & Staples",alfredo-no-sugar-added-100gm,Active,
268,24.84,Amul pure ghee 1kg,Pcs,Grocery & Staples,"Rice, Dal, Flour, Oil & Staples",amul-pure-ghee-1kg,Active,
333,2.3439,Asta Berry Honey & Vitamin E Nourishing Lotion 300ml,Pcs,Grocery & Staples,"Rice, Dal, Flour, Oil & Staples",asta-berry-honey-vitamin-e-nourishing-lotion-300ml,Active,
342,2.3813,Asta Berry Rice Water Brightening Face Wash 100ml,Pcs,Grocery & Staples,"Rice, Dal, Flour, Oil & Staples",asta-berry-rice-water-brightening-face-wash-100ml,Active,
365,1.2228,Augeea soothing&calming lrritation shower gel 500ml,Pack,Grocery & Staples,"Rice, Dal, Flour, Oil & Staples",augeea-soothing-calming-lrritation-shower-gel-500ml,Active,
755,7.184,BMC Meat Masala 100g,PC,Grocery & Staples,"Rice, Dal, Flour, Oil & Staples",bmc-meat-masala-100g,Active,
754,7.2739,BMC chicken Masala 100g,Pcs,Grocery & Staples,"Rice, Dal, Flour, Oil & Staples",bmc-chicken-masala-100g,Active,
387,7.3055,Babari Soya Chunks,Pcs,Grocery & Staples,"Rice, Dal, Flour, Oil & Staples",babari-soya-chunks,Active,
454,7.3873,Bagrr's crunchy muesli 500gm,Pcs,Grocery & Staples,"Rice, Dal, Flour, Oil & Staples",bagrr-s-crunchy-muesli-500gm,Active,
455,7.3683,"Bagrry""s Mixed Fruit Muesli 500g",Pack,Grocery & Staples,"Rice, Dal, Flour, Oil & Staples",bagrry-s-mixed-fruit-muesli-500g,Active,
458,7.3588,"Bagrry""s White Oats 200gm",Pcs,Grocery & Staples,"Rice, Dal, Flour, Oil & Staples",bagrry-s-white-oats-200gm,Active,
459,7.748,"Bagrry""s White Oats 500g packet",Pkt,Grocery & Staples,"Rice, Dal, Flour, Oil & Staples",bagrry-s-white-oats-500g-packet,Active,
456,7.1971,"Bagrry""s white oats 1.5kg",Pcs,Grocery & Staples,"Rice, Dal, Flour, Oil & Staples",bagrry-s-white-oats-1-5kg,Active,
457,7.526,"Bagrry""s white oats 1kg jar",PC,Grocery & Staples,"Rice, Dal, Flour, Oil & Staples",bagrry-s-white-oats-1kg-jar,Active,
460,7.1617,"Bagrry""s white oats refel pack 1kg",PC,Grocery & Staples,"Rice, Dal, Flour, Oil & Staples",bagrry-s-white-oats-refel-pack-1kg,Active,
461,7.571,"Bagrry""schocolate whey protein Muesli 500g",pc,Grocery & Staples,"Rice, Dal, Flour, Oil & Staples",bagrry-schocolate-whey-protein-muesli-500g,Active,
462,7.3623,Bagrry''s nutty fruity muesli 850g jar,Pcs,Grocery & Staples,"Rice, Dal, Flour, Oil & Staples",bagrry-s-nutty-fruity-muesli-850g-jar,Active,
463,7.3106,Bagrrys 0%added sugar Muesli500gm,Pcs,Grocery & Staples,"Rice, Dal, Flour, Oil & Staples",bagrrys-0-added-sugar-muesli500gm,Active,
464,7.585,Bagrrys Crunchy Muesli Mix 500g\millet,pc,Grocery & Staples,"Rice, Dal, Flour, Oil & Staples",bagrrys-crunchy-muesli-mix-500g-millet,Active,
477,7.3703,Bakeland atta biscuits rs20,Pcs,Grocery & Staples,"Rice, Dal, Flour, Oil & Staples",bakeland-atta-biscuits-rs20,Active,
541,7.1228,BamBino Compounded Hing 16g,PC,Grocery & Staples,"Rice, Dal, Flour, Oil & Staples",bambino-compounded-hing-16g,Active,
540,7.84,BamBino VERMICELLI 150g,pc,Grocery & Staples,"Rice, Dal, Flour, Oil & Staples",bambino-vermicelli-150g,Active,
562,7.843,BamBino Vermicelli 150gm,pc,Grocery & Staples,"Rice, Dal, Flour, Oil & Staples",bambino-vermicelli-150gm,Active,
563,7.693,BamBino vermicelli 350gm,pkt,Grocery & Staples,"Rice, Dal, Flour, Oil & Staples",bambino-vermicelli-350gm,Active,
543,7.1926,Bambino Compounded hing 40g,PC,Grocery & Staples,"Rice, Dal, Flour, Oil & Staples",bambino-compounded-hing-40g,Active,
549,7.426,Bambino Macaroni Pep mix pasta750g,PKT,Grocery & Staples,"Rice, Dal, Flour, Oil & Staples",bambino-macaroni-pep-mix-pasta750g,Active,
554,7.504,Bambino Roasted Vermicelli 150g,pkt,Grocery & Staples,"Rice, Dal, Flour, Oil & Staples",bambino-roasted-vermicelli-150g,Active,
555,7.1495,Bambino Roasted Vermicelli 350g,PC,Grocery & Staples,"Rice, Dal, Flour, Oil & Staples",bambino-roasted-vermicelli-350g,Active,
559,7.2416,Bambino Soya Chunks 220g,Pcs,Grocery & Staples,"Rice, Dal, Flour, Oil & Staples",bambino-soya-chunks-220g,Active,
560,7.506,Bambino Sugar free Soan papdi 200g,pc,Grocery & Staples,"Rice, Dal, Flour, Oil & Staples",bambino-sugar-free-soan-papdi-200g,Active,
542,7.833,Bambino compounded hing 25g,Pc,Grocery & Staples,"Rice, Dal, Flour, Oil & Staples",bambino-compounded-hing-25g,Active,
547,7.4405,Bambino macaeroni pep pasta 675gm,Pcs,Grocery & Staples,"Rice, Dal, Flour, Oil & Staples",bambino-macaeroni-pep-pasta-675gm,Active,
581,2.385,Banjaras rose water gel/sandal water gel 100ml,Pcs,Grocery & Staples,"Rice, Dal, Flour, Oil & Staples",banjaras-rose-water-gel-sandal-water-gel-100ml,Active,
592,7.3785,Barari Black salt 500gm,Pcs,Grocery & Staples,"Rice, Dal, Flour, Oil & Staples",barari-black-salt-500gm,Active,
593,7.4303,Barari Buckwheat Flour 800g,Pcs,Grocery & Staples,"Rice, Dal, Flour, Oil & Staples",barari-buckwheat-flour-800g,Active,
605,7.3786,Barari Rock Black Salt 200gm,Pcs,Grocery & Staples,"Rice, Dal, Flour, Oil & Staples",barari-rock-black-salt-200gm,Active,
594,7.4472,Barari chat masala 50gm,Pcs,Grocery & Staples,"Rice, Dal, Flour, Oil & Staples",barari-chat-masala-50gm,Active,
596,7.4471,Barari chicken masala 50gm,Pcs,Grocery & Staples,"Rice, Dal, Flour, Oil & Staples",barari-chicken-masala-50gm,Active,
597,7.4473,Barari garam masala 50gm,Pcs,Grocery & Staples,"Rice, Dal, Flour, Oil & Staples",barari-garam-masala-50gm,Active,
600,7.4071,Barari masala papd 180gm,Pcs,Grocery & Staples,"Rice, Dal, Flour, Oil & Staples",barari-masala-papd-180gm,Active,
601,7.436,Barari meat masala 50gm,Pcs,Grocery & Staples,"Rice, Dal, Flour, Oil & Staples",barari-meat-masala-50gm,Active,
602,7.447,Barari pani puri masala 50gm,Pcs,Grocery & Staples,"Rice, Dal, Flour, Oil & Staples",barari-pani-puri-masala-50gm,Active,
603,7.3951,Barari pink salt 200gm,Pcs,Grocery & Staples,"Rice, Dal, Flour, Oil & Staples",barari-pink-salt-200gm,Active,
609,7.4377,Bareland Atta Biscuits 150g,Pcs,Grocery & Staples,"Rice, Dal, Flour, Oil & Staples",bareland-atta-biscuits-150g,Active,
666,7.622,Behuli Jeera masino rice 25kg,Pkt,Grocery & Staples,"Rice, Dal, Flour, Oil & Staples",behuli-jeera-masino-rice-25kg,Active,
687,7.324,Bhansaghar Long Grain Rice 20KG,Pcs,Grocery & Staples,"Rice, Dal, Flour, Oil & Staples",bhansaghar-long-grain-rice-20kg,Active,
688,7.4716,Bhansaghar maida 1kg,Pcs,Grocery & Staples,"Rice, Dal, Flour, Oil & Staples",bhansaghar-maida-1kg,Active,
689,7.3689,Bhansaghar suji 500gm,Pack,Grocery & Staples,"Rice, Dal, Flour, Oil & Staples",bhansaghar-suji-500gm,Active,
707,7.1913,Bikaji moong dal 180gm,Pcs,Grocery & Staples,"Rice, Dal, Flour, Oil & Staples",bikaji-moong-dal-180gm,Active,
708,7.4686,Bikaji moong dal 350gm,Pcs,Grocery & Staples,"Rice, Dal, Flour, Oil & Staples",bikaji-moong-dal-350gm,Active,
715,7.4125,Bikano Khatta Mitha 150gm,Pcs,Grocery & Staples,"Rice, Dal, Flour, Oil & Staples",bikano-khatta-mitha-150gm,Active,
811,7.465,Britannia 50 50 sweet & salty 150g,pc,Grocery & Staples,"Rice, Dal, Flour, Oil & Staples",britannia-50-50-sweet-salty-150g,Active,
827,7.578,Britannia Sugarfree Digestive biscuit 350g,pc,Grocery & Staples,"Rice, Dal, Flour, Oil & Staples",britannia-sugarfree-digestive-biscuit-350g,Active,
829,7.543,Britannia Suji Toast 170g,pc,Grocery & Staples,"Rice, Dal, Flour, Oil & Staples",britannia-suji-toast-170g,Active,
843,7.2662,Bt chilli powder 200g,Pcs,Grocery & Staples,"Rice, Dal, Flour, Oil & Staples",bt-chilli-powder-200g,Active,
1274,7.1745,CURRENT NODLES HOT@SPICY CHILL PEPPER100G,PC,Grocery & Staples,"Rice, Dal, Flour, Oil & Staples",current-nodles-hot-spicy-chill-pepper100g,Active,
901,7.751,Captain Oats Instant Oatmeal 500g,pc,Grocery & Staples,"Rice, Dal, Flour, Oil & Staples",captain-oats-instant-oatmeal-500g,Active,
902,7.75,Captain Oats Instant Oatmeal 800g,pc,Grocery & Staples,"Rice, Dal, Flour, Oil & Staples",captain-oats-instant-oatmeal-800g,Active,
899,7.198,Captain oats Instant Oatmeal 1kg jar,pack,Grocery & Staples,"Rice, Dal, Flour, Oil & Staples",captain-oats-instant-oatmeal-1kg-jar,Active,
900,7.197,Captain oats instant Oatmeal 500g jar,pack,Grocery & Staples,"Rice, Dal, Flour, Oil & Staples",captain-oats-instant-oatmeal-500g-jar,Active,
926,7.59,Century Biriyani masala 50g,pc,Grocery & Staples,"Rice, Dal, Flour, Oil & Staples",century-biriyani-masala-50g,Active,
927,7.866,Century Black Pepper 25g,Pc,Grocery & Staples,"Rice, Dal, Flour, Oil & Staples",century-black-pepper-25g,Active,
929,7.3469,Century Black Salt 75g,Pcs,Grocery & Staples,"Rice, Dal, Flour, Oil & Staples",century-black-salt-75g,Active,
930,7.4179,Century Chat Masala 200gm+30gm,can,Grocery & Staples,"Rice, Dal, Flour, Oil & Staples",century-chat-masala-200gm-30gm,Active,
931,7.193,Century Chat Masala 50g,PC,Grocery & Staples,"Rice, Dal, Flour, Oil & Staples",century-chat-masala-50g,Active,
932,7.189,Century Chatpate masala 50 gm,Pcs,Grocery & Staples,"Rice, Dal, Flour, Oil & Staples",century-chatpate-masala-50-gm,Active,
935,7.4177,Century Chicken Masala 200gm+30gm,can,Grocery & Staples,"Rice, Dal, Flour, Oil & Staples",century-chicken-masala-200gm-30gm,Active,
936,7.628,Century Chicken Masala 50g,pc,Grocery & Staples,"Rice, Dal, Flour, Oil & Staples",century-chicken-masala-50g,Active,
945,7.203,Century Cumin powder 200g,pack,Grocery & Staples,"Rice, Dal, Flour, Oil & Staples",century-cumin-powder-200g,Active,
949,7.191,Century Garam Masala 50g,PC,Grocery & Staples,"Rice, Dal, Flour, Oil & Staples",century-garam-masala-50g,Active,
959,7.4176,Century Meat Masala 200gm+30gm,can,Grocery & Staples,"Rice, Dal, Flour, Oil & Staples",century-meat-masala-200gm-30gm,Active,
960,7.19,Century Meat Masala 25g,PC,Grocery & Staples,"Rice, Dal, Flour, Oil & Staples",century-meat-masala-25g,Active,
961,7.1205,Century Meat Masala 500g,PC,Grocery & Staples,"Rice, Dal, Flour, Oil & Staples",century-meat-masala-500g,Active,
962,7.185,Century Meat Masala 50g,PC,Grocery & Staples,"Rice, Dal, Flour, Oil & Staples",century-meat-masala-50g,Active,
964,7.867,Century Mix Masala 175g,Pc,Grocery & Staples,"Rice, Dal, Flour, Oil & Staples",century-mix-masala-175g,Active,
965,7.418,Century Mix Masala 200gm+30gm,can,Grocery & Staples,"Rice, Dal, Flour, Oil & Staples",century-mix-masala-200gm-30gm,Active,
966,7.1472,Century Mix Masala 400g,BAG,Grocery & Staples,"Rice, Dal, Flour, Oil & Staples",century-mix-masala-400g,Active,
969,7.192,Century MoMo Masala 50g,PC,Grocery & Staples,"Rice, Dal, Flour, Oil & Staples",century-momo-masala-50g,Active,
974,7.8,Century Rajma masala 50g,pc,Grocery & Staples,"Rice, Dal, Flour, Oil & Staples",century-rajma-masala-50g,Active,
975,7.183,Century Sabji Masala 25g,PC,Grocery & Staples,"Rice, Dal, Flour, Oil & Staples",century-sabji-masala-25g,Active,
976,7.1204,Century Sabji Masala 500g,PC,Grocery & Staples,"Rice, Dal, Flour, Oil & Staples",century-sabji-masala-500g,Active,
984,7.865,Century Tea Masala 25g,Pc,Grocery & Staples,"Rice, Dal, Flour, Oil & Staples",century-tea-masala-25g,Active,
928,7.772,Century black pepper50g,Pkt,Grocery & Staples,"Rice, Dal, Flour, Oil & Staples",century-black-pepper50g,Active,
923,7.1953,Century chana chhola masala 50gm,Pcs,Grocery & Staples,"Rice, Dal, Flour, Oil & Staples",century-chana-chhola-masala-50gm,Active,
939,7.217,Century chilli powder 200g,pack,Grocery & Staples,"Rice, Dal, Flour, Oil & Staples",century-chilli-powder-200g,Active,
940,7.215,Century chilli powder 500g,pack,Grocery & Staples,"Rice, Dal, Flour, Oil & Staples",century-chilli-powder-500g,Active,
924,7.218,Century chowmin masala 50g,pack,Grocery & Staples,"Rice, Dal, Flour, Oil & Staples",century-chowmin-masala-50g,Active,
944,7.2447,Century cumin powder 100gm,Pcs,Grocery & Staples,"Rice, Dal, Flour, Oil & Staples",century-cumin-powder-100gm,Active,
946,7.197,Century cumin powder 500gm,Pcs,Grocery & Staples,"Rice, Dal, Flour, Oil & Staples",century-cumin-powder-500gm,Active,
948,7.219,Century fish masala 50g,pack,Grocery & Staples,"Rice, Dal, Flour, Oil & Staples",century-fish-masala-50g,Active,
952,7.22,Century jal jeera 50g,pack,Grocery & Staples,"Rice, Dal, Flour, Oil & Staples",century-jal-jeera-50g,Active,
977,7.221,Century sabji masala 50g,pack,Grocery & Staples,"Rice, Dal, Flour, Oil & Staples",century-sabji-masala-50g,Active,
978,7.222,Century sekuwa masala 50g,pack,Grocery & Staples,"Rice, Dal, Flour, Oil & Staples",century-sekuwa-masala-50g,Active,
979,7.2164,Century soya chunks nutrela 200g,Pcs,Grocery & Staples,"Rice, Dal, Flour, Oil & Staples",century-soya-chunks-nutrela-200g,Active,
982,7.1907,Century synthetic vinegar 300ml,Pcs,Grocery & Staples,"Rice, Dal, Flour, Oil & Staples",century-synthetic-vinegar-300ml,Active,
983,7.1908,Century synthetic vinegar 700ml,Pcs,Grocery & Staples,"Rice, Dal, Flour, Oil & Staples",century-synthetic-vinegar-700ml,Active,
985,7.2026,Century tea Masala 50g,Pcs,Grocery & Staples,"Rice, Dal, Flour, Oil & Staples",century-tea-masala-50g,Active,
989,7.265,Century turmeric powder 100gm,pack,Grocery & Staples,"Rice, Dal, Flour, Oil & Staples",century-turmeric-powder-100gm,Active,
990,7.264,Century turmeric powder 200g,pack,Grocery & Staples,"Rice, Dal, Flour, Oil & Staples",century-turmeric-powder-200g,Active,
991,7.263,Century turmeric powder 500g,pack,Grocery & Staples,"Rice, Dal, Flour, Oil & Staples",century-turmeric-powder-500g,Active,
1010,7.784,Chana Daal 1kg,Kg,Grocery & Staples,"Rice, Dal, Flour, Oil & Staples",chana-daal-1kg,Active,
1009,7.618,Chana Geda 1kg,Pkt,Grocery & Staples,"Rice, Dal, Flour, Oil & Staples",chana-geda-1kg,Active,
1018,7.4599,Chapagetti original noodles 140gm,Pcs,Grocery & Staples,"Rice, Dal, Flour, Oil & Staples",chapagetti-original-noodles-140gm,Active,
1019,7.44,Chapagetti spicy noodles 137gm,Pcs,Grocery & Staples,"Rice, Dal, Flour, Oil & Staples",chapagetti-spicy-noodles-137gm,Active,
1023,7.406,Cheetos Crunchy Chilli Chatka /Masala Munch 63.5gm,Pcs,Grocery & Staples,"Rice, Dal, Flour, Oil & Staples",cheetos-crunchy-chilli-chatka-masala-munch-63-5gm,Active,
1045,7.4513,Chicken keema masala 210gm,Pcs,Grocery & Staples,"Rice, Dal, Flour, Oil & Staples",chicken-keema-masala-210gm,Active,
1055,5.1063,Chitale bngebar rice flakes all flv,Pcs,Grocery & Staples,"Rice, Dal, Flour, Oil & Staples",chitale-bngebar-rice-flakes-all-flv,Active,
1150,1.127,Colgate active salt 100g,PC,Grocery & Staples,"Rice, Dal, Flour, Oil & Staples",colgate-active-salt-100g,Active,
1151,1.122,Colgate active salt toothpest 200gm,PC,Grocery & Staples,"Rice, Dal, Flour, Oil & Staples",colgate-active-salt-toothpest-200gm,Active,
1221,7.1965,Corn Flour 1kg,KG,Grocery & Staples,"Rice, Dal, Flour, Oil & Staples",corn-flour-1kg,Active,
1220,7.872,Corn flour 1kg pack,pc,Grocery & Staples,"Rice, Dal, Flour, Oil & Staples",corn-flour-1kg-pack,Active,
1251,7.1948,Current 2x spicy black /Schezwan noodles,Pcs,Grocery & Staples,"Rice, Dal, Flour, Oil & Staples",current-2x-spicy-black-schezwan-noodles,Active,
1253,7.3331,Current Chatpate masala 50g,Pcs,Grocery & Staples,"Rice, Dal, Flour, Oil & Staples",current-chatpate-masala-50g,Active,
1254,7.438,Current Chicken masala 50g,pkt,Grocery & Staples,"Rice, Dal, Flour, Oil & Staples",current-chicken-masala-50g,Active,
1261,7.3366,Current Cumin Powder 100g,Pcs,Grocery & Staples,"Rice, Dal, Flour, Oil & Staples",current-cumin-powder-100g,Active,
1262,7.3367,Current Cumin Powder 200g,Pcs,Grocery & Staples,"Rice, Dal, Flour, Oil & Staples",current-cumin-powder-200g,Active,
1263,7.4162,Current Cumin Powder 35g,Pcs,Grocery & Staples,"Rice, Dal, Flour, Oil & Staples",current-cumin-powder-35g,Active,
1264,7.3369,Current Cumin Powder 500g,Pcs,Grocery & Staples,"Rice, Dal, Flour, Oil & Staples",current-cumin-powder-500g,Active,
1265,7.4164,Current Fish Curry Masala 50g,Pcs,Grocery & Staples,"Rice, Dal, Flour, Oil & Staples",current-fish-curry-masala-50g,Active,
1271,7.337,Current Mix masala 100g,Pcs,Grocery & Staples,"Rice, Dal, Flour, Oil & Staples",current-mix-masala-100g,Active,
1272,7.799,Current Mix masala 500g,pc,Grocery & Staples,"Rice, Dal, Flour, Oil & Staples",current-mix-masala-500g,Active,
1276,7.835,Current Pani Puri Masala 50g,Pc,Grocery & Staples,"Rice, Dal, Flour, Oil & Staples",current-pani-puri-masala-50g,Active,
1280,7.442,Current Turmeric Powder 100g,pkt,Grocery & Staples,"Rice, Dal, Flour, Oil & Staples",current-turmeric-powder-100g,Active,
1281,7.838,Current Turmeric Powder 200g,Pc,Grocery & Staples,"Rice, Dal, Flour, Oil & Staples",current-turmeric-powder-200g,Active,
1249,7.244,Current biryani masala 50gm,pack,Grocery & Staples,"Rice, Dal, Flour, Oil & Staples",current-biryani-masala-50gm,Active,
1252,7.233,Current chat masala 50g,pack,Grocery & Staples,"Rice, Dal, Flour, Oil & Staples",current-chat-masala-50g,Active,
1255,7.446,Current chilli powder 500gm,pkt,Grocery & Staples,"Rice, Dal, Flour, Oil & Staples",current-chilli-powder-500gm,Active,
1256,7.3371,Current chilli powder100gm,Pcs,Grocery & Staples,"Rice, Dal, Flour, Oil & Staples",current-chilli-powder100gm,Active,
1257,7.445,Current chilli powder200,pkt,Grocery & Staples,"Rice, Dal, Flour, Oil & Staples",current-chilli-powder200,Active,
1258,7.235,Current chowmein masala 50g,pack,Grocery & Staples,"Rice, Dal, Flour, Oil & Staples",current-chowmein-masala-50g,Active,
1266,7.23,Current garam masala 50g,pack,Grocery & Staples,"Rice, Dal, Flour, Oil & Staples",current-garam-masala-50g,Active,
1270,7.227,Current meat masala 50g,pack,Grocery & Staples,"Rice, Dal, Flour, Oil & Staples",current-meat-masala-50g,Active,
1273,7.439,Current momo masala 50g,pkt,Grocery & Staples,"Rice, Dal, Flour, Oil & Staples",current-momo-masala-50g,Active,
1275,7.2847,Current noodles 60g,Pcs,Grocery & Staples,"Rice, Dal, Flour, Oil & Staples",current-noodles-60g,Active,
1278,7.228,Current sabji masala 50g,pack,Grocery & Staples,"Rice, Dal, Flour, Oil & Staples",current-sabji-masala-50g,Active,
1282,7.3372,Current turmeric powder 500g,Pcs,Grocery & Staples,"Rice, Dal, Flour, Oil & Staples",current-turmeric-powder-500g,Active,
1302,5.375,Dabur Chyawanprash Sugarfree 500g,PC,Grocery & Staples,"Rice, Dal, Flour, Oil & Staples",dabur-chyawanprash-sugarfree-500g,Active,
1324,1.101,Daz Washing Powder 1kg,pkt,Grocery & Staples,"Rice, Dal, Flour, Oil & Staples",daz-washing-powder-1kg,Active,
1345,7.3999,Delhi dhamaka permium indian basmati rice 25kg,Pcs,Grocery & Staples,"Rice, Dal, Flour, Oil & Staples",delhi-dhamaka-permium-indian-basmati-rice-25kg,Active,
1416,7.4021,Devil's hot chicken noodles,Pcs,Grocery & Staples,"Rice, Dal, Flour, Oil & Staples",devil-s-hot-chicken-noodles,Active,
1435,1.1733,Di Ling Washing machine Slot cleaning block DL-507,Pcs,Grocery & Staples,"Rice, Dal, Flour, Oil & Staples",di-ling-washing-machine-slot-cleaning-block-dl-507,Active,
1489,7.3273,Divya foods black bhatta 1kg,pkt,Grocery & Staples,"Rice, Dal, Flour, Oil & Staples",divya-foods-black-bhatta-1kg,Active,
1491,7.4296,Divya foods chana daal 500gm,Pcs,Grocery & Staples,"Rice, Dal, Flour, Oil & Staples",divya-foods-chana-daal-500gm,Active,
1492,7.4309,Divya foods chana geda 500gm,Pcs,Grocery & Staples,"Rice, Dal, Flour, Oil & Staples",divya-foods-chana-geda-500gm,Active,
1493,7.4284,Divya foods dalchini bokra 100gm,Pcs,Grocery & Staples,"Rice, Dal, Flour, Oil & Staples",divya-foods-dalchini-bokra-100gm,Active,
1510,7.4299,Divya foods masoor daal 500gm,Pcs,Grocery & Staples,"Rice, Dal, Flour, Oil & Staples",divya-foods-masoor-daal-500gm,Active,
1515,7.4297,Divya foods moong daal 500gm,Pcs,Grocery & Staples,"Rice, Dal, Flour, Oil & Staples",divya-foods-moong-daal-500gm,Active,
1516,7.4301,Divya foods moong geda 500gm,Pcs,Grocery & Staples,"Rice, Dal, Flour, Oil & Staples",divya-foods-moong-geda-500gm,Active,
1517,7.4312,Divya foods rajma geda 500gm,Pcs,Grocery & Staples,"Rice, Dal, Flour, Oil & Staples",divya-foods-rajma-geda-500gm,Active,
1526,7.431,Divya foods white bhatta 500gm,Pcs,Grocery & Staples,"Rice, Dal, Flour, Oil & Staples",divya-foods-white-bhatta-500gm,Active,
1536,7.127,Dizzle paan masala mix flvr 140g,PC,Grocery & Staples,"Rice, Dal, Flour, Oil & Staples",dizzle-paan-masala-mix-flvr-140g,Active,
1538,7.4514,Dobate sutkeri masala 400gm,Pcs,Grocery & Staples,"Rice, Dal, Flour, Oil & Staples",dobate-sutkeri-masala-400gm,Active,
1583,7.4427,Doonmalai 4star rice 20kg,Pcs,Grocery & Staples,"Rice, Dal, Flour, Oil & Staples",doonmalai-4star-rice-20kg,Active,
1584,7.1791,Doonmalai 5 star briyani rice 5kg,PC,Grocery & Staples,"Rice, Dal, Flour, Oil & Staples",doonmalai-5-star-briyani-rice-5kg,Active,
1585,7.4115,Doonmalai 5star rice 20kg,Pcs,Grocery & Staples,"Rice, Dal, Flour, Oil & Staples",doonmalai-5star-rice-20kg,Active,
1586,7.1529,Doonmalai Basmati Biryani rice 1kg,PC,Grocery & Staples,"Rice, Dal, Flour, Oil & Staples",doonmalai-basmati-biryani-rice-1kg,Active,
1587,7.3275,Doonmalai Basmati rice 4Star 25kg,Bags,Grocery & Staples,"Rice, Dal, Flour, Oil & Staples",doonmalai-basmati-rice-4star-25kg,Active,
1624,1.1778,Dove Crean Beauty Bathing Bar 3x100gm,PC,Grocery & Staples,"Rice, Dal, Flour, Oil & Staples",dove-crean-beauty-bathing-bar-3x100gm,Active,
1664,7.726,Druck Synthetic Vinegar 700ml,pc,Grocery & Staples,"Rice, Dal, Flour, Oil & Staples",druck-synthetic-vinegar-700ml,Active,
1669,7.15,Druk Green ChilliSayce 200g,PC,Grocery & Staples,"Rice, Dal, Flour, Oil & Staples",druk-green-chillisayce-200g,Active,
1679,7.16,Druk Sythetic Vinegar300ml,PC,Grocery & Staples,"Rice, Dal, Flour, Oil & Staples",druk-sythetic-vinegar300ml,Active,
1680,7.1963,Druk tomato sweet 'n'spicy chilli 200g,Pcs,Grocery & Staples,"Rice, Dal, Flour, Oil & Staples",druk-tomato-sweet-n-spicy-chilli-200g,Active,
1810,7.131,ENO Fruit Salt lemon Flavour 5g,PC,Grocery & Staples,"Rice, Dal, Flour, Oil & Staples",eno-fruit-salt-lemon-flavour-5g,Active,
1940,7.4749,Figaro capers in vinegar 60gm,Pcs,Grocery & Staples,"Rice, Dal, Flour, Oil & Staples",figaro-capers-in-vinegar-60gm,Active,
1941,7.4462,Figaro cornichons in vinegar 190gm,Pcs,Grocery & Staples,"Rice, Dal, Flour, Oil & Staples",figaro-cornichons-in-vinegar-190gm,Active,
1949,7.4817,First Choice Ajinamoto 200g,Pcs,Grocery & Staples,"Rice, Dal, Flour, Oil & Staples",first-choice-ajinamoto-200g,Active,
1950,7.4807,First Choice Baking Powder 100g,Pcs,Grocery & Staples,"Rice, Dal, Flour, Oil & Staples",first-choice-baking-powder-100g,Active,
1957,7.2126,First Choice Black pepper 25g,Pcs,Grocery & Staples,"Rice, Dal, Flour, Oil & Staples",first-choice-black-pepper-25g,Active,
3,7.3377,First Choice Mustard seed100g,Pcs,Grocery & Staples,"Rice, Dal, Flour, Oil & Staples",first-choice-mustard-seed100g,Active,
1981,7.4657,First Choice Tej patta 50g,Pcs,Grocery & Staples,"Rice, Dal, Flour, Oil & Staples",first-choice-tej-patta-50g,Active,
1982,7.3382,First Choice Tej patta25g,Pcs,Grocery & Staples,"Rice, Dal, Flour, Oil & Staples",first-choice-tej-patta25g,Active,
1979,7.2122,First Choice panipuri Masala 50g,Pcs,Grocery & Staples,"Rice, Dal, Flour, Oil & Staples",first-choice-panipuri-masala-50g,Active,
1961,7.4826,First choice chicken masala 25gm,Pcs,Grocery & Staples,"Rice, Dal, Flour, Oil & Staples",first-choice-chicken-masala-25gm,Active,
1965,7.4825,First choice garam masala 25gm,Pcs,Grocery & Staples,"Rice, Dal, Flour, Oil & Staples",first-choice-garam-masala-25gm,Active,
1973,7.4193,First choice mix masala 100gm,Pcs,Grocery & Staples,"Rice, Dal, Flour, Oil & Staples",first-choice-mix-masala-100gm,Active,
1977,7.4829,First choice mutton curry masala 50gm,Pcs,Grocery & Staples,"Rice, Dal, Flour, Oil & Staples",first-choice-mutton-curry-masala-50gm,Active,
2054,7.4354,Foodco baking powder 100gm,Pcs,Grocery & Staples,"Rice, Dal, Flour, Oil & Staples",foodco-baking-powder-100gm,Active,
2055,7.4355,Foodco baking powder 400gm,Pcs,Grocery & Staples,"Rice, Dal, Flour, Oil & Staples",foodco-baking-powder-400gm,Active,
2056,7.4353,Foodco baking soda 100gm,Pcs,Grocery & Staples,"Rice, Dal, Flour, Oil & Staples",foodco-baking-soda-100gm,Active,
2057,7.4356,Foodco baking soda 400gm,Pcs,Grocery & Staples,"Rice, Dal, Flour, Oil & Staples",foodco-baking-soda-400gm,Active,
2058,7.4357,Foodco corn flour 800gm,Pcs,Grocery & Staples,"Rice, Dal, Flour, Oil & Staples",foodco-corn-flour-800gm,Active,
2064,7.4415,Fortune AEveryday Basmati Rice 1 kg,Pcs,Grocery & Staples,"Rice, Dal, Flour, Oil & Staples",fortune-aeveryday-basmati-rice-1-kg,Active,
2065,7.4416,Fortune AEveryday Basmati Rice 5kg,Pcs,Grocery & Staples,"Rice, Dal, Flour, Oil & Staples",fortune-aeveryday-basmati-rice-5kg,Active,
2067,7.4414,Fortune Premium long Grain Basmati Rice 5 kg,Pcs,Grocery & Staples,"Rice, Dal, Flour, Oil & Staples",fortune-premium-long-grain-basmati-rice-5-kg,Active,
2071,7.4417,Fortune Rozana Gold Basmati Rice 1 kg,Pcs,Grocery & Staples,"Rice, Dal, Flour, Oil & Staples",fortune-rozana-gold-basmati-rice-1-kg,Active,
2072,7.4413,Fortune Soya Chunks 200g,Pcs,Grocery & Staples,"Rice, Dal, Flour, Oil & Staples",fortune-soya-chunks-200g,Active,
2074,7.4408,Fortune Sunflour oil 2 ltr,Pcs,Grocery & Staples,"Rice, Dal, Flour, Oil & Staples",fortune-sunflour-oil-2-ltr,Active,
2075,7.4412,Fortune Sunflour oil 5 ltr,Pcs,Grocery & Staples,"Rice, Dal, Flour, Oil & Staples",fortune-sunflour-oil-5-ltr,Active,
2066,7.4662,Fortune premium long grain basmati rice 20gm,Pcs,Grocery & Staples,"Rice, Dal, Flour, Oil & Staples",fortune-premium-long-grain-basmati-rice-20gm,Active,
2070,7.4426,Fortune rice bran health oil 1ltr,Pcs,Grocery & Staples,"Rice, Dal, Flour, Oil & Staples",fortune-rice-bran-health-oil-1ltr,Active,
2098,7.3713,G4 chilli garlic mix 200gm,Pcs,Grocery & Staples,"Rice, Dal, Flour, Oil & Staples",g4-chilli-garlic-mix-200gm,Active,
2099,7.435,G4 fapar noodles 100gm,Pcs,Grocery & Staples,"Rice, Dal, Flour, Oil & Staples",g4-fapar-noodles-100gm,Active,
2100,7.4349,G4 mini noodles 100gm,Pcs,Grocery & Staples,"Rice, Dal, Flour, Oil & Staples",g4-mini-noodles-100gm,Active,
2101,7.3714,G4 refined wheat stick noodles 1kg,Pcs,Grocery & Staples,"Rice, Dal, Flour, Oil & Staples",g4-refined-wheat-stick-noodles-1kg,Active,
2169,7.4466,Gazzabko Piro Dalle Kursani 60g,Pcs,Grocery & Staples,"Rice, Dal, Flour, Oil & Staples",gazzabko-piro-dalle-kursani-60g,Active,
2185,1.1676,Gillette After Shave splash /icy cool/Refreshing 100ml,Pcs,Grocery & Staples,"Rice, Dal, Flour, Oil & Staples",gillette-after-shave-splash-icy-cool-refreshing-100ml,Active,
2231,7.66,Global Choice/classic/dalli Mushrooms whole 400g,PC,Grocery & Staples,"Rice, Dal, Flour, Oil & Staples",global-choice-classic-dalli-mushrooms-whole-400g,Active,
2293,7.4576,Goodlife jeera cookies biscuit 100gm,Pcs,Grocery & Staples,"Rice, Dal, Flour, Oil & Staples",goodlife-jeera-cookies-biscuit-100gm,Active,
2300,7.4235,Goodlife sugar free cracker biscuits 50gm,Pcs,Grocery & Staples,"Rice, Dal, Flour, Oil & Staples",goodlife-sugar-free-cracker-biscuits-50gm,Active,
2301,7.4477,Goodlife sugar free digestive biscuit 200gm,Pcs,Grocery & Staples,"Rice, Dal, Flour, Oil & Staples",goodlife-sugar-free-digestive-biscuit-200gm,Active,
2304,7.9,Goodric Sela Rice 25kg,Pkt,Grocery & Staples,"Rice, Dal, Flour, Oil & Staples",goodric-sela-rice-25kg,Active,
2328,7.54,Gyan Chakki Atta 2kg,PC,Grocery & Staples,"Rice, Dal, Flour, Oil & Staples",gyan-chakki-atta-2kg,Active,
2329,7.2439,Gyan Chiura 800g,Pcs,Grocery & Staples,"Rice, Dal, Flour, Oil & Staples",gyan-chiura-800g,Active,
2331,7.1871,Gyan Premium Maas Dal 1kg,Pack,Grocery & Staples,"Rice, Dal, Flour, Oil & Staples",gyan-premium-maas-dal-1kg,Active,
2332,7.1872,Gyan Premium Masoor Dal 1kg,Pack,Grocery & Staples,"Rice, Dal, Flour, Oil & Staples",gyan-premium-masoor-dal-1kg,Active,
2361,7.3116,Haldhiram Salted Peanut 360gm,Pcs,Grocery & Staples,"Rice, Dal, Flour, Oil & Staples",haldhiram-salted-peanut-360gm,Active,
2365,7.664,Haldiram Aaj Delista Specialli Vermicelli 115g,pkt,Grocery & Staples,"Rice, Dal, Flour, Oil & Staples",haldiram-aaj-delista-specialli-vermicelli-115g,Active,
2366,7.661,Haldiram Aaloo bhujia 400g,pc,Grocery & Staples,"Rice, Dal, Flour, Oil & Staples",haldiram-aaloo-bhujia-400g,Active,
2368,7.3897,Haldiram All in One 1kg,Pcs,Grocery & Staples,"Rice, Dal, Flour, Oil & Staples",haldiram-all-in-one-1kg,Active,
2369,7.666,Haldiram All in One 360g,pc,Grocery & Staples,"Rice, Dal, Flour, Oil & Staples",haldiram-all-in-one-360g,Active,
2371,7.294,Haldiram Aloo bhujia 200g,pkt,Grocery & Staples,"Rice, Dal, Flour, Oil & Staples",haldiram-aloo-bhujia-200g,Active,
2373,7.719,Haldiram Bhujia 1kg,pc,Grocery & Staples,"Rice, Dal, Flour, Oil & Staples",haldiram-bhujia-1kg,Active,
2374,7.555,Haldiram Chana Cracker 200g,pkt,Grocery & Staples,"Rice, Dal, Flour, Oil & Staples",haldiram-chana-cracker-200g,Active,
2375,7.4536,Haldiram Dalmoth Mixture 220g,Pcs,Grocery & Staples,"Rice, Dal, Flour, Oil & Staples",haldiram-dalmoth-mixture-220g,Active,
2376,7.85,Haldiram Deligta Macaronil 450g,PKT,Grocery & Staples,"Rice, Dal, Flour, Oil & Staples",haldiram-deligta-macaronil-450g,Active,
2378,7.802,Haldiram Gulab Jamun 500g,pc,Grocery & Staples,"Rice, Dal, Flour, Oil & Staples",haldiram-gulab-jamun-500g,Active,
2377,7.277,Haldiram Gulab jamun 1kg,pc,Grocery & Staples,"Rice, Dal, Flour, Oil & Staples",haldiram-gulab-jamun-1kg,Active,
2379,7.859,Haldiram Gup shup Peanuts namkeen 200gm,Pkt,Grocery & Staples,"Rice, Dal, Flour, Oil & Staples",haldiram-gup-shup-peanuts-namkeen-200gm,Active,
2384,7.4693,Haldiram Matari 200g,Pcs,Grocery & Staples,"Rice, Dal, Flour, Oil & Staples",haldiram-matari-200g,Active,
2364,7.556,Haldiram Navrattan 1kg,pc,Grocery & Staples,"Rice, Dal, Flour, Oil & Staples",haldiram-navrattan-1kg,Active,
2393,7.177,Haldiram Punjabi Masala Papad,PKT,Grocery & Staples,"Rice, Dal, Flour, Oil & Staples",haldiram-punjabi-masala-papad,Active,
2395,7.278,Haldiram Rasgulla 1kg,pc,Grocery & Staples,"Rice, Dal, Flour, Oil & Staples",haldiram-rasgulla-1kg,Active,
2396,7.71,Haldiram Rasgulla 500g,PC,Grocery & Staples,"Rice, Dal, Flour, Oil & Staples",haldiram-rasgulla-500g,Active,
2398,7.598,Haldiram Soan Papdi deshi ghee 500g,pc,Grocery & Staples,"Rice, Dal, Flour, Oil & Staples",haldiram-soan-papdi-deshi-ghee-500g,Active,
2399,7.6,Haldiram Soan papdi desi ghee 250g,pc,Grocery & Staples,"Rice, Dal, Flour, Oil & Staples",haldiram-soan-papdi-desi-ghee-250g,Active,
2400,7.599,Haldiram Soan papdi veg Oil 200g,pc,Grocery & Staples,"Rice, Dal, Flour, Oil & Staples",haldiram-soan-papdi-veg-oil-200g,Active,
2367,7.293,Haldiram all in one 180g,pkt,Grocery & Staples,"Rice, Dal, Flour, Oil & Staples",haldiram-all-in-one-180g,Active,
2370,7.667,Haldiram aloo bhujia 1kg,pc,Grocery & Staples,"Rice, Dal, Flour, Oil & Staples",haldiram-aloo-bhujia-1kg,Active,
2372,7.29,Haldiram bhujia 180g,pkt,Grocery & Staples,"Rice, Dal, Flour, Oil & Staples",haldiram-bhujia-180g,Active,
2381,7.285,Haldiram khatta meetha 180g,pkt,Grocery & Staples,"Rice, Dal, Flour, Oil & Staples",haldiram-khatta-meetha-180g,Active,
2363,7.171,Haldiram khatta meetha 1kg,Packet,Grocery & Staples,"Rice, Dal, Flour, Oil & Staples",haldiram-khatta-meetha-1kg,Active,
2382,7.279,Haldiram khatta meetha 360g,pkt,Grocery & Staples,"Rice, Dal, Flour, Oil & Staples",haldiram-khatta-meetha-360g,Active,
2383,7.471,Haldiram matar heeng jeera 170gm,Pcs,Grocery & Staples,"Rice, Dal, Flour, Oil & Staples",haldiram-matar-heeng-jeera-170gm,Active,
2386,7.48,Haldiram moong 1kg,pc,Grocery & Staples,"Rice, Dal, Flour, Oil & Staples",haldiram-moong-1kg,Active,
2388,7.284,Haldiram moong Dal180g,pkt,Grocery & Staples,"Rice, Dal, Flour, Oil & Staples",haldiram-moong-dal180g,Active,
2387,7.281,Haldiram moong dal 360gm,pkt,Grocery & Staples,"Rice, Dal, Flour, Oil & Staples",haldiram-moong-dal-360gm,Active,
2389,7.283,Haldiram nut cracker 200gm,pkt,Grocery & Staples,"Rice, Dal, Flour, Oil & Staples",haldiram-nut-cracker-200gm,Active,
2390,7.292,Haldiram nut cracker 400g,pkt,Grocery & Staples,"Rice, Dal, Flour, Oil & Staples",haldiram-nut-cracker-400g,Active,
2391,7.288,Haldiram plain bhujia 180g,pkt,Grocery & Staples,"Rice, Dal, Flour, Oil & Staples",haldiram-plain-bhujia-180g,Active,
2392,7.289,Haldiram plain bhujia 360g,pkt,Grocery & Staples,"Rice, Dal, Flour, Oil & Staples",haldiram-plain-bhujia-360g,Active,
2394,7.282,Haldiram punjabi tadka 200g,pkt,Grocery & Staples,"Rice, Dal, Flour, Oil & Staples",haldiram-punjabi-tadka-200g,Active,
2401,7.4558,Haldiram timur furandana 220gm,Pcs,Grocery & Staples,"Rice, Dal, Flour, Oil & Staples",haldiram-timur-furandana-220gm,Active,
2402,7.3831,Haldiram's takatak chatpata masala 70gm,Pcs,Grocery & Staples,"Rice, Dal, Flour, Oil & Staples",haldiram-s-takatak-chatpata-masala-70gm,Active,
2405,7.2178,Haldirams Dal Biji 200g,Pcs,Grocery & Staples,"Rice, Dal, Flour, Oil & Staples",haldirams-dal-biji-200g,Active,
2408,7.369,Haldirams Panchrattan 200g,pkt,Grocery & Staples,"Rice, Dal, Flour, Oil & Staples",haldirams-panchrattan-200g,Active,
2410,7.868,Haldirams Sada Papad,ps,Grocery & Staples,"Rice, Dal, Flour, Oil & Staples",haldirams-sada-papad,Active,
2411,7.37,Haldirams Soan Papdi Classic veg Oil 500g,PKT,Grocery & Staples,"Rice, Dal, Flour, Oil & Staples",haldirams-soan-papdi-classic-veg-oil-500g,Active,
2403,7.37,Haldirams bhujia 360g,pkt,Grocery & Staples,"Rice, Dal, Flour, Oil & Staples",haldirams-bhujia-360g,Active,
2404,7.16,Haldirams chana jor garam 180g,PC,Grocery & Staples,"Rice, Dal, Flour, Oil & Staples",haldirams-chana-jor-garam-180g,Active,
2406,7.371,Haldirams navrattan 180g,pkt,Grocery & Staples,"Rice, Dal, Flour, Oil & Staples",haldirams-navrattan-180g,Active,
2409,7.162,Haldirams plan bhujia 1kg,PC,Grocery & Staples,"Rice, Dal, Flour, Oil & Staples",haldirams-plan-bhujia-1kg,Active,
2412,7.1477,Haldirams soystix chatpata mashala 150g,PC,Grocery & Staples,"Rice, Dal, Flour, Oil & Staples",haldirams-soystix-chatpata-mashala-150g,Active,
2413,1.211,Halo Nourishing shampoo+conditioner 875ml,PC,Grocery & Staples,"Rice, Dal, Flour, Oil & Staples",halo-nourishing-shampoo-conditioner-875ml,Active,
2419,7.3883,Hanami hot chilli flavour prawn 110gm,Pcs,Grocery & Staples,"Rice, Dal, Flour, Oil & Staples",hanami-hot-chilli-flavour-prawn-110gm,Active,
2424,9.771,Happy weaning /rice ceremony,Pcs,Grocery & Staples,"Rice, Dal, Flour, Oil & Staples",happy-weaning-rice-ceremony,Active,
2436,5.264,Happydent Wave sugarfree 28.8g,Pcs,Grocery & Staples,"Rice, Dal, Flour, Oil & Staples",happydent-wave-sugarfree-28-8g,Active,
2467,7.3122,Harlals Salted Cashew 100gm,Pcs,Grocery & Staples,"Rice, Dal, Flour, Oil & Staples",harlals-salted-cashew-100gm,Active,
2468,7.3123,Harlals Salted Cashew 200gm,Pcs,Grocery & Staples,"Rice, Dal, Flour, Oil & Staples",harlals-salted-cashew-200gm,Active,
2521,7.1479,Hi- Life soya chunks 150gm,PC,Grocery & Staples,"Rice, Dal, Flour, Oil & Staples",hi-life-soya-chunks-150gm,Active,
2524,7.2294,Hi-Life Instant Oats 2min400gm,Pcs,Grocery & Staples,"Rice, Dal, Flour, Oil & Staples",hi-life-instant-oats-2min400gm,Active,
2527,7.2295,Hi-Life White Oats 5min400gm,Pcs,Grocery & Staples,"Rice, Dal, Flour, Oil & Staples",hi-life-white-oats-5min400gm,Active,
2525,7.2451,Hi-life Instant oats 450g jar,Pcs,Grocery & Staples,"Rice, Dal, Flour, Oil & Staples",hi-life-instant-oats-450g-jar,Active,
2526,7.1568,Hi-life Super Fine Chiura 700g,PC,Grocery & Staples,"Rice, Dal, Flour, Oil & Staples",hi-life-super-fine-chiura-700g,Active,
2561,5.799,Hilife CornFlakes No Added Sugar 300gm,Pcs,Grocery & Staples,"Rice, Dal, Flour, Oil & Staples",hilife-cornflakes-no-added-sugar-300gm,Active,
2562,7.3076,Hilife Cornflakes Sugar Free 450gm,pkt,Grocery & Staples,"Rice, Dal, Flour, Oil & Staples",hilife-cornflakes-sugar-free-450gm,Active,
2564,7.4793,Hilife Everyaday basmati Rice 1 kg,Pcs,Grocery & Staples,"Rice, Dal, Flour, Oil & Staples",hilife-everyaday-basmati-rice-1-kg,Active,
2563,7.4746,Hilife Everyaday basmati Rice 5 kg,Pcs,Grocery & Staples,"Rice, Dal, Flour, Oil & Staples",hilife-everyaday-basmati-rice-5-kg,Active,
2565,7.405,Hilife Extra Long Grain Basmati Rice 1 kg,Pcs,Grocery & Staples,"Rice, Dal, Flour, Oil & Staples",hilife-extra-long-grain-basmati-rice-1-kg,Active,
2566,7.2165,Hilife Instant Oats 950g Jar,Jar,Grocery & Staples,"Rice, Dal, Flour, Oil & Staples",hilife-instant-oats-950g-jar,Active,
2570,7.4672,Hilife Muesli Cookie Magic 300g,Pcs,Grocery & Staples,"Rice, Dal, Flour, Oil & Staples",hilife-muesli-cookie-magic-300g,Active,
2571,5.8,Hilife Muesli Fruits And Nuts 300gm Jar,Pcs,Grocery & Staples,"Rice, Dal, Flour, Oil & Staples",hilife-muesli-fruits-and-nuts-300gm-jar,Active,
2572,7.4048,Hilife Pulao Basmati Rice 1 kg,Pcs,Grocery & Staples,"Rice, Dal, Flour, Oil & Staples",hilife-pulao-basmati-rice-1-kg,Active,
2573,7.4049,Hilife Pulao Basmati Rice 5 kg,Pcs,Grocery & Staples,"Rice, Dal, Flour, Oil & Staples",hilife-pulao-basmati-rice-5-kg,Active,
2582,7.2794,Hilife White Oats 425gm jar,Pcs,Grocery & Staples,"Rice, Dal, Flour, Oil & Staples",hilife-white-oats-425gm-jar,Active,
2581,7.2795,Hilife White Oats 950gm,Pcs,Grocery & Staples,"Rice, Dal, Flour, Oil & Staples",hilife-white-oats-950gm,Active,
2576,7.3981,Hilife quinoa seed 400gm,Pcs,Grocery & Staples,"Rice, Dal, Flour, Oil & Staples",hilife-quinoa-seed-400gm,Active,
2584,7.443,Hill queen Basmati Rice Premium 1kg,pkt,Grocery & Staples,"Rice, Dal, Flour, Oil & Staples",hill-queen-basmati-rice-premium-1kg,Active,
2583,7.1528,Hill queen Basmati rice 5kg,PC,Grocery & Staples,"Rice, Dal, Flour, Oil & Staples",hill-queen-basmati-rice-5kg,Active,
2598,3.604,Himalaya Baby Derma cream Pure cow ghee50g,Pcs,Grocery & Staples,"Rice, Dal, Flour, Oil & Staples",himalaya-baby-derma-cream-pure-cow-ghee50g,Active,
2607,2.2996,Himalaya Dark Spot clearing Turmeric Face wash 100ml,Pcs,Grocery & Staples,"Rice, Dal, Flour, Oil & Staples",himalaya-dark-spot-clearing-turmeric-face-wash-100ml,Active,
2626,2.105,Himalaya Herbals Aloe & Cucumber refreshing 200ml,PC,Grocery & Staples,"Rice, Dal, Flour, Oil & Staples",himalaya-herbals-aloe-cucumber-refreshing-200ml,Active,
2638,2.1699,Himalaya Herbals Nourishing Skin Cream 50ML,PC,Grocery & Staples,"Rice, Dal, Flour, Oil & Staples",himalaya-herbals-nourishing-skin-cream-50ml,Active,
2644,2.1375,Himalaya Herbals Refreshing &Clarifying Toner 100m,PC,Grocery & Staples,"Rice, Dal, Flour, Oil & Staples",himalaya-herbals-refreshing-clarifying-toner-100m,Active,
2589,1.1224,Himalaya Neem & turmeric Soap 75g,Pcs,Grocery & Staples,"Rice, Dal, Flour, Oil & Staples",himalaya-neem-turmeric-soap-75g,Active,
2655,1.851,Himalaya Neem @Turmeric shop125,PC,Grocery & Staples,"Rice, Dal, Flour, Oil & Staples",himalaya-neem-turmeric-shop125,Active,
2636,2.98,Himalaya herbals nourishing Body lotion 200ml,PC,Grocery & Staples,"Rice, Dal, Flour, Oil & Staples",himalaya-herbals-nourishing-body-lotion-200ml,Active,
2637,2.803,Himalaya herbals nourishing skin cream 100ml,pc,Grocery & Staples,"Rice, Dal, Flour, Oil & Staples",himalaya-herbals-nourishing-skin-cream-100ml,Active,
2656,1.1083,Himalaya neem turmeric soap buy3get a1free75g,Pcs,Grocery & Staples,"Rice, Dal, Flour, Oil & Staples",himalaya-neem-turmeric-soap-buy3get-a1free75g,Active,
2681,7.203,Himali mix dalmoth 625gm,Pcs,Grocery & Staples,"Rice, Dal, Flour, Oil & Staples",himali-mix-dalmoth-625gm,Active,
2684,7.247,Himali mix sada dalmoth 850g,Pcs,Grocery & Staples,"Rice, Dal, Flour, Oil & Staples",himali-mix-sada-dalmoth-850g,Active,
2689,7.2926,Hing Peda 250gm,Pcs,Grocery & Staples,"Rice, Dal, Flour, Oil & Staples",hing-peda-250gm,Active,
2730,7.624,Hulas Sonam Rice 20kg,pkt,Grocery & Staples,"Rice, Dal, Flour, Oil & Staples",hulas-sonam-rice-20kg,Active,
2731,7.636,Hulas Sonam Special Rice 5kg,Pkt,Grocery & Staples,"Rice, Dal, Flour, Oil & Staples",hulas-sonam-special-rice-5kg,Active,
2729,7.1493,Hulas idly mansuli rice 5 kg,PC,Grocery & Staples,"Rice, Dal, Flour, Oil & Staples",hulas-idly-mansuli-rice-5-kg,Active,
2743,7.3499,India Gate Basmati rice Daily Premium1kg,Pcs,Grocery & Staples,"Rice, Dal, Flour, Oil & Staples",india-gate-basmati-rice-daily-premium1kg,Active,
2744,7.3487,India gate basmati rice dubar 10kg,Pcs,Grocery & Staples,"Rice, Dal, Flour, Oil & Staples",india-gate-basmati-rice-dubar-10kg,Active,
2745,7.1699,India gate basmati rice dubar 5 kg,PC,Grocery & Staples,"Rice, Dal, Flour, Oil & Staples",india-gate-basmati-rice-dubar-5-kg,Active,
2759,7.414,Jackpot akabare noodles 50gm,Pcs,Grocery & Staples,"Rice, Dal, Flour, Oil & Staples",jackpot-akabare-noodles-50gm,Active,
2763,7.523,Jacobs Soda Crackers No Added sugar,pkt,Grocery & Staples,"Rice, Dal, Flour, Oil & Staples",jacobs-soda-crackers-no-added-sugar,Active,
2767,7.3707,Jasmine chicken masala 50g,Pcs,Grocery & Staples,"Rice, Dal, Flour, Oil & Staples",jasmine-chicken-masala-50g,Active,
2770,7.4559,Jasmine cumin powder 200gm,Pcs,Grocery & Staples,"Rice, Dal, Flour, Oil & Staples",jasmine-cumin-powder-200gm,Active,
2771,7.4059,Jasmine garam masala 50gm,Pcs,Grocery & Staples,"Rice, Dal, Flour, Oil & Staples",jasmine-garam-masala-50gm,Active,
2773,7.3708,Jasmine meat masala 50g,Pcs,Grocery & Staples,"Rice, Dal, Flour, Oil & Staples",jasmine-meat-masala-50g,Active,
2774,7.4561,Jasmine mix masala 100gm,Pcs,Grocery & Staples,"Rice, Dal, Flour, Oil & Staples",jasmine-mix-masala-100gm,Active,
2776,7.3704,Jasmine momo masala 50g,Pcs,Grocery & Staples,"Rice, Dal, Flour, Oil & Staples",jasmine-momo-masala-50g,Active,
2792,7.3684,Jeera geda 100gm,Pcs,Grocery & Staples,"Rice, Dal, Flour, Oil & Staples",jeera-geda-100gm,Active,
2805,1.2227,Jiessia refreshing & cleaning shower gel 750ml,Pcs,Grocery & Staples,"Rice, Dal, Flour, Oil & Staples",jiessia-refreshing-cleaning-shower-gel-750ml,Active,
2841,2.103,Joy Honey & Almonds Ultimate Nourishing Body Lotion 400ml,PC,Grocery & Staples,"Rice, Dal, Flour, Oil & Staples",joy-honey-almonds-ultimate-nourishing-body-lotion-400ml,Active,
2839,2.163,Joy Honey & Almonds nourishing cream 100ml,PC,Grocery & Staples,"Rice, Dal, Flour, Oil & Staples",joy-honey-almonds-nourishing-cream-100ml,Active,
2885,7.1868,Kabuli Chana geda 500gm,KG,Grocery & Staples,"Rice, Dal, Flour, Oil & Staples",kabuli-chana-geda-500gm,Active,
2889,7.4646,Kanak bandhani hing,Pcs,Grocery & Staples,"Rice, Dal, Flour, Oil & Staples",kanak-bandhani-hing,Active,
2912,7.3602,Kashmiri Kesar low Sugar Rice 30kg,Bags,Grocery & Staples,"Rice, Dal, Flour, Oil & Staples",kashmiri-kesar-low-sugar-rice-30kg,Active,
2964,2.3954,Kejjan's rice water B8-B5 vitamin face wash 100gm,Pcs,Grocery & Staples,"Rice, Dal, Flour, Oil & Staples",kejjan-s-rice-water-b8-b5-vitamin-face-wash-100gm,Active,
2972,5.1095,Kellogg's Choco Millet Muesli 400g,Pcs,Grocery & Staples,"Rice, Dal, Flour, Oil & Staples",kellogg-s-choco-millet-muesli-400g,Active,
2982,5.159,Kelloggs Muesli with 0% Added sugar 5 grains 500g,pc,Grocery & Staples,"Rice, Dal, Flour, Oil & Staples",kelloggs-muesli-with-0-added-sugar-5-grains-500g,Active,
2981,5.498,Kelloggs muesli fruit @nut /magic/delight 500g,Pack,Grocery & Staples,"Rice, Dal, Flour, Oil & Staples",kelloggs-muesli-fruit-nut-magic-delight-500g,Active,
2984,5.828,Kelloggs oats 1.5kg,Pcs,Grocery & Staples,"Rice, Dal, Flour, Oil & Staples",kelloggs-oats-1-5kg,Active,
3015,7.2526,Khajurico golden mix Dalmoth500g,Pcs,Grocery & Staples,"Rice, Dal, Flour, Oil & Staples",khajurico-golden-mix-dalmoth500g,Active,
3029,6.163,Khukuri Spiced run 180ml,Pcs,Grocery & Staples,"Rice, Dal, Flour, Oil & Staples",khukuri-spiced-run-180ml,Active,
3146,7.4057,Lali noodles hot & spicy akabare 60gm,Pcs,Grocery & Staples,"Rice, Dal, Flour, Oil & Staples",lali-noodles-hot-spicy-akabare-60gm,Active,
3185,2.4056,Leito rice water sunscreen with niancinamide spf 60,Pcs,Grocery & Staples,"Rice, Dal, Flour, Oil & Staples",leito-rice-water-sunscreen-with-niancinamide-spf-60,Active,
3203,1.199,LifeBuy Turmeric And Honey 400g,Pcs,Grocery & Staples,"Rice, Dal, Flour, Oil & Staples",lifebuy-turmeric-and-honey-400g,Active,
3209,6.118,Lindeman`s Porphyry sweet @Refreshing Blanc 750ml,PC,Grocery & Staples,"Rice, Dal, Flour, Oil & Staples",lindeman-s-porphyry-sweet-refreshing-blanc-750ml,Active,
3241,7.4584,Local faim dalla in brine 350gm,Pcs,Grocery & Staples,"Rice, Dal, Flour, Oil & Staples",local-faim-dalla-in-brine-350gm,Active,
3243,7.4579,Local faim dalle and garlic 350gm,Pcs,Grocery & Staples,"Rice, Dal, Flour, Oil & Staples",local-faim-dalle-and-garlic-350gm,Active,
3268,2.365,LonDon Refreshing Wipes jasmine/Lemon/white/ice f,PKT,Grocery & Staples,"Rice, Dal, Flour, Oil & Staples",london-refreshing-wipes-jasmine-lemon-white-ice-f,Active,
3278,2.2955,Lords Keratin Nourishing Hair mask 500g,Pcs,Grocery & Staples,"Rice, Dal, Flour, Oil & Staples",lords-keratin-nourishing-hair-mask-500g,Active,
3272,2.3769,Lords cares rice water brightening cream 100gm,Pcs,Grocery & Staples,"Rice, Dal, Flour, Oil & Staples",lords-cares-rice-water-brightening-cream-100gm,Active,
3274,2.3768,Lords cares rice water gentle cleanser 100ml,Pcs,Grocery & Staples,"Rice, Dal, Flour, Oil & Staples",lords-cares-rice-water-gentle-cleanser-100ml,Active,
3292,1.854,Loreal 6oil Nourish nourishing shampoo396,PC,Grocery & Staples,"Rice, Dal, Flour, Oil & Staples",loreal-6oil-nourish-nourishing-shampoo396,Active,
3294,1.1593,Loreal Extraordinary oil Nourishing Conditioner 386ml,Pcs,Grocery & Staples,"Rice, Dal, Flour, Oil & Staples",loreal-extraordinary-oil-nourishing-conditioner-386ml,Active,
3434,7.2363,Maggi -2Minutes Noodles 70g,Pcs,Grocery & Staples,"Rice, Dal, Flour, Oil & Staples",maggi-2minutes-noodles-70g,Active,
3435,7.1425,Maggi 2- minute noodles 140g,PC,Grocery & Staples,"Rice, Dal, Flour, Oil & Staples",maggi-2-minute-noodles-140g,Active,
3436,7.425,Maggi 2minute Noodles 280gm,PKT,Grocery & Staples,"Rice, Dal, Flour, Oil & Staples",maggi-2minute-noodles-280gm,Active,
3450,7.4557,Maida 20kg,Pcs,Grocery & Staples,"Rice, Dal, Flour, Oil & Staples",maida-20kg,Active,
3451,7.128,Maida 50kg,PC,Grocery & Staples,"Rice, Dal, Flour, Oil & Staples",maida-50kg,Active,
3482,3.518,Mama Earth Deeply Nourishing body wash200ml,Pcs,Grocery & Staples,"Rice, Dal, Flour, Oil & Staples",mama-earth-deeply-nourishing-body-wash200ml,Active,
3476,2.2417,Mama earth Rice Face wash 100ml,Pcs,Grocery & Staples,"Rice, Dal, Flour, Oil & Staples",mama-earth-rice-face-wash-100ml,Active,
3499,2.3125,Mama earth Rice Water Dewy Sunscreen 50g,Pcs,Grocery & Staples,"Rice, Dal, Flour, Oil & Staples",mama-earth-rice-water-dewy-sunscreen-50g,Active,
3496,2.3309,Mama earth rice day cream 50g,Pcs,Grocery & Staples,"Rice, Dal, Flour, Oil & Staples",mama-earth-rice-day-cream-50g,Active,
3497,2.3308,Mama earth rice face scrub 100g,Pcs,Grocery & Staples,"Rice, Dal, Flour, Oil & Staples",mama-earth-rice-face-scrub-100g,Active,
3500,2.3313,Mama earth rice water dewy sunscreen spf 50 80g,Pcs,Grocery & Staples,"Rice, Dal, Flour, Oil & Staples",mama-earth-rice-water-dewy-sunscreen-spf-50-80g,Active,
3522,2.3168,Mamaearth Rice Oil free Face Moisturizer 80gm,Pcs,Grocery & Staples,"Rice, Dal, Flour, Oil & Staples",mamaearth-rice-oil-free-face-moisturizer-80gm,Active,
3521,2.4096,Mamaearth rice facial kit,Pcs,Grocery & Staples,"Rice, Dal, Flour, Oil & Staples",mamaearth-rice-facial-kit,Active,
3523,2.3702,Mamaearth rice water dewy face toner 150ml,Pcs,Grocery & Staples,"Rice, Dal, Flour, Oil & Staples",mamaearth-rice-water-dewy-face-toner-150ml,Active,
3524,1.2341,Mamaearth rice water strengthening shampoo 400ml,Pcs,Grocery & Staples,"Rice, Dal, Flour, Oil & Staples",mamaearth-rice-water-strengthening-shampoo-400ml,Active,
3534,7.396,Mana ko chiura granola 200gm,Pcs,Grocery & Staples,"Rice, Dal, Flour, Oil & Staples",mana-ko-chiura-granola-200gm,Active,
3556,7.4748,Masala popcorn 55gm,Pcs,Grocery & Staples,"Rice, Dal, Flour, Oil & Staples",masala-popcorn-55gm,Active,
3558,7.61,Masoor Daal 1 kg,pkt,Grocery & Staples,"Rice, Dal, Flour, Oil & Staples",masoor-daal-1-kg,Active,
3592,7.3416,Meidan Multi -Grain Biscuit Sugar free 365g,Pcs,Grocery & Staples,"Rice, Dal, Flour, Oil & Staples",meidan-multi-grain-biscuit-sugar-free-365g,Active,
3593,7.1362,Meidan Soda cracker sugarfree Oat/seasame & mix flvr 450g,PC,Grocery & Staples,"Rice, Dal, Flour, Oil & Staples",meidan-soda-cracker-sugarfree-oat-seasame-mix-flvr-450g,Active,
3624,2.4014,Mg goldline rice water face wash 100ml,Pcs,Grocery & Staples,"Rice, Dal, Flour, Oil & Staples",mg-goldline-rice-water-face-wash-100ml,Active,
3668,2.3826,Mini tango moiturizing & smoothing lip mask,Pcs,Grocery & Staples,"Rice, Dal, Flour, Oil & Staples",mini-tango-moiturizing-smoothing-lip-mask,Active,
3746,7.356,Misty Roll Dalchini 50gm,pkt,Grocery & Staples,"Rice, Dal, Flour, Oil & Staples",misty-roll-dalchini-50gm,Active,
3782,7.619,Moong daal 1kg,pKt,Grocery & Staples,"Rice, Dal, Flour, Oil & Staples",moong-daal-1kg,Active,
3783,7.3655,Moong geda 1kg,Pcs,Grocery & Staples,"Rice, Dal, Flour, Oil & Staples",moong-geda-1kg,Active,
3884,7.4622,Munchys sugar crackers 390gm,Pcs,Grocery & Staples,"Rice, Dal, Flour, Oil & Staples",munchys-sugar-crackers-390gm,Active,
4103,7.4304,NPF Pasta Chowmein 360g,Pcs,Grocery & Staples,"Rice, Dal, Flour, Oil & Staples",npf-pasta-chowmein-360g,Active,
4102,7.391,NPF Pasta seviyan 150gm,pkt,Grocery & Staples,"Rice, Dal, Flour, Oil & Staples",npf-pasta-seviyan-150gm,Active,
3936,2.2688,Natures Essence Nourishing Cream,Pcs,Grocery & Staples,"Rice, Dal, Flour, Oil & Staples",natures-essence-nourishing-cream,Active,
3938,7.4103,Naturesmith Regular oregano/ Chilli Flakes,Pcs,Grocery & Staples,"Rice, Dal, Flour, Oil & Staples",naturesmith-regular-oregano-chilli-flakes,Active,
3937,7.1334,Naturesmith peri peri spice/garlic/onion powder 60g,PC,Grocery & Staples,"Rice, Dal, Flour, Oil & Staples",naturesmith-peri-peri-spice-garlic-onion-powder-60g,Active,
3945,7.731,Nebico Sugarfree Digestive 100g,pc,Grocery & Staples,"Rice, Dal, Flour, Oil & Staples",nebico-sugarfree-digestive-100g,Active,
3946,7.73,Nebico Sugarfree Digestive 200g,PC,Grocery & Staples,"Rice, Dal, Flour, Oil & Staples",nebico-sugarfree-digestive-200g,Active,
3965,7.3153,Nesco Instant oats 400gm,Pcs,Grocery & Staples,"Rice, Dal, Flour, Oil & Staples",nesco-instant-oats-400gm,Active,
3972,5.7,Nestle Cerelac weat rice mixed fuit 3,PC,Grocery & Staples,"Rice, Dal, Flour, Oil & Staples",nestle-cerelac-weat-rice-mixed-fuit-3,Active,
3999,7.2587,Newari Hill grain Rice 20kg,Bags,Grocery & Staples,"Rice, Dal, Flour, Oil & Staples",newari-hill-grain-rice-20kg,Active,
4001,7.2584,Newari Shahi Pulao Basmati Rice 5kg,Bags,Grocery & Staples,"Rice, Dal, Flour, Oil & Staples",newari-shahi-pulao-basmati-rice-5kg,Active,
4029,2.3866,Nisha refreshing rose water 50ml,Pcs,Grocery & Staples,"Rice, Dal, Flour, Oil & Staples",nisha-refreshing-rose-water-50ml,Active,
4033,2.1616,Nivea Extra white toner/ Refreshing pearl 200ml,PC,Grocery & Staples,"Rice, Dal, Flour, Oil & Staples",nivea-extra-white-toner-refreshing-pearl-200ml,Active,
4090,2.706,Nivea visage Refreshing cleansing Foam 100ml,pc,Grocery & Staples,"Rice, Dal, Flour, Oil & Staples",nivea-visage-refreshing-cleansing-foam-100ml,Active,
4121,7.1697,Nutri/Nesco Instant oatmeal oats 1 kg,PC,Grocery & Staples,"Rice, Dal, Flour, Oil & Staples",nutri-nesco-instant-oatmeal-oats-1-kg,Active,
4148,16.254,OKF Vinegar Zero Sugar 500 ml,Pcs,Grocery & Staples,"Rice, Dal, Flour, Oil & Staples",okf-vinegar-zero-sugar-500-ml,Active,
4404,7.385,PIntola High Protein Dark Chocolate Muesli 400g,Pcs,Grocery & Staples,"Rice, Dal, Flour, Oil & Staples",pintola-high-protein-dark-chocolate-muesli-400g,Active,
4199,7.4854,Pahichan buckewheat pasta 400gm,Pcs,Grocery & Staples,"Rice, Dal, Flour, Oil & Staples",pahichan-buckewheat-pasta-400gm,Active,
4200,7.4855,Pahichan millet pasta 400gm,Pcs,Grocery & Staples,"Rice, Dal, Flour, Oil & Staples",pahichan-millet-pasta-400gm,Active,
4204,7.1607,Paicho Green Chilli Sause 200g,PC,Grocery & Staples,"Rice, Dal, Flour, Oil & Staples",paicho-green-chilli-sause-200g,Active,
4221,7.1462,Paicho White Vinegar 700ml,PC,Grocery & Staples,"Rice, Dal, Flour, Oil & Staples",paicho-white-vinegar-700ml,Active,
4220,7.1145,Paicho white vinegar 300ml,PC,Grocery & Staples,"Rice, Dal, Flour, Oil & Staples",paicho-white-vinegar-300ml,Active,
4286,7.634,Parle Monaco Classic Salty Snacks 150g,pc,Grocery & Staples,"Rice, Dal, Flour, Oil & Staples",parle-monaco-classic-salty-snacks-150g,Active,
4333,20.136,Patanjali Haldi Chandan Kanti Body Soap 100g,Pcs,Grocery & Staples,"Rice, Dal, Flour, Oil & Staples",patanjali-haldi-chandan-kanti-body-soap-100g,Active,
4334,20.144,Patanjali Haldi Chandan Kanti Soap 25g,Pcs,Grocery & Staples,"Rice, Dal, Flour, Oil & Staples",patanjali-haldi-chandan-kanti-soap-25g,Active,
4335,20.2,Patanjali Haldi chandan Kanti Soap 75g,pc,Grocery & Staples,"Rice, Dal, Flour, Oil & Staples",patanjali-haldi-chandan-kanti-soap-75g,Active,
4332,20.95,Patanjali Haldi chandan kanti 150g,Pcs,Grocery & Staples,"Rice, Dal, Flour, Oil & Staples",patanjali-haldi-chandan-kanti-150g,Active,
4405,7.4074,Pintola High Protein Muesli Dark Chocolate 1 kg,Pcs,Grocery & Staples,"Rice, Dal, Flour, Oil & Staples",pintola-high-protein-muesli-dark-chocolate-1-kg,Active,
4406,7.4075,Pintola High Protein Oats Chocolate 1 kg,Pcs,Grocery & Staples,"Rice, Dal, Flour, Oil & Staples",pintola-high-protein-oats-chocolate-1-kg,Active,
4407,7.3846,Pintola high protein oats chocolate 100gm,Pcs,Grocery & Staples,"Rice, Dal, Flour, Oil & Staples",pintola-high-protein-oats-chocolate-100gm,Active,
4427,7.4,Platinum basmati rice 25kg,Pcs,Grocery & Staples,"Rice, Dal, Flour, Oil & Staples",platinum-basmati-rice-25kg,Active,
4476,2.2921,Plom Salicylic & Lactic acid Skin -smoothing gel moisturizer 50g,Pcs,Grocery & Staples,"Rice, Dal, Flour, Oil & Staples",plom-salicylic-lactic-acid-skin-smoothing-gel-moisturizer-50g,Active,
4469,2.3878,Plom rice water & niacinamide 2% clear moisture gel cream 25gm,Pcs,Grocery & Staples,"Rice, Dal, Flour, Oil & Staples",plom-rice-water-niacinamide-2-clear-moisture-gel-cream-25gm,Active,
4470,2.3279,Plom rice water & niacinamide clear moisture creme,Pcs,Grocery & Staples,"Rice, Dal, Flour, Oil & Staples",plom-rice-water-niacinamide-clear-moisture-creme,Active,
4471,2.3283,Plom rice water & niacinamide simply bright face wash 100ml,Pcs,Grocery & Staples,"Rice, Dal, Flour, Oil & Staples",plom-rice-water-niacinamide-simply-bright-face-wash-100ml,Active,
4496,2.241,Ponds Dreamflower Fragrant /sandal 50g,PC,Grocery & Staples,"Rice, Dal, Flour, Oil & Staples",ponds-dreamflower-fragrant-sandal-50g,Active,
4497,2.152,Ponds Dreamflower/sandal Fragrant talc 100g,PC,Grocery & Staples,"Rice, Dal, Flour, Oil & Staples",ponds-dreamflower-sandal-fragrant-talc-100g,Active,
4514,7.3282,Poshan Food Anadi Rice 1kg,Pcs,Grocery & Staples,"Rice, Dal, Flour, Oil & Staples",poshan-food-anadi-rice-1kg,Active,
4524,7.2377,Poshan Food Fapar aata(Buckwheat powder )500g,Pcs,Grocery & Staples,"Rice, Dal, Flour, Oil & Staples",poshan-food-fapar-aata-buckwheat-powder-500g,Active,
4534,7.2405,Poshan Food Moong Geda500g,Pcs,Grocery & Staples,"Rice, Dal, Flour, Oil & Staples",poshan-food-moong-geda500g,Active,
4538,7.3281,Poshan Food Taichan Rice 1 kg,Pcs,Grocery & Staples,"Rice, Dal, Flour, Oil & Staples",poshan-food-taichan-rice-1-kg,Active,
4520,7.2414,Poshan Food chana sattu (gram )500g,Pcs,Grocery & Staples,"Rice, Dal, Flour, Oil & Staples",poshan-food-chana-sattu-gram-500g,Active,
4540,7.2376,Poshan Foods jau daliya 500g,Pcs,Grocery & Staples,"Rice, Dal, Flour, Oil & Staples",poshan-foods-jau-daliya-500g,Active,
4526,7.3726,Poshan food Gau daliya ( Wheat Grits) 1 kg,Pack,Grocery & Staples,"Rice, Dal, Flour, Oil & Staples",poshan-food-gau-daliya-wheat-grits-1-kg,Active,
4519,7.4283,Poshan food chana besan 400gm,Pcs,Grocery & Staples,"Rice, Dal, Flour, Oil & Staples",poshan-food-chana-besan-400gm,Active,
4530,7.3871,Poshan food makai bhatta 300gm,Pcs,Grocery & Staples,"Rice, Dal, Flour, Oil & Staples",poshan-food-makai-bhatta-300gm,Active,
4532,7.4574,Poshan food mix daliya 1kg,Pcs,Grocery & Staples,"Rice, Dal, Flour, Oil & Staples",poshan-food-mix-daliya-1kg,Active,
4533,7.4391,Poshan food mix daliya 500gm,Pcs,Grocery & Staples,"Rice, Dal, Flour, Oil & Staples",poshan-food-mix-daliya-500gm,Active,
4537,7.4575,Poshan food sosta rajma daal 1kg,Pcs,Grocery & Staples,"Rice, Dal, Flour, Oil & Staples",poshan-food-sosta-rajma-daal-1kg,Active,
4565,7.1862,Pran delight Ghee toast Biscuit 100gm,Pcs,Grocery & Staples,"Rice, Dal, Flour, Oil & Staples",pran-delight-ghee-toast-biscuit-100gm,Active,
4580,7.3413,Prasukh premium rice 25kg,Pcs,Grocery & Staples,"Rice, Dal, Flour, Oil & Staples",prasukh-premium-rice-25kg,Active,
4583,7.372,Preeti Instant noodles meal Pack 90g,pkt,Grocery & Staples,"Rice, Dal, Flour, Oil & Staples",preeti-instant-noodles-meal-pack-90g,Active,
4582,7.4436,Preeti hot chicken noodles 60gm,Pcs,Grocery & Staples,"Rice, Dal, Flour, Oil & Staples",preeti-hot-chicken-noodles-60gm,Active,
4584,7.1398,Preeti spicy hot chicken noodles 50gm,PC,Grocery & Staples,"Rice, Dal, Flour, Oil & Staples",preeti-spicy-hot-chicken-noodles-50gm,Active,
4589,7.3754,Premium red star rice 25kg,Pcs,Grocery & Staples,"Rice, Dal, Flour, Oil & Staples",premium-red-star-rice-25kg,Active,
4604,7.2463,Priyagold Creme Crackers sugar free 300g,Pcs,Grocery & Staples,"Rice, Dal, Flour, Oil & Staples",priyagold-creme-crackers-sugar-free-300g,Active,
4619,7.887,Purnima Chilli Power 150gm,pc,Grocery & Staples,"Rice, Dal, Flour, Oil & Staples",purnima-chilli-power-150gm,Active,
4623,7.884,Purnima Mix masala 200g,pc,Grocery & Staples,"Rice, Dal, Flour, Oil & Staples",purnima-mix-masala-200g,Active,
4624,7.883,Purnima Mix masala 400g,pc,Grocery & Staples,"Rice, Dal, Flour, Oil & Staples",purnima-mix-masala-400g,Active,
4626,7.1522,Purnima Turmeric Power 400g,PC,Grocery & Staples,"Rice, Dal, Flour, Oil & Staples",purnima-turmeric-power-400g,Active,
4625,7.1299,Purnima Turmeric power 150g,PC,Grocery & Staples,"Rice, Dal, Flour, Oil & Staples",purnima-turmeric-power-150g,Active,
4620,7.1296,Purnima chilli power 300g,PC,Grocery & Staples,"Rice, Dal, Flour, Oil & Staples",purnima-chilli-power-300g,Active,
4636,7.3486,Quaker Oats 1kg,Pcs,Grocery & Staples,"Rice, Dal, Flour, Oil & Staples",quaker-oats-1kg,Active,
4637,7.3037,Quaker Oats 400gm,Pcs,Grocery & Staples,"Rice, Dal, Flour, Oil & Staples",quaker-oats-400gm,Active,
4645,7.3304,R&R Kushal Chana Chur namkeen 200g,Pcs,Grocery & Staples,"Rice, Dal, Flour, Oil & Staples",r-r-kushal-chana-chur-namkeen-200g,Active,
4652,7.4234,R&R moong daal 170gm,Pcs,Grocery & Staples,"Rice, Dal, Flour, Oil & Staples",r-r-moong-daal-170gm,Active,
4674,7.608,Rajma geda 1gk,Kg,Grocery & Staples,"Rice, Dal, Flour, Oil & Staples",rajma-geda-1gk,Active,
4683,7.4447,"Rakura organic turmeric,tulsi&ginger green tea",Pcs,Grocery & Staples,"Rice, Dal, Flour, Oil & Staples",rakura-organic-turmeric-tulsi-ginger-green-tea,Active,
4685,7.4213,Rakura pure masala tea,Pcs,Grocery & Staples,"Rice, Dal, Flour, Oil & Staples",rakura-pure-masala-tea,Active,
4687,7.692,Ramba noodles 70g,pc,Grocery & Staples,"Rice, Dal, Flour, Oil & Staples",ramba-noodles-70g,Active,
4700,7.5,Ramro Royal Sugar free Cake Nuts & Raisin,pc,Grocery & Staples,"Rice, Dal, Flour, Oil & Staples",ramro-royal-sugar-free-cake-nuts-raisin,Active,
4704,7.1236,Ramro Sugar free coconut cookies 90+10g,PC,Grocery & Staples,"Rice, Dal, Flour, Oil & Staples",ramro-sugar-free-coconut-cookies-90-10g,Active,
4707,7.123,Ramro Sugarfree whole wheat Digestive cookies 90g,PC,Grocery & Staples,"Rice, Dal, Flour, Oil & Staples",ramro-sugarfree-whole-wheat-digestive-cookies-90g,Active,
4705,7.1339,Ramro sugar free Whole wheat digestive cookies 130g,PC,Grocery & Staples,"Rice, Dal, Flour, Oil & Staples",ramro-sugar-free-whole-wheat-digestive-cookies-130g,Active,
4706,7.3306,Ramro sugar free whole wheat jeera cookies 120g,Pcs,Grocery & Staples,"Rice, Dal, Flour, Oil & Staples",ramro-sugar-free-whole-wheat-jeera-cookies-120g,Active,
4716,7.2826,Rangeela Mix Dalmonth 600g,Pcs,Grocery & Staples,"Rice, Dal, Flour, Oil & Staples",rangeela-mix-dalmonth-600g,Active,
4722,7.2693,Rara Ghee 1kg,Pcs,Grocery & Staples,"Rice, Dal, Flour, Oil & Staples",rara-ghee-1kg,Active,
4723,7.4708,Rara Hot & Spicy Noodles 100g,Pcs,Grocery & Staples,"Rice, Dal, Flour, Oil & Staples",rara-hot-spicy-noodles-100g,Active,
4724,7.144,Rara instant noodles 60g,PC,Grocery & Staples,"Rice, Dal, Flour, Oil & Staples",rara-instant-noodles-60g,Active,
4735,7.3937,Ratna malika roasted chana 160gm,Pcs,Grocery & Staples,"Rice, Dal, Flour, Oil & Staples",ratna-malika-roasted-chana-160gm,Active,
4736,7.394,Ratna malika roasted chana 310gm,Pcs,Grocery & Staples,"Rice, Dal, Flour, Oil & Staples",ratna-malika-roasted-chana-310gm,Active,
4772,4.486,Rice Spoon Plastic,Pcs,Grocery & Staples,"Rice, Dal, Flour, Oil & Staples",rice-spoon-plastic,Active,
4770,7.4667,Rice paper 400gm,Pcs,Grocery & Staples,"Rice, Dal, Flour, Oil & Staples",rice-paper-400gm,Active,
4771,2.389,Rice sherbet body scrub natural 500ml,Pcs,Grocery & Staples,"Rice, Dal, Flour, Oil & Staples",rice-sherbet-body-scrub-natural-500ml,Active,
4778,7.2757,Rijal Kabuli Chana 200 g,Pcs,Grocery & Staples,"Rice, Dal, Flour, Oil & Staples",rijal-kabuli-chana-200-g,Active,
4784,7.2575,Rijals Namkeen Top 10 mix dalmoth,Pack,Grocery & Staples,"Rice, Dal, Flour, Oil & Staples",rijals-namkeen-top-10-mix-dalmoth,Active,
4783,7.314,Rijals Namkeen matar masala 180g,pkt,Grocery & Staples,"Rice, Dal, Flour, Oil & Staples",rijals-namkeen-matar-masala-180g,Active,
4787,7.302,Rijals Rangeela dalmoth 450g,pkt,Grocery & Staples,"Rice, Dal, Flour, Oil & Staples",rijals-rangeela-dalmoth-450g,Active,
4786,7.152,Rijals Rangeela mixture dalmoth 800g,PKT,Grocery & Staples,"Rice, Dal, Flour, Oil & Staples",rijals-rangeela-mixture-dalmoth-800g,Active,
4789,7.137,Rijals Salted Peanuts 300g,PKT,Grocery & Staples,"Rice, Dal, Flour, Oil & Staples",rijals-salted-peanuts-300g,Active,
4790,7.2388,Rijals Salted Peanuts 500g,Pcs,Grocery & Staples,"Rice, Dal, Flour, Oil & Staples",rijals-salted-peanuts-500g,Active,
4782,7.306,Rijals moong dal180g,pkt,Grocery & Staples,"Rice, Dal, Flour, Oil & Staples",rijals-moong-dal180g,Active,
4801,7.529,Roasted Chana 200g,PC,Grocery & Staples,"Rice, Dal, Flour, Oil & Staples",roasted-chana-200g,Active,
4802,7.163,Roasted Chana 375g,PC,Grocery & Staples,"Rice, Dal, Flour, Oil & Staples",roasted-chana-375g,Active,
4822,7.4126,Romeo intant noodles20gm,Pcs,Grocery & Staples,"Rice, Dal, Flour, Oil & Staples",romeo-intant-noodles20gm,Active,
4825,17.407,Rose Flour Hair Bun Cover,Pcs,Grocery & Staples,"Rice, Dal, Flour, Oil & Staples",rose-flour-hair-bun-cover,Active,
4845,7.3288,Royal Bivab Chiura 1kg,Pcs,Grocery & Staples,"Rice, Dal, Flour, Oil & Staples",royal-bivab-chiura-1kg,Active,
4864,7.3923,Royal Timur-chilli chop 250gm,Pcs,Grocery & Staples,"Rice, Dal, Flour, Oil & Staples",royal-timur-chilli-chop-250gm,Active,
4846,7.33,Royal bivab chiura 700g,Pcs,Grocery & Staples,"Rice, Dal, Flour, Oil & Staples",royal-bivab-chiura-700g,Active,
4847,7.4634,Royal bivab chowmein noodles 200gm,Pcs,Grocery & Staples,"Rice, Dal, Flour, Oil & Staples",royal-bivab-chowmein-noodles-200gm,Active,
4848,7.3983,Royal bivab hakka noodles 200gm,Pcs,Grocery & Staples,"Rice, Dal, Flour, Oil & Staples",royal-bivab-hakka-noodles-200gm,Active,
4849,7.4635,Royal bivab masala paasta 175gm,Pcs,Grocery & Staples,"Rice, Dal, Flour, Oil & Staples",royal-bivab-masala-paasta-175gm,Active,
4850,7.4506,Royal bivab penne rigatoni pasta 400gm,Pcs,Grocery & Staples,"Rice, Dal, Flour, Oil & Staples",royal-bivab-penne-rigatoni-pasta-400gm,Active,
4851,7.4636,Royal bivab vermicelli 150gm,Pcs,Grocery & Staples,"Rice, Dal, Flour, Oil & Staples",royal-bivab-vermicelli-150gm,Active,
4887,7.2604,S4 Suji Rusk with elichi 250g,pkt,Grocery & Staples,"Rice, Dal, Flour, Oil & Staples",s4-suji-rusk-with-elichi-250g,Active,
5010,7.1667,SF cream crackers no added sugar 360g,PC,Grocery & Staples,"Rice, Dal, Flour, Oil & Staples",sf-cream-crackers-no-added-sugar-360g,Active,
4890,2.938,Sadore hair removal mousse silky refreshing care 150ml,Pcs,Grocery & Staples,"Rice, Dal, Flour, Oil & Staples",sadore-hair-removal-mousse-silky-refreshing-care-150ml,Active,
4898,7.781,Saffola Oats 1kg,pc,Grocery & Staples,"Rice, Dal, Flour, Oil & Staples",saffola-oats-1kg,Active,
4899,7.78,Saffola Oats 400g,pc,Grocery & Staples,"Rice, Dal, Flour, Oil & Staples",saffola-oats-400g,Active,
4909,7.1197,Sai kripa gold masala tea 1kg,PC,Grocery & Staples,"Rice, Dal, Flour, Oil & Staples",sai-kripa-gold-masala-tea-1kg,Active,
4910,7.3429,Sai kripa gold masala tea 250g Jar,Pcs,Grocery & Staples,"Rice, Dal, Flour, Oil & Staples",sai-kripa-gold-masala-tea-250g-jar,Active,
4911,7.3428,Sai kripa gold masala tea 3kg,Pcs,Grocery & Staples,"Rice, Dal, Flour, Oil & Staples",sai-kripa-gold-masala-tea-3kg,Active,
4925,7.118,Samyang Ramen Hot Chicken/ 2x spicy Noodles 140g\Lovely Hot,PC,Grocery & Staples,"Rice, Dal, Flour, Oil & Staples",samyang-ramen-hot-chicken-2x-spicy-noodles-140g-lovely-hot,Active,
4926,7.444,Samyang Tangle noodles 100g,Pcs,Grocery & Staples,"Rice, Dal, Flour, Oil & Staples",samyang-tangle-noodles-100g,Active,
4939,7.1348,Sarathi /Siddhu-G Jeera Powder 500g,PC,Grocery & Staples,"Rice, Dal, Flour, Oil & Staples",sarathi-siddhu-g-jeera-powder-500g,Active,
4946,7.1353,Sarathi Mix Masala 100g,PC,Grocery & Staples,"Rice, Dal, Flour, Oil & Staples",sarathi-mix-masala-100g,Active,
4941,7.1379,Sarathi chilli powder 100gm,PC,Grocery & Staples,"Rice, Dal, Flour, Oil & Staples",sarathi-chilli-powder-100gm,Active,
4943,7.1349,Sarathi jeera/cumin Powder 100g,PC,Grocery & Staples,"Rice, Dal, Flour, Oil & Staples",sarathi-jeera-cumin-powder-100g,Active,
4978,7.377,Selva pasta all flvr 500g,pkt,Grocery & Staples,"Rice, Dal, Flour, Oil & Staples",selva-pasta-all-flvr-500g,Active,
4984,2.3445,Senova natural fruit papaya nourishing gentle cleanser 100gm,Pcs,Grocery & Staples,"Rice, Dal, Flour, Oil & Staples",senova-natural-fruit-papaya-nourishing-gentle-cleanser-100gm,Active,
4987,2.3444,Senova natural plants camellia smoothing gentle cleanser 100gm,Pcs,Grocery & Staples,"Rice, Dal, Flour, Oil & Staples",senova-natural-plants-camellia-smoothing-gentle-cleanser-100gm,Active,
5015,7.1764,Sheetal chana besan 500gm,PC,Grocery & Staples,"Rice, Dal, Flour, Oil & Staples",sheetal-chana-besan-500gm,Active,
5016,7.1752,Sheetal chana besan250gm,PC,Grocery & Staples,"Rice, Dal, Flour, Oil & Staples",sheetal-chana-besan250gm,Active,
5023,7.828,Shin Ramyun noodle soup 120g,Pc,Grocery & Staples,"Rice, Dal, Flour, Oil & Staples",shin-ramyun-noodle-soup-120g,Active,
5020,7.4399,Shin kimchi cup noodles 75gm,Pcs,Grocery & Staples,"Rice, Dal, Flour, Oil & Staples",shin-kimchi-cup-noodles-75gm,Active,
5021,7.4398,Shin kimchi noodles 120gm,Pcs,Grocery & Staples,"Rice, Dal, Flour, Oil & Staples",shin-kimchi-noodles-120gm,Active,
5025,7.4397,Shin ramyun stri fry noodles 131gm,Pcs,Grocery & Staples,"Rice, Dal, Flour, Oil & Staples",shin-ramyun-stri-fry-noodles-131gm,Active,
5026,7.4396,Shin red super spicy noodles 120gm,Pcs,Grocery & Staples,"Rice, Dal, Flour, Oil & Staples",shin-red-super-spicy-noodles-120gm,Active,
5027,7.3674,Shincup Noodle Soup 114g,Pcs,Grocery & Staples,"Rice, Dal, Flour, Oil & Staples",shincup-noodle-soup-114g,Active,
5028,7.44,Shincup Noodle Soup 75g,PC,Grocery & Staples,"Rice, Dal, Flour, Oil & Staples",shincup-noodle-soup-75g,Active,
5042,7.4035,Siddhi vinayak mix dalmoth 160gm,Pcs,Grocery & Staples,"Rice, Dal, Flour, Oil & Staples",siddhi-vinayak-mix-dalmoth-160gm,Active,
5043,7.4034,Siddhi vinayak mix dalmoth 80gm,Pack,Grocery & Staples,"Rice, Dal, Flour, Oil & Staples",siddhi-vinayak-mix-dalmoth-80gm,Active,
5044,7.4033,Siddhi vinayak moong daal 80gm,Pcs,Grocery & Staples,"Rice, Dal, Flour, Oil & Staples",siddhi-vinayak-moong-daal-80gm,Active,
5045,7.4032,Siddhi vinayak moong daal160gm,Pcs,Grocery & Staples,"Rice, Dal, Flour, Oil & Staples",siddhi-vinayak-moong-daal160gm,Active,
5049,7.4038,Siddhi vinayak salted peanuts,Pcs,Grocery & Staples,"Rice, Dal, Flour, Oil & Staples",siddhi-vinayak-salted-peanuts,Active,
5075,2.3991,Silcon rice water glow boost foam cleanser 100gm,Pcs,Grocery & Staples,"Rice, Dal, Flour, Oil & Staples",silcon-rice-water-glow-boost-foam-cleanser-100gm,Active,
5090,7.1527,Simi dal White / red 1kg,PC,Grocery & Staples,"Rice, Dal, Flour, Oil & Staples",simi-dal-white-red-1kg,Active,
5115,7.3301,Six Villa Soya Chunks 150gm,Pcs,Grocery & Staples,"Rice, Dal, Flour, Oil & Staples",six-villa-soya-chunks-150gm,Active,
5153,7.2777,Soaltee Kurilo Instant Noodles 75gm,Pcs,Grocery & Staples,"Rice, Dal, Flour, Oil & Staples",soaltee-kurilo-instant-noodles-75gm,Active,
5156,7.898,Soda Crackers Sugarfree 450g,Pkt,Grocery & Staples,"Rice, Dal, Flour, Oil & Staples",soda-crackers-sugarfree-450g,Active,
5203,7.4395,Soon veggie ramyun noodles 112gm,Pcs,Grocery & Staples,"Rice, Dal, Flour, Oil & Staples",soon-veggie-ramyun-noodles-112gm,Active,
5210,7.47,Soyum Nepali Keema Noodles Chicken Flavored 130g,Pcs,Grocery & Staples,"Rice, Dal, Flour, Oil & Staples",soyum-nepali-keema-noodles-chicken-flavored-130g,Active,
5302,7.256,Sugar 1kg,pack,Grocery & Staples,"Rice, Dal, Flour, Oil & Staples",sugar-1kg,Active,
5303,7.4253,Sugar Free D Lite Cookies mix 75g,Pcs,Grocery & Staples,"Rice, Dal, Flour, Oil & Staples",sugar-free-d-lite-cookies-mix-75g,Active,
5304,5.899,Sugar Free D lite Rich\Orange Chocolate 80gm,Pcs,Grocery & Staples,"Rice, Dal, Flour, Oil & Staples",sugar-free-d-lite-rich-orange-chocolate-80gm,Active,
5305,7.3171,Sugar Free Digestive Biscut 110gm,Pcs,Grocery & Staples,"Rice, Dal, Flour, Oil & Staples",sugar-free-digestive-biscut-110gm,Active,
5309,7.878,Sugar Free Gold Powder 100g,pc,Grocery & Staples,"Rice, Dal, Flour, Oil & Staples",sugar-free-gold-powder-100g,Active,
5313,7.4201,Sumana foods udhyog tea masala 25gm,Pcs,Grocery & Staples,"Rice, Dal, Flour, Oil & Staples",sumana-foods-udhyog-tea-masala-25gm,Active,
5315,7.28,Summo Rice 10kg,Bags,Grocery & Staples,"Rice, Dal, Flour, Oil & Staples",summo-rice-10kg,Active,
5316,7.623,Summo Rice 25kg,pkt,Grocery & Staples,"Rice, Dal, Flour, Oil & Staples",summo-rice-25kg,Active,
5317,7.2801,Summo Rice 5kg,Bags,Grocery & Staples,"Rice, Dal, Flour, Oil & Staples",summo-rice-5kg,Active,
5438,7.1934,Tempura flour 150g,pkt,Grocery & Staples,"Rice, Dal, Flour, Oil & Staples",tempura-flour-150g,Active,
5500,7.4237,Tia fresh sandal wood/filter coffee,Pcs,Grocery & Staples,"Rice, Dal, Flour, Oil & Staples",tia-fresh-sandal-wood-filter-coffee,Active,
5527,7.2931,Timur Khursani (Chilli Chop),Pcs,Grocery & Staples,"Rice, Dal, Flour, Oil & Staples",timur-khursani-chilli-chop,Active,
5530,7.3819,Tirsana Dalmoth 500g,Pcs,Grocery & Staples,"Rice, Dal, Flour, Oil & Staples",tirsana-dalmoth-500g,Active,
5535,7.4502,Tirsana dalmot 900gm,Pcs,Grocery & Staples,"Rice, Dal, Flour, Oil & Staples",tirsana-dalmot-900gm,Active,
5559,7.684,Tokala masala tea 1kg Bag,pc,Grocery & Staples,"Rice, Dal, Flour, Oil & Staples",tokala-masala-tea-1kg-bag,Active,
5566,7.937,Tokla Masala Tea 500g,Pc,Grocery & Staples,"Rice, Dal, Flour, Oil & Staples",tokla-masala-tea-500g,Active,
5651,7.4773,Urmila sahi pulao rice 20kg,Pcs,Grocery & Staples,"Rice, Dal, Flour, Oil & Staples",urmila-sahi-pulao-rice-20kg,Active,
5657,7.3215,Uttam White Sugar Sachets5gm*200,Pack,Grocery & Staples,"Rice, Dal, Flour, Oil & Staples",uttam-white-sugar-sachets5gm-200,Active,
5747,7.851,VICTORY AGMARK JEERA 500g,pc,Grocery & Staples,"Rice, Dal, Flour, Oil & Staples",victory-agmark-jeera-500g,Active,
5746,7.852,Victory Agmark JEERA 200g,pc,Grocery & Staples,"Rice, Dal, Flour, Oil & Staples",victory-agmark-jeera-200g,Active,
5745,7.853,Victory Agmark Jeera 100g,pc,Grocery & Staples,"Rice, Dal, Flour, Oil & Staples",victory-agmark-jeera-100g,Active,
5770,7.683,Viva Italia Chilli Flakes 30gm,pc,Grocery & Staples,"Rice, Dal, Flour, Oil & Staples",viva-italia-chilli-flakes-30gm,Active,
5788,7.3799,Wai Wai Noodles Vhujiya 200g,Pcs,Grocery & Staples,"Rice, Dal, Flour, Oil & Staples",wai-wai-noodles-vhujiya-200g,Active,
5791,7.2507,Wai Wai Veg Noodles 60g,Pcs,Grocery & Staples,"Rice, Dal, Flour, Oil & Staples",wai-wai-veg-noodles-60g,Active,
5821,7.321,Weikfield Baking Powder 100g,pkt,Grocery & Staples,"Rice, Dal, Flour, Oil & Staples",weikfield-baking-powder-100g,Active,
5822,7.36,Weikfield Baking Powder Double Action400g,PC,Grocery & Staples,"Rice, Dal, Flour, Oil & Staples",weikfield-baking-powder-double-action400g,Active,
5828,7.914,Weikfield Cornflour 500g,Pc,Grocery & Staples,"Rice, Dal, Flour, Oil & Staples",weikfield-cornflour-500g,Active,
5827,7.595,Weikfield corn flour 100g,pc,Grocery & Staples,"Rice, Dal, Flour, Oil & Staples",weikfield-corn-flour-100g,Active,
5864,7.2563,Well Bell Mix fruit Muesli 300g,Pcs,Grocery & Staples,"Rice, Dal, Flour, Oil & Staples",well-bell-mix-fruit-muesli-300g,Active,
5862,7.2564,Well Bell diet muesli 800gm,Pcs,Grocery & Staples,"Rice, Dal, Flour, Oil & Staples",well-bell-diet-muesli-800gm,Active,
5861,7.4644,Well bell corn flakes no added sugar 350gm,Pcs,Grocery & Staples,"Rice, Dal, Flour, Oil & Staples",well-bell-corn-flakes-no-added-sugar-350gm,Active,
5863,7.4266,Well bell instant oats 300gm,Pcs,Grocery & Staples,"Rice, Dal, Flour, Oil & Staples",well-bell-instant-oats-300gm,Active,
5855,7.2567,Well bell instant oats jar 500g,Pcs,Grocery & Staples,"Rice, Dal, Flour, Oil & Staples",well-bell-instant-oats-jar-500g,Active,
5892,7.606,White/ bhatta,pc,Grocery & Staples,"Rice, Dal, Flour, Oil & Staples",white-bhatta,Active,
5975,7.4359,"Yuku Pizza ,Pasta Seasoning 75g",Pcs,Grocery & Staples,"Rice, Dal, Flour, Oil & Staples",yuku-pizza-pasta-seasoning-75g,Active,
6004,7.1746,ZOOPY INSTANT NOODLES90G,PC,Grocery & Staples,"Rice, Dal, Flour, Oil & Staples",zoopy-instant-noodles90g,Active,
5981,7.3692,Zabreen biryani basmati rice 10kg,Pcs,Grocery & Staples,"Rice, Dal, Flour, Oil & Staples",zabreen-biryani-basmati-rice-10kg,Active,
5990,16.229,Zero Sugar Coke/ Sprite 250ml,Pcs,Grocery & Staples,"Rice, Dal, Flour, Oil & Staples",zero-sugar-coke-sprite-250ml,Active,
5991,16.281,Zero Sugar Coke/ Sprite 500ml,Pcs,Grocery & Staples,"Rice, Dal, Flour, Oil & Staples",zero-sugar-coke-sprite-500ml,Active,
938,7.216,century chilli powder 100g,pack,Grocery & Staples,"Rice, Dal, Flour, Oil & Staples",century-chilli-powder-100g,Active,
1983,7.4805,first choice Turmeric Powder 500g,Pcs,Grocery & Staples,"Rice, Dal, Flour, Oil & Staples",first-choice-turmeric-powder-500g,Active,
2397,7.436,haldiram Salted peanut 180g,pkt,Grocery & Staples,"Rice, Dal, Flour, Oil & Staples",haldiram-salted-peanut-180g,Active,
2380,7.28,haldiram kaju mixture 200g,pkt,Grocery & Staples,"Rice, Dal, Flour, Oil & Staples",haldiram-kaju-mixture-200g,Active,
2407,7.42,haldirams navrattan360g,PKT,Grocery & Staples,"Rice, Dal, Flour, Oil & Staples",haldirams-navrattan360g,Active,
2686,7.3093,himali Rosted Chana 300gm,Pcs,Grocery & Staples,"Rice, Dal, Flour, Oil & Staples",himali-rosted-chana-300gm,Active,
2775,7.3705,jasmine mix masala 200g,Pcs,Grocery & Staples,"Rice, Dal, Flour, Oil & Staples",jasmine-mix-masala-200g,Active,
3011,7.551,khajurico atta cookies,PC,Grocery & Staples,"Rice, Dal, Flour, Oil & Staples",khajurico-atta-cookies,Active,
3242,7.4581,local faim dalla in oil 350gm,Pcs,Grocery & Staples,"Rice, Dal, Flour, Oil & Staples",local-faim-dalla-in-oil-350gm,Active,
4201,7.4856,pahichan semolina pasta 400gm,Pack,Grocery & Staples,"Rice, Dal, Flour, Oil & Staples",pahichan-semolina-pasta-400gm,Active,
4271,5.7,parle Guava chilli /imli bite280g,Pcs,Grocery & Staples,"Rice, Dal, Flour, Oil & Staples",parle-guava-chilli-imli-bite280g,Active,
4472,2.3592,plom Rice Water And Niacinamide spf50 80g,Pcs,Grocery & Staples,"Rice, Dal, Flour, Oil & Staples",plom-rice-water-and-niacinamide-spf50-80g,Active,
4473,2.2898,plom Rice Water And Niacinamide spf5050gm,Pcs,Grocery & Staples,"Rice, Dal, Flour, Oil & Staples",plom-rice-water-and-niacinamide-spf5050gm,Active,
4549,7.3962,poshillo nutty delight satu sugar free 400gm,Pcs,Grocery & Staples,"Rice, Dal, Flour, Oil & Staples",poshillo-nutty-delight-satu-sugar-free-400gm,Active,
4551,7.3965,poshilo nutri satu sugar free 400gm,Pcs,Grocery & Staples,"Rice, Dal, Flour, Oil & Staples",poshilo-nutri-satu-sugar-free-400gm,Active,
4552,7.3966,poshilo nutty delight satu no added sugar 750gm,Pcs,Grocery & Staples,"Rice, Dal, Flour, Oil & Staples",poshilo-nutty-delight-satu-no-added-sugar-750gm,Active,
4703,7.3305,ramro sugar free whole wheat coconut cookies 200g,Pcs,Grocery & Staples,"Rice, Dal, Flour, Oil & Staples",ramro-sugar-free-whole-wheat-coconut-cookies-200g,Active,
5112,7.3735,six villa dal pitho 180gm,Pcs,Grocery & Staples,"Rice, Dal, Flour, Oil & Staples",six-villa-dal-pitho-180gm,Active,
5306,7.533,sugar free gold 110 pellets,PC,Grocery & Staples,"Rice, Dal, Flour, Oil & Staples",sugar-free-gold-110-pellets,Active,
5307,7.532,sugar free gold 300pellets,PC,Grocery & Staples,"Rice, Dal, Flour, Oil & Staples",sugar-free-gold-300pellets,Active,
5308,7.531,sugar free gold 500pellets,PC,Grocery & Staples,"Rice, Dal, Flour, Oil & Staples",sugar-free-gold-500pellets,Active,
5823,7.1675,weikfield Baking soda100g,PC,Grocery & Staples,"Rice, Dal, Flour, Oil & Staples",weikfield-baking-soda100g,Active,
127,7.3769,Aama ko dry fish & timur chhop 200gm,Pcs,Fresh & Dry Foods,"Dry Fruits, Dates, Fish & Specialty Foods",aama-ko-dry-fish-timur-chhop-200gm,Active,
143,7.3763,Aama ko tangy flaxseeds 200gm,Pcs,Fresh & Dry Foods,"Dry Fruits, Dates, Fish & Specialty Foods",aama-ko-tangy-flaxseeds-200gm,Active,
228,7.3568,Al Aziz King of date Bumaan Dates 500gm,pkt,Fresh & Dry Foods,"Dry Fruits, Dates, Fish & Specialty Foods",al-aziz-king-of-date-bumaan-dates-500gm,Active,
273,7.1543,Anjir 100g,PC,Fresh & Dry Foods,"Dry Fruits, Dates, Fish & Specialty Foods",anjir-100g,Active,
310,16.284,Arjun Dhara Badam Almond Drink 180ml,Pcs,Fresh & Dry Foods,"Dry Fruits, Dates, Fish & Specialty Foods",arjun-dhara-badam-almond-drink-180ml,Active,
668,2.3763,BELLAVITA Pistachio Parfum 100ml,Pcs,Fresh & Dry Foods,"Dry Fruits, Dates, Fish & Specialty Foods",bellavita-pistachio-parfum-100ml,Active,
469,2.555,Bajaj Almond Drops Hair Oil 50ml,pc,Fresh & Dry Foods,"Dry Fruits, Dates, Fish & Specialty Foods",bajaj-almond-drops-hair-oil-50ml,Active,
471,2.604,Bajaj Almonds Drop hair oil 190ml,pc,Fresh & Dry Foods,"Dry Fruits, Dates, Fish & Specialty Foods",bajaj-almonds-drop-hair-oil-190ml,Active,
467,2.603,Bajaj almond Drop hair oil 300ml,pc,Fresh & Dry Foods,"Dry Fruits, Dates, Fish & Specialty Foods",bajaj-almond-drop-hair-oil-300ml,Active,
468,2.554,Bajaj almond Drops 114ml,pc,Fresh & Dry Foods,"Dry Fruits, Dates, Fish & Specialty Foods",bajaj-almond-drops-114ml,Active,
472,2.602,Bajaj almonds hair oil 500ml,pc,Fresh & Dry Foods,"Dry Fruits, Dates, Fish & Specialty Foods",bajaj-almonds-hair-oil-500ml,Active,
572,7.4741,Banbooti dates king 500gm,Pcs,Fresh & Dry Foods,"Dry Fruits, Dates, Fish & Specialty Foods",banbooti-dates-king-500gm,Active,
573,7.4602,Banbooti kalmi dates 250gm,Pcs,Fresh & Dry Foods,"Dry Fruits, Dates, Fish & Specialty Foods",banbooti-kalmi-dates-250gm,Active,
676,1.2012,Bellavita OUD/CEO/SKAI/GLAM/DATE Mix Shower Gel 250ml,Pcs,Fresh & Dry Foods,"Dry Fruits, Dates, Fish & Specialty Foods",bellavita-oud-ceo-skai-glam-date-mix-shower-gel-250ml,Active,
672,2.3297,Bellavita luxury giftset date woman / fresh unisexv80ml,Pcs,Fresh & Dry Foods,"Dry Fruits, Dates, Fish & Specialty Foods",bellavita-luxury-giftset-date-woman-fresh-unisexv80ml,Active,
674,2.3296,Bellavita luxury white ode/date woman mix flv 100ml,Pcs,Fresh & Dry Foods,"Dry Fruits, Dates, Fish & Specialty Foods",bellavita-luxury-white-ode-date-woman-mix-flv-100ml,Active,
703,7.4689,Bikaji Badam Laccha Pancharatna 350g,Pcs,Fresh & Dry Foods,"Dry Fruits, Dates, Fish & Specialty Foods",bikaji-badam-laccha-pancharatna-350g,Active,
706,7.4682,Bikaji Crusty Nuts 175g,Pcs,Fresh & Dry Foods,"Dry Fruits, Dates, Fish & Specialty Foods",bikaji-crusty-nuts-175g,Active,
777,7.754,Borges/Figaro Black Pitted Olives 340g,pc,Fresh & Dry Foods,"Dry Fruits, Dates, Fish & Specialty Foods",borges-figaro-black-pitted-olives-340g,Active,
819,7.484,Britannia Good day Pista badam cookies 200g,pc,Fresh & Dry Foods,"Dry Fruits, Dates, Fish & Specialty Foods",britannia-good-day-pista-badam-cookies-200g,Active,
1207,5.48,Complan kesar badam flavour 500g,PC,Fresh & Dry Foods,"Dry Fruits, Dates, Fish & Specialty Foods",complan-kesar-badam-flavour-500g,Active,
1295,2.3557,Dabar almond amla Hair Oil 180ml,Pcs,Fresh & Dry Foods,"Dry Fruits, Dates, Fish & Specialty Foods",dabar-almond-amla-hair-oil-180ml,Active,
1320,7.458,Date Crown daily goodness 500g,pkt,Fresh & Dry Foods,"Dry Fruits, Dates, Fish & Specialty Foods",date-crown-daily-goodness-500g,Active,
1321,5.108,Dates bar all flv,Pcs,Fresh & Dry Foods,"Dry Fruits, Dates, Fish & Specialty Foods",dates-bar-all-flv,Active,
1343,2.244,Dekar whitening facial scrub walnut @apricot100g,PC,Fresh & Dry Foods,"Dry Fruits, Dates, Fish & Specialty Foods",dekar-whitening-facial-scrub-walnut-apricot100g,Active,
1353,16.198,Delish Keshar badam Juice 180ml,Pcs,Fresh & Dry Foods,"Dry Fruits, Dates, Fish & Specialty Foods",delish-keshar-badam-juice-180ml,Active,
1494,7.2213,Divya foods dates 500g,Pcs,Fresh & Dry Foods,"Dry Fruits, Dates, Fish & Specialty Foods",divya-foods-dates-500g,Active,
1495,7.25,Divya foods dates white 200g,pack,Fresh & Dry Foods,"Dry Fruits, Dates, Fish & Specialty Foods",divya-foods-dates-white-200g,Active,
1525,7.2344,Divya foods wallnuts 500g,Pcs,Fresh & Dry Foods,"Dry Fruits, Dates, Fish & Specialty Foods",divya-foods-wallnuts-500g,Active,
1687,5.1028,Dry fruits mix toffees 450gm,Pcs,Fresh & Dry Foods,"Dry Fruits, Dates, Fish & Specialty Foods",dry-fruits-mix-toffees-450gm,Active,
1845,7.4768,Evertytime almond 250gm jar,Pcs,Fresh & Dry Foods,"Dry Fruits, Dates, Fish & Specialty Foods",evertytime-almond-250gm-jar,Active,
1846,7.4767,Evertytime roasted kaju 400gm,Pcs,Fresh & Dry Foods,"Dry Fruits, Dates, Fish & Specialty Foods",evertytime-roasted-kaju-400gm,Active,
1847,7.4727,Everytime 2 mix nuts 180gm,Pcs,Fresh & Dry Foods,"Dry Fruits, Dates, Fish & Specialty Foods",everytime-2-mix-nuts-180gm,Active,
1848,7.4728,Everytime 3 mix nuts 180gm,Pcs,Fresh & Dry Foods,"Dry Fruits, Dates, Fish & Specialty Foods",everytime-3-mix-nuts-180gm,Active,
1849,7.4769,Everytime almond nuts 500gm jar,Pcs,Fresh & Dry Foods,"Dry Fruits, Dates, Fish & Specialty Foods",everytime-almond-nuts-500gm-jar,Active,
1853,7.4765,Everytime kaju 180gm,Pcs,Fresh & Dry Foods,"Dry Fruits, Dates, Fish & Specialty Foods",everytime-kaju-180gm,Active,
1854,7.4726,Everytime kaju 1kg,Pcs,Fresh & Dry Foods,"Dry Fruits, Dates, Fish & Specialty Foods",everytime-kaju-1kg,Active,
1855,7.4725,Everytime kaju 400gm,Pcs,Fresh & Dry Foods,"Dry Fruits, Dates, Fish & Specialty Foods",everytime-kaju-400gm,Active,
1856,7.4771,Everytime kaju 500gm jar,Pcs,Fresh & Dry Foods,"Dry Fruits, Dates, Fish & Specialty Foods",everytime-kaju-500gm-jar,Active,
20,7.4723,Everytime kaju 70gm,Pcs,Fresh & Dry Foods,"Dry Fruits, Dates, Fish & Specialty Foods",everytime-kaju-70gm,Active,
1857,7.4724,Everytime kaju 90gm,Pcs,Fresh & Dry Foods,"Dry Fruits, Dates, Fish & Specialty Foods",everytime-kaju-90gm,Active,
1861,7.4665,Everytime morning diet mix dry fruit 500gm,Pcs,Fresh & Dry Foods,"Dry Fruits, Dates, Fish & Specialty Foods",everytime-morning-diet-mix-dry-fruit-500gm,Active,
1862,7.477,Everytime pistachios 400gm jar,Pcs,Fresh & Dry Foods,"Dry Fruits, Dates, Fish & Specialty Foods",everytime-pistachios-400gm-jar,Active,
1924,7.4345,Faseel dates 500gm,Pcs,Fresh & Dry Foods,"Dry Fruits, Dates, Fish & Specialty Foods",faseel-dates-500gm,Active,
1942,7.1742,Figaro pitted green olives 340g,PC,Fresh & Dry Foods,"Dry Fruits, Dates, Fish & Specialty Foods",figaro-pitted-green-olives-340g,Active,
2135,2.656,Garnier Men Acno Fight Face wash 100g,pc,Fresh & Dry Foods,"Dry Fruits, Dates, Fish & Specialty Foods",garnier-men-acno-fight-face-wash-100g,Active,
2137,2.716,Garnier Men AcnoFight Whitening Cream 45g,pc,Fresh & Dry Foods,"Dry Fruits, Dates, Fish & Specialty Foods",garnier-men-acnofight-whitening-cream-45g,Active,
2136,2.1554,Garnier men acno fight pimple clearing brightening moisturiser 20gm,PC,Fresh & Dry Foods,"Dry Fruits, Dates, Fish & Specialty Foods",garnier-men-acno-fight-pimple-clearing-brightening-moisturiser-20gm,Active,
2267,1.1818,Godrej germ fighter handwash 725ml,Pcs,Fresh & Dry Foods,"Dry Fruits, Dates, Fish & Specialty Foods",godrej-germ-fighter-handwash-725ml,Active,
2303,7.317,GoodLifeDigestive Nuts 300gm,Pcs,Fresh & Dry Foods,"Dry Fruits, Dates, Fish & Specialty Foods",goodlifedigestive-nuts-300gm,Active,
2283,7.402,Goodday cashew cookies 200g,pc,Fresh & Dry Foods,"Dry Fruits, Dates, Fish & Specialty Foods",goodday-cashew-cookies-200g,Active,
2288,7.3507,Goodlife Digestive Nuts Biscuit 120+10gm,Pcs,Fresh & Dry Foods,"Dry Fruits, Dates, Fish & Specialty Foods",goodlife-digestive-nuts-biscuit-120-10gm,Active,
2289,7.3506,Goodlife Digestive Nuts Biscuit 540gm,Pack,Fresh & Dry Foods,"Dry Fruits, Dates, Fish & Specialty Foods",goodlife-digestive-nuts-biscuit-540gm,Active,
2442,7.1789,Harlalka dry fruit nuts mix 200g,PC,Fresh & Dry Foods,"Dry Fruits, Dates, Fish & Specialty Foods",harlalka-dry-fruit-nuts-mix-200g,Active,
2444,7.132,Harlals Almond 100g,PC,Fresh & Dry Foods,"Dry Fruits, Dates, Fish & Specialty Foods",harlals-almond-100g,Active,
2445,7.1321,Harlals Almond 200g,PC,Fresh & Dry Foods,"Dry Fruits, Dates, Fish & Specialty Foods",harlals-almond-200g,Active,
2446,7.1615,Harlals Almonds 500g,PC,Fresh & Dry Foods,"Dry Fruits, Dates, Fish & Specialty Foods",harlals-almonds-500g,Active,
2447,7.16,Harlals Cashewnut 500g,PKT,Fresh & Dry Foods,"Dry Fruits, Dates, Fish & Specialty Foods",harlals-cashewnut-500g,Active,
2448,7.1322,Harlals Cashews 100g,PC,Fresh & Dry Foods,"Dry Fruits, Dates, Fish & Specialty Foods",harlals-cashews-100g,Active,
2449,7.1323,Harlals Cashews 200g,PC,Fresh & Dry Foods,"Dry Fruits, Dates, Fish & Specialty Foods",harlals-cashews-200g,Active,
2450,7.313,Harlals Chia seed 100gm,Pcs,Fresh & Dry Foods,"Dry Fruits, Dates, Fish & Specialty Foods",harlals-chia-seed-100gm,Active,
2456,7.1318,Harlals Pista 100g,PC,Fresh & Dry Foods,"Dry Fruits, Dates, Fish & Specialty Foods",harlals-pista-100g,Active,
2457,7.4654,Harlals Pista 180g,pkt,Fresh & Dry Foods,"Dry Fruits, Dates, Fish & Specialty Foods",harlals-pista-180g,Active,
2458,7.1319,Harlals Pista 200g,PC,Fresh & Dry Foods,"Dry Fruits, Dates, Fish & Specialty Foods",harlals-pista-200g,Active,
2459,7.4653,Harlals Pista 360g,pkt,Fresh & Dry Foods,"Dry Fruits, Dates, Fish & Specialty Foods",harlals-pista-360g,Active,
2461,7.4655,Harlals Pista 90g,pkt,Fresh & Dry Foods,"Dry Fruits, Dates, Fish & Specialty Foods",harlals-pista-90g,Active,
2463,7.3124,Harlals Pumpkin Seed 100gm,Pcs,Fresh & Dry Foods,"Dry Fruits, Dates, Fish & Specialty Foods",harlals-pumpkin-seed-100gm,Active,
2464,7.1324,Harlals Raisins 100g,PC,Fresh & Dry Foods,"Dry Fruits, Dates, Fish & Specialty Foods",harlals-raisins-100g,Active,
2465,7.1325,Harlals Raisins 200g,PC,Fresh & Dry Foods,"Dry Fruits, Dates, Fish & Specialty Foods",harlals-raisins-200g,Active,
2466,7.3199,Harlals Raisins 500g,Pcs,Fresh & Dry Foods,"Dry Fruits, Dates, Fish & Specialty Foods",harlals-raisins-500g,Active,
2470,7.3127,Harlals Sunflower Seed 200gm,Pcs,Fresh & Dry Foods,"Dry Fruits, Dates, Fish & Specialty Foods",harlals-sunflower-seed-200gm,Active,
2451,7.3131,Harlals chia seed 200gm,Pcs,Fresh & Dry Foods,"Dry Fruits, Dates, Fish & Specialty Foods",harlals-chia-seed-200gm,Active,
2454,7.1788,Harlals mix nuts 200g,PC,Fresh & Dry Foods,"Dry Fruits, Dates, Fish & Specialty Foods",harlals-mix-nuts-200g,Active,
2460,7.3841,Harlals pista 500gm,Pcs,Fresh & Dry Foods,"Dry Fruits, Dates, Fish & Specialty Foods",harlals-pista-500gm,Active,
2469,7.3126,Harlals sunflower seed 100gm,Pcs,Fresh & Dry Foods,"Dry Fruits, Dates, Fish & Specialty Foods",harlals-sunflower-seed-100gm,Active,
2544,7.2796,Hilife Chia Seeds 200gm,Pcs,Fresh & Dry Foods,"Dry Fruits, Dates, Fish & Specialty Foods",hilife-chia-seeds-200gm,Active,
2545,7.2667,Hilife Chia Seeds 350gm,Pcs,Fresh & Dry Foods,"Dry Fruits, Dates, Fish & Specialty Foods",hilife-chia-seeds-350gm,Active,
2574,7.3084,Hilife Pumpkin Seeds 200gm,Pcs,Fresh & Dry Foods,"Dry Fruits, Dates, Fish & Specialty Foods",hilife-pumpkin-seeds-200gm,Active,
2575,7.3625,Hilife Pumpkin Seeds 350gm,Pcs,Fresh & Dry Foods,"Dry Fruits, Dates, Fish & Specialty Foods",hilife-pumpkin-seeds-350gm,Active,
2625,1.462,Himalaya Herbals Almond & Rose Soap 125g,pc,Fresh & Dry Foods,"Dry Fruits, Dates, Fish & Specialty Foods",himalaya-herbals-almond-rose-soap-125g,Active,
2633,2.1371,Himalaya Herbals G.E. Walnut Scrub 100g,PC,Fresh & Dry Foods,"Dry Fruits, Dates, Fish & Specialty Foods",himalaya-herbals-g-e-walnut-scrub-100g,Active,
2840,2.161,Joy Honey & Almonds nourising cream 50ml,PC,Fresh & Dry Foods,"Dry Fruits, Dates, Fish & Specialty Foods",joy-honey-almonds-nourising-cream-50ml,Active,
2842,2.102,Joy Honey& Almonds Nouristiong Body Lotion 100ml,PC,Fresh & Dry Foods,"Dry Fruits, Dates, Fish & Specialty Foods",joy-honey-almonds-nouristiong-body-lotion-100ml,Active,
3018,7.251,Khajuriko Puffino sesame bar 12pkt,Pcs,Fresh & Dry Foods,"Dry Fruits, Dates, Fish & Specialty Foods",khajuriko-puffino-sesame-bar-12pkt,Active,
3410,5.963,M&MS Crispy Bar/ Chocolate Bar/ Almond Bar 44g,Pcs,Fresh & Dry Foods,"Dry Fruits, Dates, Fish & Specialty Foods",m-ms-crispy-bar-chocolate-bar-almond-bar-44g,Active,
3830,16.7,MTR Badam Drink,pc,Fresh & Dry Foods,"Dry Fruits, Dates, Fish & Specialty Foods",mtr-badam-drink,Active,
3561,7.4841,Master chef mixed nuts 500gm jar,Pcs,Fresh & Dry Foods,"Dry Fruits, Dates, Fish & Specialty Foods",master-chef-mixed-nuts-500gm-jar,Active,
3585,7.4589,Mazafati dates 500gm,Pcs,Fresh & Dry Foods,"Dry Fruits, Dates, Fish & Specialty Foods",mazafati-dates-500gm,Active,
3594,7.567,Meizan Sunflower Seed Oil 2ltr,Pcs,Fresh & Dry Foods,"Dry Fruits, Dates, Fish & Specialty Foods",meizan-sunflower-seed-oil-2ltr,Active,
3687,7.3531,Misty Almond 100gm,pkt,Fresh & Dry Foods,"Dry Fruits, Dates, Fish & Specialty Foods",misty-almond-100gm,Active,
3688,7.3532,Misty Almond 200gm,pkt,Fresh & Dry Foods,"Dry Fruits, Dates, Fish & Specialty Foods",misty-almond-200gm,Active,
3689,7.3533,Misty Almond 500gm,pkt,Fresh & Dry Foods,"Dry Fruits, Dates, Fish & Specialty Foods",misty-almond-500gm,Active,
3716,7.3525,Misty Kaju 100g,pkt,Fresh & Dry Foods,"Dry Fruits, Dates, Fish & Specialty Foods",misty-kaju-100g,Active,
3717,7.3526,Misty Kaju 200g,pkt,Fresh & Dry Foods,"Dry Fruits, Dates, Fish & Specialty Foods",misty-kaju-200g,Active,
3719,7.3527,Misty Kaju 500g,pkt,Fresh & Dry Foods,"Dry Fruits, Dates, Fish & Specialty Foods",misty-kaju-500g,Active,
3720,7.3529,Misty Kaju Bold 200g,pkt,Fresh & Dry Foods,"Dry Fruits, Dates, Fish & Specialty Foods",misty-kaju-bold-200g,Active,
3721,7.353,Misty Kaju Bold 500g,pkt,Fresh & Dry Foods,"Dry Fruits, Dates, Fish & Specialty Foods",misty-kaju-bold-500g,Active,
3737,7.3567,Misty Mixed Nuts 100gm,pkt,Fresh & Dry Foods,"Dry Fruits, Dates, Fish & Specialty Foods",misty-mixed-nuts-100gm,Active,
3739,7.3542,Misty Pista 100gm,pkt,Fresh & Dry Foods,"Dry Fruits, Dates, Fish & Specialty Foods",misty-pista-100gm,Active,
3740,7.3543,Misty Pista 200gm,pkt,Fresh & Dry Foods,"Dry Fruits, Dates, Fish & Specialty Foods",misty-pista-200gm,Active,
3741,7.3544,Misty Pista 500gm,pkt,Fresh & Dry Foods,"Dry Fruits, Dates, Fish & Specialty Foods",misty-pista-500gm,Active,
3742,7.3554,Misty Pumpkin Seed 100gm,pkt,Fresh & Dry Foods,"Dry Fruits, Dates, Fish & Specialty Foods",misty-pumpkin-seed-100gm,Active,
3744,7.3555,Misty Pumpkin Seed 200gm,pkt,Fresh & Dry Foods,"Dry Fruits, Dates, Fish & Specialty Foods",misty-pumpkin-seed-200gm,Active,
3752,7.3557,Misty Sunflower Seed 200gm,pkt,Fresh & Dry Foods,"Dry Fruits, Dates, Fish & Specialty Foods",misty-sunflower-seed-200gm,Active,
3690,7.4083,Misty anjir 100gm,Pcs,Fresh & Dry Foods,"Dry Fruits, Dates, Fish & Specialty Foods",misty-anjir-100gm,Active,
3691,7.4084,Misty anjir 200gm,Pcs,Fresh & Dry Foods,"Dry Fruits, Dates, Fish & Specialty Foods",misty-anjir-200gm,Active,
3695,7.4764,Misty cashew 200gm jar,Pcs,Fresh & Dry Foods,"Dry Fruits, Dates, Fish & Specialty Foods",misty-cashew-200gm-jar,Active,
3696,7.4595,Misty chia seed 200gm jar,Pcs,Fresh & Dry Foods,"Dry Fruits, Dates, Fish & Specialty Foods",misty-chia-seed-200gm-jar,Active,
3697,7.4594,Misty chia seed 500gm jar,Pcs,Fresh & Dry Foods,"Dry Fruits, Dates, Fish & Specialty Foods",misty-chia-seed-500gm-jar,Active,
3704,7.3791,Misty dates 100gm,Pcs,Fresh & Dry Foods,"Dry Fruits, Dates, Fish & Specialty Foods",misty-dates-100gm,Active,
3705,7.3792,Misty dates 200gm,Pcs,Fresh & Dry Foods,"Dry Fruits, Dates, Fish & Specialty Foods",misty-dates-200gm,Active,
3706,7.3793,Misty dates 500gm,Pack,Fresh & Dry Foods,"Dry Fruits, Dates, Fish & Specialty Foods",misty-dates-500gm,Active,
3708,7.4742,Misty dried cherry 200gm,Pcs,Fresh & Dry Foods,"Dry Fruits, Dates, Fish & Specialty Foods",misty-dried-cherry-200gm,Active,
3718,7.4743,Misty kaju 500gm jar,Pcs,Fresh & Dry Foods,"Dry Fruits, Dates, Fish & Specialty Foods",misty-kaju-500gm-jar,Active,
3732,7.4628,Misty mix dry fruit 200gm jar,Pcs,Fresh & Dry Foods,"Dry Fruits, Dates, Fish & Specialty Foods",misty-mix-dry-fruit-200gm-jar,Active,
3733,7.4004,Misty mix dry fruits 100gm,Pcs,Fresh & Dry Foods,"Dry Fruits, Dates, Fish & Specialty Foods",misty-mix-dry-fruits-100gm,Active,
3734,7.4003,Misty mix dry fruits 200gm,Pcs,Fresh & Dry Foods,"Dry Fruits, Dates, Fish & Specialty Foods",misty-mix-dry-fruits-200gm,Active,
3735,7.4005,Misty mix dry fruits 500gm,Pcs,Fresh & Dry Foods,"Dry Fruits, Dates, Fish & Specialty Foods",misty-mix-dry-fruits-500gm,Active,
3736,7.4591,Misty mix dry fruits jar 500gm,Pcs,Fresh & Dry Foods,"Dry Fruits, Dates, Fish & Specialty Foods",misty-mix-dry-fruits-jar-500gm,Active,
3743,7.4597,Misty pumpkin seed 200gm jar,Pcs,Fresh & Dry Foods,"Dry Fruits, Dates, Fish & Specialty Foods",misty-pumpkin-seed-200gm-jar,Active,
3745,7.4596,Misty pumpkin seed 500gm jar,Pcs,Fresh & Dry Foods,"Dry Fruits, Dates, Fish & Specialty Foods",misty-pumpkin-seed-500gm-jar,Active,
3751,7.4593,Misty sunflower seed 200gm jar,Pcs,Fresh & Dry Foods,"Dry Fruits, Dates, Fish & Specialty Foods",misty-sunflower-seed-200gm-jar,Active,
3753,7.4592,Misty sunflower seeds 500gm jar,Pcs,Fresh & Dry Foods,"Dry Fruits, Dates, Fish & Specialty Foods",misty-sunflower-seeds-500gm-jar,Active,
3757,7.3742,Misty wallnuts 200gm,Pcs,Fresh & Dry Foods,"Dry Fruits, Dates, Fish & Specialty Foods",misty-wallnuts-200gm,Active,
3821,7.3585,Mr happy Kaju Cookies all flv 120gm,Pcs,Fresh & Dry Foods,"Dry Fruits, Dates, Fish & Specialty Foods",mr-happy-kaju-cookies-all-flv-120gm,Active,
3932,2.24,Natures Almonds & honey Body Lotion 100ml,PC,Fresh & Dry Foods,"Dry Fruits, Dates, Fish & Specialty Foods",natures-almonds-honey-body-lotion-100ml,Active,
3939,2.3034,Navaratna Ayurvedic Almond Oil 270ml,Pcs,Fresh & Dry Foods,"Dry Fruits, Dates, Fish & Specialty Foods",navaratna-ayurvedic-almond-oil-270ml,Active,
3989,5.901,Nestle Munch Nuts max 37.5 gm,Pcs,Fresh & Dry Foods,"Dry Fruits, Dates, Fish & Specialty Foods",nestle-munch-nuts-max-37-5-gm,Active,
4125,5.912,Nuts crips chocolate 400g,Pcs,Fresh & Dry Foods,"Dry Fruits, Dates, Fish & Specialty Foods",nuts-crips-chocolate-400g,Active,
4126,5.496,Nuts crisp chocolate 250g,Pcs,Fresh & Dry Foods,"Dry Fruits, Dates, Fish & Specialty Foods",nuts-crisp-chocolate-250g,Active,
4419,9.727,Plane Fighter NO.286-35,Pcs,Fresh & Dry Foods,"Dry Fruits, Dates, Fish & Specialty Foods",plane-fighter-no-286-35,Active,
4543,7.2773,Poshan Makai Badam 300gm,Pcs,Fresh & Dry Foods,"Dry Fruits, Dates, Fish & Specialty Foods",poshan-makai-badam-300gm,Active,
4696,7.688,Ramro Nutty kaju cookies,pc,Fresh & Dry Foods,"Dry Fruits, Dates, Fish & Specialty Foods",ramro-nutty-kaju-cookies,Active,
4695,7.3893,Ramro Nutty kaju cookies 250gm,Pcs,Fresh & Dry Foods,"Dry Fruits, Dates, Fish & Specialty Foods",ramro-nutty-kaju-cookies-250gm,Active,
4729,7.4024,Ratna malika cashew cookies 150gm,Pcs,Fresh & Dry Foods,"Dry Fruits, Dates, Fish & Specialty Foods",ratna-malika-cashew-cookies-150gm,Active,
4730,7.4023,Ratna malika cashew cookies 300gm,Pcs,Fresh & Dry Foods,"Dry Fruits, Dates, Fish & Specialty Foods",ratna-malika-cashew-cookies-300gm,Active,
4741,2.3725,Raughan badam shireen 100ml,Pcs,Fresh & Dry Foods,"Dry Fruits, Dates, Fish & Specialty Foods",raughan-badam-shireen-100ml,Active,
4742,2.3723,Raughan badam shireen 25ml,Pcs,Fresh & Dry Foods,"Dry Fruits, Dates, Fish & Specialty Foods",raughan-badam-shireen-25ml,Active,
4743,2.3724,Raughan badam shireen 50ml,Pcs,Fresh & Dry Foods,"Dry Fruits, Dates, Fish & Specialty Foods",raughan-badam-shireen-50ml,Active,
4744,7.927,Raw badam 200g,pc,Fresh & Dry Foods,"Dry Fruits, Dates, Fish & Specialty Foods",raw-badam-200g,Active,
4745,7.435,Raw badam 500,pkt,Fresh & Dry Foods,"Dry Fruits, Dates, Fish & Specialty Foods",raw-badam-500,Active,
4781,7.4583,Rijals Mixed Nuts 70g,Pcs,Fresh & Dry Foods,"Dry Fruits, Dates, Fish & Specialty Foods",rijals-mixed-nuts-70g,Active,
4796,5.422,Rinda Almond Toffee 200g,PC,Fresh & Dry Foods,"Dry Fruits, Dates, Fish & Specialty Foods",rinda-almond-toffee-200g,Active,
4838,21.153,Royal bites American nuts jambo cup120 ml,Pcs,Fresh & Dry Foods,"Dry Fruits, Dates, Fish & Specialty Foods",royal-bites-american-nuts-jambo-cup120-ml,Active,
4885,16.246,Rush Badam Drink 180ml,Pcs,Fresh & Dry Foods,"Dry Fruits, Dates, Fish & Specialty Foods",rush-badam-drink-180ml,Active,
5537,7.4801,Tirsana mumfali badam 250gm,Pcs,Fresh & Dry Foods,"Dry Fruits, Dates, Fish & Specialty Foods",tirsana-mumfali-badam-250gm,Active,
5538,7.4802,Tirsana mumfali badam 500gm,Pcs,Fresh & Dry Foods,"Dry Fruits, Dates, Fish & Specialty Foods",tirsana-mumfali-badam-500gm,Active,
5540,7.3839,Tirsana pumpkin seeds 300gm,Pcs,Fresh & Dry Foods,"Dry Fruits, Dates, Fish & Specialty Foods",tirsana-pumpkin-seeds-300gm,Active,
5545,5.397,Toblerone Milk/Dark Chocolate Honey & Almond 100g,PC,Fresh & Dry Foods,"Dry Fruits, Dates, Fish & Specialty Foods",toblerone-milk-dark-chocolate-honey-almond-100g,Active,
5572,7.4224,Tong garden mala mixed peanuts 120gm,Pcs,Fresh & Dry Foods,"Dry Fruits, Dates, Fish & Specialty Foods",tong-garden-mala-mixed-peanuts-120gm,Active,
5618,5.1087,Truffe selection almond chocolate 250gm,Pcs,Fresh & Dry Foods,"Dry Fruits, Dates, Fish & Specialty Foods",truffe-selection-almond-chocolate-250gm,Active,
5619,5.434,Truffino Almond & Coconut/Hazelnut chocolate 450g,PC,Fresh & Dry Foods,"Dry Fruits, Dates, Fish & Specialty Foods",truffino-almond-coconut-hazelnut-chocolate-450g,Active,
56,21.18,Vadilal All ice- Cream of Bomber nuts Rs 75 70 ml,PC,Fresh & Dry Foods,"Dry Fruits, Dates, Fish & Specialty Foods",vadilal-all-ice-cream-of-bomber-nuts-rs-75-70-ml,Active,
5674,21.68,Vadilal Gourmet Pistachio Almond Fudge \choco Brownie dip120ml,Pcs,Fresh & Dry Foods,"Dry Fruits, Dates, Fish & Specialty Foods",vadilal-gourmet-pistachio-almond-fudge-choco-brownie-dip120ml,Active,
5673,21.111,Vadilal flingoChocoBrownie/kesar pista 110ml,Pcs,Fresh & Dry Foods,"Dry Fruits, Dates, Fish & Specialty Foods",vadilal-flingochocobrownie-kesar-pista-110ml,Active,
5784,5.97,Wafesto almond&cocount chocolate 300gm,Pcs,Fresh & Dry Foods,"Dry Fruits, Dates, Fish & Specialty Foods",wafesto-almond-cocount-chocolate-300gm,Active,
5804,4.1046,Walnut crackers,Pcs,Fresh & Dry Foods,"Dry Fruits, Dates, Fish & Specialty Foods",walnut-crackers,Active,
372,21.135,AZZABKO FROZEN DEsser Cholate Valalina 115 ml,Pcs,Dairy & Chilled Foods,Frozen & Ice Cream,azzabko-frozen-desser-cholate-valalina-115-ml,Active,
374,21.159,Azzabko Shahi/Mango Kulfi 60ml,Pcs,Dairy & Chilled Foods,Frozen & Ice Cream,azzabko-shahi-mango-kulfi-60ml,Active,
2082,24.15,French fries frozen 2.25kg,Pcs,Dairy & Chilled Foods,Frozen & Ice Cream,french-fries-frozen-2-25kg,Active,
2083,24.72,French fries frozen 2.25kg,Pcs,Dairy & Chilled Foods,Frozen & Ice Cream,french-fries-frozen-2-25kg,Active,
2091,24.16,Frozen Green Peas 1kg (three star),Pcs,Dairy & Chilled Foods,Frozen & Ice Cream,frozen-green-peas-1kg-three-star,Active,
2090,24.74,Frozen french fries1 kg,Pcs,Dairy & Chilled Foods,Frozen & Ice Cream,frozen-french-fries1-kg,Active,
3641,21.158,Milky bites mawa kulfi 50ml,Pcs,Dairy & Chilled Foods,Frozen & Ice Cream,milky-bites-mawa-kulfi-50ml,Active,
4843,21.144,Royal bites crunchy butter ice cream rs 70,Pcs,Dairy & Chilled Foods,Frozen & Ice Cream,royal-bites-crunchy-butter-ice-cream-rs-70,Active,
5235,24.87,SSG farm fresh frozen green peas 1kg,Pcs,Dairy & Chilled Foods,Frozen & Ice Cream,ssg-farm-fresh-frozen-green-peas-1kg,Active,
5672,21.114,Vadilal Flingo Nutty ButterScoth/strawberry swirl cake Ice cream,Pcs,Dairy & Chilled Foods,Frozen & Ice Cream,vadilal-flingo-nutty-butterscoth-strawberry-swirl-cake-ice-cream,Active,
5675,21.79,Vadilal Matka Kulfi100ml,Pcs,Dairy & Chilled Foods,Frozen & Ice Cream,vadilal-matka-kulfi100ml,Active,
5676,21.8,Vadilal Rabdi Kulfi 50ml,Pcs,Dairy & Chilled Foods,Frozen & Ice Cream,vadilal-rabdi-kulfi-50ml,Active,
73,5.638,2pm cheese ball 60g,Pcs,Dairy & Chilled Foods,"Milk, Cheese & Butter",2pm-cheese-ball-60g,Active,
74,7.4566,2pm cup noodles mushroom cheese,Pcs,Dairy & Chilled Foods,"Milk, Cheese & Butter",2pm-cup-noodles-mushroom-cheese,Active,
81,7.4291,2pm try mee thin&crispy cheese crackers,Pcs,Dairy & Chilled Foods,"Milk, Cheese & Butter",2pm-try-mee-thin-crispy-cheese-crackers,Active,
247,7.4623,American garden butter popcorn 273gm,Pcs,Dairy & Chilled Foods,"Milk, Cheese & Butter",american-garden-butter-popcorn-273gm,Active,
251,7.1658,American garden popcorn butter/natural/ cheese273g,PC,Dairy & Chilled Foods,"Milk, Cheese & Butter",american-garden-popcorn-butter-natural-cheese273g,Active,
256,24.21,Amul Butter 100g,Pcs,Dairy & Chilled Foods,"Milk, Cheese & Butter",amul-butter-100g,Active,
257,24.22,Amul Butter 500g,Pcs,Dairy & Chilled Foods,"Milk, Cheese & Butter",amul-butter-500g,Active,
258,24.23,Amul Cheese Slice 200g,Pcs,Dairy & Chilled Foods,"Milk, Cheese & Butter",amul-cheese-slice-200g,Active,
261,24.65,Amul Diced Cheese 200gm,Pcs,Dairy & Chilled Foods,"Milk, Cheese & Butter",amul-diced-cheese-200gm,Active,
266,24.24,Amul Pizza Cheese 200gm,Pcs,Dairy & Chilled Foods,"Milk, Cheese & Butter",amul-pizza-cheese-200gm,Active,
267,24.2,Amul Pizza cheese Diced 1kg,Pcs,Dairy & Chilled Foods,"Milk, Cheese & Butter",amul-pizza-cheese-diced-1kg,Active,
265,24.19,Amul pizza Block Cheese 1kg,Pcs,Dairy & Chilled Foods,"Milk, Cheese & Butter",amul-pizza-block-cheese-1kg,Active,
326,2.3551,Asta berry coca butter/honey&vitamin e lotion 100ml,Pcs,Dairy & Chilled Foods,"Milk, Cheese & Butter",asta-berry-coca-butter-honey-vitamin-e-lotion-100ml,Active,
369,21.105,Azzabko Butterscoth 1000ml,Pcs,Dairy & Chilled Foods,"Milk, Cheese & Butter",azzabko-butterscoth-1000ml,Active,
868,10.527,BUTTERFLES Calor Estheticism & Love,Pcs,Dairy & Chilled Foods,"Milk, Cheese & Butter",butterfles-calor-estheticism-love,Active,
485,7.2466,Bakeland Jumbo Butter Biscuits pkt,Pcs,Dairy & Chilled Foods,"Milk, Cheese & Butter",bakeland-jumbo-butter-biscuits-pkt,Active,
478,7.1739,Bakeland cheese cream50gm,PC,Dairy & Chilled Foods,"Milk, Cheese & Butter",bakeland-cheese-cream50gm,Active,
479,7.185,Bakeland cheese lite crackers170gm,Pcs,Dairy & Chilled Foods,"Milk, Cheese & Butter",bakeland-cheese-lite-crackers170gm,Active,
480,7.3676,Bakeland cheese lite rs10,Pcs,Dairy & Chilled Foods,"Milk, Cheese & Butter",bakeland-cheese-lite-rs10,Active,
699,21.11,Big T Royal chocolate Butter scotch Cone,Pcs,Dairy & Chilled Foods,"Milk, Cheese & Butter",big-t-royal-chocolate-butter-scotch-cone,Active,
818,7.343,Britannia Good Day butter cookies 250g,pkt,Dairy & Chilled Foods,"Milk, Cheese & Butter",britannia-good-day-butter-cookies-250g,Active,
861,7.517,Buldak Mix Jjajiing Hot chicken\Carbonara Hot Chicken Ramen 140gm\Cheese\Habanero lime \3x Samyang 140gm,Pcs,Dairy & Chilled Foods,"Milk, Cheese & Butter",buldak-mix-jjajiing-hot-chicken-carbonara-hot-chicken-ramen-140gm-cheese-habanero-lime-3x-samyang-140gm,Active,
862,7.32,Buldak Quattro Cheese 145gm,Pcs,Dairy & Chilled Foods,"Milk, Cheese & Butter",buldak-quattro-cheese-145gm,Active,
869,17.265,Butterfly clip 2pcs set,Pcs,Dairy & Chilled Foods,"Milk, Cheese & Butter",butterfly-clip-2pcs-set,Active,
870,9.709,Butterfly popet Bag,Pcs,Dairy & Chilled Foods,"Milk, Cheese & Butter",butterfly-popet-bag,Active,
897,7.55,Captain Kid Crunchy/Smooth Peanut Butter/ 510g,PC,Dairy & Chilled Foods,"Milk, Cheese & Butter",captain-kid-crunchy-smooth-peanut-butter-510g,Active,
898,7.594,Captain Kid/celebs smooth Peanut Butter 340g,pc,Dairy & Chilled Foods,"Milk, Cheese & Butter",captain-kid-celebs-smooth-peanut-butter-340g,Active,
917,7.144,Celebs Peanut Butter Creamy/Crunchy 510g,PC,Dairy & Chilled Foods,"Milk, Cheese & Butter",celebs-peanut-butter-creamy-crunchy-510g,Active,
918,7.3154,Celebs Peanut Butter sugar free 340gm,Pcs,Dairy & Chilled Foods,"Milk, Cheese & Butter",celebs-peanut-butter-sugar-free-340gm,Active,
916,7.2338,Celebs peanut butter creamy/crunchy 227gm,Pcs,Dairy & Chilled Foods,"Milk, Cheese & Butter",celebs-peanut-butter-creamy-crunchy-227gm,Active,
919,7.4478,Celebs regular creamy peanut butter 1kg,Pcs,Dairy & Chilled Foods,"Milk, Cheese & Butter",celebs-regular-creamy-peanut-butter-1kg,Active,
920,7.4479,Celebs regular crunchy peanut butter 1kg,Pcs,Dairy & Chilled Foods,"Milk, Cheese & Butter",celebs-regular-crunchy-peanut-butter-1kg,Active,
933,5.653,Century Cheese Ball 60g,Pcs,Dairy & Chilled Foods,"Milk, Cheese & Butter",century-cheese-ball-60g,Active,
934,5.1057,Century chicken bomb cheese ball 55gm,Pcs,Dairy & Chilled Foods,"Milk, Cheese & Butter",century-chicken-bomb-cheese-ball-55gm,Active,
1028,7.3828,Chef's choice peanut butter 510gm,Pcs,Dairy & Chilled Foods,"Milk, Cheese & Butter",chef-s-choice-peanut-butter-510gm,Active,
1268,7.4226,Current Instant Noodles CHEESE & BUTTER,Pcs,Dairy & Chilled Foods,"Milk, Cheese & Butter",current-instant-noodles-cheese-butter,Active,
1250,5.86,Current cheese Balls 60g,Pack,Dairy & Chilled Foods,"Milk, Cheese & Butter",current-cheese-balls-60g,Active,
1590,5.762,Doritos Nacho Cheese 82.50gm Sizzlin \Sweet Chilli,Pcs,Dairy & Chilled Foods,"Milk, Cheese & Butter",doritos-nacho-cheese-82-50gm-sizzlin-sweet-chilli,Active,
1772,7.3023,Elixir Cheese Seasoning Powder 250gm,Pcs,Dairy & Chilled Foods,"Milk, Cheese & Butter",elixir-cheese-seasoning-powder-250gm,Active,
1771,7.3274,Elixir Cheese Seasoning powder 100gm,Pcs,Dairy & Chilled Foods,"Milk, Cheese & Butter",elixir-cheese-seasoning-powder-100gm,Active,
2284,7.318,Goodlife Cheese Balls60gm,Pcs,Dairy & Chilled Foods,"Milk, Cheese & Butter",goodlife-cheese-balls60gm,Active,
2302,7.3325,Goodlife Top butter &cheese Crackers 150g,Pcs,Dairy & Chilled Foods,"Milk, Cheese & Butter",goodlife-top-butter-cheese-crackers-150g,Active,
2292,7.3323,Goodlife good life butter cookies 150g,Pcs,Dairy & Chilled Foods,"Milk, Cheese & Butter",goodlife-good-life-butter-cookies-150g,Active,
2354,17.28,Hair Rubber with metal butterfly,Pcs,Dairy & Chilled Foods,"Milk, Cheese & Butter",hair-rubber-with-metal-butterfly,Active,
2553,7.3401,HiLife Classic Peanut Butter 340g,Pcs,Dairy & Chilled Foods,"Milk, Cheese & Butter",hilife-classic-peanut-butter-340g,Active,
2554,7.34,HiLife Classic Peanut Butter 500gm,Pcs,Dairy & Chilled Foods,"Milk, Cheese & Butter",hilife-classic-peanut-butter-500gm,Active,
2555,7.3891,Hilife classic peanut butter crunchy 340gm,Pcs,Dairy & Chilled Foods,"Milk, Cheese & Butter",hilife-classic-peanut-butter-crunchy-340gm,Active,
2630,2.1099,Himalaya Herbals cocoa Butter Body Lotion 200ml,Pc,Dairy & Chilled Foods,"Milk, Cheese & Butter",himalaya-herbals-cocoa-butter-body-lotion-200ml,Active,
2925,17.21,Kata butterfly design 344D,Pcs,Dairy & Chilled Foods,"Milk, Cheese & Butter",kata-butterfly-design-344d,Active,
3019,7.794,Khajuriko Butter Cookies 150g,pc,Dairy & Chilled Foods,"Milk, Cheese & Butter",khajuriko-butter-cookies-150g,Active,
3063,7.3816,Kissan peanut butter creamy 350gm,Pcs,Dairy & Chilled Foods,"Milk, Cheese & Butter",kissan-peanut-butter-creamy-350gm,Active,
3102,7.472,Kwality 20-20 butter cookies pkt,Pcs,Dairy & Chilled Foods,"Milk, Cheese & Butter",kwality-20-20-butter-cookies-pkt,Active,
3104,7.4722,Kwality top butter cracker biscuits 140gm,Pcs,Dairy & Chilled Foods,"Milk, Cheese & Butter",kwality-top-butter-cracker-biscuits-140gm,Active,
3107,7.3159,Kwiks Premium Cheese Balls 60gm,Pcs,Dairy & Chilled Foods,"Milk, Cheese & Butter",kwiks-premium-cheese-balls-60gm,Active,
3560,7.4842,Master chef cheese powder 100gm,Pcs,Dairy & Chilled Foods,"Milk, Cheese & Butter",master-chef-cheese-powder-100gm,Active,
3639,21.131,Milky Bites Butter Scotch 500ml,Pcs,Dairy & Chilled Foods,"Milk, Cheese & Butter",milky-bites-butter-scotch-500ml,Active,
3879,7.3844,Munchy''s butter sandwich crackers 270gm,Pcs,Dairy & Chilled Foods,"Milk, Cheese & Butter",munchy-s-butter-sandwich-crackers-270gm,Active,
3880,7.18,Munchys Crackers cheese cream 300g,PC,Dairy & Chilled Foods,"Milk, Cheese & Butter",munchys-crackers-cheese-cream-300g,Active,
3881,7.332,Munchys Lexus vegetable/peanut butter 200g,pkt,Dairy & Chilled Foods,"Milk, Cheese & Butter",munchys-lexus-vegetable-peanut-butter-200g,Active,
3890,7.4544,Mutlu mac&cheese cheddar 210gm,Pcs,Dairy & Chilled Foods,"Milk, Cheese & Butter",mutlu-mac-cheese-cheddar-210gm,Active,
4264,7.399,Parle 20-20 butter cokies 150g,pc,Dairy & Chilled Foods,"Milk, Cheese & Butter",parle-20-20-butter-cokies-150g,Active,
4265,7.412,Parle 20/20 butter cookies Rs10,pkt,Dairy & Chilled Foods,"Milk, Cheese & Butter",parle-20-20-butter-cookies-rs10,Active,
4409,7.2274,Pintola Peanut Butter All Natural Creamy\Crunchy\dark 1kg,Pcs,Dairy & Chilled Foods,"Milk, Cheese & Butter",pintola-peanut-butter-all-natural-creamy-crunchy-dark-1kg,Active,
4411,7.2272,Pintola Peanut Butter Classic Creamy 350g,Pcs,Dairy & Chilled Foods,"Milk, Cheese & Butter",pintola-peanut-butter-classic-creamy-350g,Active,
4410,7.2275,Pintola Peanut Butter Classic creamy 1kg,Pcs,Dairy & Chilled Foods,"Milk, Cheese & Butter",pintola-peanut-butter-classic-creamy-1kg,Active,
4412,7.2271,Pintola Peanut Butter Dark Chocolate Creany 350g,Pcs,Dairy & Chilled Foods,"Milk, Cheese & Butter",pintola-peanut-butter-dark-chocolate-creany-350g,Active,
4408,7.227,Pintola Peanut butter All Natural Creamy\crunchy 350g,Pcs,Dairy & Chilled Foods,"Milk, Cheese & Butter",pintola-peanut-butter-all-natural-creamy-crunchy-350g,Active,
4435,2.3591,Plom Body Lovin Mashmallow Melt Body Lotion With Shea Butter 400 ml,Pcs,Dairy & Chilled Foods,"Milk, Cheese & Butter",plom-body-lovin-mashmallow-melt-body-lotion-with-shea-butter-400-ml,Active,
4586,7.4348,Premia cheese seasoning powder 250gm,Pcs,Dairy & Chilled Foods,"Milk, Cheese & Butter",premia-cheese-seasoning-powder-250gm,Active,
4597,7.467,Priyagold Butter Delite 150g,pkt,Dairy & Chilled Foods,"Milk, Cheese & Butter",priyagold-butter-delite-150g,Active,
4598,7.2462,Priyagold Butter Delite Butter Biscuits 350g,Pcs,Dairy & Chilled Foods,"Milk, Cheese & Butter",priyagold-butter-delite-butter-biscuits-350g,Active,
4599,7.3975,Priyagold Cheese Cracker 128g,Pcs,Dairy & Chilled Foods,"Milk, Cheese & Butter",priyagold-cheese-cracker-128g,Active,
4600,7.549,Priyagold Cheese Cracker 200g,pc,Dairy & Chilled Foods,"Milk, Cheese & Butter",priyagold-cheese-cracker-200g,Active,
4697,7.3607,Ramro Peanut Butter Cookies 130gm,Pcs,Dairy & Chilled Foods,"Milk, Cheese & Butter",ramro-peanut-butter-cookies-130gm,Active,
4698,7.2032,Ramro Rich Butter cookies 180g,Pcs,Dairy & Chilled Foods,"Milk, Cheese & Butter",ramro-rich-butter-cookies-180g,Active,
4844,21.156,Royal bites Strawberry cheese cake cup,Pcs,Dairy & Chilled Foods,"Milk, Cheese & Butter",royal-bites-strawberry-cheese-cake-cup,Active,
5242,9.808,Star butterfly light,Pcs,Dairy & Chilled Foods,"Milk, Cheese & Butter",star-butterfly-light,Active,
5385,7.2412,Super Nutri Peanut Butter Crunchy /Creamy 510g,Pcs,Dairy & Chilled Foods,"Milk, Cheese & Butter",super-nutri-peanut-butter-crunchy-creamy-510g,Active,
57,21.22,Vadilal All Icecream Crunchy butter scotc1,PC,Dairy & Chilled Foods,"Milk, Cheese & Butter",vadilal-all-icecream-crunchy-butter-scotc1,Active,
5820,7.2337,Weik Field peanut butter Creamy /Crunchy340g,Pcs,Dairy & Chilled Foods,"Milk, Cheese & Butter",weik-field-peanut-butter-creamy-crunchy340g,Active,
5857,7.4714,Well bell classic peanut butter creamy/crunchy 510gm,Pcs,Dairy & Chilled Foods,"Milk, Cheese & Butter",well-bell-classic-peanut-butter-creamy-crunchy-510gm,Active,
5858,7.4113,Well bell classic peanut butter crunchy creamy 1kg,Pcs,Dairy & Chilled Foods,"Milk, Cheese & Butter",well-bell-classic-peanut-butter-crunchy-creamy-1kg,Active,
5865,7.3935,Well bell peanut butter crunchy /creamy510gm,Pcs,Dairy & Chilled Foods,"Milk, Cheese & Butter",well-bell-peanut-butter-crunchy-creamy510gm,Active,
871,17.331,butterfly side clip 4 pcs set,Pcs,Dairy & Chilled Foods,"Milk, Cheese & Butter",butterfly-side-clip-4-pcs-set,Active,
2926,2.3832,kata butterfly design big,Pcs,Dairy & Chilled Foods,"Milk, Cheese & Butter",kata-butterfly-design-big,Active,
3101,7.4719,kwality 20-20 butter cookies 150gm,Pcs,Dairy & Chilled Foods,"Milk, Cheese & Butter",kwality-20-20-butter-cookies-150gm,Active,
231,5.1023,Alfredo milk chocolate all flv 100gm,Pcs,Dairy & Chilled Foods,"Milk, Cheese, Butter & Frozen",alfredo-milk-chocolate-all-flv-100gm,Active,
332,2.3325,Asta berry gold/rose cleansing milk 150ml,Pcs,Dairy & Chilled Foods,"Milk, Cheese, Butter & Frozen",asta-berry-gold-rose-cleansing-milk-150ml,Active,
343,2.341,Asta berry rose cleanising milk cream 150ml,Pcs,Dairy & Chilled Foods,"Milk, Cheese, Butter & Frozen",asta-berry-rose-cleanising-milk-cream-150ml,Active,
824,7.311,Britannia milk rusk 620g,pkt,Dairy & Chilled Foods,"Milk, Cheese, Butter & Frozen",britannia-milk-rusk-620g,Active,
835,7.2174,Brittannia Milk Bikis Biscuits 25g pack,Pcs,Dairy & Chilled Foods,"Milk, Cheese, Butter & Frozen",brittannia-milk-bikis-biscuits-25g-pack,Active,
877,5.267,Cadbury Dairy Milk Chocolate 25g,pc,Dairy & Chilled Foods,"Milk, Cheese, Butter & Frozen",cadbury-dairy-milk-chocolate-25g,Active,
876,5.601,Cadbury Dairy Milk Chocolate 46G,Pcs,Dairy & Chilled Foods,"Milk, Cheese, Butter & Frozen",cadbury-dairy-milk-chocolate-46g,Active,
879,5.224,Cadbury Dairy Milk Chocolate family pack 123g,pc,Dairy & Chilled Foods,"Milk, Cheese, Butter & Frozen",cadbury-dairy-milk-chocolate-family-pack-123g,Active,
880,5.223,Cadbury Dairy Milk Silk Bubbly 46g,pc,Dairy & Chilled Foods,"Milk, Cheese, Butter & Frozen",cadbury-dairy-milk-silk-bubbly-46g,Active,
883,5.437,Cadbury Dairy Milk Silk Fruit & nut 137g,PC,Dairy & Chilled Foods,"Milk, Cheese, Butter & Frozen",cadbury-dairy-milk-silk-fruit-nut-137g,Active,
884,5.83,Cadbury Dairy Milk Silk Fruit & nut 55g,PC,Dairy & Chilled Foods,"Milk, Cheese, Butter & Frozen",cadbury-dairy-milk-silk-fruit-nut-55g,Active,
885,5.16,Cadbury Dairy Milk Silk Oreo 130g,pc,Dairy & Chilled Foods,"Milk, Cheese, Butter & Frozen",cadbury-dairy-milk-silk-oreo-130g,Active,
886,5.304,Cadbury Dairy Milk Silk Oreo 60g,PC,Dairy & Chilled Foods,"Milk, Cheese, Butter & Frozen",cadbury-dairy-milk-silk-oreo-60g,Active,
887,5.303,Cadbury Dairy Milk Silk Roast Almond 58g,PC,Dairy & Chilled Foods,"Milk, Cheese, Butter & Frozen",cadbury-dairy-milk-silk-roast-almond-58g,Active,
882,5.892,Cadbury dairy Milk Silk Chocolate 55gm,Pcs,Dairy & Chilled Foods,"Milk, Cheese, Butter & Frozen",cadbury-dairy-milk-silk-chocolate-55gm,Active,
878,5.171,Cadbury dairy milk Chocolate 13.8g,pc,Dairy & Chilled Foods,"Milk, Cheese, Butter & Frozen",cadbury-dairy-milk-chocolate-13-8g,Active,
881,5.133,Cadbury dairy milk silk bubly 120g,pc,Dairy & Chilled Foods,"Milk, Cheese, Butter & Frozen",cadbury-dairy-milk-silk-bubly-120g,Active,
913,16.111,"Cavin""s milk shake all flv 180ml",Pcs,Dairy & Chilled Foods,"Milk, Cheese, Butter & Frozen",cavin-s-milk-shake-all-flv-180ml,Active,
970,7.801,Century Paneer Masala 50g,pc,Dairy & Chilled Foods,"Milk, Cheese, Butter & Frozen",century-paneer-masala-50g,Active,
1235,16.262,Cream bell kesar badam milk shake 180ml,Pcs,Dairy & Chilled Foods,"Milk, Cheese, Butter & Frozen",cream-bell-kesar-badam-milk-shake-180ml,Active,
1239,7.2969,Crunch Milk Cream\Vanilla\Chocolate,Pcs,Dairy & Chilled Foods,"Milk, Cheese, Butter & Frozen",crunch-milk-cream-vanilla-chocolate,Active,
1279,7.237,Current shahi paneer masala 50g,pack,Dairy & Chilled Foods,"Milk, Cheese, Butter & Frozen",current-shahi-paneer-masala-50g,Active,
1314,5.335,Dairy milk silk oreo 130g,PC,Dairy & Chilled Foods,"Milk, Cheese, Butter & Frozen",dairy-milk-silk-oreo-130g,Active,
1330,2.157,Dekar Gold Cleasing milk 200ml,PC,Dairy & Chilled Foods,"Milk, Cheese, Butter & Frozen",dekar-gold-cleasing-milk-200ml,Active,
1342,2.2837,Dekar Whitening Cleansing Milk 100ml,Pcs,Dairy & Chilled Foods,"Milk, Cheese, Butter & Frozen",dekar-whitening-cleansing-milk-100ml,Active,
1339,2.2601,Dekar Whitening Cleansing milk 200ml,Pcs,Dairy & Chilled Foods,"Milk, Cheese, Butter & Frozen",dekar-whitening-cleansing-milk-200ml,Active,
2205,2.3545,Glam&glory cleansing milk 350ml,Pcs,Dairy & Chilled Foods,"Milk, Cheese, Butter & Frozen",glam-glory-cleansing-milk-350ml,Active,
2308,16.206,Gopi Badam Milk Drink 180ml,can,Dairy & Chilled Foods,"Milk, Cheese, Butter & Frozen",gopi-badam-milk-drink-180ml,Active,
2498,4.43,Healthy happy milk cup,Pcs,Dairy & Chilled Foods,"Milk, Cheese, Butter & Frozen",healthy-happy-milk-cup,Active,
2645,2.1374,Himalaya Herbals Refreshing Cleansing Milk 100ml,PC,Dairy & Chilled Foods,"Milk, Cheese, Butter & Frozen",himalaya-herbals-refreshing-cleansing-milk-100ml,Active,
2806,24.92,JK foods top french fries 2.5kg,Pcs,Dairy & Chilled Foods,"Milk, Cheese, Butter & Frozen",jk-foods-top-french-fries-2-5kg,Active,
2784,24.91,Jayas chicken sausage 200gm,Pcs,Dairy & Chilled Foods,"Milk, Cheese, Butter & Frozen",jayas-chicken-sausage-200gm,Active,
2785,24.81,Jayas chicken sausage 500gm,Pcs,Dairy & Chilled Foods,"Milk, Cheese, Butter & Frozen",jayas-chicken-sausage-500gm,Active,
2786,24.85,Jayas spicy chicken sausage 200gm,Pcs,Dairy & Chilled Foods,"Milk, Cheese, Butter & Frozen",jayas-spicy-chicken-sausage-200gm,Active,
2787,24.86,Jayas spicy chicken sausage 500gm,Pcs,Dairy & Chilled Foods,"Milk, Cheese, Butter & Frozen",jayas-spicy-chicken-sausage-500gm,Active,
2816,3.52,Johnsons Baby milk cream 50gm,pc,Dairy & Chilled Foods,"Milk, Cheese, Butter & Frozen",johnsons-baby-milk-cream-50gm,Active,
2815,3.55,Johnsons baby milk Cream 30g,pc,Dairy & Chilled Foods,"Milk, Cheese, Butter & Frozen",johnsons-baby-milk-cream-30g,Active,
3012,7.3414,Khajurico Daily Xpress Milk 500gm,Pcs,Dairy & Chilled Foods,"Milk, Cheese, Butter & Frozen",khajurico-daily-xpress-milk-500gm,Active,
3138,2.3323,Lakme Peach milk Moisture Riser 25g,Pcs,Dairy & Chilled Foods,"Milk, Cheese, Butter & Frozen",lakme-peach-milk-moisture-riser-25g,Active,
3139,2.2983,Lakme Peach milk Moisture Riser 50g,Pcs,Dairy & Chilled Foods,"Milk, Cheese, Butter & Frozen",lakme-peach-milk-moisture-riser-50g,Active,
3140,2.3362,Lakme Skin Perfect Collectoin Peach Milk 200ml,Pcs,Dairy & Chilled Foods,"Milk, Cheese, Butter & Frozen",lakme-skin-perfect-collectoin-peach-milk-200ml,Active,
3180,2.4023,Leito milk protin body lotion spf25 400ml,Pcs,Dairy & Chilled Foods,"Milk, Cheese, Butter & Frozen",leito-milk-protin-body-lotion-spf25-400ml,Active,
3335,2.584,Lotus Herbal Whiteglow cleansing Milk 80ml,pc,Dairy & Chilled Foods,"Milk, Cheese, Butter & Frozen",lotus-herbal-whiteglow-cleansing-milk-80ml,Active,
3340,2.101,Lotus Herbals Lemonpure Cleansing Milk 80ml,Pc,Dairy & Chilled Foods,"Milk, Cheese, Butter & Frozen",lotus-herbals-lemonpure-cleansing-milk-80ml,Active,
3619,2.4049,MG goldline cosmetics gold cleansing milk vitamin e&c 400ml,Pcs,Dairy & Chilled Foods,"Milk, Cheese, Butter & Frozen",mg-goldline-cosmetics-gold-cleansing-milk-vitamin-e-c-400ml,Active,
3630,2.4028,MG milk moisturizing body lotion 240ml,Pcs,Dairy & Chilled Foods,"Milk, Cheese, Butter & Frozen",mg-milk-moisturizing-body-lotion-240ml,Active,
3659,5.1051,MIlkymist milk chocolate classic 40gm,Pcs,Dairy & Chilled Foods,"Milk, Cheese, Butter & Frozen",milkymist-milk-chocolate-classic-40gm,Active,
3430,5.1132,Madoc lacmi milk chocolate 350gm,Pcs,Dairy & Chilled Foods,"Milk, Cheese, Butter & Frozen",madoc-lacmi-milk-chocolate-350gm,Active,
3473,3.404,Mama earth milk soft bathing bar 75g,Pcs,Dairy & Chilled Foods,"Milk, Cheese, Butter & Frozen",mama-earth-milk-soft-bathing-bar-75g,Active,
3513,3.383,Mamaearth Milk soft face cream for babies 60g,Pcs,Dairy & Chilled Foods,"Milk, Cheese, Butter & Frozen",mamaearth-milk-soft-face-cream-for-babies-60g,Active,
3636,5.787,Milk Candy 160gm,Pcs,Dairy & Chilled Foods,"Milk, Cheese, Butter & Frozen",milk-candy-160gm,Active,
3634,21.132,Milk bites Oreo,Pcs,Dairy & Chilled Foods,"Milk, Cheese, Butter & Frozen",milk-bites-oreo,Active,
3635,21.124,Milk bitesStraw Berry creamy Bliss 500ml,Pcs,Dairy & Chilled Foods,"Milk, Cheese, Butter & Frozen",milk-bitesstraw-berry-creamy-bliss-500ml,Active,
3647,5.978,Milky mist capella milk chocolate classic 80gm,Pcs,Dairy & Chilled Foods,"Milk, Cheese, Butter & Frozen",milky-mist-capella-milk-chocolate-classic-80gm,Active,
3648,5.979,Milky mist capella milk chocolatehazelnut 80gm,Pcs,Dairy & Chilled Foods,"Milk, Cheese, Butter & Frozen",milky-mist-capella-milk-chocolatehazelnut-80gm,Active,
3654,5.1122,Milkymist capella caramel&sea salt milk chocolate 40gm,Pcs,Dairy & Chilled Foods,"Milk, Cheese, Butter & Frozen",milkymist-capella-caramel-sea-salt-milk-chocolate-40gm,Active,
3658,5.1006,Milkymist capella milk chocolate fruit&nut 40gm,Pcs,Dairy & Chilled Foods,"Milk, Cheese, Butter & Frozen",milkymist-capella-milk-chocolate-fruit-nut-40gm,Active,
4003,2.649,Newlook cleansing milk 240ml,PC,Dairy & Chilled Foods,"Milk, Cheese, Butter & Frozen",newlook-cleansing-milk-240ml,Active,
4039,2.3488,Nivea body Lotion Shea Smooth / Body Milk 600 ml,Pcs,Dairy & Chilled Foods,"Milk, Cheese, Butter & Frozen",nivea-body-lotion-shea-smooth-body-milk-600-ml,Active,
4040,2.2977,Nivea body milk intensive moisture 200ml,Pcs,Dairy & Chilled Foods,"Milk, Cheese, Butter & Frozen",nivea-body-milk-intensive-moisture-200ml,Active,
4041,2.19,Nivea body milk intensive moisture 400ml,pc,Dairy & Chilled Foods,"Milk, Cheese, Butter & Frozen",nivea-body-milk-intensive-moisture-400ml,Active,
38,2.104,Parachute Coconut Milk Soft Touch Body lotion 250ml,PC,Dairy & Chilled Foods,"Milk, Cheese, Butter & Frozen",parachute-coconut-milk-soft-touch-body-lotion-250ml,Active,
4344,20.86,Patanjali Kesh Kanti milk protein Hair cleanser 200ml,PC,Dairy & Chilled Foods,"Milk, Cheese, Butter & Frozen",patanjali-kesh-kanti-milk-protein-hair-cleanser-200ml,Active,
4345,20.102,Patanjali Kesh Kanti milk protein Hair cleanser 450ML,Pcs,Dairy & Chilled Foods,"Milk, Cheese, Butter & Frozen",patanjali-kesh-kanti-milk-protein-hair-cleanser-450ml,Active,
4446,1.1875,Plom coconut milk & peptides strength & shine conditioner 175gm,Pcs,Dairy & Chilled Foods,"Milk, Cheese, Butter & Frozen",plom-coconut-milk-peptides-strength-shine-conditioner-175gm,Active,
4447,1.1874,Plom coconut milk & peptides strength & shine shampoo 250ml,Pcs,Dairy & Chilled Foods,"Milk, Cheese, Butter & Frozen",plom-coconut-milk-peptides-strength-shine-shampoo-250ml,Active,
44,24.51,Quality Chicken sausage Hot 400g,Pcs,Dairy & Chilled Foods,"Milk, Cheese, Butter & Frozen",quality-chicken-sausage-hot-400g,Active,
4638,24.8,Quality chicken ho& spicy Sausage 400g,Pcs,Dairy & Chilled Foods,"Milk, Cheese, Butter & Frozen",quality-chicken-ho-spicy-sausage-400g,Active,
4693,7.4505,Ramro dingdong milk cake 100gm,Pcs,Dairy & Chilled Foods,"Milk, Cheese, Butter & Frozen",ramro-dingdong-milk-cake-100gm,Active,
4884,5.383,Runiu Milk & Candy,PC,Dairy & Chilled Foods,"Milk, Cheese, Butter & Frozen",runiu-milk-candy,Active,
4936,1.2264,Santoor soap sandal&turmeric and sandal&almond milk 4pcs pack,Pcs,Dairy & Chilled Foods,"Milk, Cheese, Butter & Frozen",santoor-soap-sandal-turmeric-and-sandal-almond-milk-4pcs-pack,Active,
4963,4.129,Sausage Sticks 500g,Pcs,Dairy & Chilled Foods,"Milk, Cheese, Butter & Frozen",sausage-sticks-500g,Active,
4962,4.1513,Sausage stick long,Pcs,Dairy & Chilled Foods,"Milk, Cheese, Butter & Frozen",sausage-stick-long,Active,
5155,1.1735,Soap Goats Milk 180g,Pcs,Dairy & Chilled Foods,"Milk, Cheese, Butter & Frozen",soap-goats-milk-180g,Active,
5321,2.2063,Sumnima herbal cleansing milk leamon/aloe400ml,Pcs,Dairy & Chilled Foods,"Milk, Cheese, Butter & Frozen",sumnima-herbal-cleansing-milk-leamon-aloe400ml,Active,
5324,2.3291,Sumnima herbal gold cleansing milk 400ml,Pcs,Dairy & Chilled Foods,"Milk, Cheese, Butter & Frozen",sumnima-herbal-gold-cleansing-milk-400ml,Active,
5384,7.1561,Super NutreMilk cereal with brown rice,pkt,Dairy & Chilled Foods,"Milk, Cheese, Butter & Frozen",super-nutremilk-cereal-with-brown-rice,Active,
5482,24.46,Three Star Breakfast Sausage 400gm,Pcs,Dairy & Chilled Foods,"Milk, Cheese, Butter & Frozen",three-star-breakfast-sausage-400gm,Active,
5484,24.3,Three Star Buff Sausage 200g,Pcs,Dairy & Chilled Foods,"Milk, Cheese, Butter & Frozen",three-star-buff-sausage-200g,Active,
5485,24.4,Three Star Buff Sausage 400g,Pcs,Dairy & Chilled Foods,"Milk, Cheese, Butter & Frozen",three-star-buff-sausage-400g,Active,
5489,24.97,Three Star Chicken Nuggets 500g,Pcs,Dairy & Chilled Foods,"Milk, Cheese, Butter & Frozen",three-star-chicken-nuggets-500g,Active,
5490,24.2,Three Star Chicken Sausage 200g,Pcs,Dairy & Chilled Foods,"Milk, Cheese, Butter & Frozen",three-star-chicken-sausage-200g,Active,
5496,24.41,Three Star Hotdog Chicken sausage 500gm,Pcs,Dairy & Chilled Foods,"Milk, Cheese, Butter & Frozen",three-star-hotdog-chicken-sausage-500gm,Active,
5478,24.59,Three chop chop Chicken Nuggets 200gm,Pcs,Dairy & Chilled Foods,"Milk, Cheese, Butter & Frozen",three-chop-chop-chicken-nuggets-200gm,Active,
5480,24.105,Three chop chop Veg Nuggets 500gm,Pcs,Dairy & Chilled Foods,"Milk, Cheese, Butter & Frozen",three-chop-chop-veg-nuggets-500gm,Active,
5491,24.1,Three star Chicken Sausage 400g,pkt,Dairy & Chilled Foods,"Milk, Cheese, Butter & Frozen",three-star-chicken-sausage-400g,Active,
5495,24.96,Three star Fish Sausage 400g,Pcs,Dairy & Chilled Foods,"Milk, Cheese, Butter & Frozen",three-star-fish-sausage-400g,Active,
5486,24.95,Three star chicken frankfurter sausage 500gm,Pcs,Dairy & Chilled Foods,"Milk, Cheese, Butter & Frozen",three-star-chicken-frankfurter-sausage-500gm,Active,
5494,24.79,Three star cocktail chicken sausage 500gm,Pcs,Dairy & Chilled Foods,"Milk, Cheese, Butter & Frozen",three-star-cocktail-chicken-sausage-500gm,Active,
5497,24.107,Three star pork sausage 200gm,Pcs,Dairy & Chilled Foods,"Milk, Cheese, Butter & Frozen",three-star-pork-sausage-200gm,Active,
5839,2.2838,Well 10 Deep Pure Cleansing Milk 120ml,Pcs,Dairy & Chilled Foods,"Milk, Cheese, Butter & Frozen",well-10-deep-pure-cleansing-milk-120ml,Active,
5849,2.4118,Well 10 professional hydrating facial milk 120ml,Pcs,Dairy & Chilled Foods,"Milk, Cheese, Butter & Frozen",well-10-professional-hydrating-facial-milk-120ml,Active,
5850,2.4119,Well 10 professional hydrating facial milk O+D 120ml,Pcs,Dairy & Chilled Foods,"Milk, Cheese, Butter & Frozen",well-10-professional-hydrating-facial-milk-o-d-120ml,Active,
5938,2.1617,YC Whitening vITAMIN C Face wash milk Extract100ml,PC,Dairy & Chilled Foods,"Milk, Cheese, Butter & Frozen",yc-whitening-vitamin-c-face-wash-milk-extract100ml,Active,
5934,2.3897,YC whitening camel milk lotion/double milk lotion 250gm,Pcs,Dairy & Chilled Foods,"Milk, Cheese, Butter & Frozen",yc-whitening-camel-milk-lotion-double-milk-lotion-250gm,Active,
172,10.356,ACRYLIC PAINT SET Acrylic Colour /water colour,set,Beverages,"Water, Soft Drinks, Juice, Tea & Coffee",acrylic-paint-set-acrylic-colour-water-colour,Active,
153,5.1082,Ace eclairs chocolate 500gm,Pcs,Beverages,"Water, Soft Drinks, Juice, Tea & Coffee",ace-eclairs-chocolate-500gm,Active,
224,5.3,Aksu Chocolate Packet 300g,PC,Beverages,"Water, Soft Drinks, Juice, Tea & Coffee",aksu-chocolate-packet-300g,Active,
225,5.1117,Aksu truffica chocolate all flv 400gm,Pcs,Beverages,"Water, Soft Drinks, Juice, Tea & Coffee",aksu-truffica-chocolate-all-flv-400gm,Active,
230,5.1131,Alfredo chocolate 85%/73% 100gm,Pcs,Beverages,"Water, Soft Drinks, Juice, Tea & Coffee",alfredo-chocolate-85-73-100gm,Active,
242,5.1114,Altalita chocolate box 500gm,box,Beverages,"Water, Soft Drinks, Juice, Tea & Coffee",altalita-chocolate-box-500gm,Active,
249,7.4366,American garden chocolate cake mix 500gm,Pcs,Beverages,"Water, Soft Drinks, Juice, Tea & Coffee",american-garden-chocolate-cake-mix-500gm,Active,
255,5.894,Amul 99% Cacao Ultimate Dark Chocolate 125gm,Pcs,Beverages,"Water, Soft Drinks, Juice, Tea & Coffee",amul-99-cacao-ultimate-dark-chocolate-125gm,Active,
259,5.456,Amul Dark Chocolate 150g,PC,Beverages,"Water, Soft Drinks, Juice, Tea & Coffee",amul-dark-chocolate-150g,Active,
260,5.472,Amul Dark Chocolate 40g,PC,Beverages,"Water, Soft Drinks, Juice, Tea & Coffee",amul-dark-chocolate-40g,Active,
263,5.473,"Amul Fruit""n""Nut/ dark chocolate 40g",PC,Beverages,"Water, Soft Drinks, Juice, Tea & Coffee",amul-fruit-n-nut-dark-chocolate-40g,Active,
264,5.504,Amul Intense dark chocolate/SF dark chocolate 150g,pkt,Beverages,"Water, Soft Drinks, Juice, Tea & Coffee",amul-intense-dark-chocolate-sf-dark-chocolate-150g,Active,
274,5.1046,Ankit delexe chocolate box 600gm,Pack,Beverages,"Water, Soft Drinks, Juice, Tea & Coffee",ankit-delexe-chocolate-box-600gm,Active,
290,16.139,Appy Fizz Apple drink 250ml,Pcs,Beverages,"Water, Soft Drinks, Juice, Tea & Coffee",appy-fizz-apple-drink-250ml,Active,
288,16.134,Appy apple Drink 200ml,Pcs,Beverages,"Water, Soft Drinks, Juice, Tea & Coffee",appy-apple-drink-200ml,Active,
287,16.128,Appy apple drink 125ml,Pcs,Beverages,"Water, Soft Drinks, Juice, Tea & Coffee",appy-apple-drink-125ml,Active,
289,16.129,Appy fizz apple drink 160ml,Pcs,Beverages,"Water, Soft Drinks, Juice, Tea & Coffee",appy-fizz-apple-drink-160ml,Active,
370,21.87,Azzabko Chocolate 1000ml,Pcs,Beverages,"Water, Soft Drinks, Juice, Tea & Coffee",azzabko-chocolate-1000ml,Active,
371,21.84,Azzabko Chocolate 500ml,Pcs,Beverages,"Water, Soft Drinks, Juice, Tea & Coffee",azzabko-chocolate-500ml,Active,
838,7.4207,BRU GOLD Edition Coffee 100g,Pcs,Beverages,"Water, Soft Drinks, Juice, Tea & Coffee",bru-gold-edition-coffee-100g,Active,
839,7.4206,BRU GOLD Edition Coffee 55g,Pcs,Beverages,"Water, Soft Drinks, Juice, Tea & Coffee",bru-gold-edition-coffee-55g,Active,
841,7.4095,BRU Pure Instant Coffee 100g,Pcs,Beverages,"Water, Soft Drinks, Juice, Tea & Coffee",bru-pure-instant-coffee-100g,Active,
840,7.466,BRU instant rich aroma granues coffe,Pcs,Beverages,"Water, Soft Drinks, Juice, Tea & Coffee",bru-instant-rich-aroma-granues-coffe,Active,
388,3.586,Babisil Water drinking cup,Pcs,Beverages,"Water, Soft Drinks, Juice, Tea & Coffee",babisil-water-drinking-cup,Active,
539,16.26,BamBami mix Juice Drink 500ml,Pcs,Beverages,"Water, Soft Drinks, Juice, Tea & Coffee",bambami-mix-juice-drink-500ml,Active,
580,2.3855,Banjaras rose water 120ml,Pcs,Beverages,"Water, Soft Drinks, Juice, Tea & Coffee",banjaras-rose-water-120ml,Active,
686,7.3715,Bhanbhori rose water 190ml,Pcs,Beverages,"Water, Soft Drinks, Juice, Tea & Coffee",bhanbhori-rose-water-190ml,Active,
765,5.13,Bonjen Compound Chocolate 500g,pkt,Beverages,"Water, Soft Drinks, Juice, Tea & Coffee",bonjen-compound-chocolate-500g,Active,
764,5.597,Bonjen compound chocolate 1kg,Pcs,Beverages,"Water, Soft Drinks, Juice, Tea & Coffee",bonjen-compound-chocolate-1kg,Active,
786,5.275,Bounty chocolate 57g,pc,Beverages,"Water, Soft Drinks, Juice, Tea & Coffee",bounty-chocolate-57g,Active,
851,9.561,Bubble Water Game NO.6658-38A,Pcs,Beverages,"Water, Soft Drinks, Juice, Tea & Coffee",bubble-water-game-no-6658-38a,Active,
872,16.237,C2 tradao drink 455ml,Pcs,Beverages,"Water, Soft Drinks, Juice, Tea & Coffee",c2-tradao-drink-455ml,Active,
1134,4.454,COffee Frother /Beater,Pcs,Beverages,"Water, Soft Drinks, Juice, Tea & Coffee",coffee-frother-beater,Active,
875,5.791,Cadbury Bournville Classic 50% dark Chocolate,Pcs,Beverages,"Water, Soft Drinks, Juice, Tea & Coffee",cadbury-bournville-classic-50-dark-chocolate,Active,
888,7.3206,Cafe Rite Rich coffee 50gm,Pcs,Beverages,"Water, Soft Drinks, Juice, Tea & Coffee",cafe-rite-rich-coffee-50gm,Active,
890,16.263,Campa cola/lemon/orange/lemonite all flv 1ltr,Pcs,Beverages,"Water, Soft Drinks, Juice, Tea & Coffee",campa-cola-lemon-orange-lemonite-all-flv-1ltr,Active,
891,16.264,Campa orange/cola/lemon flv 250ml,Pcs,Beverages,"Water, Soft Drinks, Juice, Tea & Coffee",campa-orange-cola-lemon-flv-250ml,Active,
995,16.97,Ceres juice Mix 1Ltr,PC,Beverages,"Water, Soft Drinks, Juice, Tea & Coffee",ceres-juice-mix-1ltr,Active,
1007,16.279,Chabaa mandarin orange juice 1ltr,Pcs,Beverages,"Water, Soft Drinks, Juice, Tea & Coffee",chabaa-mandarin-orange-juice-1ltr,Active,
1026,7.4484,Chef's choice kewra water 220ml,Pcs,Beverages,"Water, Soft Drinks, Juice, Tea & Coffee",chef-s-choice-kewra-water-220ml,Active,
1031,7.4482,Chef's choice rose water 500ml,Pcs,Beverages,"Water, Soft Drinks, Juice, Tea & Coffee",chef-s-choice-rose-water-500ml,Active,
1063,5.975,Choco quad chocolate 400gm,Pcs,Beverages,"Water, Soft Drinks, Juice, Tea & Coffee",choco-quad-chocolate-400gm,Active,
1064,5.967,Choco quad chocolate 800gm,Pcs,Beverages,"Water, Soft Drinks, Juice, Tea & Coffee",choco-quad-chocolate-800gm,Active,
1065,5.1115,Choco quad chocolate box,box,Beverages,"Water, Soft Drinks, Juice, Tea & Coffee",choco-quad-chocolate-box,Active,
1066,5.972,Choco quad chocolate/double/alta 1000gm,Pcs,Beverages,"Water, Soft Drinks, Juice, Tea & Coffee",choco-quad-chocolate-double-alta-1000gm,Active,
1124,16.278,Coco Moco Mixed Fruit Drink 350ml,Pcs,Beverages,"Water, Soft Drinks, Juice, Tea & Coffee",coco-moco-mixed-fruit-drink-350ml,Active,
1131,5.1084,Cocotun chocolate 600gm,Pcs,Beverages,"Water, Soft Drinks, Juice, Tea & Coffee",cocotun-chocolate-600gm,Active,
1145,1.885,Cola fresh toothbrush,PC,Beverages,"Water, Soft Drinks, Juice, Tea & Coffee",cola-fresh-toothbrush,Active,
1146,1.1542,Colagate Zig Zag 4pack,Pcs,Beverages,"Water, Soft Drinks, Juice, Tea & Coffee",colagate-zig-zag-4pack,Active,
1203,5.404,Complan Chocolate Flavour 1kg,PC,Beverages,"Water, Soft Drinks, Juice, Tea & Coffee",complan-chocolate-flavour-1kg,Active,
1204,5.35,Complan Chocolate Flavour 500g,BOTTLE,Beverages,"Water, Soft Drinks, Juice, Tea & Coffee",complan-chocolate-flavour-500g,Active,
1205,5.34,Complan Chocolate Flavour200g,BOTTLE,Beverages,"Water, Soft Drinks, Juice, Tea & Coffee",complan-chocolate-flavour200g,Active,
1305,2.1312,Dabur Gulabari rosewater 59ml,PC,Beverages,"Water, Soft Drinks, Juice, Tea & Coffee",dabur-gulabari-rosewater-59ml,Active,
1355,16.115,Demand /Rapti Drinking water 1ltr,Pcs,Beverages,"Water, Soft Drinks, Juice, Tea & Coffee",demand-rapti-drinking-water-1ltr,Active,
1439,7.4799,Didian coffee flavored biscuits 420gm,Pcs,Beverages,"Water, Soft Drinks, Juice, Tea & Coffee",didian-coffee-flavored-biscuits-420gm,Active,
1448,7.108,Dilmah Jasmine Green Tea Pure Green30g,PC,Beverages,"Water, Soft Drinks, Juice, Tea & Coffee",dilmah-jasmine-green-tea-pure-green30g,Active,
1449,7.2483,Dilmah Pure greenTea bags 20bag,pkt,Beverages,"Water, Soft Drinks, Juice, Tea & Coffee",dilmah-pure-greentea-bags-20bag,Active,
1447,7.763,Dilmah all Flvr Tea bags 30s,pc,Beverages,"Water, Soft Drinks, Juice, Tea & Coffee",dilmah-all-flvr-tea-bags-30s,Active,
1446,7.759,Dilmah green Tea Bags 20bag,Pc,Beverages,"Water, Soft Drinks, Juice, Tea & Coffee",dilmah-green-tea-bags-20bag,Active,
1465,5.1116,Diorec compound chocolate all flv 80gm,Pcs,Beverages,"Water, Soft Drinks, Juice, Tea & Coffee",diorec-compound-chocolate-all-flv-80gm,Active,
1619,5.1013,Double decker truffle chocolate 700gm,Pcs,Beverages,"Water, Soft Drinks, Juice, Tea & Coffee",double-decker-truffle-chocolate-700gm,Active,
1761,5.1019,Egg chocolate coin box 120pc,Pcs,Beverages,"Water, Soft Drinks, Juice, Tea & Coffee",egg-chocolate-coin-box-120pc,Active,
1767,4.362,ElectroMax hot water bag,Pcs,Beverages,"Water, Soft Drinks, Juice, Tea & Coffee",electromax-hot-water-bag,Active,
1778,5.23,Elvan Truffle Chocolate 1kg,pkt,Beverages,"Water, Soft Drinks, Juice, Tea & Coffee",elvan-truffle-chocolate-1kg,Active,
1779,5.348,Elven cocos chocolate 500g,PC,Beverages,"Water, Soft Drinks, Juice, Tea & Coffee",elven-cocos-chocolate-500g,Active,
1866,5.1083,Exara bar all flv chocolate 90gm,Pcs,Beverages,"Water, Soft Drinks, Juice, Tea & Coffee",exara-bar-all-flv-chocolate-90gm,Active,
2060,5.312,Foreve/r only/fortunna loveChocolate Double decor T16 box 200g,PC,Beverages,"Water, Soft Drinks, Juice, Tea & Coffee",foreve-r-only-fortunna-lovechocolate-double-decor-t16-box-200g,Active,
2077,5.908,Fortunna Chocolate 200gm,Pcs,Beverages,"Water, Soft Drinks, Juice, Tea & Coffee",fortunna-chocolate-200gm,Active,
2078,5.561,Fortunna Heart chocolate 12pc150g,Pcs,Beverages,"Water, Soft Drinks, Juice, Tea & Coffee",fortunna-heart-chocolate-12pc150g,Active,
2079,5.897,Fortunna Heart chocolate 18pc150g,Pcs,Beverages,"Water, Soft Drinks, Juice, Tea & Coffee",fortunna-heart-chocolate-18pc150g,Active,
2076,5.56,Fortunna chocolate 8pc 100g,Pcs,Beverages,"Water, Soft Drinks, Juice, Tea & Coffee",fortunna-chocolate-8pc-100g,Active,
2087,16.59,Frooti Mango Drink 125ml,pc,Beverages,"Water, Soft Drinks, Juice, Tea & Coffee",frooti-mango-drink-125ml,Active,
2086,16.28,Frooti mango drink 200ml,pc,Beverages,"Water, Soft Drinks, Juice, Tea & Coffee",frooti-mango-drink-200ml,Active,
2089,16.6,Frootina Mango Drink 1000ml,Btl,Beverages,"Water, Soft Drinks, Juice, Tea & Coffee",frootina-mango-drink-1000ml,Active,
2092,16.239,Fruit Gems Strawberrry Drink 250ml,Pcs,Beverages,"Water, Soft Drinks, Juice, Tea & Coffee",fruit-gems-strawberrry-drink-250ml,Active,
2195,5.922,Ginger coconut candy bonbon chocolate 250g,Pcs,Beverages,"Water, Soft Drinks, Juice, Tea & Coffee",ginger-coconut-candy-bonbon-chocolate-250g,Active,
2317,1.526,Green Tea Facial Cleansing Wipes Neem/Aloe,Pc,Beverages,"Water, Soft Drinks, Juice, Tea & Coffee",green-tea-facial-cleansing-wipes-neem-aloe,Active,
2705,5.698,HORLICKS Classic Malt 2kg,Pcs,Beverages,"Water, Soft Drinks, Juice, Tea & Coffee",horlicks-classic-malt-2kg,Active,
2706,5.17,HORLICKS Classic Malt 500g,PC,Beverages,"Water, Soft Drinks, Juice, Tea & Coffee",horlicks-classic-malt-500g,Active,
2417,2.3726,Hamdard pure rose water 100ml,Pcs,Beverages,"Water, Soft Drinks, Juice, Tea & Coffee",hamdard-pure-rose-water-100ml,Active,
2435,5.928,Happy Smile Compound Chocolate 400g,Pack,Beverages,"Water, Soft Drinks, Juice, Tea & Coffee",happy-smile-compound-chocolate-400g,Active,
2501,1.224,Hearttouch green tea bathroom tissues 160gm,Pcs,Beverages,"Water, Soft Drinks, Juice, Tea & Coffee",hearttouch-green-tea-bathroom-tissues-160gm,Active,
2514,7.4499,Hent cream hazelnut dark chocolate 350gm,Pcs,Beverages,"Water, Soft Drinks, Juice, Tea & Coffee",hent-cream-hazelnut-dark-chocolate-350gm,Active,
2590,1.1575,Himalaya Anti Dandruff Tea Tree Shampoo 340ml,Pcs,Beverages,"Water, Soft Drinks, Juice, Tea & Coffee",himalaya-anti-dandruff-tea-tree-shampoo-340ml,Active,
2703,5.119,Horlicks Classic Malt 1kg,PC,Beverages,"Water, Soft Drinks, Juice, Tea & Coffee",horlicks-classic-malt-1kg,Active,
2704,5.355,Horlicks classic malt 200g,PC,Beverages,"Water, Soft Drinks, Juice, Tea & Coffee",horlicks-classic-malt-200g,Active,
2709,5.242,Horlics Chocolate Delight 500g,Pc,Beverages,"Water, Soft Drinks, Juice, Tea & Coffee",horlics-chocolate-delight-500g,Active,
2829,4.6,Jony Tea Coasters 6pc set,Pcs,Beverages,"Water, Soft Drinks, Juice, Tea & Coffee",jony-tea-coasters-6pc-set,Active,
2911,16.221,Karta coconut water 330ml,Pcs,Beverages,"Water, Soft Drinks, Juice, Tea & Coffee",karta-coconut-water-330ml,Active,
3074,5.398,Kitkat Dark Chocolate coated wafer 50g,PC,Beverages,"Water, Soft Drinks, Juice, Tea & Coffee",kitkat-dark-chocolate-coated-wafer-50g,Active,
3073,5.682,Kitkat Dark chocolate coated Wafer 150g,Pcs,Beverages,"Water, Soft Drinks, Juice, Tea & Coffee",kitkat-dark-chocolate-coated-wafer-150g,Active,
3085,9.873,Kock water balloons,Pack,Beverages,"Water, Soft Drinks, Juice, Tea & Coffee",kock-water-balloons,Active,
3137,2.3775,Lakme micellar pure water 100ml,Pcs,Beverages,"Water, Soft Drinks, Juice, Tea & Coffee",lakme-micellar-pure-water-100ml,Active,
3160,16.276,Lavila mixed fruit drink 1ltr,Pcs,Beverages,"Water, Soft Drinks, Juice, Tea & Coffee",lavila-mixed-fruit-drink-1ltr,Active,
3190,5.854,Lexus Ccconut/coffee\hazelnit cream 500g,Pcs,Beverages,"Water, Soft Drinks, Juice, Tea & Coffee",lexus-ccconut-coffee-hazelnit-cream-500g,Active,
3191,5.686,Lexus Hazelnut Cream chocolate 200g,pkt,Beverages,"Water, Soft Drinks, Juice, Tea & Coffee",lexus-hazelnut-cream-chocolate-200g,Active,
3211,5.111,Lindts chocolate 70% cocoa intense dark 100gm,Pcs,Beverages,"Water, Soft Drinks, Juice, Tea & Coffee",lindts-chocolate-70-cocoa-intense-dark-100gm,Active,
3216,7.1759,Liption Green tea tulsi natura honey lemon 25bag,PC,Beverages,"Water, Soft Drinks, Juice, Tea & Coffee",liption-green-tea-tulsi-natura-honey-lemon-25bag,Active,
3217,7.3925,Lipton Green Tea Clear&Light 25 bag,Pcs,Beverages,"Water, Soft Drinks, Juice, Tea & Coffee",lipton-green-tea-clear-light-25-bag,Active,
3218,7.3657,Lipton Green Tea Lemon Zest 35gm,Pcs,Beverages,"Water, Soft Drinks, Juice, Tea & Coffee",lipton-green-tea-lemon-zest-35gm,Active,
3219,7.3926,Lipton Green Tea Lemongrass Ginger 25 bag,Pcs,Beverages,"Water, Soft Drinks, Juice, Tea & Coffee",lipton-green-tea-lemongrass-ginger-25-bag,Active,
3220,7.3927,Lipton Green Tea Raspberry Mint 25 Bag,Pcs,Beverages,"Water, Soft Drinks, Juice, Tea & Coffee",lipton-green-tea-raspberry-mint-25-bag,Active,
3349,2.362,Lotus herbals teatree wash 120gm,Pcs,Beverages,"Water, Soft Drinks, Juice, Tea & Coffee",lotus-herbals-teatree-wash-120gm,Active,
3385,5.824,Love Mix Compound Chocolate 500gm,Pcs,Beverages,"Water, Soft Drinks, Juice, Tea & Coffee",love-mix-compound-chocolate-500gm,Active,
3381,5.599,Love candy mix chocolate 150g,Pcs,Beverages,"Water, Soft Drinks, Juice, Tea & Coffee",love-candy-mix-chocolate-150g,Active,
33,5.941,M& s chocolate cycle games 80gm,Pcs,Beverages,"Water, Soft Drinks, Juice, Tea & Coffee",m-s-chocolate-cycle-games-80gm,Active,
3422,7.1414,MacCoffee Gold 100g,PC,Beverages,"Water, Soft Drinks, Juice, Tea & Coffee",maccoffee-gold-100g,Active,
3423,7.4002,MacCoffee Gold 50g,Pcs,Beverages,"Water, Soft Drinks, Juice, Tea & Coffee",maccoffee-gold-50g,Active,
3424,7.437,MacCoffee Original 100g,pkt,Beverages,"Water, Soft Drinks, Juice, Tea & Coffee",maccoffee-original-100g,Active,
3426,7.238,MacCoffee Original 3B1 Mini,pack,Beverages,"Water, Soft Drinks, Juice, Tea & Coffee",maccoffee-original-3b1-mini,Active,
3425,7.3467,MacCoffee Original 3B1 Mini24stick,Pcs,Beverages,"Water, Soft Drinks, Juice, Tea & Coffee",maccoffee-original-3b1-mini24stick,Active,
3427,7.3468,MacCoffee Original 95g,Pcs,Beverages,"Water, Soft Drinks, Juice, Tea & Coffee",maccoffee-original-95g,Active,
3428,7.1512,MacCoffee original glass pack 50g,PC,Beverages,"Water, Soft Drinks, Juice, Tea & Coffee",maccoffee-original-glass-pack-50g,Active,
3421,7.4627,Maccoffee caferite rich 300gm,Pcs,Beverages,"Water, Soft Drinks, Juice, Tea & Coffee",maccoffee-caferite-rich-300gm,Active,
3429,5.1037,Madoc goa special chocolate 700gm,Pcs,Beverages,"Water, Soft Drinks, Juice, Tea & Coffee",madoc-goa-special-chocolate-700gm,Active,
3439,5.56,Magic Assorted Chocolate 400g,PC,Beverages,"Water, Soft Drinks, Juice, Tea & Coffee",magic-assorted-chocolate-400g,Active,
3446,10.368,Magic Water Book NO.2012a,Pcs,Beverages,"Water, Soft Drinks, Juice, Tea & Coffee",magic-water-book-no-2012a,Active,
3501,2.301,Mama earth tea tree foaming face wash 150ml,Pcs,Beverages,"Water, Soft Drinks, Juice, Tea & Coffee",mama-earth-tea-tree-foaming-face-wash-150ml,Active,
3555,5.33,Marshmallow/mello mellow soft chocolate140g,PC,Beverages,"Water, Soft Drinks, Juice, Tea & Coffee",marshmallow-mello-mellow-soft-chocolate140g,Active,
3574,5.57,Max Sweet Love rose 4 pc chocolate 50g,PC,Beverages,"Water, Soft Drinks, Juice, Tea & Coffee",max-sweet-love-rose-4-pc-chocolate-50g,Active,
3575,16.92,Max Tiger energy drink 250ml,PC,Beverages,"Water, Soft Drinks, Juice, Tea & Coffee",max-tiger-energy-drink-250ml,Active,
3572,5.993,Max sweet chocolate 120gm,Pcs,Beverages,"Water, Soft Drinks, Juice, Tea & Coffee",max-sweet-chocolate-120gm,Active,
3573,5.968,Max sweet chocolate 3pcs,Pcs,Beverages,"Water, Soft Drinks, Juice, Tea & Coffee",max-sweet-chocolate-3pcs,Active,
3577,5.44,Max/Fortunna sweet Chocolate heart 200g (16pc),PKT,Beverages,"Water, Soft Drinks, Juice, Tea & Coffee",max-fortunna-sweet-chocolate-heart-200g-16pc,Active,
3595,5.945,Mell's caramel chocolate 250gm,Pcs,Beverages,"Water, Soft Drinks, Juice, Tea & Coffee",mell-s-caramel-chocolate-250gm,Active,
3598,5.507,Mentos chocolate,Pcs,Beverages,"Water, Soft Drinks, Juice, Tea & Coffee",mentos-chocolate,Active,
3640,21.133,Milky Bites chocolate bites 500ml,Pcs,Beverages,"Water, Soft Drinks, Juice, Tea & Coffee",milky-bites-chocolate-bites-500ml,Active,
3649,5.955,Milkymist capella 70% dark chocolate classic 80gm,Pcs,Beverages,"Water, Soft Drinks, Juice, Tea & Coffee",milkymist-capella-70-dark-chocolate-classic-80gm,Active,
3650,5.1007,Milkymist capella 70% dark chocolate fruit&nut 80gm,Pcs,Beverages,"Water, Soft Drinks, Juice, Tea & Coffee",milkymist-capella-70-dark-chocolate-fruit-nut-80gm,Active,
3651,5.956,Milkymist capella 70% dark chocolate fruit&nut/hazelnut 80gm,Pcs,Beverages,"Water, Soft Drinks, Juice, Tea & Coffee",milkymist-capella-70-dark-chocolate-fruit-nut-hazelnut-80gm,Active,
3652,5.101,Milkymist capella 70% dark chocolate orange 80gm,Pcs,Beverages,"Water, Soft Drinks, Juice, Tea & Coffee",milkymist-capella-70-dark-chocolate-orange-80gm,Active,
3655,5.1009,Milkymist capella dark chocolate 55% classic 40gm,Pcs,Beverages,"Water, Soft Drinks, Juice, Tea & Coffee",milkymist-capella-dark-chocolate-55-classic-40gm,Active,
3656,5.1008,Milkymist capella dark chocolate 55% friut&nut 125gm,Pcs,Beverages,"Water, Soft Drinks, Juice, Tea & Coffee",milkymist-capella-dark-chocolate-55-friut-nut-125gm,Active,
3657,5.1077,Milkymist capella dark chocolate 55% friut&nut 40gm,Pcs,Beverages,"Water, Soft Drinks, Juice, Tea & Coffee",milkymist-capella-dark-chocolate-55-friut-nut-40gm,Active,
3778,16.28,Mono coco drink all flv 320ml,Pcs,Beverages,"Water, Soft Drinks, Juice, Tea & Coffee",mono-coco-drink-all-flv-320ml,Active,
3791,5.1026,Morde white comound chocolate 500gm,Pcs,Beverages,"Water, Soft Drinks, Juice, Tea & Coffee",morde-white-comound-chocolate-500gm,Active,
3806,16.265,Mountain 7up super-duper refresher 400ml,Pcs,Beverages,"Water, Soft Drinks, Juice, Tea & Coffee",mountain-7up-super-duper-refresher-400ml,Active,
3807,16.13,Mountain Dew 500ml,BOTTLE,Beverages,"Water, Soft Drinks, Juice, Tea & Coffee",mountain-dew-500ml,Active,
3805,16.123,Mountain Dew/Pepsi /mirinda 1.5ltr,Pcs,Beverages,"Water, Soft Drinks, Juice, Tea & Coffee",mountain-dew-pepsi-mirinda-1-5ltr,Active,
3811,16.245,Mountain DewPepsi/mirinda 400ml,Pcs,Beverages,"Water, Soft Drinks, Juice, Tea & Coffee",mountain-dewpepsi-mirinda-400ml,Active,
3808,16.88,Mountain dew/pepsi /mirinda 2.25Ltr,PC,Beverages,"Water, Soft Drinks, Juice, Tea & Coffee",mountain-dew-pepsi-mirinda-2-25ltr,Active,
3809,16.192,Mountain dew/pepsi /mirinda 2.Ltr,Pcs,Beverages,"Water, Soft Drinks, Juice, Tea & Coffee",mountain-dew-pepsi-mirinda-2-ltr,Active,
3810,16.142,Mountain dew250ml,Pcs,Beverages,"Water, Soft Drinks, Juice, Tea & Coffee",mountain-dew250ml,Active,
3926,5.364,Nansi chocolate taste 500gm,PC,Beverages,"Water, Soft Drinks, Juice, Tea & Coffee",nansi-chocolate-taste-500gm,Active,
3930,16.227,Nato Nat cocodrink juice320ml,Pcs,Beverages,"Water, Soft Drinks, Juice, Tea & Coffee",nato-nat-cocodrink-juice320ml,Active,
3949,7.3845,Nescafe 3in1 Creamy Delight 450GM,Pack,Beverages,"Water, Soft Drinks, Juice, Tea & Coffee",nescafe-3in1-creamy-delight-450gm,Active,
3950,7.101,Nescafe ALl in 1 16g,PC,Beverages,"Water, Soft Drinks, Juice, Tea & Coffee",nescafe-all-in-1-16g,Active,
3948,7.2269,Nescafe Black Roast 95g,Pcs,Beverages,"Water, Soft Drinks, Juice, Tea & Coffee",nescafe-black-roast-95g,Active,
3951,7.107,Nescafe Classic 24g,PC,Beverages,"Water, Soft Drinks, Juice, Tea & Coffee",nescafe-classic-24g,Active,
3952,7.3268,Nescafe Classic 3.5gm,Pcs,Beverages,"Water, Soft Drinks, Juice, Tea & Coffee",nescafe-classic-3-5gm,Active,
3954,7.105,Nescafe Classic 45g,PC,Beverages,"Water, Soft Drinks, Juice, Tea & Coffee",nescafe-classic-45g,Active,
3955,7.2487,Nescafe Classic 90g,Pcs,Beverages,"Water, Soft Drinks, Juice, Tea & Coffee",nescafe-classic-90g,Active,
3957,7.1267,Nescafe Classic Coffee free Glass 180gm,PC,Beverages,"Water, Soft Drinks, Juice, Tea & Coffee",nescafe-classic-coffee-free-glass-180gm,Active,
3958,7.3509,Nescafe Classic Stick 144 (120x0.9gm) IN,Pack,Beverages,"Water, Soft Drinks, Juice, Tea & Coffee",nescafe-classic-stick-144-120x0-9gm-in,Active,
3959,16.99,Nescafe Cold Cofee Can mix 180ml,PC,Beverages,"Water, Soft Drinks, Juice, Tea & Coffee",nescafe-cold-cofee-can-mix-180ml,Active,
3960,7.83,Nescafe Gold Blend 100g,Pc,Beverages,"Water, Soft Drinks, Juice, Tea & Coffee",nescafe-gold-blend-100g,Active,
3961,7.103,Nescafe Gold Blend 50g,BOTTLE,Beverages,"Water, Soft Drinks, Juice, Tea & Coffee",nescafe-gold-blend-50g,Active,
3962,7.2488,Nescafe Gold Original200g,Pcs,Beverages,"Water, Soft Drinks, Juice, Tea & Coffee",nescafe-gold-original200g,Active,
3964,7.169,Nescafe Red Cup 380g,PKT,Beverages,"Water, Soft Drinks, Juice, Tea & Coffee",nescafe-red-cup-380g,Active,
3953,7.936,Nescafe classic 400g,pc,Beverages,"Water, Soft Drinks, Juice, Tea & Coffee",nescafe-classic-400g,Active,
3956,7.409,Nescafe classic cntnr jar 192gm,Pcs,Beverages,"Water, Soft Drinks, Juice, Tea & Coffee",nescafe-classic-cntnr-jar-192gm,Active,
3963,7.4839,Nescafe intenso coffee 1kg,Pcs,Beverages,"Water, Soft Drinks, Juice, Tea & Coffee",nescafe-intenso-coffee-1kg,Active,
3974,5.814,Nestle Classic chocolate 28gm,Pcs,Beverages,"Water, Soft Drinks, Juice, Tea & Coffee",nestle-classic-chocolate-28gm,Active,
4006,2.2889,Newlook Spa rose Water 120ml,Pcs,Beverages,"Water, Soft Drinks, Juice, Tea & Coffee",newlook-spa-rose-water-120ml,Active,
4110,3.598,Nuby Comfort Silicone Water Flask,Pcs,Beverages,"Water, Soft Drinks, Juice, Tea & Coffee",nuby-comfort-silicone-water-flask,Active,
4146,16.261,OKF Coffee all flv 240ml,Pcs,Beverages,"Water, Soft Drinks, Juice, Tea & Coffee",okf-coffee-all-flv-240ml,Active,
4147,16.15,OKF Smoothic mix Juice 350ml,Pcs,Beverages,"Water, Soft Drinks, Juice, Tea & Coffee",okf-smoothic-mix-juice-350ml,Active,
4149,16.199,Okf Water melon drink Juice 340ml,Pcs,Beverages,"Water, Soft Drinks, Juice, Tea & Coffee",okf-water-melon-drink-juice-340ml,Active,
4168,5.46,Only Love /forever/ Chocolate Heart (5pc)62.5g,BOX,Beverages,"Water, Soft Drinks, Juice, Tea & Coffee",only-love-forever-chocolate-heart-5pc-62-5g,Active,
4169,5.248,Only Milky Chocolate 500g,Pc,Beverages,"Water, Soft Drinks, Juice, Tea & Coffee",only-milky-chocolate-500g,Active,
4270,5.643,Parle Grand Londonderry chocolate198g,Pcs,Beverages,"Water, Soft Drinks, Juice, Tea & Coffee",parle-grand-londonderry-chocolate198g,Active,
4279,7.1285,Parle Kreams Gold Chocolate 105g,PC,Beverages,"Water, Soft Drinks, Juice, Tea & Coffee",parle-kreams-gold-chocolate-105g,Active,
4285,5.327,Parle Melody Chocolaty 195g,PC,Beverages,"Water, Soft Drinks, Juice, Tea & Coffee",parle-melody-chocolaty-195g,Active,
4267,5.1054,Parle chataka mango chocolate candy 280gm,Pcs,Beverages,"Water, Soft Drinks, Juice, Tea & Coffee",parle-chataka-mango-chocolate-candy-280gm,Active,
4368,7.4469,Peach tea drink/lemon tea drink 400gm,Pcs,Beverages,"Water, Soft Drinks, Juice, Tea & Coffee",peach-tea-drink-lemon-tea-drink-400gm,Active,
4372,5.311,Pedia sure premium chocolate 400g,PC,Beverages,"Water, Soft Drinks, Juice, Tea & Coffee",pedia-sure-premium-chocolate-400g,Active,
4438,2.2781,Plom Bulgarian Valley Rose Water Vally 100ml,Pcs,Beverages,"Water, Soft Drinks, Juice, Tea & Coffee",plom-bulgarian-valley-rose-water-vally-100ml,Active,
4453,2.2783,Plom Green Tea Alcohol Free Toner200ml,Pcs,Beverages,"Water, Soft Drinks, Juice, Tea & Coffee",plom-green-tea-alcohol-free-toner200ml,Active,
4454,2.3128,Plom Green Tea Oli-Free Moisturizer Fragrance Free50ml,Pcs,Beverages,"Water, Soft Drinks, Juice, Tea & Coffee",plom-green-tea-oli-free-moisturizer-fragrance-free50ml,Active,
4452,2.3374,Plom green tea & zinc spf50+ 50g0,Pcs,Beverages,"Water, Soft Drinks, Juice, Tea & Coffee",plom-green-tea-zinc-spf50-50g0,Active,
4456,2.3804,Plom green tea pore clean face wash 100m,Pcs,Beverages,"Water, Soft Drinks, Juice, Tea & Coffee",plom-green-tea-pore-clean-face-wash-100m,Active,
4455,2.3284,Plom green tea pore clean face wash 100ml,Pcs,Beverages,"Water, Soft Drinks, Juice, Tea & Coffee",plom-green-tea-pore-clean-face-wash-100ml,Active,
4478,1.1873,Plom tea tree dandruff control shampoo 250ml,Pcs,Beverages,"Water, Soft Drinks, Juice, Tea & Coffee",plom-tea-tree-dandruff-control-shampoo-250ml,Active,
4485,5.823,Poky Chocolate 1000gm,Pcs,Beverages,"Water, Soft Drinks, Juice, Tea & Coffee",poky-chocolate-1000gm,Active,
4486,5.72,Poky Twist Chocolate 1kg,PKT,Beverages,"Water, Soft Drinks, Juice, Tea & Coffee",poky-twist-chocolate-1kg,Active,
4487,5.73,Poky Twist Chocolate 500g,PKT,Beverages,"Water, Soft Drinks, Juice, Tea & Coffee",poky-twist-chocolate-500g,Active,
4572,16.146,Pran Litchi drink juice 125ml,Pcs,Beverages,"Water, Soft Drinks, Juice, Tea & Coffee",pran-litchi-drink-juice-125ml,Active,
4573,16.67,Pran Mango Drink Tetra Pack 250ml,PC,Beverages,"Water, Soft Drinks, Juice, Tea & Coffee",pran-mango-drink-tetra-pack-250ml,Active,
4574,5.11,Pran Nata Drinks 130ml,Pcs,Beverages,"Water, Soft Drinks, Juice, Tea & Coffee",pran-nata-drinks-130ml,Active,
4577,16.2,Pran Pomegranate Drink 1ltr,pc,Beverages,"Water, Soft Drinks, Juice, Tea & Coffee",pran-pomegranate-drink-1ltr,Active,
4568,16.54,Pran frooto mango drink 1000ml,Pcs,Beverages,"Water, Soft Drinks, Juice, Tea & Coffee",pran-frooto-mango-drink-1000ml,Active,
4570,16.283,Pran fruit cocktail fruit drink 250ml,Pcs,Beverages,"Water, Soft Drinks, Juice, Tea & Coffee",pran-fruit-cocktail-fruit-drink-250ml,Active,
4576,7.4199,Pran oh cake banana/chocolate flv pack,Pcs,Beverages,"Water, Soft Drinks, Juice, Tea & Coffee",pran-oh-cake-banana-chocolate-flv-pack,Active,
4613,5.1072,Pules chocolate mix flv,Pcs,Beverages,"Water, Soft Drinks, Juice, Tea & Coffee",pules-chocolate-mix-flv,Active,
4672,5.805,Raffaello Chocolate,Pcs,Beverages,"Water, Soft Drinks, Juice, Tea & Coffee",raffaello-chocolate,Active,
4679,7.94,Rakura Green Tea 25 tea bags,PC,Beverages,"Water, Soft Drinks, Juice, Tea & Coffee",rakura-green-tea-25-tea-bags,Active,
4680,7.234,Rakura Himalayan Black Tea all flv 25bag,Pcs,Beverages,"Water, Soft Drinks, Juice, Tea & Coffee",rakura-himalayan-black-tea-all-flv-25bag,Active,
4682,7.2339,Rakura Organic green tea 25g,Pcs,Beverages,"Water, Soft Drinks, Juice, Tea & Coffee",rakura-organic-green-tea-25g,Active,
4677,7.4519,Rakura classic himalayan breakfast tea 1kg,Pcs,Beverages,"Water, Soft Drinks, Juice, Tea & Coffee",rakura-classic-himalayan-breakfast-tea-1kg,Active,
4678,7.452,Rakura classic himalayan breakfast tea 500gm,Pcs,Beverages,"Water, Soft Drinks, Juice, Tea & Coffee",rakura-classic-himalayan-breakfast-tea-500gm,Active,
4681,7.4609,Rakura himalayan black teas selection,Pcs,Beverages,"Water, Soft Drinks, Juice, Tea & Coffee",rakura-himalayan-black-teas-selection,Active,
4684,7.4214,Rakura pure green tea,Pcs,Beverages,"Water, Soft Drinks, Juice, Tea & Coffee",rakura-pure-green-tea,Active,
4686,7.4446,Rakura supreme organic gree tea 100gm,Pcs,Beverages,"Water, Soft Drinks, Juice, Tea & Coffee",rakura-supreme-organic-gree-tea-100gm,Active,
4702,7.1237,Ramro Royale Fruit/chocolate cake165g,PC,Beverages,"Water, Soft Drinks, Juice, Tea & Coffee",ramro-royale-fruit-chocolate-cake165g,Active,
4717,5.126,Rapinda Chocolate 400g,pkt,Beverages,"Water, Soft Drinks, Juice, Tea & Coffee",rapinda-chocolate-400g,Active,
4718,5.255,Rapinda Compound Chocolate 1000g,Pkt,Beverages,"Water, Soft Drinks, Juice, Tea & Coffee",rapinda-compound-chocolate-1000g,Active,
4727,7.1251,Rasna Instant Drink Mango 1kg,PC,Beverages,"Water, Soft Drinks, Juice, Tea & Coffee",rasna-instant-drink-mango-1kg,Active,
4728,7.1231,Rasna Instant Drink Orange/Lemon 1kg/Pineapplr,PC,Beverages,"Water, Soft Drinks, Juice, Tea & Coffee",rasna-instant-drink-orange-lemon-1kg-pineapplr,Active,
4747,16.55,Real Juice Active Mixed/fiber Fruit 1Ltr,pc,Beverages,"Water, Soft Drinks, Juice, Tea & Coffee",real-juice-active-mixed-fiber-fruit-1ltr,Active,
4748,16.21,Real Juice Cranberry 1ltr,pc,Beverages,"Water, Soft Drinks, Juice, Tea & Coffee",real-juice-cranberry-1ltr,Active,
4749,16.9,Real juice guava 1l,PC,Beverages,"Water, Soft Drinks, Juice, Tea & Coffee",real-juice-guava-1l,Active,
4750,16.14,Real juice mango 1l,PC,Beverages,"Water, Soft Drinks, Juice, Tea & Coffee",real-juice-mango-1l,Active,
4751,16.12,Real juice orange 1l,pc,Beverages,"Water, Soft Drinks, Juice, Tea & Coffee",real-juice-orange-1l,Active,
4752,16.11,Real juice pomegranate 1l,pc,Beverages,"Water, Soft Drinks, Juice, Tea & Coffee",real-juice-pomegranate-1l,Active,
4757,16.15,Real mixed fruit juice 1l,PC,Beverages,"Water, Soft Drinks, Juice, Tea & Coffee",real-mixed-fruit-juice-1l,Active,
4759,5.1092,Red cherish delight chocolate 192gm,Pcs,Beverages,"Water, Soft Drinks, Juice, Tea & Coffee",red-cherish-delight-chocolate-192gm,Active,
4765,16.236,Redbull Energy Drink 330ml,Pcs,Beverages,"Water, Soft Drinks, Juice, Tea & Coffee",redbull-energy-drink-330ml,Active,
4800,7.4625,Ritebite max protein daily chocolate bar all flv 50gm,Pcs,Beverages,"Water, Soft Drinks, Juice, Tea & Coffee",ritebite-max-protein-daily-chocolate-bar-all-flv-50gm,Active,
4808,5.1098,Rochello Coconut White Chocolate 500g,Pcs,Beverages,"Water, Soft Drinks, Juice, Tea & Coffee",rochello-coconut-white-chocolate-500g,Active,
4835,7.4245,Royal Arabica Coffee Beanus Medium Dark 1 kg,Pcs,Beverages,"Water, Soft Drinks, Juice, Tea & Coffee",royal-arabica-coffee-beanus-medium-dark-1-kg,Active,
4836,7.4244,Royal Arabica Coffee Beanus Medium Roast 1 kg,Pcs,Beverages,"Water, Soft Drinks, Juice, Tea & Coffee",royal-arabica-coffee-beanus-medium-roast-1-kg,Active,
4839,21.151,Royal bites belgian chocolate cup,Pcs,Beverages,"Water, Soft Drinks, Juice, Tea & Coffee",royal-bites-belgian-chocolate-cup,Active,
4881,5.1089,Ruffles white chocolate topping 180gm,Pcs,Beverages,"Water, Soft Drinks, Juice, Tea & Coffee",ruffles-white-chocolate-topping-180gm,Active,
4966,7.1613,SAVORY/Bhanbhori Rose Water 190ml,PC,Beverages,"Water, Soft Drinks, Juice, Tea & Coffee",savory-bhanbhori-rose-water-190ml,Active,
4907,7.3517,Sai Kripa Gold GreenTea Bag 125gm Jar,Pcs,Beverages,"Water, Soft Drinks, Juice, Tea & Coffee",sai-kripa-gold-greentea-bag-125gm-jar,Active,
4908,7.3516,Sai Kripa Gold GreenTea Bag 25pc 50gm,Pcs,Beverages,"Water, Soft Drinks, Juice, Tea & Coffee",sai-kripa-gold-greentea-bag-25pc-50gm,Active,
4912,7.92,Sai Kripa Gold Tea 100g pouch,Pkt,Beverages,"Water, Soft Drinks, Juice, Tea & Coffee",sai-kripa-gold-tea-100g-pouch,Active,
4914,7.919,Sai Kripa Gold Tea 200g Pouch,Pkt,Beverages,"Water, Soft Drinks, Juice, Tea & Coffee",sai-kripa-gold-tea-200g-pouch,Active,
4915,7.918,Sai Kripa Gold Tea 500g Pouch,Pkt,Beverages,"Water, Soft Drinks, Juice, Tea & Coffee",sai-kripa-gold-tea-500g-pouch,Active,
4937,5.863,Sapphire eclairs chocolate 400g,Pcs,Beverages,"Water, Soft Drinks, Juice, Tea & Coffee",sapphire-eclairs-chocolate-400g,Active,
4954,7.4029,Sarbada tea 100gm,Pcs,Beverages,"Water, Soft Drinks, Juice, Tea & Coffee",sarbada-tea-100gm,Active,
4986,2.3446,Senova natural pants green tea face wash 100gm,Pcs,Beverages,"Water, Soft Drinks, Juice, Tea & Coffee",senova-natural-pants-green-tea-face-wash-100gm,Active,
5008,2.3064,Seven Girl 3D Eye liner water proof,Pcs,Beverages,"Water, Soft Drinks, Juice, Tea & Coffee",seven-girl-3d-eye-liner-water-proof,Active,
5011,7.3235,Shai kripa tea 1kg jar,Pcs,Beverages,"Water, Soft Drinks, Juice, Tea & Coffee",shai-kripa-tea-1kg-jar,Active,
5012,7.3236,Shai kripa tea 500gm jar,Pcs,Beverages,"Water, Soft Drinks, Juice, Tea & Coffee",shai-kripa-tea-500gm-jar,Active,
5184,6.343,Somersby Apple fruit drink 320ml,Pcs,Beverages,"Water, Soft Drinks, Juice, Tea & Coffee",somersby-apple-fruit-drink-320ml,Active,
5200,2.2424,Sonata Urban water proof Eye Liner 4ml,Pcs,Beverages,"Water, Soft Drinks, Juice, Tea & Coffee",sonata-urban-water-proof-eye-liner-4ml,Active,
5264,16.147,Sting Energy Drink 250g,Pcs,Beverages,"Water, Soft Drinks, Juice, Tea & Coffee",sting-energy-drink-250g,Active,
5266,16.256,Storia Tender Coconut Water 180ml,Pcs,Beverages,"Water, Soft Drinks, Juice, Tea & Coffee",storia-tender-coconut-water-180ml,Active,
5267,16.257,Storia Tender Coconut Water 750ml,Pcs,Beverages,"Water, Soft Drinks, Juice, Tea & Coffee",storia-tender-coconut-water-750ml,Active,
5296,5.933,Strike mix wafer cocolate,Pcs,Beverages,"Water, Soft Drinks, Juice, Tea & Coffee",strike-mix-wafer-cocolate,Active,
5318,2.2161,Sumnima herbal Gulab jal rose water 120ml,Pcs,Beverages,"Water, Soft Drinks, Juice, Tea & Coffee",sumnima-herbal-gulab-jal-rose-water-120ml,Active,
5330,2.216,Sumnima herbal Rose water 50ml,Pcs,Beverages,"Water, Soft Drinks, Juice, Tea & Coffee",sumnima-herbal-rose-water-50ml,Active,
5401,16.224,Sweet coffee all flv 200ml,Pcs,Beverages,"Water, Soft Drinks, Juice, Tea & Coffee",sweet-coffee-all-flv-200ml,Active,
5434,10.476,Teast Good Pen,Pcs,Beverages,"Water, Soft Drinks, Juice, Tea & Coffee",teast-good-pen,Active,
5553,7.674,Tokala Gold Premium Tea Pack 200g,pc,Beverages,"Water, Soft Drinks, Juice, Tea & Coffee",tokala-gold-premium-tea-pack-200g,Active,
5557,7.857,Tokala Green Tea 25 Bags37.5g,Pc,Beverages,"Water, Soft Drinks, Juice, Tea & Coffee",tokala-green-tea-25-bags37-5g,Active,
5556,7.672,Tokala Green tea 100g,box,Beverages,"Water, Soft Drinks, Juice, Tea & Coffee",tokala-green-tea-100g,Active,
5558,7.856,Tokala Masal Tea50gm,pc,Beverages,"Water, Soft Drinks, Juice, Tea & Coffee",tokala-masal-tea50gm,Active,
5554,7.452,Tokala gold tea Box 200g,box,Beverages,"Water, Soft Drinks, Juice, Tea & Coffee",tokala-gold-tea-box-200g,Active,
5555,7.453,Tokala gold tea Box 500g,box,Beverages,"Water, Soft Drinks, Juice, Tea & Coffee",tokala-gold-tea-box-500g,Active,
5560,7.448,Tokala tea bag 1kg,pack,Beverages,"Water, Soft Drinks, Juice, Tea & Coffee",tokala-tea-bag-1kg,Active,
5561,7.455,Tokala tea bag 2*100bags=200g,box,Beverages,"Water, Soft Drinks, Juice, Tea & Coffee",tokala-tea-bag-2-100bags-200g,Active,
5562,7.45,Tokala tea jaar 1kg,jaar,Beverages,"Water, Soft Drinks, Juice, Tea & Coffee",tokala-tea-jaar-1kg,Active,
5563,7.449,Tokala tea pouch 500g,bag,Beverages,"Water, Soft Drinks, Juice, Tea & Coffee",tokala-tea-pouch-500g,Active,
5568,7.91,Tokla Tea Jar 500g,PKT,Beverages,"Water, Soft Drinks, Juice, Tea & Coffee",tokla-tea-jar-500g,Active,
5567,7.513,Tokla Tea jar 200g,pc,Beverages,"Water, Soft Drinks, Juice, Tea & Coffee",tokla-tea-jar-200g,Active,
5569,7.125,Tokla Tea pkt 100gm,PC,Beverages,"Water, Soft Drinks, Juice, Tea & Coffee",tokla-tea-pkt-100gm,Active,
5564,7.204,Tokla gold premium tea 1kg,Pcs,Beverages,"Water, Soft Drinks, Juice, Tea & Coffee",tokla-gold-premium-tea-1kg,Active,
5565,7.1797,Tokla green tea lemon@honey37.5g,PC,Beverages,"Water, Soft Drinks, Juice, Tea & Coffee",tokla-green-tea-lemon-honey37-5g,Active,
5617,5.1133,Truffe box chocolate 250gm,Pcs,Beverages,"Water, Soft Drinks, Juice, Tea & Coffee",truffe-box-chocolate-250gm,Active,
5639,4.1171,Union coffee cup UG-392 6pcs set,Pcs,Beverages,"Water, Soft Drinks, Juice, Tea & Coffee",union-coffee-cup-ug-392-6pcs-set,Active,
5646,5.506,United coffee candy 125g,Pcs,Beverages,"Water, Soft Drinks, Juice, Tea & Coffee",united-coffee-candy-125g,Active,
5779,2.905,VLCC Water resistant SunScreen gel creamSpf60 100g,pc,Beverages,"Water, Soft Drinks, Juice, Tea & Coffee",vlcc-water-resistant-sunscreen-gel-creamspf60-100g,Active,
5671,21.123,Vadilal chocolate sunde bc 90 ml,Pcs,Beverages,"Water, Soft Drinks, Juice, Tea & Coffee",vadilal-chocolate-sunde-bc-90-ml,Active,
5738,6.284,Vibe ice tea peach,Pcs,Beverages,"Water, Soft Drinks, Juice, Tea & Coffee",vibe-ice-tea-peach,Active,
5749,5.23,Vigos Compound Chocolate 1kg,PC,Beverages,"Water, Soft Drinks, Juice, Tea & Coffee",vigos-compound-chocolate-1kg,Active,
5750,5.204,Vigos Compound Chocolate Yellow 500g,pkt,Beverages,"Water, Soft Drinks, Juice, Tea & Coffee",vigos-compound-chocolate-yellow-500g,Active,
5760,16.24,Vinut bubble tea all flv 330ml,Pcs,Beverages,"Water, Soft Drinks, Juice, Tea & Coffee",vinut-bubble-tea-all-flv-330ml,Active,
5762,7.4185,Vinut cafe coffee 3in1 320gm,Pcs,Beverages,"Water, Soft Drinks, Juice, Tea & Coffee",vinut-cafe-coffee-3in1-320gm,Active,
5763,16.215,Vinut nuoc thanh long mix flv juice drink 330ml,Pcs,Beverages,"Water, Soft Drinks, Juice, Tea & Coffee",vinut-nuoc-thanh-long-mix-flv-juice-drink-330ml,Active,
5764,16.214,Vinut popping bubble tea lychee 320ml,Pcs,Beverages,"Water, Soft Drinks, Juice, Tea & Coffee",vinut-popping-bubble-tea-lychee-320ml,Active,
5781,5.1012,Volcano chocolates 700gm,Pcs,Beverages,"Water, Soft Drinks, Juice, Tea & Coffee",volcano-chocolates-700gm,Active,
5785,5.969,Wafesto hazelnut & chocolate 150gm,Pcs,Beverages,"Water, Soft Drinks, Juice, Tea & Coffee",wafesto-hazelnut-chocolate-150gm,Active,
5813,10.4,Water Color Brush SetArt.NO.2312,Pcs,Beverages,"Water, Soft Drinks, Juice, Tea & Coffee",water-color-brush-setart-no-2312,Active,
5814,10.404,Water Colour Draw 12 colourW12-9,Pcs,Beverages,"Water, Soft Drinks, Juice, Tea & Coffee",water-colour-draw-12-colourw12-9,Active,
5815,4.178,Water glass YJA-1010,Pc,Beverages,"Water, Soft Drinks, Juice, Tea & Coffee",water-glass-yja-1010,Active,
5816,17.302,Water keyring,Pcs,Beverages,"Water, Soft Drinks, Juice, Tea & Coffee",water-keyring,Active,
5831,7.924,Weikfield Drinking Chocolate 100g,pc,Beverages,"Water, Soft Drinks, Juice, Tea & Coffee",weikfield-drinking-chocolate-100g,Active,
5832,7.4373,Weikfield drinking chocolate 200gm,Pcs,Beverages,"Water, Soft Drinks, Juice, Tea & Coffee",weikfield-drinking-chocolate-200gm,Active,
5833,7.3447,Weikfield drinking chocolate 500gm,Pcs,Beverages,"Water, Soft Drinks, Juice, Tea & Coffee",weikfield-drinking-chocolate-500gm,Active,
5834,7.79,Weikfields Drinking Chocolate 500g,BOTTLE,Beverages,"Water, Soft Drinks, Juice, Tea & Coffee",weikfields-drinking-chocolate-500g,Active,
5908,5.1086,Wobniar gold chocolate 375gm,Pcs,Beverages,"Water, Soft Drinks, Juice, Tea & Coffee",wobniar-gold-chocolate-375gm,Active,
5914,16.23,X Cite Energy Drink 330ml,Pcs,Beverages,"Water, Soft Drinks, Juice, Tea & Coffee",x-cite-energy-drink-330ml,Active,
5916,16.232,X Tonic Water 330 ml,Pcs,Beverages,"Water, Soft Drinks, Juice, Tea & Coffee",x-tonic-water-330-ml,Active,
5922,6.147,Xtreme energy drink classic 200ml,Pcs,Beverages,"Water, Soft Drinks, Juice, Tea & Coffee",xtreme-energy-drink-classic-200ml,Active,
5970,4.403,Yujing -yja - water glass 1012,Pcs,Beverages,"Water, Soft Drinks, Juice, Tea & Coffee",yujing-yja-water-glass-1012,Active,
5971,4.1071,Yujing Yjf -6010-Water Glass,Pcs,Beverages,"Water, Soft Drinks, Juice, Tea & Coffee",yujing-yjf-6010-water-glass,Active,
1568,5.811,dole Box CHocolate 400gm,Pcs,Beverages,"Water, Soft Drinks, Juice, Tea & Coffee",dole-box-chocolate-400gm,Active,
4569,16.17,pran fruit cocktail drink,PC,Beverages,"Water, Soft Drinks, Juice, Tea & Coffee",pran-fruit-cocktail-drink,Active,
4913,7.3629,sai kripa gold tea 200g jar,Pcs,Beverages,"Water, Soft Drinks, Juice, Tea & Coffee",sai-kripa-gold-tea-200g-jar,Active,
5665,4.1358,vaccum coffee cup,Pcs,Beverages,"Water, Soft Drinks, Juice, Tea & Coffee",vaccum-coffee-cup,Active,
67,5.836,123 X-nax spicy cheezy puffcorn,Pcs,Snacks & Confectionery,"Biscuits, Chocolate, Candy & Snacks",123-x-nax-spicy-cheezy-puffcorn,Active,
76,7.4432,2Pm Hot'N' Spicy Stix 70g,Pcs,Snacks & Confectionery,"Biscuits, Chocolate, Candy & Snacks",2pm-hot-n-spicy-stix-70g,Active,
75,7.2885,2pm Fire Cracker/Chicken/Onion Rings 50gm,Pcs,Snacks & Confectionery,"Biscuits, Chocolate, Candy & Snacks",2pm-fire-cracker-chicken-onion-rings-50gm,Active,
114,7.4276,900 biscuits,Pcs,Snacks & Confectionery,"Biscuits, Chocolate, Candy & Snacks",900-biscuits,Active,
154,7.4543,ACE lemon flavor sandwich biscuit 128gm,Pcs,Snacks & Confectionery,"Biscuits, Chocolate, Candy & Snacks",ace-lemon-flavor-sandwich-biscuit-128gm,Active,
376,21.134,AZZABKO Strawbery Bar 60ml,Pcs,Snacks & Confectionery,"Biscuits, Chocolate, Candy & Snacks",azzabko-strawbery-bar-60ml,Active,
227,6.5,Al Akbar hukka Coal small,BOTTLE,Snacks & Confectionery,"Biscuits, Chocolate, Candy & Snacks",al-akbar-hukka-coal-small,Active,
226,6.135,Al akbar hukka coal big,Pcs,Snacks & Confectionery,"Biscuits, Chocolate, Candy & Snacks",al-akbar-hukka-coal-big,Active,
238,5.886,Alpenliebe Rich milky Candy 32gm,Pcs,Snacks & Confectionery,"Biscuits, Chocolate, Candy & Snacks",alpenliebe-rich-milky-candy-32gm,Active,
253,5.15,Amira Makam tamarind Candy,pkt,Snacks & Confectionery,"Biscuits, Chocolate, Candy & Snacks",amira-makam-tamarind-candy,Active,
364,5.1069,Asuman marshmallow 100gm,Pcs,Snacks & Confectionery,"Biscuits, Chocolate, Candy & Snacks",asuman-marshmallow-100gm,Active,
373,21.138,Azzabko Mango Bar 60ml,Pcs,Snacks & Confectionery,"Biscuits, Chocolate, Candy & Snacks",azzabko-mango-bar-60ml,Active,
815,7.707,BRITANNIA Degestive Biscuit 500g,pc,Snacks & Confectionery,"Biscuits, Chocolate, Candy & Snacks",britannia-degestive-biscuit-500g,Active,
481,7.1501,Bakeland Coco Crunch Biscuit 230g,PC,Snacks & Confectionery,"Biscuits, Chocolate, Candy & Snacks",bakeland-coco-crunch-biscuit-230g,Active,
482,7.3463,Bakeland Coco Crunch Biscuit 300G,Pcs,Snacks & Confectionery,"Biscuits, Chocolate, Candy & Snacks",bakeland-coco-crunch-biscuit-300g,Active,
486,7.1149,Bakeland Oat Marie biscuits 265g,PC,Snacks & Confectionery,"Biscuits, Chocolate, Candy & Snacks",bakeland-oat-marie-biscuits-265g,Active,
489,7.3464,Bakeland Panda choco Biscuits6pc pkt,Pack,Snacks & Confectionery,"Biscuits, Chocolate, Candy & Snacks",bakeland-panda-choco-biscuits6pc-pkt,Active,
483,7.174,Bakeland coco crunch80g,PC,Snacks & Confectionery,"Biscuits, Chocolate, Candy & Snacks",bakeland-coco-crunch80g,Active,
484,7.4849,Bakeland digestive biscuits pack,Pcs,Snacks & Confectionery,"Biscuits, Chocolate, Candy & Snacks",bakeland-digestive-biscuits-pack,Active,
487,7.4346,Bakeland original digestive biscuits 250gm,Pcs,Snacks & Confectionery,"Biscuits, Chocolate, Candy & Snacks",bakeland-original-digestive-biscuits-250gm,Active,
488,7.4347,Bakeland original digestive biscuits 400gm,Pcs,Snacks & Confectionery,"Biscuits, Chocolate, Candy & Snacks",bakeland-original-digestive-biscuits-400gm,Active,
569,5.958,Banana chips 100gm,Pcs,Snacks & Confectionery,"Biscuits, Chocolate, Candy & Snacks",banana-chips-100gm,Active,
570,5.985,Banana chips 50gm,Pcs,Snacks & Confectionery,"Biscuits, Chocolate, Candy & Snacks",banana-chips-50gm,Active,
662,7.33,Bechi phu candy 50g,PC,Snacks & Confectionery,"Biscuits, Chocolate, Candy & Snacks",bechi-phu-candy-50g,Active,
710,7.4688,Bikaji Shahi Mixture 350g,Pcs,Snacks & Confectionery,"Biscuits, Chocolate, Candy & Snacks",bikaji-shahi-mixture-350g,Active,
732,7.3601,Bisk Club Vegetable Crackers 240gm,Pack,Snacks & Confectionery,"Biscuits, Chocolate, Candy & Snacks",bisk-club-vegetable-crackers-240gm,Active,
734,7.4445,Bisk farm top herbs biscuits 200gm,Pcs,Snacks & Confectionery,"Biscuits, Chocolate, Candy & Snacks",bisk-farm-top-herbs-biscuits-200gm,Active,
810,7.2997,Britannia 50 50 Biscuit 25g,Pcs,Snacks & Confectionery,"Biscuits, Chocolate, Candy & Snacks",britannia-50-50-biscuit-25g,Active,
813,7.2159,Britannia Cake choco chill110gm,Pcs,Snacks & Confectionery,"Biscuits, Chocolate, Candy & Snacks",britannia-cake-choco-chill110gm,Active,
820,7.1609,Britannia Little Heart Biscuits75gm,PC,Snacks & Confectionery,"Biscuits, Chocolate, Candy & Snacks",britannia-little-heart-biscuits75gm,Active,
828,7.146,Britannia Suger Free Digestive Biscuits200g,PC,Snacks & Confectionery,"Biscuits, Chocolate, Candy & Snacks",britannia-suger-free-digestive-biscuits200g,Active,
832,7.1518,Britannia treat kool vanilla biscuit 60g,PC,Snacks & Confectionery,"Biscuits, Chocolate, Candy & Snacks",britannia-treat-kool-vanilla-biscuit-60g,Active,
895,5.794,Candy Stick Punk 40g,Pcs,Snacks & Confectionery,"Biscuits, Chocolate, Candy & Snacks",candy-stick-punk-40g,Active,
1062,5.1091,Choco coco coconut bar 200gm,Pcs,Snacks & Confectionery,"Biscuits, Chocolate, Candy & Snacks",choco-coco-coconut-bar-200gm,Active,
1068,5.185,ChocoFun crispy wafer,pkt,Snacks & Confectionery,"Biscuits, Chocolate, Candy & Snacks",chocofun-crispy-wafer,Active,
1237,9.946,Croissani Keyring /cake keyring,Pcs,Snacks & Confectionery,"Biscuits, Chocolate, Candy & Snacks",croissani-keyring-cake-keyring,Active,
1244,9.949,Cup cake Keyring,Pcs,Snacks & Confectionery,"Biscuits, Chocolate, Candy & Snacks",cup-cake-keyring,Active,
1277,5.593,Current potato cracker/ Naga chilly 50g,Pcs,Snacks & Confectionery,"Biscuits, Chocolate, Candy & Snacks",current-potato-cracker-naga-chilly-50g,Active,
1296,2.3451,Dabar Amla Hair Oil 45ml,Pcs,Snacks & Confectionery,"Biscuits, Chocolate, Candy & Snacks",dabar-amla-hair-oil-45ml,Active,
1297,5.37,Dabar Chyawanprash 1kg,BOTTLE,Snacks & Confectionery,"Biscuits, Chocolate, Candy & Snacks",dabar-chyawanprash-1kg,Active,
1298,5.627,Dabar Chyawanprash 250g,Pcs,Snacks & Confectionery,"Biscuits, Chocolate, Candy & Snacks",dabar-chyawanprash-250g,Active,
1299,5.36,Dabar Chyawanprash 500g,BOTTLE,Snacks & Confectionery,"Biscuits, Chocolate, Candy & Snacks",dabar-chyawanprash-500g,Active,
1300,7.51,Dabar Honey 500g,BOTTLE,Snacks & Confectionery,"Biscuits, Chocolate, Candy & Snacks",dabar-honey-500g,Active,
1301,1.135,Dabar Red Peste For Teeth & Gums 175g,PC,Snacks & Confectionery,"Biscuits, Chocolate, Candy & Snacks",dabar-red-peste-for-teeth-gums-175g,Active,
1352,9.598,Delicious Party Cake set NO.8939,Pcs,Snacks & Confectionery,"Biscuits, Chocolate, Candy & Snacks",delicious-party-cake-set-no-8939,Active,
1428,1.953,Dhoni Herbal dish wash bar 150g,Pcs,Snacks & Confectionery,"Biscuits, Chocolate, Candy & Snacks",dhoni-herbal-dish-wash-bar-150g,Active,
1438,7.1243,Didian Biscuits Banana/ Pineapple Crisp 450g,PC,Snacks & Confectionery,"Biscuits, Chocolate, Candy & Snacks",didian-biscuits-banana-pineapple-crisp-450g,Active,
1440,7.3716,Didian compressed energy biscuits strawbery/peanut flv,Pcs,Snacks & Confectionery,"Biscuits, Chocolate, Candy & Snacks",didian-compressed-energy-biscuits-strawbery-peanut-flv,Active,
1591,5.883,Doriva Coco World Coconut Bar 500gm,pkt,Snacks & Confectionery,"Biscuits, Chocolate, Candy & Snacks",doriva-coco-world-coconut-bar-500gm,Active,
1621,1.1616,Dove Bar White 100gm,Pcs,Snacks & Confectionery,"Biscuits, Chocolate, Candy & Snacks",dove-bar-white-100gm,Active,
1641,1.439,Dove white beauty bar 50g,pc,Snacks & Confectionery,"Biscuits, Chocolate, Candy & Snacks",dove-white-beauty-bar-50g,Active,
1762,7.4285,Ego golden bear cream biscuits all flv,Pcs,Snacks & Confectionery,"Biscuits, Chocolate, Candy & Snacks",ego-golden-bear-cream-biscuits-all-flv,Active,
1809,7.4375,English cracker cream 150gm,Pcs,Snacks & Confectionery,"Biscuits, Chocolate, Candy & Snacks",english-cracker-cream-150gm,Active,
1937,1.32,Fiama gel bar mix soap 125 gm,BOX,Snacks & Confectionery,"Biscuits, Chocolate, Candy & Snacks",fiama-gel-bar-mix-soap-125-gm,Active,
1938,1.2231,Fiama moisturizing bar japanese 125gm,Pcs,Snacks & Confectionery,"Biscuits, Chocolate, Candy & Snacks",fiama-moisturizing-bar-japanese-125gm,Active,
2080,5.63,Fortunna Marshmallow 140g,Pcs,Snacks & Confectionery,"Biscuits, Chocolate, Candy & Snacks",fortunna-marshmallow-140g,Active,
2095,5.1064,Fulfire marshmallow 120gm,Pcs,Snacks & Confectionery,"Biscuits, Chocolate, Candy & Snacks",fulfire-marshmallow-120gm,Active,
2271,7.4541,Golden crispy small biscuits 128gm,Pcs,Snacks & Confectionery,"Biscuits, Chocolate, Candy & Snacks",golden-crispy-small-biscuits-128gm,Active,
2272,7.4624,Golden fuji crispy small biscuits 128gm,Pcs,Snacks & Confectionery,"Biscuits, Chocolate, Candy & Snacks",golden-fuji-crispy-small-biscuits-128gm,Active,
2273,7.454,Golden nine mushrooms soda biscuit 230gm,Pcs,Snacks & Confectionery,"Biscuits, Chocolate, Candy & Snacks",golden-nine-mushrooms-soda-biscuit-230gm,Active,
2286,7.3286,Goodlife Coconut Cookies150g,Pcs,Snacks & Confectionery,"Biscuits, Chocolate, Candy & Snacks",goodlife-coconut-cookies150g,Active,
2287,7.3177,Goodlife Cookies Digestive mix 175gm,Pcs,Snacks & Confectionery,"Biscuits, Chocolate, Candy & Snacks",goodlife-cookies-digestive-mix-175gm,Active,
2290,7.378,Goodlife Digestive Wheat Biscuits 300gm,Pcs,Snacks & Confectionery,"Biscuits, Chocolate, Candy & Snacks",goodlife-digestive-wheat-biscuits-300gm,Active,
2285,7.3945,Goodlife coconut cookies 60gm,Pcs,Snacks & Confectionery,"Biscuits, Chocolate, Candy & Snacks",goodlife-coconut-cookies-60gm,Active,
2295,7.4626,Goodlife kodo digestive biscuits,Pack,Snacks & Confectionery,"Biscuits, Chocolate, Candy & Snacks",goodlife-kodo-digestive-biscuits,Active,
2296,7.3944,Goodlife kodo digestive biscuits rs 50,Pack,Snacks & Confectionery,"Biscuits, Chocolate, Candy & Snacks",goodlife-kodo-digestive-biscuits-rs-50,Active,
2434,9.767,Happy Party cake Topper,Pcs,Snacks & Confectionery,"Biscuits, Chocolate, Candy & Snacks",happy-party-cake-topper,Active,
2512,1.662,Henko Stain Champion Bar 250g,PC,Snacks & Confectionery,"Biscuits, Chocolate, Candy & Snacks",henko-stain-champion-bar-250g,Active,
2683,7.379,Himali mix namkeen 550gm,Pack,Snacks & Confectionery,"Biscuits, Chocolate, Candy & Snacks",himali-mix-namkeen-550gm,Active,
2680,7.179,Himali sada mix namkeen 325gm,PC,Snacks & Confectionery,"Biscuits, Chocolate, Candy & Snacks",himali-sada-mix-namkeen-325gm,Active,
2733,7.4265,Hurray gems rs50,Pcs,Snacks & Confectionery,"Biscuits, Chocolate, Candy & Snacks",hurray-gems-rs50,Active,
2918,7.3481,Kasthamandap Sweet Namkeen 400gm,Pcs,Snacks & Confectionery,"Biscuits, Chocolate, Candy & Snacks",kasthamandap-sweet-namkeen-400gm,Active,
3014,7.3699,Khajurico Digestive Biscuits 50gm,Pcs,Snacks & Confectionery,"Biscuits, Chocolate, Candy & Snacks",khajurico-digestive-biscuits-50gm,Active,
3017,7.1212,Khajurico Peanut Cookies 150g,PC,Snacks & Confectionery,"Biscuits, Chocolate, Candy & Snacks",khajurico-peanut-cookies-150g,Active,
3013,7.4501,Khajurico digestive biscuits 100gm,Pcs,Snacks & Confectionery,"Biscuits, Chocolate, Candy & Snacks",khajurico-digestive-biscuits-100gm,Active,
3020,7.793,Khajuriko Coconut Cookies 150g,pc,Snacks & Confectionery,"Biscuits, Chocolate, Candy & Snacks",khajuriko-coconut-cookies-150g,Active,
3022,7.792,Khajuriko Quminie Cookies,pc,Snacks & Confectionery,"Biscuits, Chocolate, Candy & Snacks",khajuriko-quminie-cookies,Active,
3086,7.3508,Kodo Digestive Biscuit 50gm,Pcs,Snacks & Confectionery,"Biscuits, Chocolate, Candy & Snacks",kodo-digestive-biscuit-50gm,Active,
3087,7.3505,Kodo Digestive Biscuits 300+30gm gm,Pack,Snacks & Confectionery,"Biscuits, Chocolate, Candy & Snacks",kodo-digestive-biscuits-300-30gm-gm,Active,
3092,5.1118,Kravour wafer biscuits all flv 100gm,Pcs,Snacks & Confectionery,"Biscuits, Chocolate, Candy & Snacks",kravour-wafer-biscuits-all-flv-100gm,Active,
3093,5.1119,Kravour wafer biscuits all flv 60gm,Pcs,Snacks & Confectionery,"Biscuits, Chocolate, Candy & Snacks",kravour-wafer-biscuits-all-flv-60gm,Active,
3103,7.4721,Kwality bonbon biscuits pkt,Pack,Snacks & Confectionery,"Biscuits, Chocolate, Candy & Snacks",kwality-bonbon-biscuits-pkt,Active,
3105,7.3184,Kwiks Gourmet Cream & Onion Potato chips65gm,Pcs,Snacks & Confectionery,"Biscuits, Chocolate, Candy & Snacks",kwiks-gourmet-cream-onion-potato-chips65gm,Active,
3108,5.696,Kwiks timure stix 75g\Lemony,Pcs,Snacks & Confectionery,"Biscuits, Chocolate, Candy & Snacks",kwiks-timure-stix-75g-lemony,Active,
3152,7.1513,Lapsi candy sweet & swore 200g,PC,Snacks & Confectionery,"Biscuits, Chocolate, Candy & Snacks",lapsi-candy-sweet-swore-200g,Active,
3214,5.929,Lips Strawerry Candy 10g,Pcs,Snacks & Confectionery,"Biscuits, Chocolate, Candy & Snacks",lips-strawerry-candy-10g,Active,
3324,7.1938,Lotte/Orion Custard Cream Cake 6pack,pkt,Snacks & Confectionery,"Biscuits, Chocolate, Candy & Snacks",lotte-orion-custard-cream-cake-6pack,Active,
3380,5.907,Love Candy 150gm,Pcs,Snacks & Confectionery,"Biscuits, Chocolate, Candy & Snacks",love-candy-150gm,Active,
3553,5.631,Marshmallow Pop small,PC,Snacks & Confectionery,"Biscuits, Chocolate, Candy & Snacks",marshmallow-pop-small,Active,
3551,5.1039,Marshmallow pop 30gm,Pcs,Snacks & Confectionery,"Biscuits, Chocolate, Candy & Snacks",marshmallow-pop-30gm,Active,
3552,5.548,Marshmallow pop 60g,Pcs,Snacks & Confectionery,"Biscuits, Chocolate, Candy & Snacks",marshmallow-pop-60g,Active,
3591,7.3317,Meidan fruit biscuit orange flv 420g,Pcs,Snacks & Confectionery,"Biscuits, Chocolate, Candy & Snacks",meidan-fruit-biscuit-orange-flv-420g,Active,
3596,5.214,Mello Mellow Fruit Flavr Marshmallow 150g,Pc,Snacks & Confectionery,"Biscuits, Chocolate, Candy & Snacks",mello-mellow-fruit-flavr-marshmallow-150g,Active,
3638,5.774,Milky Bar 42gm,Pcs,Snacks & Confectionery,"Biscuits, Chocolate, Candy & Snacks",milky-bar-42gm,Active,
3643,21.127,Milky Bites Vanilla Chips iml 500 ml,Pcs,Snacks & Confectionery,"Biscuits, Chocolate, Candy & Snacks",milky-bites-vanilla-chips-iml-500-ml,Active,
3760,7.478,Mitho fapar cookies 250gm,Pcs,Snacks & Confectionery,"Biscuits, Chocolate, Candy & Snacks",mitho-fapar-cookies-250gm,Active,
3761,7.4774,Mitho jau cookies 250gm,Pcs,Snacks & Confectionery,"Biscuits, Chocolate, Candy & Snacks",mitho-jau-cookies-250gm,Active,
3762,7.4775,Mitho kodo cookies 250gm,Pcs,Snacks & Confectionery,"Biscuits, Chocolate, Candy & Snacks",mitho-kodo-cookies-250gm,Active,
3763,7.4776,Mitho makai cookies 250gm,Pcs,Snacks & Confectionery,"Biscuits, Chocolate, Candy & Snacks",mitho-makai-cookies-250gm,Active,
3764,7.4778,Mitho moring cookies 250gm,Pcs,Snacks & Confectionery,"Biscuits, Chocolate, Candy & Snacks",mitho-moring-cookies-250gm,Active,
3765,7.4777,Mitho multigrain cookies 250gm,Pcs,Snacks & Confectionery,"Biscuits, Chocolate, Candy & Snacks",mitho-multigrain-cookies-250gm,Active,
3768,7.4779,Mitho sisno cookies 250gm,Pcs,Snacks & Confectionery,"Biscuits, Chocolate, Candy & Snacks",mitho-sisno-cookies-250gm,Active,
3771,5.931,Mix Flavoured Candy 100g,Pack,Snacks & Confectionery,"Biscuits, Chocolate, Candy & Snacks",mix-flavoured-candy-100g,Active,
3773,7.2978,Mix Nut Trail Healthy Snacking 250gm,Pcs,Snacks & Confectionery,"Biscuits, Chocolate, Candy & Snacks",mix-nut-trail-healthy-snacking-250gm,Active,
3776,7.4709,Modern bakery cookies peanut 180gm,Pcs,Snacks & Confectionery,"Biscuits, Chocolate, Candy & Snacks",modern-bakery-cookies-peanut-180gm,Active,
3824,7.1175,Mr. Happy Premium cookies,PC,Snacks & Confectionery,"Biscuits, Chocolate, Candy & Snacks",mr-happy-premium-cookies,Active,
3885,7.41,Munchys Vege Crackers Kraker sayuran /peanut sandwich biscuits390g,PC,Snacks & Confectionery,"Biscuits, Chocolate, Candy & Snacks",munchys-vege-crackers-kraker-sayuran-peanut-sandwich-biscuits390g,Active,
3883,7.393,Munchys oat krunch biscuit 78gm,Pcs,Snacks & Confectionery,"Biscuits, Chocolate, Candy & Snacks",munchys-oat-krunch-biscuit-78gm,Active,
3886,7.462,Munchys wheat crackers 276gm,Pcs,Snacks & Confectionery,"Biscuits, Chocolate, Candy & Snacks",munchys-wheat-crackers-276gm,Active,
3887,7.1559,Munchys! top/fun mix biscuits 295g,PC,Snacks & Confectionery,"Biscuits, Chocolate, Candy & Snacks",munchys-top-fun-mix-biscuits-295g,Active,
3929,5.84,Nastle MilkyBar moosha 38g,PC,Snacks & Confectionery,"Biscuits, Chocolate, Candy & Snacks",nastle-milkybar-moosha-38g,Active,
3985,5.331,Nestle Milkybar moosha20g,PC,Snacks & Confectionery,"Biscuits, Chocolate, Candy & Snacks",nestle-milkybar-moosha20g,Active,
3984,5.925,Nestle mikybar classic 10gm,Pcs,Snacks & Confectionery,"Biscuits, Chocolate, Candy & Snacks",nestle-mikybar-classic-10gm,Active,
4158,6.78,Old Durbar 180ml,PC,Snacks & Confectionery,"Biscuits, Chocolate, Candy & Snacks",old-durbar-180ml,Active,
4160,6.66,Old Durbar Black 750ml,Btl,Snacks & Confectionery,"Biscuits, Chocolate, Candy & Snacks",old-durbar-black-750ml,Active,
4161,6.2,Old Durbar Black Chimney 180ml,Bttl,Snacks & Confectionery,"Biscuits, Chocolate, Candy & Snacks",old-durbar-black-chimney-180ml,Active,
4162,6.86,Old Durbar Black chimney 180ml,PC,Snacks & Confectionery,"Biscuits, Chocolate, Candy & Snacks",old-durbar-black-chimney-180ml,Active,
4163,6.92,Old Durbar Black chimney 375ml,PC,Snacks & Confectionery,"Biscuits, Chocolate, Candy & Snacks",old-durbar-black-chimney-375ml,Active,
4164,6.91,Old Durbar red 375ml,PC,Snacks & Confectionery,"Biscuits, Chocolate, Candy & Snacks",old-durbar-red-375ml,Active,
4159,6.31,Old durbar 750ml,BOTTLE,Snacks & Confectionery,"Biscuits, Chocolate, Candy & Snacks",old-durbar-750ml,Active,
4171,5.1073,Orego cookies cream/choco cream 40gm,Pcs,Snacks & Confectionery,"Biscuits, Chocolate, Candy & Snacks",orego-cookies-cream-choco-cream-40gm,Active,
4292,5.1049,Parle XHALE Mint Candy 280g,Pcs,Snacks & Confectionery,"Biscuits, Chocolate, Candy & Snacks",parle-xhale-mint-candy-280g,Active,
4266,5.1055,Parle banana candy 300gm,Pcs,Snacks & Confectionery,"Biscuits, Chocolate, Candy & Snacks",parle-banana-candy-300gm,Active,
4273,7.1572,Parle happy happy biscuitRs115,PC,Snacks & Confectionery,"Biscuits, Chocolate, Candy & Snacks",parle-happy-happy-biscuitrs115,Active,
4288,7.47,Parle nutricrunch digestive cookies 200gm,PKT,Snacks & Confectionery,"Biscuits, Chocolate, Candy & Snacks",parle-nutricrunch-digestive-cookies-200gm,Active,
4385,5.1141,Pepero amond/choco cookie 32gm,Pcs,Snacks & Confectionery,"Biscuits, Chocolate, Candy & Snacks",pepero-amond-choco-cookie-32gm,Active,
4441,2.313,Plom Candy Melts Tinted Lip BalmRed Velvet Love 4.5g,Pcs,Snacks & Confectionery,"Biscuits, Chocolate, Candy & Snacks",plom-candy-melts-tinted-lip-balmred-velvet-love-4-5g,Active,
4442,2.3281,Plom candy melts berry feast / melon bubble-yum / Red Velvet Love lip balm,Pcs,Snacks & Confectionery,"Biscuits, Chocolate, Candy & Snacks",plom-candy-melts-berry-feast-melon-bubble-yum-red-velvet-love-lip-balm,Active,
4506,5.114,Popping corn chips all flv 67gm,Pcs,Snacks & Confectionery,"Biscuits, Chocolate, Candy & Snacks",popping-corn-chips-all-flv-67gm,Active,
4553,7.166,Potata Spicy flavoured biscuit 75 gm,PC,Snacks & Confectionery,"Biscuits, Chocolate, Candy & Snacks",potata-spicy-flavoured-biscuit-75-gm,Active,
4554,7.3133,Potato Cracker 45gm,Pcs,Snacks & Confectionery,"Biscuits, Chocolate, Candy & Snacks",potato-cracker-45gm,Active,
4581,7.2074,Prawn crackers 100gm,Pcs,Snacks & Confectionery,"Biscuits, Chocolate, Candy & Snacks",prawn-crackers-100gm,Active,
4601,7.496,Priyagold CNC biscuits 200g,pc,Snacks & Confectionery,"Biscuits, Chocolate, Candy & Snacks",priyagold-cnc-biscuits-200g,Active,
4602,7.396,Priyagold CNC biscuits 70g,pkt,Snacks & Confectionery,"Biscuits, Chocolate, Candy & Snacks",priyagold-cnc-biscuits-70g,Active,
4646,5.1104,R&R A one chips potato 45gm,Pcs,Snacks & Confectionery,"Biscuits, Chocolate, Candy & Snacks",r-r-a-one-chips-potato-45gm,Active,
4647,7.3475,R&R Kushal Mr Namkeen300gm,Pcs,Snacks & Confectionery,"Biscuits, Chocolate, Candy & Snacks",r-r-kushal-mr-namkeen300gm,Active,
4650,7.3303,R&R Kushal Namkeen800g,Pcs,Snacks & Confectionery,"Biscuits, Chocolate, Candy & Snacks",r-r-kushal-namkeen800g,Active,
4648,7.4637,R&R kushal namkeen 225gm,Pcs,Snacks & Confectionery,"Biscuits, Chocolate, Candy & Snacks",r-r-kushal-namkeen-225gm,Active,
4649,7.4633,R&R kushal namkeen 65gm,Pcs,Snacks & Confectionery,"Biscuits, Chocolate, Candy & Snacks",r-r-kushal-namkeen-65gm,Active,
4669,17.313,Rabbar 2pc set,Pcs,Snacks & Confectionery,"Biscuits, Chocolate, Candy & Snacks",rabbar-2pc-set,Active,
4689,7.1229,Ramro Cherry cookies,PC,Snacks & Confectionery,"Biscuits, Chocolate, Candy & Snacks",ramro-cherry-cookies,Active,
4690,7.497,Ramro Ding Dong Cake,pc,Snacks & Confectionery,"Biscuits, Chocolate, Candy & Snacks",ramro-ding-dong-cake,Active,
4692,7.3739,Ramro Dingdong Donut Choco Vanilla Cake 50g,Pcs,Snacks & Confectionery,"Biscuits, Chocolate, Candy & Snacks",ramro-dingdong-donut-choco-vanilla-cake-50g,Active,
4701,7.3168,Ramro Royale Fruit Cake 78gm,Pcs,Snacks & Confectionery,"Biscuits, Chocolate, Candy & Snacks",ramro-royale-fruit-cake-78gm,Active,
4708,7.687,Ramro Tayal bakery cookies,pc,Snacks & Confectionery,"Biscuits, Chocolate, Candy & Snacks",ramro-tayal-bakery-cookies,Active,
4691,7.4279,Ramro dingdong cake 100gm rs100,Pcs,Snacks & Confectionery,"Biscuits, Chocolate, Candy & Snacks",ramro-dingdong-cake-100gm-rs100,Active,
4694,7.3892,Ramro multi-7 grains digestive cookies 250gm,Pcs,Snacks & Confectionery,"Biscuits, Chocolate, Candy & Snacks",ramro-multi-7-grains-digestive-cookies-250gm,Active,
4699,7.3661,Ramro royal cake Sliced 200+10gm free,Pcs,Snacks & Confectionery,"Biscuits, Chocolate, Candy & Snacks",ramro-royal-cake-sliced-200-10gm-free,Active,
4768,4.1101,Refined Series Glass candy Jar TG016,Pcs,Snacks & Confectionery,"Biscuits, Chocolate, Candy & Snacks",refined-series-glass-candy-jar-tg016,Active,
4777,7.3909,Rijal Namkeen Furnadana 600gm,Pcs,Snacks & Confectionery,"Biscuits, Chocolate, Candy & Snacks",rijal-namkeen-furnadana-600gm,Active,
4779,7.2454,Rijals Aakbare chips 53.g,Pack,Snacks & Confectionery,"Biscuits, Chocolate, Candy & Snacks",rijals-aakbare-chips-53-g,Active,
4780,7.928,Rijals potato chips 135gm,pc,Snacks & Confectionery,"Biscuits, Chocolate, Candy & Snacks",rijals-potato-chips-135gm,Active,
4785,7.816,Rijals potato chips 72gm,pc,Snacks & Confectionery,"Biscuits, Chocolate, Candy & Snacks",rijals-potato-chips-72gm,Active,
4791,1.1414,Rin Bar 125gm,Pcs,Snacks & Confectionery,"Biscuits, Chocolate, Candy & Snacks",rin-bar-125gm,Active,
4837,21.137,Royal Big Chocobar 60ml,Pcs,Snacks & Confectionery,"Biscuits, Chocolate, Candy & Snacks",royal-big-chocobar-60ml,Active,
4841,21.149,Royal bites cookies&cream creamy bliss,Pcs,Snacks & Confectionery,"Biscuits, Chocolate, Candy & Snacks",royal-bites-cookies-cream-creamy-bliss,Active,
5132,7.491,SMB Mahesh Namkeen 280gm,pc,Snacks & Confectionery,"Biscuits, Chocolate, Candy & Snacks",smb-mahesh-namkeen-280gm,Active,
5136,7.488,SMB Shital namkeen 280gm,pkt,Snacks & Confectionery,"Biscuits, Chocolate, Candy & Snacks",smb-shital-namkeen-280gm,Active,
5131,7.3904,SMB cornflex micture shital namkeen 300gm,Pcs,Snacks & Confectionery,"Biscuits, Chocolate, Candy & Snacks",smb-cornflex-micture-shital-namkeen-300gm,Active,
4959,7.4112,Sasna cookies all flv 125gm,Pcs,Snacks & Confectionery,"Biscuits, Chocolate, Candy & Snacks",sasna-cookies-all-flv-125gm,Active,
4970,7.4666,Searious nacks crispy seaweed snacks 4gm,Pcs,Snacks & Confectionery,"Biscuits, Chocolate, Candy & Snacks",searious-nacks-crispy-seaweed-snacks-4gm,Active,
5037,5.1137,Shrimp cracker original 75gm,Pcs,Snacks & Confectionery,"Biscuits, Chocolate, Candy & Snacks",shrimp-cracker-original-75gm,Active,
5038,7.4368,Shrinav diet mixture furandana 400gm,Pcs,Snacks & Confectionery,"Biscuits, Chocolate, Candy & Snacks",shrinav-diet-mixture-furandana-400gm,Active,
5046,7.4041,Siddhi vinayak nut cracker 160gm,Pcs,Snacks & Confectionery,"Biscuits, Chocolate, Candy & Snacks",siddhi-vinayak-nut-cracker-160gm,Active,
5114,7.347,Six Villa Prawn Cracker200gm,Pcs,Snacks & Confectionery,"Biscuits, Chocolate, Candy & Snacks",six-villa-prawn-cracker200gm,Active,
5507,1.1926,Tide white bar 200gm,Pcs,Snacks & Confectionery,"Biscuits, Chocolate, Candy & Snacks",tide-white-bar-200gm,Active,
5585,7.4539,Totaste garlic oyster flavor soda biscuit 308gm,Pcs,Snacks & Confectionery,"Biscuits, Chocolate, Candy & Snacks",totaste-garlic-oyster-flavor-soda-biscuit-308gm,Active,
5664,1.2334,V-Series super dishwash bar 125gm,Pcs,Snacks & Confectionery,"Biscuits, Chocolate, Candy & Snacks",v-series-super-dishwash-bar-125gm,Active,
5753,1.281,Vim bar 500g,pc,Snacks & Confectionery,"Biscuits, Chocolate, Candy & Snacks",vim-bar-500g,Active,
5780,5.1067,Vogs mugello wafer balls 250gm,Pcs,Snacks & Confectionery,"Biscuits, Chocolate, Candy & Snacks",vogs-mugello-wafer-balls-250gm,Active,
814,7.422,britannia cake fruity fun110gm,PKT,Snacks & Confectionery,"Biscuits, Chocolate, Candy & Snacks",britannia-cake-fruity-fun110gm,Active,
3091,5.1112,kravour strawberry /choco wafer 100gm,Pcs,Snacks & Confectionery,"Biscuits, Chocolate, Candy & Snacks",kravour-strawberry-choco-wafer-100gm,Active,
3106,5.123,kwiks potato chips Rs50,pkt,Snacks & Confectionery,"Biscuits, Chocolate, Candy & Snacks",kwiks-potato-chips-rs50,Active,
3267,5.991,london delights mubarak choco biscuit 200gm,Pcs,Snacks & Confectionery,"Biscuits, Chocolate, Candy & Snacks",london-delights-mubarak-choco-biscuit-200gm,Active,
3554,5.923,marshmallow fruit 20gm,Pcs,Snacks & Confectionery,"Biscuits, Chocolate, Candy & Snacks",marshmallow-fruit-20gm,Active,
4262,7.39,parle -G gold Biscuits 200g,pkt,Snacks & Confectionery,"Biscuits, Chocolate, Candy & Snacks",parle-g-gold-biscuits-200g,Active,
4291,7.1488,parle Top Biscuits rs 10 ko 12pcs,PC,Snacks & Confectionery,"Biscuits, Chocolate, Candy & Snacks",parle-top-biscuits-rs-10-ko-12pcs,Active,
4606,7.397,priyagold Snack zig zag 200g,pkt,Snacks & Confectionery,"Biscuits, Chocolate, Candy & Snacks",priyagold-snack-zig-zag-200g,Active,
4607,7.4671,priyagold Snack zig zag 70g,Pcs,Snacks & Confectionery,"Biscuits, Chocolate, Candy & Snacks",priyagold-snack-zig-zag-70g,Active,
5036,7.485,shrimp cracker hot&spicy 75gm,Pcs,Snacks & Confectionery,"Biscuits, Chocolate, Candy & Snacks",shrimp-cracker-hot-spicy-75gm,Active,
5391,1.1718,surf excel Big Bar 250gm,Pcs,Snacks & Confectionery,"Biscuits, Chocolate, Candy & Snacks",surf-excel-big-bar-250gm,Active,
118,7.377,Aama ko bitter gourd pickle 380gm,Pcs,"Sauces, Spreads & Preserves","Sauces, Jam, Pickles & Syrups",aama-ko-bitter-gourd-pickle-380gm,Active,
122,7.3755,Aama ko chicken pickle 450gm,Pcs,"Sauces, Spreads & Preserves","Sauces, Jam, Pickles & Syrups",aama-ko-chicken-pickle-450gm,Active,
124,7.3757,Aama ko dalla in brine pickle 380gm,Pcs,"Sauces, Spreads & Preserves","Sauces, Jam, Pickles & Syrups",aama-ko-dalla-in-brine-pickle-380gm,Active,
125,7.3759,Aama ko dalla lime pickle 380gm,Pcs,"Sauces, Spreads & Preserves","Sauces, Jam, Pickles & Syrups",aama-ko-dalla-lime-pickle-380gm,Active,
126,7.3758,Aama ko dalla pickle in oil 380gm,Pcs,"Sauces, Spreads & Preserves","Sauces, Jam, Pickles & Syrups",aama-ko-dalla-pickle-in-oil-380gm,Active,
130,7.3765,Aama ko garlic pickle 380gm,Pcs,"Sauces, Spreads & Preserves","Sauces, Jam, Pickles & Syrups",aama-ko-garlic-pickle-380gm,Active,
131,7.3767,Aama ko green chilly pickle 380gm,Pcs,"Sauces, Spreads & Preserves","Sauces, Jam, Pickles & Syrups",aama-ko-green-chilly-pickle-380gm,Active,
132,7.3756,Aama ko hot & spicy lapsi pickle 400gm,Pcs,"Sauces, Spreads & Preserves","Sauces, Jam, Pickles & Syrups",aama-ko-hot-spicy-lapsi-pickle-400gm,Active,
134,7.4608,Aama ko hot mango pickle 1kg,Pcs,"Sauces, Spreads & Preserves","Sauces, Jam, Pickles & Syrups",aama-ko-hot-mango-pickle-1kg,Active,
135,7.3761,Aama ko hot mango pickle 380,Pcs,"Sauces, Spreads & Preserves","Sauces, Jam, Pickles & Syrups",aama-ko-hot-mango-pickle-380,Active,
137,7.4065,"Aama ko mango,ginger&garlic pickle 380gm",Pcs,"Sauces, Spreads & Preserves","Sauces, Jam, Pickles & Syrups",aama-ko-mango-ginger-garlic-pickle-380gm,Active,
138,7.376,Aama ko mixed pickle 380gm,Pcs,"Sauces, Spreads & Preserves","Sauces, Jam, Pickles & Syrups",aama-ko-mixed-pickle-380gm,Active,
140,7.3764,Aama ko radish pickle 380gm,Pcs,"Sauces, Spreads & Preserves","Sauces, Jam, Pickles & Syrups",aama-ko-radish-pickle-380gm,Active,
141,7.3768,Aama ko red chilli timur & garlic pickle 200gm,Pcs,"Sauces, Spreads & Preserves","Sauces, Jam, Pickles & Syrups",aama-ko-red-chilli-timur-garlic-pickle-200gm,Active,
142,7.3766,Aama ko sweet lapsi pickle 400gm,Pcs,"Sauces, Spreads & Preserves","Sauces, Jam, Pickles & Syrups",aama-ko-sweet-lapsi-pickle-400gm,Active,
155,7.2278,Acharya Black teel 25gm,Pcs,"Sauces, Spreads & Preserves","Sauces, Jam, Pickles & Syrups",acharya-black-teel-25gm,Active,
157,7.2156,Acharya Panipuri Masala50gm,Pcs,"Sauces, Spreads & Preserves","Sauces, Jam, Pickles & Syrups",acharya-panipuri-masala50gm,Active,
156,7.4132,Acharya jeera geda 50gm,Pcs,"Sauces, Spreads & Preserves","Sauces, Jam, Pickles & Syrups",acharya-jeera-geda-50gm,Active,
158,7.4131,Acharya white teel 80gm,Pcs,"Sauces, Spreads & Preserves","Sauces, Jam, Pickles & Syrups",acharya-white-teel-80gm,Active,
236,7.3919,Alpenliebe juzt jelly 67.5,Pcs,"Sauces, Spreads & Preserves","Sauces, Jam, Pickles & Syrups",alpenliebe-juzt-jelly-67-5,Active,
244,7.1661,America garden Traditional pasta sauce 397g,PC,"Sauces, Spreads & Preserves","Sauces, Jam, Pickles & Syrups",america-garden-traditional-pasta-sauce-397g,Active,
245,7.3574,American Chocolate Syrup 680gm,Pcs,"Sauces, Spreads & Preserves","Sauces, Jam, Pickles & Syrups",american-chocolate-syrup-680gm,Active,
246,7.35,American Garden BBQ Sauce Original 510g,PC,"Sauces, Spreads & Preserves","Sauces, Jam, Pickles & Syrups",american-garden-bbq-sauce-original-510g,Active,
250,7.1925,American garden Pizza Sauce 397g,BOTTLE,"Sauces, Spreads & Preserves","Sauces, Jam, Pickles & Syrups",american-garden-pizza-sauce-397g,Active,
248,7.4315,American garden caramel syrup 6880gm,Pcs,"Sauces, Spreads & Preserves","Sauces, Jam, Pickles & Syrups",american-garden-caramel-syrup-6880gm,Active,
252,7.1259,American garden us mustard sauce 227g,PC,"Sauces, Spreads & Preserves","Sauces, Jam, Pickles & Syrups",american-garden-us-mustard-sauce-227g,Active,
277,2.367,Anylady Jelly TINT Lip gloss,Pcs,"Sauces, Spreads & Preserves","Sauces, Jam, Pickles & Syrups",anylady-jelly-tint-lip-gloss,Active,
280,7.2888,Apis Mixed Fruit Jam orange\ strawberry\ mango 450gm,Pcs,"Sauces, Spreads & Preserves","Sauces, Jam, Pickles & Syrups",apis-mixed-fruit-jam-orange-strawberry-mango-450gm,Active,
281,7.3747,Apis paineapple jam 450gm,Pcs,"Sauces, Spreads & Preserves","Sauces, Jam, Pickles & Syrups",apis-paineapple-jam-450gm,Active,
628,4.347,BBQ Skewera 10piece,Pcs,"Sauces, Spreads & Preserves","Sauces, Jam, Pickles & Syrups",bbq-skewera-10piece,Active,
860,7.446,Buldak hot sauce 2spicy 200gm,Pcs,"Sauces, Spreads & Preserves","Sauces, Jam, Pickles & Syrups",buldak-hot-sauce-2spicy-200gm,Active,
1008,7.1335,CHABAA Pineapple/mix/orange/blueberry/strawberry fruit jam 240g,PC,"Sauces, Spreads & Preserves","Sauces, Jam, Pickles & Syrups",chabaa-pineapple-mix-orange-blueberry-strawberry-fruit-jam-240g,Active,
950,7.244,Century Hot & Sweet chilly tomato Sauce 200g,Pcs,"Sauces, Spreads & Preserves","Sauces, Jam, Pickles & Syrups",century-hot-sweet-chilly-tomato-sauce-200g,Active,
951,7.2441,Century Hot & Sweet chilly tomato sauce 500g,Pcs,"Sauces, Spreads & Preserves","Sauces, Jam, Pickles & Syrups",century-hot-sweet-chilly-tomato-sauce-500g,Active,
968,7.1777,Century Mixed/mango Pickle 400g,PC,"Sauces, Spreads & Preserves","Sauces, Jam, Pickles & Syrups",century-mixed-mango-pickle-400g,Active,
980,7.2524,Century Soya sauce 350g,Bttl,"Sauces, Spreads & Preserves","Sauces, Jam, Pickles & Syrups",century-soya-sauce-350g,Active,
981,7.211,Century Soya sauce 800g,Pcs,"Sauces, Spreads & Preserves","Sauces, Jam, Pickles & Syrups",century-soya-sauce-800g,Active,
986,7.2108,Century Tomato Ketchup 1kg,Pcs,"Sauces, Spreads & Preserves","Sauces, Jam, Pickles & Syrups",century-tomato-ketchup-1kg,Active,
963,7.1891,Century mix fruit jam 500g,Pcs,"Sauces, Spreads & Preserves","Sauces, Jam, Pickles & Syrups",century-mix-fruit-jam-500g,Active,
967,7.1952,Century mixed pickle 1 kg,Pcs,"Sauces, Spreads & Preserves","Sauces, Jam, Pickles & Syrups",century-mixed-pickle-1-kg,Active,
973,7.1629,Century pickle masala50g,PC,"Sauces, Spreads & Preserves","Sauces, Jam, Pickles & Syrups",century-pickle-masala50g,Active,
987,7.1894,Century tomato ketchup 200g,Pcs,"Sauces, Spreads & Preserves","Sauces, Jam, Pickles & Syrups",century-tomato-ketchup-200g,Active,
988,7.1895,Century tomato ketchup 500g,Pcs,"Sauces, Spreads & Preserves","Sauces, Jam, Pickles & Syrups",century-tomato-ketchup-500g,Active,
1024,7.4481,Chef's choice american mustrad sauce 227gm,Pcs,"Sauces, Spreads & Preserves","Sauces, Jam, Pickles & Syrups",chef-s-choice-american-mustrad-sauce-227gm,Active,
1025,7.4483,Chef's choice american mustrad sauce 396gm,Pcs,"Sauces, Spreads & Preserves","Sauces, Jam, Pickles & Syrups",chef-s-choice-american-mustrad-sauce-396gm,Active,
1027,7.4486,Chef's choice original bbq sauce 510gm,Pcs,"Sauces, Spreads & Preserves","Sauces, Jam, Pickles & Syrups",chef-s-choice-original-bbq-sauce-510gm,Active,
1029,7.4487,Chef's choice pizza sauce 400gm,Pcs,"Sauces, Spreads & Preserves","Sauces, Jam, Pickles & Syrups",chef-s-choice-pizza-sauce-400gm,Active,
1030,7.383,Chef's choice regular mayonnaise 946ml,Pcs,"Sauces, Spreads & Preserves","Sauces, Jam, Pickles & Syrups",chef-s-choice-regular-mayonnaise-946ml,Active,
1032,7.4485,Chef's choice sweet chilli sauce 355gm,Pcs,"Sauces, Spreads & Preserves","Sauces, Jam, Pickles & Syrups",chef-s-choice-sweet-chilli-sauce-355gm,Active,
1033,7.4489,Chef's choice sweet chilli sauce 710gm,Pcs,"Sauces, Spreads & Preserves","Sauces, Jam, Pickles & Syrups",chef-s-choice-sweet-chilli-sauce-710gm,Active,
1034,7.448,Chef's pasta sauce 400gm,Pcs,"Sauces, Spreads & Preserves","Sauces, Jam, Pickles & Syrups",chef-s-pasta-sauce-400gm,Active,
1248,5.614,Current Achari stick Crispy 'N' Crunchy kurmure 80g,Pcs,"Sauces, Spreads & Preserves","Sauces, Jam, Pickles & Syrups",current-achari-stick-crispy-n-crunchy-kurmure-80g,Active,
1665,7.1604,DRUK Apple Jam 500gm,PC,"Sauces, Spreads & Preserves","Sauces, Jam, Pickles & Syrups",druk-apple-jam-500gm,Active,
19,5.988,Dolphin Jelly With Nata De Coco 256g,Pcs,"Sauces, Spreads & Preserves","Sauces, Jam, Pickles & Syrups",dolphin-jelly-with-nata-de-coco-256g,Active,
1580,5.1129,Dolphin jelly with nata de coco 320gm,Pcs,"Sauces, Spreads & Preserves","Sauces, Jam, Pickles & Syrups",dolphin-jelly-with-nata-de-coco-320gm,Active,
1581,5.1128,Dolphin pudding with nata decoco jelly 320gm,Pcs,"Sauces, Spreads & Preserves","Sauces, Jam, Pickles & Syrups",dolphin-pudding-with-nata-decoco-jelly-320gm,Active,
1667,7.56,Druk Dalla Pickle (akbare) in oil380G,BOTTLE,"Sauces, Spreads & Preserves","Sauces, Jam, Pickles & Syrups",druk-dalla-pickle-akbare-in-oil380g,Active,
1668,7.8,Druk Green Chilli Pickle In Oil 400g,PC,"Sauces, Spreads & Preserves","Sauces, Jam, Pickles & Syrups",druk-green-chilli-pickle-in-oil-400g,Active,
1670,7.63,Druk Mango Jam Pection Mixed 500g,PC,"Sauces, Spreads & Preserves","Sauces, Jam, Pickles & Syrups",druk-mango-jam-pection-mixed-500g,Active,
1671,7.3,Druk Mango Pickle In Oil 400g,PC,"Sauces, Spreads & Preserves","Sauces, Jam, Pickles & Syrups",druk-mango-pickle-in-oil-400g,Active,
1672,7.7,Druk Mixed Fruit Jam Pectin Mixed,PC,"Sauces, Spreads & Preserves","Sauces, Jam, Pickles & Syrups",druk-mixed-fruit-jam-pectin-mixed,Active,
1673,7.11,Druk Mixed Pickle In Oil 1kg,PC,"Sauces, Spreads & Preserves","Sauces, Jam, Pickles & Syrups",druk-mixed-pickle-in-oil-1kg,Active,
1676,7.22,Druk Soya Sauce 350g,PC,"Sauces, Spreads & Preserves","Sauces, Jam, Pickles & Syrups",druk-soya-sauce-350g,Active,
1677,7.23,Druk Soya Sauce 800g,PC,"Sauces, Spreads & Preserves","Sauces, Jam, Pickles & Syrups",druk-soya-sauce-800g,Active,
1678,7.2163,Druk Strawberry jam 500g,Pcs,"Sauces, Spreads & Preserves","Sauces, Jam, Pickles & Syrups",druk-strawberry-jam-500g,Active,
1682,7.18,Druk Tomato Ketchup 1kg,PC,"Sauces, Spreads & Preserves","Sauces, Jam, Pickles & Syrups",druk-tomato-ketchup-1kg,Active,
1683,7.2,Druk Tomato Ketchup 200g,PC,"Sauces, Spreads & Preserves","Sauces, Jam, Pickles & Syrups",druk-tomato-ketchup-200g,Active,
1684,7.3,Druk Tomato Ketchup 5kg,PC,"Sauces, Spreads & Preserves","Sauces, Jam, Pickles & Syrups",druk-tomato-ketchup-5kg,Active,
1681,7.691,Druk Tomato ketchup 500g,pc,"Sauces, Spreads & Preserves","Sauces, Jam, Pickles & Syrups",druk-tomato-ketchup-500g,Active,
1685,7.1949,Druk Tomato ketchup sachet 1*360 pack,pkt,"Sauces, Spreads & Preserves","Sauces, Jam, Pickles & Syrups",druk-tomato-ketchup-sachet-1-360-pack,Active,
1674,7.495,Druk mixed pickle in oil 400g,pc,"Sauces, Spreads & Preserves","Sauces, Jam, Pickles & Syrups",druk-mixed-pickle-in-oil-400g,Active,
1675,7.4363,Druk red chilli sauce 200gm,Pcs,"Sauces, Spreads & Preserves","Sauces, Jam, Pickles & Syrups",druk-red-chilli-sauce-200gm,Active,
1945,7.4444,Fine lemon pickle 400gm,Pcs,"Sauces, Spreads & Preserves","Sauces, Jam, Pickles & Syrups",fine-lemon-pickle-400gm,Active,
1946,7.4443,Fine mango pickle 400gm,Pcs,"Sauces, Spreads & Preserves","Sauces, Jam, Pickles & Syrups",fine-mango-pickle-400gm,Active,
1947,7.4442,Fine mixed pickle 400gm,Pcs,"Sauces, Spreads & Preserves","Sauces, Jam, Pickles & Syrups",fine-mixed-pickle-400gm,Active,
2102,7.4351,G4 sesame chilly sauce 230gm,Pcs,"Sauces, Spreads & Preserves","Sauces, Jam, Pickles & Syrups",g4-sesame-chilly-sauce-230gm,Active,
2516,7.1269,Herman Mayonnaise 473ml,PC,"Sauces, Spreads & Preserves","Sauces, Jam, Pickles & Syrups",herman-mayonnaise-473ml,Active,
2517,7.775,Hersheys Chocolate Syrup 600g,pc,"Sauces, Spreads & Preserves","Sauces, Jam, Pickles & Syrups",hersheys-chocolate-syrup-600g,Active,
2518,7.4358,Hersheys Chocolate Syrup 680g,Pcs,"Sauces, Spreads & Preserves","Sauces, Jam, Pickles & Syrups",hersheys-chocolate-syrup-680g,Active,
2519,7.3876,Hersheys strawberry flavor syrup 623gm,Pcs,"Sauces, Spreads & Preserves","Sauces, Jam, Pickles & Syrups",hersheys-strawberry-flavor-syrup-623gm,Active,
2569,7.3118,Hilife Mixed Fruit Jam 500gm,Pcs,"Sauces, Spreads & Preserves","Sauces, Jam, Pickles & Syrups",hilife-mixed-fruit-jam-500gm,Active,
2742,5.1081,Inaco nata decoco jelly 300gm,Pcs,"Sauces, Spreads & Preserves","Sauces, Jam, Pickles & Syrups",inaco-nata-decoco-jelly-300gm,Active,
2794,5.66,Jelly BBQ Stick Chocolate,PC,"Sauces, Spreads & Preserves","Sauces, Jam, Pickles & Syrups",jelly-bbq-stick-chocolate,Active,
2795,3.18,Jelly Bowl Colourful LX 754 L,PC,"Sauces, Spreads & Preserves","Sauces, Jam, Pickles & Syrups",jelly-bowl-colourful-lx-754-l,Active,
2796,5.1068,Jelly candy drop all flv,Pcs,"Sauces, Spreads & Preserves","Sauces, Jam, Pickles & Syrups",jelly-candy-drop-all-flv,Active,
2797,5.1134,Jelly coowy fruit 300gm,Pcs,"Sauces, Spreads & Preserves","Sauces, Jam, Pickles & Syrups",jelly-coowy-fruit-300gm,Active,
2798,5.1135,Jelly lollipops candy drop RS,Pcs,"Sauces, Spreads & Preserves","Sauces, Jam, Pickles & Syrups",jelly-lollipops-candy-drop-rs,Active,
2899,7.1625,Karmacharaya Sugar Free Digestive 150g,PC,"Sauces, Spreads & Preserves","Sauces, Jam, Pickles & Syrups",karmacharaya-sugar-free-digestive-150g,Active,
2901,7.3852,Karmacharya Coconuts Biskuts 500g,Pcs,"Sauces, Spreads & Preserves","Sauces, Jam, Pickles & Syrups",karmacharya-coconuts-biskuts-500g,Active,
2902,7.1451,Karmacharya Digestive Biscuits 150gm,PC,"Sauces, Spreads & Preserves","Sauces, Jam, Pickles & Syrups",karmacharya-digestive-biscuits-150gm,Active,
2903,7.25,Karmacharya Digestive Biscuits 500g,Pcs,"Sauces, Spreads & Preserves","Sauces, Jam, Pickles & Syrups",karmacharya-digestive-biscuits-500g,Active,
2904,7.2115,Karmacharya Good Bite Biscuits 200g,Pcs,"Sauces, Spreads & Preserves","Sauces, Jam, Pickles & Syrups",karmacharya-good-bite-biscuits-200g,Active,
2905,7.3753,Karmacharya Good Bite Biscuits 500gm,Pcs,"Sauces, Spreads & Preserves","Sauces, Jam, Pickles & Syrups",karmacharya-good-bite-biscuits-500gm,Active,
2900,7.4441,Karmacharya coconut biscuits 150gm,Pcs,"Sauces, Spreads & Preserves","Sauces, Jam, Pickles & Syrups",karmacharya-coconut-biscuits-150gm,Active,
2907,7.2501,Karmacharya sugar free Digestive Biscuits 500g,Pcs,"Sauces, Spreads & Preserves","Sauces, Jam, Pickles & Syrups",karmacharya-sugar-free-digestive-biscuits-500g,Active,
2906,7.1515,Karmacharya sugar free digestive biscuits 300g,PC,"Sauces, Spreads & Preserves","Sauces, Jam, Pickles & Syrups",karmacharya-sugar-free-digestive-biscuits-300g,Active,
3059,7.1173,Kissan Fresh Tomato ketchup 435gm,PC,"Sauces, Spreads & Preserves","Sauces, Jam, Pickles & Syrups",kissan-fresh-tomato-ketchup-435gm,Active,
3057,7.3408,Kissan Fresh tomato ketchup 1kg,Pcs,"Sauces, Spreads & Preserves","Sauces, Jam, Pickles & Syrups",kissan-fresh-tomato-ketchup-1kg,Active,
3062,7.574,Kissan Mixed Fruit jam 500g,pc,"Sauces, Spreads & Preserves","Sauces, Jam, Pickles & Syrups",kissan-mixed-fruit-jam-500g,Active,
3055,7.451,Kissan chilli totato sauce 500gm,Pcs,"Sauces, Spreads & Preserves","Sauces, Jam, Pickles & Syrups",kissan-chilli-totato-sauce-500gm,Active,
3058,7.4707,Kissan fresh tomato ketchup 200g,Pcs,"Sauces, Spreads & Preserves","Sauces, Jam, Pickles & Syrups",kissan-fresh-tomato-ketchup-200g,Active,
3060,7.1174,Kissan fresh tomato ketchup 500g,PC,"Sauces, Spreads & Preserves","Sauces, Jam, Pickles & Syrups",kissan-fresh-tomato-ketchup-500g,Active,
3061,7.573,Kissan mango/pinepple/ jam 490g,pc,"Sauces, Spreads & Preserves","Sauces, Jam, Pickles & Syrups",kissan-mango-pinepple-jam-490g,Active,
3094,5.1032,Krmacharya cocobite coconut sprinkle chocolate wafer,Pcs,"Sauces, Spreads & Preserves","Sauces, Jam, Pickles & Syrups",krmacharya-cocobite-coconut-sprinkle-chocolate-wafer,Active,
3240,7.4585,Local faim chicken pickle 350gm,Pcs,"Sauces, Spreads & Preserves","Sauces, Jam, Pickles & Syrups",local-faim-chicken-pickle-350gm,Active,
3244,7.458,Local faim hot mango pickle 350gm,Pcs,"Sauces, Spreads & Preserves","Sauces, Jam, Pickles & Syrups",local-faim-hot-mango-pickle-350gm,Active,
3245,7.4582,Local faim mixed pickle 350gm,Pcs,"Sauces, Spreads & Preserves","Sauces, Jam, Pickles & Syrups",local-faim-mixed-pickle-350gm,Active,
3318,5.578,Lotte Jellies jelly lollipop 16g,Pcs,"Sauces, Spreads & Preserves","Sauces, Jam, Pickles & Syrups",lotte-jellies-jelly-lollipop-16g,Active,
3438,7.17,Maggi Hot & Sweet Tomato Chilli Sauce 500g,PC,"Sauces, Spreads & Preserves","Sauces, Jam, Pickles & Syrups",maggi-hot-sweet-tomato-chilli-sauce-500g,Active,
3437,7.493,Maggi Hot & Sweet Tomato Chilli sauce 200g,pc,"Sauces, Spreads & Preserves","Sauces, Jam, Pickles & Syrups",maggi-hot-sweet-tomato-chilli-sauce-200g,Active,
3452,7.4211,Maiju ko akabare khursani achar 350gm,Pcs,"Sauces, Spreads & Preserves","Sauces, Jam, Pickles & Syrups",maiju-ko-akabare-khursani-achar-350gm,Active,
3453,7.4209,Maiju ko chicken achar 500gm,Pcs,"Sauces, Spreads & Preserves","Sauces, Jam, Pickles & Syrups",maiju-ko-chicken-achar-500gm,Active,
3454,7.4797,Maiju ko chicken pickle 350gm,Pcs,"Sauces, Spreads & Preserves","Sauces, Jam, Pickles & Syrups",maiju-ko-chicken-pickle-350gm,Active,
3455,7.421,Maiju ko fish achar 200gm,Pcs,"Sauces, Spreads & Preserves","Sauces, Jam, Pickles & Syrups",maiju-ko-fish-achar-200gm,Active,
3456,7.4795,Maiju ko mango pickle 500gm,Pcs,"Sauces, Spreads & Preserves","Sauces, Jam, Pickles & Syrups",maiju-ko-mango-pickle-500gm,Active,
3457,7.4389,Maiju ko mix achar 500gm,Pcs,"Sauces, Spreads & Preserves","Sauces, Jam, Pickles & Syrups",maiju-ko-mix-achar-500gm,Active,
3458,7.4798,Maiju ko mutto achar 350gm,Pcs,"Sauces, Spreads & Preserves","Sauces, Jam, Pickles & Syrups",maiju-ko-mutto-achar-350gm,Active,
3772,5.344,Mix Fruit Jelly Candy 330g,PC,"Sauces, Spreads & Preserves","Sauces, Jam, Pickles & Syrups",mix-fruit-jelly-candy-330g,Active,
4119,7.2675,Nutella Hazelnut Spread 350g,Pcs,"Sauces, Spreads & Preserves","Sauces, Jam, Pickles & Syrups",nutella-hazelnut-spread-350g,Active,
4143,2.4042,Oil bolla jam tint lip gloss,Pcs,"Sauces, Spreads & Preserves","Sauces, Jam, Pickles & Syrups",oil-bolla-jam-tint-lip-gloss,Active,
4178,7.2469,Orient Gardens Mayonnaise sauce946.ml,Pcs,"Sauces, Spreads & Preserves","Sauces, Jam, Pickles & Syrups",orient-gardens-mayonnaise-sauce946-ml,Active,
4197,7.1708,Oyster sauce 600ml thailand,PC,"Sauces, Spreads & Preserves","Sauces, Jam, Pickles & Syrups",oyster-sauce-600ml-thailand,Active,
4203,7.95,Paicho Green Chilli Sauce 1ltr,PC,"Sauces, Spreads & Preserves","Sauces, Jam, Pickles & Syrups",paicho-green-chilli-sauce-1ltr,Active,
4205,7.1459,Paicho Hot & Sweet sauce 200g,PC,"Sauces, Spreads & Preserves","Sauces, Jam, Pickles & Syrups",paicho-hot-sweet-sauce-200g,Active,
4207,7.1154,Paicho Mango Pickle 1kg,PC,"Sauces, Spreads & Preserves","Sauces, Jam, Pickles & Syrups",paicho-mango-pickle-1kg,Active,
4208,7.3109,Paicho Mix Jam 250gm,Pcs,"Sauces, Spreads & Preserves","Sauces, Jam, Pickles & Syrups",paicho-mix-jam-250gm,Active,
4209,7.3427,Paicho Mix Pickle 1kg,Pcs,"Sauces, Spreads & Preserves","Sauces, Jam, Pickles & Syrups",paicho-mix-pickle-1kg,Active,
4213,7.658,Paicho Red pepper with garlic pickle 500g,pkt,"Sauces, Spreads & Preserves","Sauces, Jam, Pickles & Syrups",paicho-red-pepper-with-garlic-pickle-500g,Active,
4214,7.1461,Paicho Soya Sauce 800gm,PC,"Sauces, Spreads & Preserves","Sauces, Jam, Pickles & Syrups",paicho-soya-sauce-800gm,Active,
4217,7.1458,Paicho Tomato Ketchup 500g,PC,"Sauces, Spreads & Preserves","Sauces, Jam, Pickles & Syrups",paicho-tomato-ketchup-500g,Active,
4216,7.1457,Paicho Tomato ketchup 200g,PC,"Sauces, Spreads & Preserves","Sauces, Jam, Pickles & Syrups",paicho-tomato-ketchup-200g,Active,
4210,7.1455,Paicho mixed Aachar/kagati/aamala/mango/Methi/g.chilli400g,PC,"Sauces, Spreads & Preserves","Sauces, Jam, Pickles & Syrups",paicho-mixed-aachar-kagati-aamala-mango-methi-g-chilli400g,Active,
4211,7.1463,Paicho mixed Jam 500gm,PC,"Sauces, Spreads & Preserves","Sauces, Jam, Pickles & Syrups",paicho-mixed-jam-500gm,Active,
4212,7.273,Paicho red pepper pickle 400g,pkt,"Sauces, Spreads & Preserves","Sauces, Jam, Pickles & Syrups",paicho-red-pepper-pickle-400g,Active,
4215,7.1664,Paicho super Soya Sauce 350gm,PC,"Sauces, Spreads & Preserves","Sauces, Jam, Pickles & Syrups",paicho-super-soya-sauce-350gm,Active,
4218,7.1655,Paicho tomato ketchup 5kg,PC,"Sauces, Spreads & Preserves","Sauces, Jam, Pickles & Syrups",paicho-tomato-ketchup-5kg,Active,
4579,5.917,Pran pudding jelly all flv,Pcs,"Sauces, Spreads & Preserves","Sauces, Jam, Pickles & Syrups",pran-pudding-jelly-all-flv,Active,
4725,5.68,Raribo/Maoam mix jelly,pkt,"Sauces, Spreads & Preserves","Sauces, Jam, Pickles & Syrups",raribo-maoam-mix-jelly,Active,
4775,5.296,Rico/pudding Jelly fruit flvr,PC,"Sauces, Spreads & Preserves","Sauces, Jam, Pickles & Syrups",rico-pudding-jelly-fruit-flvr,Active,
4869,7.76,Roza Fried Mackerel With Chilli Sauce,PC,"Sauces, Spreads & Preserves","Sauces, Jam, Pickles & Syrups",roza-fried-mackerel-with-chilli-sauce,Active,
4870,7.3879,Roza sweet chilli sauce 320gm,Pcs,"Sauces, Spreads & Preserves","Sauces, Jam, Pickles & Syrups",roza-sweet-chilli-sauce-320gm,Active,
4917,7.4316,Salsa vanilla syrup flavoured 1000ml,Pcs,"Sauces, Spreads & Preserves","Sauces, Jam, Pickles & Syrups",salsa-vanilla-syrup-flavoured-1000ml,Active,
4922,7.4031,Samriddha Buhari Chicken pickles 100gm,Pcs,"Sauces, Spreads & Preserves","Sauces, Jam, Pickles & Syrups",samriddha-buhari-chicken-pickles-100gm,Active,
4923,7.2169,Samriddha Buhari Chicken pickles 350gm,Pcs,"Sauces, Spreads & Preserves","Sauces, Jam, Pickles & Syrups",samriddha-buhari-chicken-pickles-350gm,Active,
4919,7.217,Samriddha Buhari Chilli pickle 350gm,Pcs,"Sauces, Spreads & Preserves","Sauces, Jam, Pickles & Syrups",samriddha-buhari-chilli-pickle-350gm,Active,
4920,7.2171,Samriddha Buhari Ginger Garlic pickle 350gm,Pcs,"Sauces, Spreads & Preserves","Sauces, Jam, Pickles & Syrups",samriddha-buhari-ginger-garlic-pickle-350gm,Active,
4924,7.2173,Samriddha Buhari Mix pickle 500gm,Pcs,"Sauces, Spreads & Preserves","Sauces, Jam, Pickles & Syrups",samriddha-buhari-mix-pickle-500gm,Active,
4921,7.2277,Samriddha Buhari Turmeric pickle350g,Pcs,"Sauces, Spreads & Preserves","Sauces, Jam, Pickles & Syrups",samriddha-buhari-turmeric-pickle350g,Active,
4956,7.74,Sardine In Tomato Sauce Roza 150g,PC,"Sauces, Spreads & Preserves","Sauces, Jam, Pickles & Syrups",sardine-in-tomato-sauce-roza-150g,Active,
5013,7.3881,Shangi schezwan sauce 250gm,Pcs,"Sauces, Spreads & Preserves","Sauces, Jam, Pickles & Syrups",shangi-schezwan-sauce-250gm,Active,
5150,5.161,Snow Queen Jelly 100g,pkt,"Sauces, Spreads & Preserves","Sauces, Jam, Pickles & Syrups",snow-queen-jelly-100g,Active,
5162,5.215,Soft Jelly orange jelly candy,pc,"Sauces, Spreads & Preserves","Sauces, Jam, Pickles & Syrups",soft-jelly-orange-jelly-candy,Active,
5389,5.647,Super Viviga Fruit Marshmallow Jam Filling 150g,Pcs,"Sauces, Spreads & Preserves","Sauces, Jam, Pickles & Syrups",super-viviga-fruit-marshmallow-jam-filling-150g,Active,
5369,7.4621,Super chef mayonnaise 236ml 80z,Pcs,"Sauces, Spreads & Preserves","Sauces, Jam, Pickles & Syrups",super-chef-mayonnaise-236ml-80z,Active,
5407,5.779,Sweet rainbow Jelly 100gm,Pcs,"Sauces, Spreads & Preserves","Sauces, Jam, Pickles & Syrups",sweet-rainbow-jelly-100gm,Active,
5408,5.188,Sweet rainbow Queen Jelly small 55g,pc,"Sauces, Spreads & Preserves","Sauces, Jam, Pickles & Syrups",sweet-rainbow-queen-jelly-small-55g,Active,
5526,7.6,Timur Chhop Pickle 400g,PC,"Sauces, Spreads & Preserves","Sauces, Jam, Pickles & Syrups",timur-chhop-pickle-400g,Active,
5683,2.166,Vaseline Blueseal oreginal Jelly 50,PC,"Sauces, Spreads & Preserves","Sauces, Jam, Pickles & Syrups",vaseline-blueseal-oreginal-jelly-50,Active,
5689,2.2027,Vaseline Dairy Brightening jelly vitamin B3 100ml,Pcs,"Sauces, Spreads & Preserves","Sauces, Jam, Pickles & Syrups",vaseline-dairy-brightening-jelly-vitamin-b3-100ml,Active,
5767,7.388,Virginia green garden hokt sauce 88ml,Pcs,"Sauces, Spreads & Preserves","Sauces, Jam, Pickles & Syrups",virginia-green-garden-hokt-sauce-88ml,Active,
958,7.1774,century mango pickle 1kg,PC,"Sauces, Spreads & Preserves","Sauces, Jam, Pickles & Syrups",century-mango-pickle-1kg,Active,
1666,7.2531,druk Dalla pickle 400g,Pcs,"Sauces, Spreads & Preserves","Sauces, Jam, Pickles & Syrups",druk-dalla-pickle-400g,Active,
3096,7.4181,kukhhurako masuko achar 350gm,Pcs,"Sauces, Spreads & Preserves","Sauces, Jam, Pickles & Syrups",kukhhurako-masuko-achar-350gm,Active,
85,16.25,3 Sisters Malt Beverage 330ml,Pcs,Alcoholic Beverages,"Beer, Wine & Spirits",3-sisters-malt-beverage-330ml,Active,
111,6.88,8848 Vodka 180ml,PC,Alcoholic Beverages,"Beer, Wine & Spirits",8848-vodka-180ml,Active,
113,6.53,8848 Vodka 750ml,Bottle.,Alcoholic Beverages,"Beer, Wine & Spirits",8848-vodka-750ml,Active,
112,6.9,8848 vodka 375ml,PC,Alcoholic Beverages,"Beer, Wine & Spirits",8848-vodka-375ml,Active,
313,6.173,ARNA STRONG Beer 650ml,Pcs,Alcoholic Beverages,"Beer, Wine & Spirits",arna-strong-beer-650ml,Active,
150,6.1,Absolute Vodka 500ml,BOTTLE,Alcoholic Beverages,"Beer, Wine & Spirits",absolute-vodka-500ml,Active,
148,6.9,Absolute vodka 1ltr,BOTTLE,Alcoholic Beverages,"Beer, Wine & Spirits",absolute-vodka-1ltr,Active,
149,6.11,Absolute vodka 200ml,BOTTLE,Alcoholic Beverages,"Beer, Wine & Spirits",absolute-vodka-200ml,Active,
222,6.252,Akira sweet white wine 750ml,Pcs,Alcoholic Beverages,"Beer, Wine & Spirits",akira-sweet-white-wine-750ml,Active,
223,6.251,Akira wine 750ml,Pcs,Alcoholic Beverages,"Beer, Wine & Spirits",akira-wine-750ml,Active,
312,6.225,Arna 6.4 Beer 650ml,Pcs,Alcoholic Beverages,"Beer, Wine & Spirits",arna-6-4-beer-650ml,Active,
359,2.1279,Asta Berry wine Facewash100ml,PC,Alcoholic Beverages,"Beer, Wine & Spirits",asta-berry-wine-facewash100ml,Active,
360,2.2986,Asta Berry wine Facewash60ml,Pcs,Alcoholic Beverages,"Beer, Wine & Spirits",asta-berry-wine-facewash60ml,Active,
361,2.2947,Astaberry Vitamin-C Face serum30ml,Pcs,Alcoholic Beverages,"Beer, Wine & Spirits",astaberry-vitamin-c-face-serum30ml,Active,
693,6.31,BIG Master Red Box Wine 4ltr,Pcs,Alcoholic Beverages,"Beer, Wine & Spirits",big-master-red-box-wine-4ltr,Active,
696,6.311,BIG Master White Box Wine 4 ltr,Pcs,Alcoholic Beverages,"Beer, Wine & Spirits",big-master-white-box-wine-4-ltr,Active,
470,2.3091,Bajaj Almond drops Hair serum 50ml,Pcs,Alcoholic Beverages,"Beer, Wine & Spirits",bajaj-almond-drops-hair-serum-50ml,Active,
476,2.3033,Bajaj Pure Virgin & cold Coconut Oli 250ml,Pcs,Alcoholic Beverages,"Beer, Wine & Spirits",bajaj-pure-virgin-cold-coconut-oli-250ml,Active,
586,6.22,Barahinge Lager beer 650ml,BOTTLE,Alcoholic Beverages,"Beer, Wine & Spirits",barahinge-lager-beer-650ml,Active,
591,6.264,Barahsinghe Strong Eight beer 330ml,Pcs,Alcoholic Beverages,"Beer, Wine & Spirits",barahsinghe-strong-eight-beer-330ml,Active,
590,6.246,Barahsinghe Strong beer 650ml,Pcs,Alcoholic Beverages,"Beer, Wine & Spirits",barahsinghe-strong-beer-650ml,Active,
599,7.3952,Barari kurum kurum chiura 400gm,Pcs,Alcoholic Beverages,"Beer, Wine & Spirits",barari-kurum-kurum-chiura-400gm,Active,
610,6.24,Baron D Arignac wine 750ml,BOTTLE,Alcoholic Beverages,"Beer, Wine & Spirits",baron-d-arignac-wine-750ml,Active,
15,2.3693,Beardo Whisky Smoke Eaude Parfum 100ml,Pcs,Alcoholic Beverages,"Beer, Wine & Spirits",beardo-whisky-smoke-eaude-parfum-100ml,Active,
647,1.2168,Beardo whisky smoke/b-acne clear body wash 200ml,Pcs,Alcoholic Beverages,"Beer, Wine & Spirits",beardo-whisky-smoke-b-acne-clear-body-wash-200ml,Active,
665,4.1166,Beer mug MSG-600,Pcs,Alcoholic Beverages,"Beer, Wine & Spirits",beer-mug-msg-600,Active,
694,6.346,Big Master Red Wine 375 ml,Pcs,Alcoholic Beverages,"Beer, Wine & Spirits",big-master-red-wine-375-ml,Active,
695,6.1,Big master Red wine 750ml,PC,Alcoholic Beverages,"Beer, Wine & Spirits",big-master-red-wine-750ml,Active,
697,6.187,Big master white wine 375ml,Btl,Alcoholic Beverages,"Beer, Wine & Spirits",big-master-white-wine-375ml,Active,
692,6.17,Big master white wine750ml,BOTTLE,Alcoholic Beverages,"Beer, Wine & Spirits",big-master-white-wine750ml,Active,
698,6.273,Big master wine 750ml,Pcs,Alcoholic Beverages,"Beer, Wine & Spirits",big-master-wine-750ml,Active,
773,7.1718,Borges Extra Virgin Olive Oil 500ml,PC,Alcoholic Beverages,"Beer, Wine & Spirits",borges-extra-virgin-olive-oil-500ml,Active,
772,7.1719,Borges Extra virgin Olive Oil 250ml,PC,Alcoholic Beverages,"Beer, Wine & Spirits",borges-extra-virgin-olive-oil-250ml,Active,
809,7.4198,Bread crumbs crunch 1kg,Pcs,Alcoholic Beverages,"Beer, Wine & Spirits",bread-crumbs-crunch-1kg,Active,
889,6.99,Calvet varietals merlot/syrah wine 750ml,PC,Alcoholic Beverages,"Beer, Wine & Spirits",calvet-varietals-merlot-syrah-wine-750ml,Active,
905,6.176,Carlsberg beer 650ml,Bottle.,Alcoholic Beverages,"Beer, Wine & Spirits",carlsberg-beer-650ml,Active,
1084,16.252,Classic malt beverage 250ml can,Pcs,Alcoholic Beverages,"Beer, Wine & Spirits",classic-malt-beverage-250ml-can,Active,
1125,2.2175,CoCO Soul cold pressed Virgin coconut oil 500ml,Pcs,Alcoholic Beverages,"Beer, Wine & Spirits",coco-soul-cold-pressed-virgin-coconut-oil-500ml,Active,
1126,2.3392,Coco Soul Virgin Coconut Oli 250 ml,Pcs,Alcoholic Beverages,"Beer, Wine & Spirits",coco-soul-virgin-coconut-oli-250-ml,Active,
1644,2.2044,DR. Rashel face serum 50ml,Pcs,Alcoholic Beverages,"Beer, Wine & Spirits",dr-rashel-face-serum-50ml,Active,
1647,2.4046,DR. rashel whie skin fade spots serum 50ml,Pcs,Alcoholic Beverages,"Beer, Wine & Spirits",dr-rashel-whie-skin-fade-spots-serum-50ml,Active,
1334,2.2412,Dekar Hair serum 50ml,Pcs,Alcoholic Beverages,"Beer, Wine & Spirits",dekar-hair-serum-50ml,Active,
1333,2.1539,Dekar hair serum 100ml,PC,Alcoholic Beverages,"Beer, Wine & Spirits",dekar-hair-serum-100ml,Active,
1351,4.474,Deli Glassware Wine Glass 6135,Pcs,Alcoholic Beverages,"Beer, Wine & Spirits",deli-glassware-wine-glass-6135,Active,
1368,2.1484,Denver insight/ Arcane/ pride perume 100ml,PC,Alcoholic Beverages,"Beer, Wine & Spirits",denver-insight-arcane-pride-perume-100ml,Active,
1375,2.3103,Derma co 10%Vitamin cface serum 30ml,Pcs,Alcoholic Beverages,"Beer, Wine & Spirits",derma-co-10-vitamin-cface-serum-30ml,Active,
1377,2.3089,Derma co2%Alpha Arbutin face serum 30ml,Pcs,Alcoholic Beverages,"Beer, Wine & Spirits",derma-co2-alpha-arbutin-face-serum-30ml,Active,
1466,7.449,Dip son bread crumb 1kg,Pcs,Alcoholic Beverages,"Beer, Wine & Spirits",dip-son-bread-crumb-1kg,Active,
1484,6.64,Divine /white wine 750ml,Btl,Alcoholic Beverages,"Beer, Wine & Spirits",divine-white-wine-750ml,Active,
1485,6.161,Divine Wine Red 750ml,Pcs,Alcoholic Beverages,"Beer, Wine & Spirits",divine-wine-red-750ml,Active,
1594,2.3747,Dot&key 10% vitamin c+e super bright face serum 30ml,Pcs,Alcoholic Beverages,"Beer, Wine & Spirits",dot-key-10-vitamin-c-e-super-bright-face-serum-30ml,Active,
1605,2.3951,Dot&key strawberry bright 10% niacinamide face serum 30ml,Pcs,Alcoholic Beverages,"Beer, Wine & Spirits",dot-key-strawberry-bright-10-niacinamide-face-serum-30ml,Active,
1617,6.57,Double Black Whiskey 1ltr,pc,Alcoholic Beverages,"Beer, Wine & Spirits",double-black-whiskey-1ltr,Active,
1658,6.21,Dragon Strong Beer 650ml,Pcs,Alcoholic Beverages,"Beer, Wine & Spirits",dragon-strong-beer-650ml,Active,
1764,2.3547,Elantine men's face serum 2% 30ml,Pcs,Alcoholic Beverages,"Beer, Wine & Spirits",elantine-men-s-face-serum-2-30ml,Active,
1873,4.1489,Exquisite wine glass 185ml L13,Pcs,Alcoholic Beverages,"Beer, Wine & Spirits",exquisite-wine-glass-185ml-l13,Active,
2312,6.167,GORKHA STRONG Beer 650ml,Bottle.,Alcoholic Beverages,"Beer, Wine & Spirits",gorkha-strong-beer-650ml,Active,
2121,2.855,Garnier Color Natural WIne Burgundy 4.20 60ml+50g,pc,Alcoholic Beverages,"Beer, Wine & Spirits",garnier-color-natural-wine-burgundy-4-20-60ml-50g,Active,
2134,2.2652,Garnier Hydra BomBright complete vitamin C serum Mask 28g,Pcs,Alcoholic Beverages,"Beer, Wine & Spirits",garnier-hydra-bombright-complete-vitamin-c-serum-mask-28g,Active,
2155,2.3072,Garnier Super UvInvisible Serum sunscreen 30mlSpf 50,Pcs,Alcoholic Beverages,"Beer, Wine & Spirits",garnier-super-uvinvisible-serum-sunscreen-30mlspf-50,Active,
2156,2.3478,Garnier Super UvInvisible Serum sunscreen 60mlSpf 50,Pcs,Alcoholic Beverages,"Beer, Wine & Spirits",garnier-super-uvinvisible-serum-sunscreen-60mlspf-50,Active,
2161,2.2748,Garnr Bright Complete Vitamin C serum mask 28g,Pcs,Alcoholic Beverages,"Beer, Wine & Spirits",garnr-bright-complete-vitamin-c-serum-mask-28g,Active,
2207,2.3748,Glam&glory snail white serum,Pcs,Alcoholic Beverages,"Beer, Wine & Spirits",glam-glory-snail-white-serum,Active,
2310,6.289,Gorkha Craft beer 330ml bottle,Pcs,Alcoholic Beverages,"Beer, Wine & Spirits",gorkha-craft-beer-330ml-bottle,Active,
2311,6.27,Gorkha pilsner beer 650ml,Pcs,Alcoholic Beverages,"Beer, Wine & Spirits",gorkha-pilsner-beer-650ml,Active,
2319,6.153,Grokha extra strong beer 330ml bottle,BOTTLE,Alcoholic Beverages,"Beer, Wine & Spirits",grokha-extra-strong-beer-330ml-bottle,Active,
2320,6.113,Grokha strong can beer 500ml,PC,Alcoholic Beverages,"Beer, Wine & Spirits",grokha-strong-can-beer-500ml,Active,
2324,6.148,Gurkha & Guns whiskey 750ml,Pcs,Alcoholic Beverages,"Beer, Wine & Spirits",gurkha-guns-whiskey-750ml,Active,
2439,6.141,HARDYs nottage hill wine 750ml,Pcs,Alcoholic Beverages,"Beer, Wine & Spirits",hardys-nottage-hill-wine-750ml,Active,
2440,6.58,Hardys VR Moscato white Wine 750ml,Bottle,Alcoholic Beverages,"Beer, Wine & Spirits",hardys-vr-moscato-white-wine-750ml,Active,
2441,6.351,Hardys vr sweet red wine 750ml,Pcs,Alcoholic Beverages,"Beer, Wine & Spirits",hardys-vr-sweet-red-wine-750ml,Active,
2520,7.18,Hi -life KurumKurum chiura 450gm,PKT,Alcoholic Beverages,"Beer, Wine & Spirits",hi-life-kurumkurum-chiura-450gm,Active,
2567,7.2498,Hilife Kurum Kurum Chiura 1kg,Pack,Alcoholic Beverages,"Beer, Wine & Spirits",hilife-kurum-kurum-chiura-1kg,Active,
2671,6.347,Himalayan Dragon strong beer can 500ml,Pcs,Alcoholic Beverages,"Beer, Wine & Spirits",himalayan-dragon-strong-beer-can-500ml,Active,
2676,6.255,Himalayan Reserve Whisky 750ml,Bttl,Alcoholic Beverages,"Beer, Wine & Spirits",himalayan-reserve-whisky-750ml,Active,
2753,6.48,J.P. Chenet Medium sweet white wine,pc,Alcoholic Beverages,"Beer, Wine & Spirits",j-p-chenet-medium-sweet-white-wine,Active,
2758,6.172,Jack Daniels whiskey 750m,Pcs,Alcoholic Beverages,"Beer, Wine & Spirits",jack-daniels-whiskey-750m,Active,
2760,6.151,Jacob'S Creek moscato wine 750ml,Pcs,Alcoholic Beverages,"Beer, Wine & Spirits",jacob-s-creek-moscato-wine-750ml,Active,
2761,6.45,Jacobs creek classic Merlot red wine 750ml,bottle,Alcoholic Beverages,"Beer, Wine & Spirits",jacobs-creek-classic-merlot-red-wine-750ml,Active,
2835,2.1166,Joy Hair Serum Damage Protection 100ml blue,PC,Alcoholic Beverages,"Beer, Wine & Spirits",joy-hair-serum-damage-protection-100ml-blue,Active,
2836,2.912,Joy Hair Serum Damage Protection 50ml,pc,Alcoholic Beverages,"Beer, Wine & Spirits",joy-hair-serum-damage-protection-50ml,Active,
2837,2.1167,Joy Hair Serum Instant Shine 100ml yellow,PC,Alcoholic Beverages,"Beer, Wine & Spirits",joy-hair-serum-instant-shine-100ml-yellow,Active,
2838,2.1717,Joy hair serum instant shine50ml,PC,Alcoholic Beverages,"Beer, Wine & Spirits",joy-hair-serum-instant-shine50ml,Active,
2878,9.725,Junca Little Trumpet perform No.Rj2866A,Pcs,Alcoholic Beverages,"Beer, Wine & Spirits",junca-little-trumpet-perform-no-rj2866a,Active,
2895,2.2178,KARITE Rose Serum Serum Lip Gloss,Pcs,Alcoholic Beverages,"Beer, Wine & Spirits",karite-rose-serum-serum-lip-gloss,Active,
2958,2.3546,Kejjan's iiiuminating radiance serum moisturising shimmer 30ml,Pcs,Alcoholic Beverages,"Beer, Wine & Spirits",kejjan-s-iiiuminating-radiance-serum-moisturising-shimmer-30ml,Active,
2965,2.3548,Kejjan's snail face night serum 30ml,Pcs,Alcoholic Beverages,"Beer, Wine & Spirits",kejjan-s-snail-face-night-serum-30ml,Active,
2966,2.3549,Kejjan's snail face serum 30ml,Pcs,Alcoholic Beverages,"Beer, Wine & Spirits",kejjan-s-snail-face-serum-30ml,Active,
2967,2.3875,Kejjan's snail mucin acne expert serum 30ml,Pcs,Alcoholic Beverages,"Beer, Wine & Spirits",kejjan-s-snail-mucin-acne-expert-serum-30ml,Active,
2968,2.3874,Kejjan's snail mucin&hyaluronic acid face serum 30ml,Pcs,Alcoholic Beverages,"Beer, Wine & Spirits",kejjan-s-snail-mucin-hyaluronic-acid-face-serum-30ml,Active,
2969,2.3872,Kejjan's vitamin c+ face serum 30ml,Pcs,Alcoholic Beverages,"Beer, Wine & Spirits",kejjan-s-vitamin-c-face-serum-30ml,Active,
3025,6.12,Khukuri Rum 180ml,PC,Alcoholic Beverages,"Beer, Wine & Spirits",khukuri-rum-180ml,Active,
3026,6.119,Khukuri Rum 375ml,PC,Alcoholic Beverages,"Beer, Wine & Spirits",khukuri-rum-375ml,Active,
3027,6.82,Khukuri Rum 750ml,PC,Alcoholic Beverages,"Beer, Wine & Spirits",khukuri-rum-750ml,Active,
3028,6.162,Khukuri Spiced Rum 750ml,Pcs,Alcoholic Beverages,"Beer, Wine & Spirits",khukuri-spiced-rum-750ml,Active,
3050,2.3577,Kiss beauty rose serum primer 30ml,Pcs,Alcoholic Beverages,"Beer, Wine & Spirits",kiss-beauty-rose-serum-primer-30ml,Active,
3193,4.1325,LG Lucky Whiskey glass NO.100608 single,Pcs,Alcoholic Beverages,"Beer, Wine & Spirits",lg-lucky-whiskey-glass-no-100608-single,Active,
3174,2.4039,Leito chamomile face repairing serum 40ml,Pcs,Alcoholic Beverages,"Beer, Wine & Spirits",leito-chamomile-face-repairing-serum-40ml,Active,
3184,2.4048,Leito repair serum rice water with niancinamide,Pcs,Alcoholic Beverages,"Beer, Wine & Spirits",leito-repair-serum-rice-water-with-niancinamide,Active,
3208,6.81,"Lindeman""s bin 50 Shiraz red sweet wine 750ml",PC,Alcoholic Beverages,"Beer, Wine & Spirits",lindeman-s-bin-50-shiraz-red-sweet-wine-750ml,Active,
3210,6.98,Lindemants bin 46 sweet red wine 750ml,PC,Alcoholic Beverages,"Beer, Wine & Spirits",lindemants-bin-46-sweet-red-wine-750ml,Active,
3227,2.1573,Livon Serum 5X 10X,PC,Alcoholic Beverages,"Beer, Wine & Spirits",livon-serum-5x-10x,Active,
3226,2.2491,Livon Serum 5X 10X45ml,Pcs,Alcoholic Beverages,"Beer, Wine & Spirits",livon-serum-5x-10x45ml,Active,
3225,2.3498,Livon keratin serum 100ml,Pcs,Alcoholic Beverages,"Beer, Wine & Spirits",livon-keratin-serum-100ml,Active,
3273,2.3767,Lords cares rice water elixir serum 25ml,Pcs,Alcoholic Beverages,"Beer, Wine & Spirits",lords-cares-rice-water-elixir-serum-25ml,Active,
3277,2.377,Lords dream bright sunscreen serum 50ml,Pcs,Alcoholic Beverages,"Beer, Wine & Spirits",lords-dream-bright-sunscreen-serum-50ml,Active,
3280,2.3796,Lords korean glass skin retinol facae serum 30ml,Pcs,Alcoholic Beverages,"Beer, Wine & Spirits",lords-korean-glass-skin-retinol-facae-serum-30ml,Active,
3282,2.3765,Lords magic glow sunscreen serum 50ml,Pcs,Alcoholic Beverages,"Beer, Wine & Spirits",lords-magic-glow-sunscreen-serum-50ml,Active,
3305,2.348,Loreal paris hyaluron moisture serum 40ml,Pcs,Alcoholic Beverages,"Beer, Wine & Spirits",loreal-paris-hyaluron-moisture-serum-40ml,Active,
3309,2.2645,Loreal paris instant glowing face serum,Pcs,Alcoholic Beverages,"Beer, Wine & Spirits",loreal-paris-instant-glowing-face-serum,Active,
3308,2.3199,Loreal paris instant glowing face serum 30ml,Pcs,Alcoholic Beverages,"Beer, Wine & Spirits",loreal-paris-instant-glowing-face-serum-30ml,Active,
3350,2.3386,Lotus herbals ultra Rx sunscreen serum 50ml spf60++,Pcs,Alcoholic Beverages,"Beer, Wine & Spirits",lotus-herbals-ultra-rx-sunscreen-serum-50ml-spf60,Active,
3615,2.2569,MG Goldline hair serum 100ml,Pcs,Alcoholic Beverages,"Beer, Wine & Spirits",mg-goldline-hair-serum-100ml,Active,
3493,2.24,Mama Earth Onion Hair Serum 100ml,Pcs,Alcoholic Beverages,"Beer, Wine & Spirits",mama-earth-onion-hair-serum-100ml,Active,
3507,2.242,Mama earth Vitamin C Daily Glow face serum 30ml,Pcs,Alcoholic Beverages,"Beer, Wine & Spirits",mama-earth-vitamin-c-daily-glow-face-serum-30ml,Active,
3498,2.39,Mama earth rice water dewy active serum 50ml,Pcs,Alcoholic Beverages,"Beer, Wine & Spirits",mama-earth-rice-water-dewy-active-serum-50ml,Active,
3528,2.3146,Mamaearth Tea Tree Face Serum 30ml,Pcs,Alcoholic Beverages,"Beer, Wine & Spirits",mamaearth-tea-tree-face-serum-30ml,Active,
3562,4.1007,Master gourment chef Wine Opener Heavy,Pcs,Alcoholic Beverages,"Beer, Wine & Spirits",master-gourment-chef-wine-opener-heavy,Active,
3653,5.1074,Milkymist capella belgium crumbs/engligh toffee milk chocolate,Pcs,Alcoholic Beverages,"Beer, Wine & Spirits",milkymist-capella-belgium-crumbs-engligh-toffee-milk-chocolate,Active,
4027,2.3798,Nisha every silk Hair serum 100ml,Pcs,Alcoholic Beverages,"Beer, Wine & Spirits",nisha-every-silk-hair-serum-100ml,Active,
4036,2.1561,Nivea body lotion aloe hydration serum 200ml,PC,Alcoholic Beverages,"Beer, Wine & Spirits",nivea-body-lotion-aloe-hydration-serum-200ml,Active,
4091,2.3974,Nivea vitamin body serum extra bright c&aha 170ml,Pcs,Alcoholic Beverages,"Beer, Wine & Spirits",nivea-vitamin-body-serum-extra-bright-c-aha-170ml,Active,
4092,2.3971,Nivea vitamin body serum extra bright c&aha 300ml,Pcs,Alcoholic Beverages,"Beer, Wine & Spirits",nivea-vitamin-body-serum-extra-bright-c-aha-300ml,Active,
4093,2.3973,Nivea vitamin body serum extra bright c&e 170ml,Pcs,Alcoholic Beverages,"Beer, Wine & Spirits",nivea-vitamin-body-serum-extra-bright-c-e-170ml,Active,
4094,2.3972,Nivea vitamin body serum extra bright c&e 300ml,Pcs,Alcoholic Beverages,"Beer, Wine & Spirits",nivea-vitamin-body-serum-extra-bright-c-e-300ml,Active,
4095,2.3975,Nivea vitamin body serum extra bright super c+ spf50 170ml,Pcs,Alcoholic Beverages,"Beer, Wine & Spirits",nivea-vitamin-body-serum-extra-bright-super-c-spf50-170ml,Active,
4111,6.192,Nude Superior Vodka 180ml,Btl,Alcoholic Beverages,"Beer, Wine & Spirits",nude-superior-vodka-180ml,Active,
4112,6.254,Nude Superior Vodka 375ml,Bttl,Alcoholic Beverages,"Beer, Wine & Spirits",nude-superior-vodka-375ml,Active,
4113,6.175,Nude Superior Vodka 750ml,Pcs,Alcoholic Beverages,"Beer, Wine & Spirits",nude-superior-vodka-750ml,Active,
4176,7.1249,Organic Virgin Coconut Oil 500ml,PC,Alcoholic Beverages,"Beer, Wine & Spirits",organic-virgin-coconut-oil-500ml,Active,
4177,7.2468,Organic Virgin Coconut Oil200ml,Pcs,Alcoholic Beverages,"Beer, Wine & Spirits",organic-virgin-coconut-oil200ml,Active,
4247,2.2458,Parachute Extra Virgin Coconut oil 200ml,Pcs,Alcoholic Beverages,"Beer, Wine & Spirits",parachute-extra-virgin-coconut-oil-200ml,Active,
4246,3.41,Parachute Extra virgin coconut Baby oil 250ml,Pack,Alcoholic Beverages,"Beer, Wine & Spirits",parachute-extra-virgin-coconut-baby-oil-250ml,Active,
4430,2.2919,Plom Alpha Arbutin & Hyaluronic Acid face serum 30ml,Pcs,Alcoholic Beverages,"Beer, Wine & Spirits",plom-alpha-arbutin-hyaluronic-acid-face-serum-30ml,Active,
4432,2.2918,Plom Bakuchiol & Retinol 1%Serum Collagen Boost 20ml,Pcs,Alcoholic Beverages,"Beer, Wine & Spirits",plom-bakuchiol-retinol-1-serum-collagen-boost-20ml,Active,
4457,2.368,Plom Green Tea&Zinc Complex 3%SERUM 30ML,Pcs,Alcoholic Beverages,"Beer, Wine & Spirits",plom-green-tea-zinc-complex-3-serum-30ml,Active,
4461,2.2772,Plom Mandarin & Vitamin C15% Serum Glow boost 20ml,Pcs,Alcoholic Beverages,"Beer, Wine & Spirits",plom-mandarin-vitamin-c15-serum-glow-boost-20ml,Active,
4463,2.2768,Plom Niacinamide 5%face Serum 30ml,Pcs,Alcoholic Beverages,"Beer, Wine & Spirits",plom-niacinamide-5-face-serum-30ml,Active,
4464,2.277,Plom Niacinamide Serum (10%)15ml,Pcs,Alcoholic Beverages,"Beer, Wine & Spirits",plom-niacinamide-serum-10-15ml,Active,
4465,2.2769,Plom Niacinamide Serum (10%)30ml,Pcs,Alcoholic Beverages,"Beer, Wine & Spirits",plom-niacinamide-serum-10-30ml,Active,
4436,1.1969,Plom body lovin shower gel hawaiian rumba 250ml,Pcs,Alcoholic Beverages,"Beer, Wine & Spirits",plom-body-lovin-shower-gel-hawaiian-rumba-250ml,Active,
4439,2.3608,Plom calendula & 10% vitamin c barrier boosting+glow serum 30ml,Pcs,Alcoholic Beverages,"Beer, Wine & Spirits",plom-calendula-10-vitamin-c-barrier-boosting-glow-serum-30ml,Active,
4445,2.3376,Plom coconut & squalane nutri-shine hair serum 75ml,Pcs,Alcoholic Beverages,"Beer, Wine & Spirits",plom-coconut-squalane-nutri-shine-hair-serum-75ml,Active,
4450,2.3772,Plom encapsulated salicylic acid 2% face serum 30ml,Pcs,Alcoholic Beverages,"Beer, Wine & Spirits",plom-encapsulated-salicylic-acid-2-face-serum-30ml,Active,
4805,6.56,Robertson Winery Natural sweet White 750ml,btl,Alcoholic Beverages,"Beer, Wine & Spirits",robertson-winery-natural-sweet-white-750ml,Active,
4804,6.3,Robertson winery natural sweet red 750ml,BOTTLE,Alcoholic Beverages,"Beer, Wine & Spirits",robertson-winery-natural-sweet-red-750ml,Active,
4857,4.1323,Royal Serve Whisky glass Lavish /perk /Decent RSGS/205/204/206,Pcs,Alcoholic Beverages,"Beer, Wine & Spirits",royal-serve-whisky-glass-lavish-perk-decent-rsgs-205-204-206,Active,
4883,7.3522,Rum Pum Instant Noodles60gm,pkt,Alcoholic Beverages,"Beer, Wine & Spirits",rum-pum-instant-noodles60gm,Active,
5005,6.169,SETO BAGA Vodka 750ml,Pcs,Alcoholic Beverages,"Beer, Wine & Spirits",seto-baga-vodka-750ml,Active,
5006,6.208,Seto Bagh Vodka 180ml,Pcs,Alcoholic Beverages,"Beer, Wine & Spirits",seto-bagh-vodka-180ml,Active,
5007,6.207,Seto Bagh Vodka 375ml,Pcs,Alcoholic Beverages,"Beer, Wine & Spirits",seto-bagh-vodka-375ml,Active,
5033,6.35,Shlok himalayan premium whisky 180ml,Pcs,Alcoholic Beverages,"Beer, Wine & Spirits",shlok-himalayan-premium-whisky-180ml,Active,
5034,6.349,Shlok himalayan premium whisky 750ml,Pcs,Alcoholic Beverages,"Beer, Wine & Spirits",shlok-himalayan-premium-whisky-750ml,Active,
5070,2.3997,Silcon niacinamide 10% hydra bright serum 30ml,Pcs,Alcoholic Beverages,"Beer, Wine & Spirits",silcon-niacinamide-10-hydra-bright-serum-30ml,Active,
5074,2.3993,Silcon retinal firming serum 30ml,Pcs,Alcoholic Beverages,"Beer, Wine & Spirits",silcon-retinal-firming-serum-30ml,Active,
5076,2.3992,Silcon rice water glow boost serum 30gm,Pcs,Alcoholic Beverages,"Beer, Wine & Spirits",silcon-rice-water-glow-boost-serum-30gm,Active,
5078,2.3929,Silcon vitamin C Face Serum 30ml,Pcs,Alcoholic Beverages,"Beer, Wine & Spirits",silcon-vitamin-c-face-serum-30ml,Active,
5102,6.229,Simrnoff Vodka 180ml,Pcs,Alcoholic Beverages,"Beer, Wine & Spirits",simrnoff-vodka-180ml,Active,
5103,6.228,Simrnoff Vodka 375ml,Pcs,Alcoholic Beverages,"Beer, Wine & Spirits",simrnoff-vodka-375ml,Active,
5113,7.3954,Six villa kurum kurum chiura 700gm,Pcs,Alcoholic Beverages,"Beer, Wine & Spirits",six-villa-kurum-kurum-chiura-700gm,Active,
5120,2.184,Skin Aqua moisturizing serum 75ml,PC,Alcoholic Beverages,"Beer, Wine & Spirits",skin-aqua-moisturizing-serum-75ml,Active,
5142,6.227,Smirnoff Vodka 750 ml,Pcs,Alcoholic Beverages,"Beer, Wine & Spirits",smirnoff-vodka-750-ml,Active,
5185,6.55,Somersby Apple Cider 250ml,Btl,Alcoholic Beverages,"Beer, Wine & Spirits",somersby-apple-cider-250ml,Active,
5287,2.973,Streax Hair Serum With Walnut Oil 45ml,Pc,Alcoholic Beverages,"Beer, Wine & Spirits",streax-hair-serum-with-walnut-oil-45ml,Active,
5286,2.669,Streax Hair Serum with walnut Oil 100ml,pc,Alcoholic Beverages,"Beer, Wine & Spirits",streax-hair-serum-with-walnut-oil-100ml,Active,
5289,2.1512,Streax Pro Hair Serum 45ml,PC,Alcoholic Beverages,"Beer, Wine & Spirits",streax-pro-hair-serum-45ml,Active,
5290,2.597,Streax Pro Hair Serum vita gloss 100,pc,Alcoholic Beverages,"Beer, Wine & Spirits",streax-pro-hair-serum-vita-gloss-100,Active,
5291,2.1024,Streax Pro Hair serum vitariche gloss200ml,Pc,Alcoholic Beverages,"Beer, Wine & Spirits",streax-pro-hair-serum-vitariche-gloss200ml,Active,
5271,2.3339,Streax canvo line hair sarum 100ml,Pcs,Alcoholic Beverages,"Beer, Wine & Spirits",streax-canvo-line-hair-sarum-100ml,Active,
5360,2.4018,Sunsilk serum super shine 100ml,Pcs,Alcoholic Beverages,"Beer, Wine & Spirits",sunsilk-serum-super-shine-100ml,Active,
5621,6.166,TUBORG PREMIUM GOLD Beer 650ml,BOTTLE,Alcoholic Beverages,"Beer, Wine & Spirits",tuborg-premium-gold-beer-650ml,Active,
5447,2.323,The Derma 1% kojic Arbutin Night Repair Face Serum gel 50gm,Pcs,Alcoholic Beverages,"Beer, Wine & Spirits",the-derma-1-kojic-arbutin-night-repair-face-serum-gel-50gm,Active,
5453,2.3155,The Derma 2%Kojic acid Face Serum 30ml,Pcs,Alcoholic Beverages,"Beer, Wine & Spirits",the-derma-2-kojic-acid-face-serum-30ml,Active,
5454,2.3234,The Derma 20% vitamin C face Serum 20ml,Pcs,Alcoholic Beverages,"Beer, Wine & Spirits",the-derma-20-vitamin-c-face-serum-20ml,Active,
5459,2.3162,The Derma 5% Niacinamide Daily Face serum 30ml,Pcs,Alcoholic Beverages,"Beer, Wine & Spirits",the-derma-5-niacinamide-daily-face-serum-30ml,Active,
5460,2.3154,The Derma 5% vitamin C daily Face Serum 30ml,Pcs,Alcoholic Beverages,"Beer, Wine & Spirits",the-derma-5-vitamin-c-daily-face-serum-30ml,Active,
5461,2.3173,The Derma 5%caffeine Under eye serum 15ml,Pcs,Alcoholic Beverages,"Beer, Wine & Spirits",the-derma-5-caffeine-under-eye-serum-15ml,Active,
5465,2.3235,The Derma Pore Minimizing FAce Serum 30ml,Pcs,Alcoholic Beverages,"Beer, Wine & Spirits",the-derma-pore-minimizing-face-serum-30ml,Active,
5467,2.3305,The Derma sali-cinamide anti-acne serum,Pcs,Alcoholic Beverages,"Beer, Wine & Spirits",the-derma-sali-cinamide-anti-acne-serum,Active,
5470,2.3174,The Drama 2%salicylic Acid Face Serum 30ml,Pcs,Alcoholic Beverages,"Beer, Wine & Spirits",the-drama-2-salicylic-acid-face-serum-30ml,Active,
5471,6.16,The Glenlivent Single malt scotch Whisky 750ml,Pcs,Alcoholic Beverages,"Beer, Wine & Spirits",the-glenlivent-single-malt-scotch-whisky-750ml,Active,
5472,6.18,The Glenlivet single malt scotch whisky 1ltr,BOTTLE,Alcoholic Beverages,"Beer, Wine & Spirits",the-glenlivet-single-malt-scotch-whisky-1ltr,Active,
5449,2.3233,The derma 10% Niacinmide Face serum 30ml,Pcs,Alcoholic Beverages,"Beer, Wine & Spirits",the-derma-10-niacinmide-face-serum-30ml,Active,
5609,2.2946,True Derma Vita-C Skin Whitening Serum 20ml,Pcs,Alcoholic Beverages,"Beer, Wine & Spirits",true-derma-vita-c-skin-whitening-serum-20ml,Active,
5614,2.3203,Truederma True Evco Extra Virgin Coconut Oil,Pcs,Alcoholic Beverages,"Beer, Wine & Spirits",truederma-true-evco-extra-virgin-coconut-oil,Active,
5623,6.168,Tuborg Strong Beer bottle 650ml,Pcs,Alcoholic Beverages,"Beer, Wine & Spirits",tuborg-strong-beer-bottle-650ml,Active,
5622,6.22,Tuborg Strong beer bottle 330 ml,BOTTLE,Alcoholic Beverages,"Beer, Wine & Spirits",tuborg-strong-beer-bottle-330-ml,Active,
5624,6.97,Tuborg Strong can beer 500ml,PC,Alcoholic Beverages,"Beer, Wine & Spirits",tuborg-strong-can-beer-500ml,Active,
5635,7.1159,Uncle Barns Bread Crumbs 1kg,PC,Alcoholic Beverages,"Beer, Wine & Spirits",uncle-barns-bread-crumbs-1kg,Active,
5636,7.1486,Uncle Barns Bread Crums crunch 500g,PC,Alcoholic Beverages,"Beer, Wine & Spirits",uncle-barns-bread-crums-crunch-500g,Active,
5638,4.1523,Union beer glassware UG-373,Pcs,Alcoholic Beverages,"Beer, Wine & Spirits",union-beer-glassware-ug-373,Active,
5656,2.382,Ushas lip serum vitamin e,Pcs,Alcoholic Beverages,"Beer, Wine & Spirits",ushas-lip-serum-vitamin-e,Active,
5695,1.2221,Vaseline Gluta-Hya Dewy Radiance Serum-in Lotion 70ml,Pcs,Alcoholic Beverages,"Beer, Wine & Spirits",vaseline-gluta-hya-dewy-radiance-serum-in-lotion-70ml,Active,
5765,7.3399,Virginia Green Garden Apple cider Vinegar 473ml,Pcs,Alcoholic Beverages,"Beer, Wine & Spirits",virginia-green-garden-apple-cider-vinegar-473ml,Active,
5777,2.3328,Vlcc serum face wash all flv mix 100ml,Pcs,Alcoholic Beverages,"Beer, Wine & Spirits",vlcc-serum-face-wash-all-flv-mix-100ml,Active,
5895,6.32,WILD Himalayan Arna beer 330ml,BOTTLE,Alcoholic Beverages,"Beer, Wine & Spirits",wild-himalayan-arna-beer-330ml,Active,
5896,6.204,WILD Himalayan Arna beer 500ml,Pcs,Alcoholic Beverages,"Beer, Wine & Spirits",wild-himalayan-arna-beer-500ml,Active,
5897,6.203,WILD Himalayan Arna beer 650ml,Pcs,Alcoholic Beverages,"Beer, Wine & Spirits",wild-himalayan-arna-beer-650ml,Active,
5841,2.2842,Well 10 Hair Serum 100ml,Pcs,Alcoholic Beverages,"Beer, Wine & Spirits",well-10-hair-serum-100ml,Active,
5851,2.4116,Well 10 professional keratin hair serum 100ml,Pcs,Alcoholic Beverages,"Beer, Wine & Spirits",well-10-professional-keratin-hair-serum-100ml,Active,
5868,2.2843,Well10Hair Serum 50ml,Pcs,Alcoholic Beverages,"Beer, Wine & Spirits",well10hair-serum-50ml,Active,
5903,4.1492,Wine glass 240ml 3065,Pack,Alcoholic Beverages,"Beer, Wine & Spirits",wine-glass-240ml-3065,Active,
5940,4.1461,Yera BM 360 beer mug,Pcs,Alcoholic Beverages,"Beer, Wine & Spirits",yera-bm-360-beer-mug,Active,
5955,4.1343,Yera Prima Berlin whiskey glass 6pcs set,Pcs,Alcoholic Beverages,"Beer, Wine & Spirits",yera-prima-berlin-whiskey-glass-6pcs-set,Active,
5939,4.1342,Yera Prima Oak Whiskey glass 6pcs set,Pcs,Alcoholic Beverages,"Beer, Wine & Spirits",yera-prima-oak-whiskey-glass-6pcs-set,Active,
5973,7.4232,Yuku apple cider vinegar 500ml,Pcs,Alcoholic Beverages,"Beer, Wine & Spirits",yuku-apple-cider-vinegar-500ml,Active,
5974,7.459,Yuku green apple cider vinegar 500ml,Pcs,Alcoholic Beverages,"Beer, Wine & Spirits",yuku-green-apple-cider-vinegar-500ml,Active,
475,2.3137,bajaj Hair Serum 100ml,Pcs,Alcoholic Beverages,"Beer, Wine & Spirits",bajaj-hair-serum-100ml,Active,
957,7.3297,century kurum kurum chiura 1kg,Pcs,Alcoholic Beverages,"Beer, Wine & Spirits",century-kurum-kurum-chiura-1kg,Active,
1218,6.266,coolberg malt beverage 330ml,Pack,Alcoholic Beverages,"Beer, Wine & Spirits",coolberg-malt-beverage-330ml,Active,
1618,6.112,double black whiskey 750ml,PC,Alcoholic Beverages,"Beer, Wine & Spirits",double-black-whiskey-750ml,Active,
1959,7.4816,first choice Bread Crumb 175gm,Pcs,Alcoholic Beverages,"Beer, Wine & Spirits",first-choice-bread-crumb-175gm,Active,
5893,2.2901,whiteninguv sunBlock Spf 60+Viyamin C serum,Pcs,Alcoholic Beverages,"Beer, Wine & Spirits",whiteninguv-sunblock-spf-60-viyamin-c-serum,Active,
5904,4.711,wine glass small size,Pcs,Alcoholic Beverages,"Beer, Wine & Spirits",wine-glass-small-size,Active,
5,2.2459,24k gold magic lip oil,Pack,Personal Care & Beauty,"Skin, Hair & Cosmetics",24k-gold-magic-lip-oil,Active,
82,1.1743,3 one Silkhair Keratin Treatment Shampoo 280ml,Pcs,Personal Care & Beauty,"Skin, Hair & Cosmetics",3-one-silkhair-keratin-treatment-shampoo-280ml,Active,
83,1.1742,3 one Silkhair professional Keratin Shampoo 500ml,Pcs,Personal Care & Beauty,"Skin, Hair & Cosmetics",3-one-silkhair-professional-keratin-shampoo-500ml,Active,
84,2.3134,3 one Silkhair professional use Hair Treatment 950ml,Pcs,Personal Care & Beauty,"Skin, Hair & Cosmetics",3-one-silkhair-professional-use-hair-treatment-950ml,Active,
96,2.4027,3Q Beauty magic lipbalm,Pcs,Personal Care & Beauty,"Skin, Hair & Cosmetics",3q-beauty-magic-lipbalm,Active,
98,2.4026,3Q Beauty super stay lip gloss 10ml,Pcs,Personal Care & Beauty,"Skin, Hair & Cosmetics",3q-beauty-super-stay-lip-gloss-10ml,Active,
93,2.3456,3Q Beauty super stay vitamin c lip oil,Pcs,Personal Care & Beauty,"Skin, Hair & Cosmetics",3q-beauty-super-stay-vitamin-c-lip-oil,Active,
94,2.4011,3Q beauty blusher stick bl-124,Pcs,Personal Care & Beauty,"Skin, Hair & Cosmetics",3q-beauty-blusher-stick-bl-124,Active,
95,2.4065,3Q beauty highlight yara hlt 152,Pcs,Personal Care & Beauty,"Skin, Hair & Cosmetics",3q-beauty-highlight-yara-hlt-152,Active,
97,2.3638,3Q beauty super cool glitter lip oil 6.5ml,Pcs,Personal Care & Beauty,"Skin, Hair & Cosmetics",3q-beauty-super-cool-glitter-lip-oil-6-5ml,Active,
99,2.4064,3Q beauty yara blush bl158,Pcs,Personal Care & Beauty,"Skin, Hair & Cosmetics",3q-beauty-yara-blush-bl158,Active,
92,1.2059,3pcs alshabab razor,Pcs,Personal Care & Beauty,"Skin, Hair & Cosmetics",3pcs-alshabab-razor,Active,
104,2.3412,7% Glycolic Acid Hydrating Toner 150ml,Pcs,Personal Care & Beauty,"Skin, Hair & Cosmetics",7-glycolic-acid-hydrating-toner-150ml,Active,
282,2.3059,APK in Love Eyeliner Waterproof liquid liner,Pcs,Personal Care & Beauty,"Skin, Hair & Cosmetics",apk-in-love-eyeliner-waterproof-liquid-liner,Active,
351,2.1261,ASTA BERRY UV GUARD Sun protection creme spf30,PC,Personal Care & Beauty,"Skin, Hair & Cosmetics",asta-berry-uv-guard-sun-protection-creme-spf30,Active,
162,2.737,Acnes Cream wash Face wash 50g,Pcs,Personal Care & Beauty,"Skin, Hair & Cosmetics",acnes-cream-wash-face-wash-50g,Active,
167,2.2359,Acnes Vitamin Cleanser Face wash 150g,Pcs,Personal Care & Beauty,"Skin, Hair & Cosmetics",acnes-vitamin-cleanser-face-wash-150g,Active,
168,2.732,Acnes Vitamin Cleanser facial wash 100g,pc,Personal Care & Beauty,"Skin, Hair & Cosmetics",acnes-vitamin-cleanser-facial-wash-100g,Active,
166,2.738,Acnes Vitamin cleanser 50gm,pc,Personal Care & Beauty,"Skin, Hair & Cosmetics",acnes-vitamin-cleanser-50gm,Active,
164,2.2017,Acnes oli control cleanser fase wash gel 100g,Pcs,Personal Care & Beauty,"Skin, Hair & Cosmetics",acnes-oli-control-cleanser-fase-wash-gel-100g,Active,
169,2.3463,Acnes whitening+cleanser face wash 100gm,Pcs,Personal Care & Beauty,"Skin, Hair & Cosmetics",acnes-whitening-cleanser-face-wash-100gm,Active,
177,2.3708,Adivasi hair oil 100ml,Pcs,Personal Care & Beauty,"Skin, Hair & Cosmetics",adivasi-hair-oil-100ml,Active,
179,3.65,Adongfresh cute typ toothbrush,Pcs,Personal Care & Beauty,"Skin, Hair & Cosmetics",adongfresh-cute-typ-toothbrush,Active,
180,1.2305,Adongfresh soft toothbrush,Pcs,Personal Care & Beauty,"Skin, Hair & Cosmetics",adongfresh-soft-toothbrush,Active,
181,1.2307,Adongfresh soft toothbrush no 237,Pcs,Personal Care & Beauty,"Skin, Hair & Cosmetics",adongfresh-soft-toothbrush-no-237,Active,
182,1.2306,Adongfresh toothbrush no 81,Pcs,Personal Care & Beauty,"Skin, Hair & Cosmetics",adongfresh-toothbrush-no-81,Active,
216,3.569,Aiwibi Kid's Toothpaste & Toothbrush set 60g,Pack,Personal Care & Beauty,"Skin, Hair & Cosmetics",aiwibi-kid-s-toothpaste-toothbrush-set-60g,Active,
235,2.91,Allura tinkle /EYE brow Face Razor -1856,pc,Personal Care & Beauty,"Skin, Hair & Cosmetics",allura-tinkle-eye-brow-face-razor-1856,Active,
239,2.4132,Alshabab shaving razor 1+4 razor,Pcs,Personal Care & Beauty,"Skin, Hair & Cosmetics",alshabab-shaving-razor-1-4-razor,Active,
240,1.2062,Alshabab shaving razor 2 blades,Pcs,Personal Care & Beauty,"Skin, Hair & Cosmetics",alshabab-shaving-razor-2-blades,Active,
241,2.3986,Alshabab shaving razor Silicone Handile 6 blades,Pcs,Personal Care & Beauty,"Skin, Hair & Cosmetics",alshabab-shaving-razor-silicone-handile-6-blades,Active,
276,2.3675,Anylady Eyeshadow 58gpurse,Pcs,Personal Care & Beauty,"Skin, Hair & Cosmetics",anylady-eyeshadow-58gpurse,Active,
278,2.3674,Anylady Regal Eyeshadow 9g,Pcs,Personal Care & Beauty,"Skin, Hair & Cosmetics",anylady-regal-eyeshadow-9g,Active,
284,2.3606,Apple setting spray/jasmine flower make up fix 120ml,Pcs,Personal Care & Beauty,"Skin, Hair & Cosmetics",apple-setting-spray-jasmine-flower-make-up-fix-120ml,Active,
295,1.1711,Argan Hair Nursing Conditioner sleek & smooth 900ml,Pcs,Personal Care & Beauty,"Skin, Hair & Cosmetics",argan-hair-nursing-conditioner-sleek-smooth-900ml,Active,
296,1.102,Argan oil Collagen moisturing &nourish shampoo1000ml,Pcs,Personal Care & Beauty,"Skin, Hair & Cosmetics",argan-oil-collagen-moisturing-nourish-shampoo1000ml,Active,
309,1.2317,Arika soap 250gm,Pcs,Personal Care & Beauty,"Skin, Hair & Cosmetics",arika-soap-250gm,Active,
317,17.468,Artificial Flower Hair clip,Pcs,Personal Care & Beauty,"Skin, Hair & Cosmetics",artificial-flower-hair-clip,Active,
327,2.2991,Asta Berry Detan skin brightening face wash60ml,Pcs,Personal Care & Beauty,"Skin, Hair & Cosmetics",asta-berry-detan-skin-brightening-face-wash60ml,Active,
328,2.769,Asta Berry Detan skin whitening face wash100ml,pc,Personal Care & Beauty,"Skin, Hair & Cosmetics",asta-berry-detan-skin-whitening-face-wash100ml,Active,
329,2.1151,Asta Berry Dimond/skin whitening Hair Remover cream 60g,PC,Personal Care & Beauty,"Skin, Hair & Cosmetics",asta-berry-dimond-skin-whitening-hair-remover-cream-60g,Active,
330,2.14,Asta Berry Enchanting Rose Hair Remover Cream 60gm,PC,Personal Care & Beauty,"Skin, Hair & Cosmetics",asta-berry-enchanting-rose-hair-remover-cream-60gm,Active,
334,2.32,Asta Berry Ikin Papaya / Gold Hair Remover Creme 60gm,Pcs,Personal Care & Beauty,"Skin, Hair & Cosmetics",asta-berry-ikin-papaya-gold-hair-remover-creme-60gm,Active,
336,2.1041,Asta Berry Neem & Aloe Face Wash 100ml,Pc,Personal Care & Beauty,"Skin, Hair & Cosmetics",asta-berry-neem-aloe-face-wash-100ml,Active,
337,2.2985,Asta Berry Neem & Aloe Face Wash 50ml,Pcs,Personal Care & Beauty,"Skin, Hair & Cosmetics",asta-berry-neem-aloe-face-wash-50ml,Active,
339,2.1884,Asta Berry Onion hair oil 200ml,PC,Personal Care & Beauty,"Skin, Hair & Cosmetics",asta-berry-onion-hair-oil-200ml,Active,
341,2.618,Asta Berry Papaya/orange Face Wash 100ml,PC,Personal Care & Beauty,"Skin, Hair & Cosmetics",asta-berry-papaya-orange-face-wash-100ml,Active,
354,2.58,Asta Berry UV Guard Sun Protection Creme SPF60,pc,Personal Care & Beauty,"Skin, Hair & Cosmetics",asta-berry-uv-guard-sun-protection-creme-spf60,Active,
344,2.2432,Asta Berry UV Guard Sun protection creme 50gspf50,Pcs,Personal Care & Beauty,"Skin, Hair & Cosmetics",asta-berry-uv-guard-sun-protection-creme-50gspf50,Active,
345,2.2323,Asta Berry UV Guard sun protection Creme100mlSPF70,Pcs,Personal Care & Beauty,"Skin, Hair & Cosmetics",asta-berry-uv-guard-sun-protection-creme100mlspf70,Active,
355,2.3107,Asta Berry UV Guard sun protection Creme50mlSPF70,Pcs,Personal Care & Beauty,"Skin, Hair & Cosmetics",asta-berry-uv-guard-sun-protection-creme50mlspf70,Active,
349,2.2434,Asta Berry UV Guard sun protection creme 50mlspf40,Pcs,Personal Care & Beauty,"Skin, Hair & Cosmetics",asta-berry-uv-guard-sun-protection-creme-50mlspf40,Active,
356,2.2538,Asta Berry UV Guard tINTED Matte sun protection creme 75mlspf50,Pcs,Personal Care & Beauty,"Skin, Hair & Cosmetics",asta-berry-uv-guard-tinted-matte-sun-protection-creme-75mlspf50,Active,
357,2.2622,Asta Berry Vitamin C FACE WASH SCRUB 100ML,Pcs,Personal Care & Beauty,"Skin, Hair & Cosmetics",asta-berry-vitamin-c-face-wash-scrub-100ml,Active,
358,2.2989,Asta Berry Vitamin-C face wash scrub 60ml,Pcs,Personal Care & Beauty,"Skin, Hair & Cosmetics",asta-berry-vitamin-c-face-wash-scrub-60ml,Active,
338,2.1885,Asta Berry onion hair oil 100ml,PC,Personal Care & Beauty,"Skin, Hair & Cosmetics",asta-berry-onion-hair-oil-100ml,Active,
346,2.2541,Asta berry UV Guard In tensive Moisturizer100ml spf20,Pcs,Personal Care & Beauty,"Skin, Hair & Cosmetics",asta-berry-uv-guard-in-tensive-moisturizer100ml-spf20,Active,
352,2.128,Asta berry UV Guard Sun protection Creme SPF40 100ml,PC,Personal Care & Beauty,"Skin, Hair & Cosmetics",asta-berry-uv-guard-sun-protection-creme-spf40-100ml,Active,
348,2.2431,Asta berry UV Guard sun Protection Creme 50ml Spf60,Pcs,Personal Care & Beauty,"Skin, Hair & Cosmetics",asta-berry-uv-guard-sun-protection-creme-50ml-spf60,Active,
350,2.4094,Asta berry UV guard Sun protection Creme SPF 70,Pcs,Personal Care & Beauty,"Skin, Hair & Cosmetics",asta-berry-uv-guard-sun-protection-creme-spf-70,Active,
353,2.483,Asta berry UV guard Sun protection Creme SPF50,PC,Personal Care & Beauty,"Skin, Hair & Cosmetics",asta-berry-uv-guard-sun-protection-creme-spf50,Active,
340,2.1159,Asta berry papaya face wash 60ml,PC,Personal Care & Beauty,"Skin, Hair & Cosmetics",asta-berry-papaya-face-wash-60ml,Active,
362,2.2555,Astaberry Kumkumadi night cream 50g,Pcs,Personal Care & Beauty,"Skin, Hair & Cosmetics",astaberry-kumkumadi-night-cream-50g,Active,
363,2.2549,Astaberry Vitamin C face Moisturizer cream100ml,Pcs,Personal Care & Beauty,"Skin, Hair & Cosmetics",astaberry-vitamin-c-face-moisturizer-cream100ml,Active,
667,2.3761,BELLAVITA Mango Parfum 100ml,Pcs,Personal Care & Beauty,"Skin, Hair & Cosmetics",bellavita-mango-parfum-100ml,Active,
669,2.3762,BELLAVITA Vanilla Parfum 100ml,Pcs,Personal Care & Beauty,"Skin, Hair & Cosmetics",bellavita-vanilla-parfum-100ml,Active,
836,1.2325,BRK body wash all flv 550ml,Pcs,Personal Care & Beauty,"Skin, Hair & Cosmetics",brk-body-wash-all-flv-550ml,Active,
844,2.266,BTC Silk & Shine hair spa 1000ml,PC,Personal Care & Beauty,"Skin, Hair & Cosmetics",btc-silk-shine-hair-spa-1000ml,Active,
845,2.1882,BTC Silk & shine Hair spa 500g,PC,Personal Care & Beauty,"Skin, Hair & Cosmetics",btc-silk-shine-hair-spa-500g,Active,
413,17.16,Baby Hair Clip 5pc pkt,Pcs,Personal Care & Beauty,"Skin, Hair & Cosmetics",baby-hair-clip-5pc-pkt,Active,
416,2.2805,Baby Lips Color Lip balm,Pcs,Personal Care & Beauty,"Skin, Hair & Cosmetics",baby-lips-color-lip-balm,Active,
414,17.35,Baby hair clip Jodi moti,Pcs,Personal Care & Beauty,"Skin, Hair & Cosmetics",baby-hair-clip-jodi-moti,Active,
438,3.292,Baby toothbrush w/ watch K505,PC,Personal Care & Beauty,"Skin, Hair & Cosmetics",baby-toothbrush-w-watch-k505,Active,
439,3.305,Baby toothbrush w/car 030/5319,PC,Personal Care & Beauty,"Skin, Hair & Cosmetics",baby-toothbrush-w-car-030-5319,Active,
442,3.215,Baby toothbrush w/skate board 8335,PC,Personal Care & Beauty,"Skin, Hair & Cosmetics",baby-toothbrush-w-skate-board-8335,Active,
578,2.3851,Banjaras multani mitti face wash 100gm,Pcs,Personal Care & Beauty,"Skin, Hair & Cosmetics",banjaras-multani-mitti-face-wash-100gm,Active,
579,2.3852,Banjaras multani mitti face wash 50gm,Pcs,Personal Care & Beauty,"Skin, Hair & Cosmetics",banjaras-multani-mitti-face-wash-50gm,Active,
582,2.3857,Banjaras samvridhi hair oil 125ml,Pcs,Personal Care & Beauty,"Skin, Hair & Cosmetics",banjaras-samvridhi-hair-oil-125ml,Active,
583,2.3637,Baoishi lip gloss,Pcs,Personal Care & Beauty,"Skin, Hair & Cosmetics",baoishi-lip-gloss,Active,
584,4.1517,Baol beauty makeu tools,Pcs,Personal Care & Beauty,"Skin, Hair & Cosmetics",baol-beauty-makeu-tools,Active,
632,2.3683,Beardo Charcoal Face Wash 100ml,Pcs,Personal Care & Beauty,"Skin, Hair & Cosmetics",beardo-charcoal-face-wash-100ml,Active,
633,1.2093,Beardo Dandruff Control Shampoo 200ml,Pcs,Personal Care & Beauty,"Skin, Hair & Cosmetics",beardo-dandruff-control-shampoo-200ml,Active,
634,2.3685,Beardo De-Tan Face Wash 100ml,Pcs,Personal Care & Beauty,"Skin, Hair & Cosmetics",beardo-de-tan-face-wash-100ml,Active,
635,2.4093,Beardo Don Eau De Parfum 100ml,Pcs,Personal Care & Beauty,"Skin, Hair & Cosmetics",beardo-don-eau-de-parfum-100ml,Active,
637,2.3694,Beardo Godfather Eau De Parfume 100ml,Pcs,Personal Care & Beauty,"Skin, Hair & Cosmetics",beardo-godfather-eau-de-parfume-100ml,Active,
644,2.3689,Beardo Neem Face Wash 100ml,Pcs,Personal Care & Beauty,"Skin, Hair & Cosmetics",beardo-neem-face-wash-100ml,Active,
646,2.3687,Beardo Ultra Glow Face Cream Spf 30,Pcs,Personal Care & Beauty,"Skin, Hair & Cosmetics",beardo-ultra-glow-face-cream-spf-30,Active,
636,1.2169,Beardo god father body wash 200ml,Pcs,Personal Care & Beauty,"Skin, Hair & Cosmetics",beardo-god-father-body-wash-200ml,Active,
638,1.2172,Beardo hair growth vitalizer shampoo 200ml,Pcs,Personal Care & Beauty,"Skin, Hair & Cosmetics",beardo-hair-growth-vitalizer-shampoo-200ml,Active,
640,2.3686,Beardo ice Blast Face Wash 100ml,Pcs,Personal Care & Beauty,"Skin, Hair & Cosmetics",beardo-ice-blast-face-wash-100ml,Active,
639,1.217,Beardo ice blast body wash 200ml,Pcs,Personal Care & Beauty,"Skin, Hair & Cosmetics",beardo-ice-blast-body-wash-200ml,Active,
641,2.4129,Beardo iceman/maverick/falcon/wolf perfume 150ml,Pcs,Personal Care & Beauty,"Skin, Hair & Cosmetics",beardo-iceman-maverick-falcon-wolf-perfume-150ml,Active,
645,1.2171,Beardo thin hair thickening shampoo 200ml,Pcs,Personal Care & Beauty,"Skin, Hair & Cosmetics",beardo-thin-hair-thickening-shampoo-200ml,Active,
648,2.3749,Beardo white opium parfum 100ml,Pcs,Personal Care & Beauty,"Skin, Hair & Cosmetics",beardo-white-opium-parfum-100ml,Active,
650,22.47,Bearing groomers choice conditioning shampoo 365ml,Pcs,Personal Care & Beauty,"Skin, Hair & Cosmetics",bearing-groomers-choice-conditioning-shampoo-365ml,Active,
660,2.3643,Beauty lipstick velvet matte color,Pcs,Personal Care & Beauty,"Skin, Hair & Cosmetics",beauty-lipstick-velvet-matte-color,Active,
661,2.4012,Beauty model new matte lipgloss no-188,Pcs,Personal Care & Beauty,"Skin, Hair & Cosmetics",beauty-model-new-matte-lipgloss-no-188,Active,
671,2.3559,Bellavita Luxury Date/Glam/Honey/Senorita/Skai/Oud Mix Fragrance Body Spray 120ml,Pcs,Personal Care & Beauty,"Skin, Hair & Cosmetics",bellavita-luxury-date-glam-honey-senorita-skai-oud-mix-fragrance-body-spray-120ml,Active,
675,2.3295,Bellavita oud white fine luxury perfume all flv150ml,Pcs,Personal Care & Beauty,"Skin, Hair & Cosmetics",bellavita-oud-white-fine-luxury-perfume-all-flv150ml,Active,
678,1.209,Berry Berry Wax Strips,Pcs,Personal Care & Beauty,"Skin, Hair & Cosmetics",berry-berry-wax-strips,Active,
749,1.2324,Blkrento body wash all flv 750ml,Pcs,Personal Care & Beauty,"Skin, Hair & Cosmetics",blkrento-body-wash-all-flv-750ml,Active,
760,2.279,Body Lovin Orchid You Not Parfum 15ml,Pcs,Personal Care & Beauty,"Skin, Hair & Cosmetics",body-lovin-orchid-you-not-parfum-15ml,Active,
775,7.1454,Borges Olive Hair Oil 250ml,PC,Personal Care & Beauty,"Skin, Hair & Cosmetics",borges-olive-hair-oil-250ml,Active,
790,17.36,Bow Hair Clip,Pcs,Personal Care & Beauty,"Skin, Hair & Cosmetics",bow-hair-clip,Active,
791,17.45,Bow Hair Clip red 343d,Pcs,Personal Care & Beauty,"Skin, Hair & Cosmetics",bow-hair-clip-red-343d,Active,
792,17.48,Bow Hair clip with Moti,Pcs,Personal Care & Beauty,"Skin, Hair & Cosmetics",bow-hair-clip-with-moti,Active,
992,2.3251,CERAVE Hydrating Mineral Sunscreen 50Face,Pcs,Personal Care & Beauty,"Skin, Hair & Cosmetics",cerave-hydrating-mineral-sunscreen-50face,Active,
1230,2.3061,CR Magnetic matte lip gloss,Pcs,Personal Care & Beauty,"Skin, Hair & Cosmetics",cr-magnetic-matte-lip-gloss,Active,
1294,2.4044,CV3 teint matt foundation pressed powder,Pcs,Personal Care & Beauty,"Skin, Hair & Cosmetics",cv3-teint-matt-foundation-pressed-powder,Active,
894,2.4003,Candid shampoo 75ml,Pcs,Personal Care & Beauty,"Skin, Hair & Cosmetics",candid-shampoo-75ml,Active,
911,2.256,Castledew hair spray 100ml,Pcs,Personal Care & Beauty,"Skin, Hair & Cosmetics",castledew-hair-spray-100ml,Active,
994,2.3697,Cerave hydrating facial cleanser 3fl 87ml,Pcs,Personal Care & Beauty,"Skin, Hair & Cosmetics",cerave-hydrating-facial-cleanser-3fl-87ml,Active,
997,2.2304,Cetaphil Gentle skin Cleanser 125ml,Pcs,Personal Care & Beauty,"Skin, Hair & Cosmetics",cetaphil-gentle-skin-cleanser-125ml,Active,
998,2.2931,Cetaphil Gentle skin Cleanser 250ml,Pcs,Personal Care & Beauty,"Skin, Hair & Cosmetics",cetaphil-gentle-skin-cleanser-250ml,Active,
999,2.2953,Cetaphil Gentle skin Cleanser 500ml,Pcs,Personal Care & Beauty,"Skin, Hair & Cosmetics",cetaphil-gentle-skin-cleanser-500ml,Active,
1004,2.3904,Cetaphil oily skin cleanser 118ml,Pcs,Personal Care & Beauty,"Skin, Hair & Cosmetics",cetaphil-oily-skin-cleanser-118ml,Active,
1005,2.4004,Cetaphil oily skin cleanser 236ml,Pcs,Personal Care & Beauty,"Skin, Hair & Cosmetics",cetaphil-oily-skin-cleanser-236ml,Active,
1013,2.3062,Chanlanya Lip gloss/lip tint,Pcs,Personal Care & Beauty,"Skin, Hair & Cosmetics",chanlanya-lip-gloss-lip-tint,Active,
1015,2.2354,Chanlanya make up Lip Color,Pcs,Personal Care & Beauty,"Skin, Hair & Cosmetics",chanlanya-make-up-lip-color,Active,
1016,2.4034,Chanlanya moisturing lip gloss kering mix,Pcs,Personal Care & Beauty,"Skin, Hair & Cosmetics",chanlanya-moisturing-lip-gloss-kering-mix,Active,
1017,2.4024,Chanlanya professional makeup snail highlighter,Pcs,Personal Care & Beauty,"Skin, Hair & Cosmetics",chanlanya-professional-makeup-snail-highlighter,Active,
1060,1.152,Chmer 3side toothbrush no 816,PC,Personal Care & Beauty,"Skin, Hair & Cosmetics",chmer-3side-toothbrush-no-816,Active,
1091,17.49,Cleansing cotton Wash puff,Pcs,Personal Care & Beauty,"Skin, Hair & Cosmetics",cleansing-cotton-wash-puff,Active,
1092,2.581,Clear CAC hair oil 150ml,pc,Personal Care & Beauty,"Skin, Hair & Cosmetics",clear-cac-hair-oil-150ml,Active,
1093,2.615,Clear CAC hair oil 75ml,PC,Personal Care & Beauty,"Skin, Hair & Cosmetics",clear-cac-hair-oil-75ml,Active,
1097,2.3564,Clear Women Anti - Dandruff / Hairfall shampoo 625 ml,Pcs,Personal Care & Beauty,"Skin, Hair & Cosmetics",clear-women-anti-dandruff-hairfall-shampoo-625-ml,Active,
1098,2.3563,Clear Women Anti - Dandruff / Hairfall shampoo325,Pcs,Personal Care & Beauty,"Skin, Hair & Cosmetics",clear-women-anti-dandruff-hairfall-shampoo325,Active,
1096,1.2285,Clear men legend by cr7 ronaldo shampoo,Pcs,Personal Care & Beauty,"Skin, Hair & Cosmetics",clear-men-legend-by-cr7-ronaldo-shampoo,Active,
1106,1.602,Clinic Plus Strong&Long Health Shampoo 325ml,PC,Personal Care & Beauty,"Skin, Hair & Cosmetics",clinic-plus-strong-long-health-shampoo-325ml,Active,
1102,1.189,Clinic Plus strong & Long health shampoo 325ml,PC,Personal Care & Beauty,"Skin, Hair & Cosmetics",clinic-plus-strong-long-health-shampoo-325ml,Active,
1103,1.384,Clinic plus Strong & Long Health Shampoo 625ml,pc,Personal Care & Beauty,"Skin, Hair & Cosmetics",clinic-plus-strong-long-health-shampoo-625ml,Active,
1101,1.1326,Clinic plus health shampoo with egg protein 325ml,PC,Personal Care & Beauty,"Skin, Hair & Cosmetics",clinic-plus-health-shampoo-with-egg-protein-325ml,Active,
1104,1.1889,Clinic plus strong & long herlath shampoo 625 nk,Pcs,Personal Care & Beauty,"Skin, Hair & Cosmetics",clinic-plus-strong-long-herlath-shampoo-625-nk,Active,
1149,1.575,Colgate 360 white toothbrush 2 get 41 free,pc,Personal Care & Beauty,"Skin, Hair & Cosmetics",colgate-360-white-toothbrush-2-get-41-free,Active,
1157,1.118,Colgate Cibaca Toothbrush 1-2-3,PC,Personal Care & Beauty,"Skin, Hair & Cosmetics",colgate-cibaca-toothbrush-1-2-3,Active,
1159,1.1499,Colgate Gentle Enamel Toothbrush Single Pic,Pcs,Personal Care & Beauty,"Skin, Hair & Cosmetics",colgate-gentle-enamel-toothbrush-single-pic,Active,
1166,1.574,Colgate Plax peepermint Fresh Mouthwash 250ml,Pc,Personal Care & Beauty,"Skin, Hair & Cosmetics",colgate-plax-peepermint-fresh-mouthwash-250ml,Active,
1,1.1949,Colgate Total Active Prevention 150g with premum Toothbrush,Pcs,Personal Care & Beauty,"Skin, Hair & Cosmetics",colgate-total-active-prevention-150g-with-premum-toothbrush,Active,
1152,1.132,Colgate anticavity toothpaste Harbal 200g,PC,Personal Care & Beauty,"Skin, Hair & Cosmetics",colgate-anticavity-toothpaste-harbal-200g,Active,
1162,1.98,Colgate kids +2 toothbrush,PKT,Personal Care & Beauty,"Skin, Hair & Cosmetics",colgate-kids-2-toothbrush,Active,
1169,1.12,Colgate sensitive toothpaste160gg,PC,Personal Care & Beauty,"Skin, Hair & Cosmetics",colgate-sensitive-toothpaste160gg,Active,
1185,1.1099,Collagen Moisturizing &Nourish Conditioner 1000ML,Pcs,Personal Care & Beauty,"Skin, Hair & Cosmetics",collagen-moisturizing-nourish-conditioner-1000ml,Active,
1187,2.4037,Color six paris foundation spf 30 40ml,Pcs,Personal Care & Beauty,"Skin, Hair & Cosmetics",color-six-paris-foundation-spf-30-40ml,Active,
1199,1.1199,Comfort Fabric Conditioner mix 860ml,Pcs,Personal Care & Beauty,"Skin, Hair & Cosmetics",comfort-fabric-conditioner-mix-860ml,Active,
1200,1.759,Comfort fabric conditioner mix flev. 2 liter,PC,Personal Care & Beauty,"Skin, Hair & Cosmetics",comfort-fabric-conditioner-mix-flev-2-liter,Active,
1202,1.2204,Commander soap 1500gm,Pcs,Personal Care & Beauty,"Skin, Hair & Cosmetics",commander-soap-1500gm,Active,
1208,1.1689,Comsoft Medicated wipes Cleansing wipes,ps,Personal Care & Beauty,"Skin, Hair & Cosmetics",comsoft-medicated-wipes-cleansing-wipes,Active,
1215,2.4006,Cool sharp disposable razors,Pcs,Personal Care & Beauty,"Skin, Hair & Cosmetics",cool-sharp-disposable-razors,Active,
1232,2.3649,Crasy girl lip oil,Pcs,Personal Care & Beauty,"Skin, Hair & Cosmetics",crasy-girl-lip-oil,Active,
1236,2.2973,Creme 21 Germany Daily Brightening Body Lotion250ml,Pcs,Personal Care & Beauty,"Skin, Hair & Cosmetics",creme-21-germany-daily-brightening-body-lotion250ml,Active,
1283,17.337,Curved Claw Hair Clip,Pcs,Personal Care & Beauty,"Skin, Hair & Cosmetics",curved-claw-hair-clip,Active,
1643,2.389,DR-RASHEL Vitamin C Night Cream 50ml,PC,Personal Care & Beauty,"Skin, Hair & Cosmetics",dr-rashel-vitamin-c-night-cream-50ml,Active,
1655,2.3455,DR.Rashel Vitamin C spf50 SunScreen 50g,Pcs,Personal Care & Beauty,"Skin, Hair & Cosmetics",dr-rashel-vitamin-c-spf50-sunscreen-50g,Active,
1654,2.3894,DR.Rashel vitamin c facial cleanser 80gm,Pcs,Personal Care & Beauty,"Skin, Hair & Cosmetics",dr-rashel-vitamin-c-facial-cleanser-80gm,Active,
1656,2.3895,DR.Rashel white skin fade sport night cream 50gm,Pcs,Personal Care & Beauty,"Skin, Hair & Cosmetics",dr-rashel-white-skin-fade-sport-night-cream-50gm,Active,
1657,2.4057,DR.Rashel whitening skin sunscreen spf50,Pcs,Personal Care & Beauty,"Skin, Hair & Cosmetics",dr-rashel-whitening-skin-sunscreen-spf50,Active,
1316,17.419,Darenxiu Hair Comb premium Quality,Pcs,Personal Care & Beauty,"Skin, Hair & Cosmetics",darenxiu-hair-comb-premium-quality,Active,
1315,17.328,Darenxiu hair comb brush,Pcs,Personal Care & Beauty,"Skin, Hair & Cosmetics",darenxiu-hair-comb-brush,Active,
1322,2.3648,Dawang rose matte lipstick,Pcs,Personal Care & Beauty,"Skin, Hair & Cosmetics",dawang-rose-matte-lipstick,Active,
18,2.3682,Dekar Deep Hydrating Moisturizer100ml,Pcs,Personal Care & Beauty,"Skin, Hair & Cosmetics",dekar-deep-hydrating-moisturizer100ml,Active,
1359,2.789,Denver Body Spray Green 105g,pc,Personal Care & Beauty,"Skin, Hair & Cosmetics",denver-body-spray-green-105g,Active,
1360,2.26,Denver Body Spray Honour/victor Riden105g,PC,Personal Care & Beauty,"Skin, Hair & Cosmetics",denver-body-spray-honour-victor-riden105g,Active,
1362,2.273,Denver Body Spray Pride 105g,PC,Personal Care & Beauty,"Skin, Hair & Cosmetics",denver-body-spray-pride-105g,Active,
1363,2.3543,Denver Body Spray Sporting Club 165ml,Pcs,Personal Care & Beauty,"Skin, Hair & Cosmetics",denver-body-spray-sporting-club-165ml,Active,
1364,2.3207,Denver Body Spray With Fine Fragrance Hamilton 18ml,Pcs,Personal Care & Beauty,"Skin, Hair & Cosmetics",denver-body-spray-with-fine-fragrance-hamilton-18ml,Active,
1366,2.94,Denver Hamilton Perfume Natural Spray 100ml,Pc,Personal Care & Beauty,"Skin, Hair & Cosmetics",denver-hamilton-perfume-natural-spray-100ml,Active,
1367,2.1292,Denver Honour Hamilton Perfume 100ml,PC,Personal Care & Beauty,"Skin, Hair & Cosmetics",denver-honour-hamilton-perfume-100ml,Active,
1358,2.59,Denver black code/champ/Victor/Goal/Rider perfume 60ml,pc,Personal Care & Beauty,"Skin, Hair & Cosmetics",denver-black-code-champ-victor-goal-rider-perfume-60ml,Active,
1361,2.143,Denver body spray imperial 105g,PC,Personal Care & Beauty,"Skin, Hair & Cosmetics",denver-body-spray-imperial-105g,Active,
1369,2.2075,Denver mix body spray+ parfim gift pack 165ml,Pcs,Personal Care & Beauty,"Skin, Hair & Cosmetics",denver-mix-body-spray-parfim-gift-pack-165ml,Active,
1370,2.165,Denver pocket perfume18ml,PC,Personal Care & Beauty,"Skin, Hair & Cosmetics",denver-pocket-perfume18ml,Active,
1371,2.33,Derma 1% kojic acid lip balm,Pcs,Personal Care & Beauty,"Skin, Hair & Cosmetics",derma-1-kojic-acid-lip-balm,Active,
1372,2.3301,Derma 2% niacinamide gentle skin cleanser face wash,Pcs,Personal Care & Beauty,"Skin, Hair & Cosmetics",derma-2-niacinamide-gentle-skin-cleanser-face-wash,Active,
1373,2.3127,Derma 3%AHA-BHA Foaming Daily Face Wash 100ml,Pcs,Personal Care & Beauty,"Skin, Hair & Cosmetics",derma-3-aha-bha-foaming-daily-face-wash-100ml,Active,
1374,2.3307,Derma c-cinamide radiance sunscreen aqua gel sfp50,Pcs,Personal Care & Beauty,"Skin, Hair & Cosmetics",derma-c-cinamide-radiance-sunscreen-aqua-gel-sfp50,Active,
1404,2.322,Dettol Lather Shaving Cream Fresh 78g,PC,Personal Care & Beauty,"Skin, Hair & Cosmetics",dettol-lather-shaving-cream-fresh-78g,Active,
1411,1.13,Dettol Original Soap 4pack100g,PC,Personal Care & Beauty,"Skin, Hair & Cosmetics",dettol-original-soap-4pack100g,Active,
1403,1.1963,Dettol icy cool shower gel 500ml,Pcs,Personal Care & Beauty,"Skin, Hair & Cosmetics",dettol-icy-cool-shower-gel-500ml,Active,
1405,1.1972,Dettol lime fresh shower gel 500ml,Pcs,Personal Care & Beauty,"Skin, Hair & Cosmetics",dettol-lime-fresh-shower-gel-500ml,Active,
1407,1.2288,Dettol neem soap buy3 get 1free 300gm,Pack,Personal Care & Beauty,"Skin, Hair & Cosmetics",dettol-neem-soap-buy3-get-1free-300gm,Active,
1412,1.12,Dettol original soap 50gm,PC,Personal Care & Beauty,"Skin, Hair & Cosmetics",dettol-original-soap-50gm,Active,
1418,1.316,Dexe Black Hair Shampoo 400ml,pc,Personal Care & Beauty,"Skin, Hair & Cosmetics",dexe-black-hair-shampoo-400ml,Active,
1419,1.973,Dexe Black Hair shampoo 15ml,pkt,Personal Care & Beauty,"Skin, Hair & Cosmetics",dexe-black-hair-shampoo-15ml,Active,
1420,1.1723,Dexe Brown Hair Shampoo 400ml,Pcs,Personal Care & Beauty,"Skin, Hair & Cosmetics",dexe-brown-hair-shampoo-400ml,Active,
1429,1.1763,Dhoni Laundary Soap 200Gms,Pcs,Personal Care & Beauty,"Skin, Hair & Cosmetics",dhoni-laundary-soap-200gms,Active,
1430,1.1794,Dhoni Laundry Soap 3pcs Combo 450gm,Pack,Personal Care & Beauty,"Skin, Hair & Cosmetics",dhoni-laundry-soap-3pcs-combo-450gm,Active,
1431,1.1137,Dhoni Soap 6pcs1500g,Pcs,Personal Care & Beauty,"Skin, Hair & Cosmetics",dhoni-soap-6pcs1500g,Active,
1452,1.1172,Dinesh Dish wash Soap 150g,Pcs,Personal Care & Beauty,"Skin, Hair & Cosmetics",dinesh-dish-wash-soap-150g,Active,
1450,1.1151,Dinesh Dish wash soap,Pcs,Personal Care & Beauty,"Skin, Hair & Cosmetics",dinesh-dish-wash-soap,Active,
1456,1.1008,Dinesh Laundry soap Rs55,PC,Personal Care & Beauty,"Skin, Hair & Cosmetics",dinesh-laundry-soap-rs55,Active,
1451,1.1171,Dinesh premium soap 200gRs55,Pcs,Personal Care & Beauty,"Skin, Hair & Cosmetics",dinesh-premium-soap-200grs55,Active,
1540,2.1066,DoDo girl eyeshadow D3357,Pc,Personal Care & Beauty,"Skin, Hair & Cosmetics",dodo-girl-eyeshadow-d3357,Active,
1593,2.3407,Dot&hey blueberry hydrate barrier repair sunscreen 50+ 50g,Pcs,Personal Care & Beauty,"Skin, Hair & Cosmetics",dot-hey-blueberry-hydrate-barrier-repair-sunscreen-50-50g,Active,
1608,2.3656,Dot&key Strawberry Dew Tinted Sunscreen Daily Wear Spf 50 02 Warm Ivory,Pcs,Personal Care & Beauty,"Skin, Hair & Cosmetics",dot-key-strawberry-dew-tinted-sunscreen-daily-wear-spf-50-02-warm-ivory,Active,
1609,2.3657,Dot&key Strawberry Dew Tinted Sunscreen Daily Wear Spf 50 03 Sand,Pcs,Personal Care & Beauty,"Skin, Hair & Cosmetics",dot-key-strawberry-dew-tinted-sunscreen-daily-wear-spf-50-03-sand,Active,
1610,2.3655,Dot&key Strawberry Dew Tinted Sunscreen Daily Wear Spf 50+ 01 Porcelain,Pcs,Personal Care & Beauty,"Skin, Hair & Cosmetics",dot-key-strawberry-dew-tinted-sunscreen-daily-wear-spf-50-01-porcelain,Active,
1596,2.3404,Dot&key blueberry hydrate barrier repair toner 150ml,Pcs,Personal Care & Beauty,"Skin, Hair & Cosmetics",dot-key-blueberry-hydrate-barrier-repair-toner-150ml,Active,
1598,2.3406,Dot&key cica calming mattifying sunscreen 50+ 50gm,Pcs,Personal Care & Beauty,"Skin, Hair & Cosmetics",dot-key-cica-calming-mattifying-sunscreen-50-50gm,Active,
1599,2.3405,Dot&key cica calming oil-free moisturizer 60ml,Pcs,Personal Care & Beauty,"Skin, Hair & Cosmetics",dot-key-cica-calming-oil-free-moisturizer-60ml,Active,
1600,2.3408,Dot&key cica calming skin clarifying toner 150ml,Pcs,Personal Care & Beauty,"Skin, Hair & Cosmetics",dot-key-cica-calming-skin-clarifying-toner-150ml,Active,
1601,2.3409,Dot&key creamides&hyaluronic barrier repair moisturizer 120gm,Pcs,Personal Care & Beauty,"Skin, Hair & Cosmetics",dot-key-creamides-hyaluronic-barrier-repair-moisturizer-120gm,Active,
1602,2.4088,Dot&key gloss boss lip balm spf50 12gm all flv,Pcs,Personal Care & Beauty,"Skin, Hair & Cosmetics",dot-key-gloss-boss-lip-balm-spf50-12gm-all-flv,Active,
1603,2.3959,Dot&key non tinted lip balm spf50+,Pcs,Personal Care & Beauty,"Skin, Hair & Cosmetics",dot-key-non-tinted-lip-balm-spf50,Active,
1604,2.3399,Dot&key skincare mango detan gel face wash 100ml,Pcs,Personal Care & Beauty,"Skin, Hair & Cosmetics",dot-key-skincare-mango-detan-gel-face-wash-100ml,Active,
1606,2.3952,Dot&key strawberry bright niacinamide gel face wash 100ml,Pcs,Personal Care & Beauty,"Skin, Hair & Cosmetics",dot-key-strawberry-bright-niacinamide-gel-face-wash-100ml,Active,
1607,2.3953,Dot&key strawberry dew sunscreen mist spf50++ 80ml,Pcs,Personal Care & Beauty,"Skin, Hair & Cosmetics",dot-key-strawberry-dew-sunscreen-mist-spf50-80ml,Active,
1612,2.3746,Dot&key vitamin c+e super bright sunscreen spf 50++,Pcs,Personal Care & Beauty,"Skin, Hair & Cosmetics",dot-key-vitamin-c-e-super-bright-sunscreen-spf-50,Active,
1614,2.395,Dot&key watermelon cooling icy gel moisturizer 60ml,Pcs,Personal Care & Beauty,"Skin, Hair & Cosmetics",dot-key-watermelon-cooling-icy-gel-moisturizer-60ml,Active,
1615,2.3743,Dot&key watermelon cooling sunscreen spf50++,Pcs,Personal Care & Beauty,"Skin, Hair & Cosmetics",dot-key-watermelon-cooling-sunscreen-spf50,Active,
1616,2.3745,Dot&key watermelon superglow pore tightening toner 150ml,Pcs,Personal Care & Beauty,"Skin, Hair & Cosmetics",dot-key-watermelon-superglow-pore-tightening-toner-150ml,Active,
1622,1.61,Dove Body Wash mix flv 200ml,PC,Personal Care & Beauty,"Skin, Hair & Cosmetics",dove-body-wash-mix-flv-200ml,Active,
1623,1.205,Dove Conditioner Intense Repair 180ml,PC,Personal Care & Beauty,"Skin, Hair & Cosmetics",dove-conditioner-intense-repair-180ml,Active,
1625,1.188,Dove Daily Shine conditioner 180ml,Pcs,Personal Care & Beauty,"Skin, Hair & Cosmetics",dove-daily-shine-conditioner-180ml,Active,
1626,1.1596,Dove Daily Shine shampoo 180ml,Pcs,Personal Care & Beauty,"Skin, Hair & Cosmetics",dove-daily-shine-shampoo-180ml,Active,
1632,1.494,Dove Hair Fall Rescue Conditioner 320ml,Pc,Personal Care & Beauty,"Skin, Hair & Cosmetics",dove-hair-fall-rescue-conditioner-320ml,Active,
1630,1.224,Dove Hair Fall Rescue Shampoo 325ml,PC,Personal Care & Beauty,"Skin, Hair & Cosmetics",dove-hair-fall-rescue-shampoo-325ml,Active,
1631,1.407,Dove Hair Fall Rescue shampoo 625ml,pc,Personal Care & Beauty,"Skin, Hair & Cosmetics",dove-hair-fall-rescue-shampoo-625ml,Active,
1633,1.544,Dove Hair Hair fall Rescue Shampoo 175ml,Pc,Personal Care & Beauty,"Skin, Hair & Cosmetics",dove-hair-hair-fall-rescue-shampoo-175ml,Active,
1634,1.1787,Dove Hair Therapy Breakage Repair Conditioner 380ml,Bttl,Personal Care & Beauty,"Skin, Hair & Cosmetics",dove-hair-therapy-breakage-repair-conditioner-380ml,Active,
1635,2.3213,Dove Hair Therapy Breakage Repair Shampoo 380ml,Pcs,Personal Care & Beauty,"Skin, Hair & Cosmetics",dove-hair-therapy-breakage-repair-shampoo-380ml,Active,
1639,1.1897,Dove Intense Repair Shampoo 325ML,Pcs,Personal Care & Beauty,"Skin, Hair & Cosmetics",dove-intense-repair-shampoo-325ml,Active,
1638,1.533,Dove Intense Repair Shampoo 325ml,Pc,Personal Care & Beauty,"Skin, Hair & Cosmetics",dove-intense-repair-shampoo-325ml,Active,
1637,1.434,Dove Intense Repair shampoo 175ml,pc,Personal Care & Beauty,"Skin, Hair & Cosmetics",dove-intense-repair-shampoo-175ml,Active,
1640,1.376,Dove Intense Repair shampoo 625ml,pc,Personal Care & Beauty,"Skin, Hair & Cosmetics",dove-intense-repair-shampoo-625ml,Active,
1627,1.1982,Dove daily shine shampoo 325ml,Pcs,Personal Care & Beauty,"Skin, Hair & Cosmetics",dove-daily-shine-shampoo-325ml,Active,
1628,1.2006,Dove daily shine shampoo 625ml,Pcs,Personal Care & Beauty,"Skin, Hair & Cosmetics",dove-daily-shine-shampoo-625ml,Active,
1636,1.381,Dove hair therapy Daily shine conditioner 180ml,pc,Personal Care & Beauty,"Skin, Hair & Cosmetics",dove-hair-therapy-daily-shine-conditioner-180ml,Active,
1620,1.928,Dove intense repair conditioner 320ml,PC,Personal Care & Beauty,"Skin, Hair & Cosmetics",dove-intense-repair-conditioner-320ml,Active,
1642,1.226,Dr kaps toothbrush no d-628,Pcs,Personal Care & Beauty,"Skin, Hair & Cosmetics",dr-kaps-toothbrush-no-d-628,Active,
1649,2.3703,Dr.rashel face wash 75gm,Pcs,Personal Care & Beauty,"Skin, Hair & Cosmetics",dr-rashel-face-wash-75gm,Active,
1817,2.1208,ENVY Men Dark/Noir/Rushabsolute/ body spray 120ml,PC,Personal Care & Beauty,"Skin, Hair & Cosmetics",envy-men-dark-noir-rushabsolute-body-spray-120ml,Active,
1757,1.803,Efficient 3side toothbrush black no 6220,PC,Personal Care & Beauty,"Skin, Hair & Cosmetics",efficient-3side-toothbrush-black-no-6220,Active,
1790,2.2205,Emami Kesh King Shampoo300ml,Pcs,Personal Care & Beauty,"Skin, Hair & Cosmetics",emami-kesh-king-shampoo300ml,Active,
1789,2.2204,Emami Kesh king Onion Shampoo600ml,Pcs,Personal Care & Beauty,"Skin, Hair & Cosmetics",emami-kesh-king-onion-shampoo600ml,Active,
1793,1.332,Emoform -R Toothpaste 150g,Pcs,Personal Care & Beauty,"Skin, Hair & Cosmetics",emoform-r-toothpaste-150g,Active,
1794,1.333,Emoform-R Toothpaste 100g,pc,Personal Care & Beauty,"Skin, Hair & Cosmetics",emoform-r-toothpaste-100g,Active,
1795,1.773,Emoform-R Toothpaste 50g,PC,Personal Care & Beauty,"Skin, Hair & Cosmetics",emoform-r-toothpaste-50g,Active,
1798,2.27,Enchanteur Body Lotion all flev. 175ml,PC,Personal Care & Beauty,"Skin, Hair & Cosmetics",enchanteur-body-lotion-all-flev-175ml,Active,
1799,2.26,Enchanteur Body lotion Moisture rom/ enti/ char400,PC,Personal Care & Beauty,"Skin, Hair & Cosmetics",enchanteur-body-lotion-moisture-rom-enti-char400,Active,
1801,2.944,Enchanteur Charming/ enticing Perfumed Talc 50g,pc,Personal Care & Beauty,"Skin, Hair & Cosmetics",enchanteur-charming-enticing-perfumed-talc-50g,Active,
1802,1.448,Enchanteur Deluxe soap 90g,pc,Personal Care & Beauty,"Skin, Hair & Cosmetics",enchanteur-deluxe-soap-90g,Active,
1803,2.25,Enchanteur Monisturesilk Body lotion all mix 100ml,PC,Personal Care & Beauty,"Skin, Hair & Cosmetics",enchanteur-monisturesilk-body-lotion-all-mix-100ml,Active,
1805,2.238,Enchanteur Romantic Perfumed talc 50g,PC,Personal Care & Beauty,"Skin, Hair & Cosmetics",enchanteur-romantic-perfumed-talc-50g,Active,
1804,1.1871,Enchanteur perfumed sshower gel romantic 550ml,Pcs,Personal Care & Beauty,"Skin, Hair & Cosmetics",enchanteur-perfumed-sshower-gel-romantic-550ml,Active,
1806,2.237,Enchanteur romantic perfumed tatc100g,PC,Personal Care & Beauty,"Skin, Hair & Cosmetics",enchanteur-romantic-perfumed-tatc100g,Active,
1807,2.527,Enchanteur shower gel 250ml,pc,Personal Care & Beauty,"Skin, Hair & Cosmetics",enchanteur-shower-gel-250ml,Active,
1808,2.2422,Engage Lamante Eau De Parfum 100ml,Pcs,Personal Care & Beauty,"Skin, Hair & Cosmetics",engage-lamante-eau-de-parfum-100ml,Active,
1813,2.1431,Envy Blush women perfume spray120ml,PC,Personal Care & Beauty,"Skin, Hair & Cosmetics",envy-blush-women-perfume-spray120ml,Active,
1815,2.1344,Envy french collection body spray 120ml,PC,Personal Care & Beauty,"Skin, Hair & Cosmetics",envy-french-collection-body-spray-120ml,Active,
1816,2.1432,Envy luv perfume spray women 120ml,PC,Personal Care & Beauty,"Skin, Hair & Cosmetics",envy-luv-perfume-spray-women-120ml,Active,
1820,2.1413,Envy nitro/ perfume 120ml,PC,Personal Care & Beauty,"Skin, Hair & Cosmetics",envy-nitro-perfume-120ml,Active,
1821,2.1697,Envy pout women body spray 120ml,PC,Personal Care & Beauty,"Skin, Hair & Cosmetics",envy-pout-women-body-spray-120ml,Active,
1822,2.1345,Envy1000 Miami Rush perfume,PC,Personal Care & Beauty,"Skin, Hair & Cosmetics",envy1000-miami-rush-perfume,Active,
1823,2.3887,Enzo lasting have a type moving hair spray 420ml,Pcs,Personal Care & Beauty,"Skin, Hair & Cosmetics",enzo-lasting-have-a-type-moving-hair-spray-420ml,Active,
1826,2.3651,Essense lip gloss,Pcs,Personal Care & Beauty,"Skin, Hair & Cosmetics",essense-lip-gloss,Active,
1839,2.181,Ever beauty lipstick waterprof,PC,Personal Care & Beauty,"Skin, Hair & Cosmetics",ever-beauty-lipstick-waterprof,Active,
1840,2.3646,Ever beauty matte lipstick,Pcs,Personal Care & Beauty,"Skin, Hair & Cosmetics",ever-beauty-matte-lipstick,Active,
1867,1.43,Exo Dish Shine soap,PC,Personal Care & Beauty,"Skin, Hair & Cosmetics",exo-dish-shine-soap,Active,
2018,2.1012,FOGG Fresh Orientle/fougere Body Spray 120ml black,pc,Personal Care & Beauty,"Skin, Hair & Cosmetics",fogg-fresh-orientle-fougere-body-spray-120ml-black,Active,
2027,2.1145,FOGG Napoleon fragrance body spray 120ml,PC,Personal Care & Beauty,"Skin, Hair & Cosmetics",fogg-napoleon-fragrance-body-spray-120ml,Active,
2028,2.394,FOGG Paradies Body Spray for Women 120ml,PC,Personal Care & Beauty,"Skin, Hair & Cosmetics",fogg-paradies-body-spray-for-women-120ml,Active,
2031,2.1195,FOGG Scent De parfum mix 50ml,PC,Personal Care & Beauty,"Skin, Hair & Cosmetics",fogg-scent-de-parfum-mix-50ml,Active,
2013,2.1194,FOGG body spray mix 120ml,PC,Personal Care & Beauty,"Skin, Hair & Cosmetics",fogg-body-spray-mix-120ml,Active,
1881,2.2345,Face Razor Flamingos,Pcs,Personal Care & Beauty,"Skin, Hair & Cosmetics",face-razor-flamingos,Active,
1883,2.2724,Fair&Lovely Face Wash 50g,Pcs,Personal Care & Beauty,"Skin, Hair & Cosmetics",fair-lovely-face-wash-50g,Active,
1901,3.432,Farlin Honey soap 100g,pkt,Personal Care & Beauty,"Skin, Hair & Cosmetics",farlin-honey-soap-100g,Active,
1919,2.3583,Farmasi BB cream beauty balm spf 15 30ml,Pcs,Personal Care & Beauty,"Skin, Hair & Cosmetics",farmasi-bb-cream-beauty-balm-spf-15-30ml,Active,
1920,2.3587,Farmasi makeup spray 125ml,Pcs,Personal Care & Beauty,"Skin, Hair & Cosmetics",farmasi-makeup-spray-125ml,Active,
1921,2.3588,Farmasi matte liquid lipstick,Pcs,Personal Care & Beauty,"Skin, Hair & Cosmetics",farmasi-matte-liquid-lipstick,Active,
1939,1.123,Fiama Shower gel 500ml,Pcs,Personal Care & Beauty,"Skin, Hair & Cosmetics",fiama-shower-gel-500ml,Active,
1985,2.586,Fit me Dream satin skin liquid foundation 35ml,pc,Personal Care & Beauty,"Skin, Hair & Cosmetics",fit-me-dream-satin-skin-liquid-foundation-35ml,Active,
1986,2.1647,Fit me Foundation 30ml,PC,Personal Care & Beauty,"Skin, Hair & Cosmetics",fit-me-foundation-30ml,Active,
1987,2.3508,Fitme maybelline foundation spf 22++ 128,Pcs,Personal Care & Beauty,"Skin, Hair & Cosmetics",fitme-maybelline-foundation-spf-22-128,Active,
2001,2.3322,Florona panch ratna cool talc pouder 100g,Pcs,Personal Care & Beauty,"Skin, Hair & Cosmetics",florona-panch-ratna-cool-talc-pouder-100g,Active,
2022,2.268,FoGG Marco Fragrance Body Spray100g,PC,Personal Care & Beauty,"Skin, Hair & Cosmetics",fogg-marco-fragrance-body-spray100g,Active,
2010,2.3268,Fogc Scent Premium Perfume \fresh woody 120ml,Pcs,Personal Care & Beauty,"Skin, Hair & Cosmetics",fogc-scent-premium-perfume-fresh-woody-120ml,Active,
2012,2.262,Fogg Bleu Mix Body Spray 120ml,PC,Personal Care & Beauty,"Skin, Hair & Cosmetics",fogg-bleu-mix-body-spray-120ml,Active,
2014,2.887,Fogg Delicious Body Spray For Women 120ml\Fragrace,pc,Personal Care & Beauty,"Skin, Hair & Cosmetics",fogg-delicious-body-spray-for-women-120ml-fragrace,Active,
2015,2.933,Fogg Essence Fragrant Body Spray For Women 120ml,Pc,Personal Care & Beauty,"Skin, Hair & Cosmetics",fogg-essence-fragrant-body-spray-for-women-120ml,Active,
2016,2.742,Fogg Fresh Aromatic Body Spray 120ml,pc,Personal Care & Beauty,"Skin, Hair & Cosmetics",fogg-fresh-aromatic-body-spray-120ml,Active,
2017,2.985,Fogg Fresh Fougere Body Spray 120ml,Pc,Personal Care & Beauty,"Skin, Hair & Cosmetics",fogg-fresh-fougere-body-spray-120ml,Active,
2019,2.876,Fogg Fresh Spicy Aromatic Body Spray 120ml,pc,Personal Care & Beauty,"Skin, Hair & Cosmetics",fogg-fresh-spicy-aromatic-body-spray-120ml,Active,
2020,2.74,Fogg Fresh woody Body spray 120ml,pc,Personal Care & Beauty,"Skin, Hair & Cosmetics",fogg-fresh-woody-body-spray-120ml,Active,
2021,2.935,Fogg Majestic Body Spray120ml,Pc,Personal Care & Beauty,"Skin, Hair & Cosmetics",fogg-majestic-body-spray120ml,Active,
2026,2.81,Fogg Monarch Body Spray 120ml\dash,pc,Personal Care & Beauty,"Skin, Hair & Cosmetics",fogg-monarch-body-spray-120ml-dash,Active,
2029,2.2735,Fogg Pocket Perfume 17ml,Pcs,Personal Care & Beauty,"Skin, Hair & Cosmetics",fogg-pocket-perfume-17ml,Active,
2030,2.369,Fogg Royal Body Spray 120ml,pc,Personal Care & Beauty,"Skin, Hair & Cosmetics",fogg-royal-body-spray-120ml,Active,
2039,2.809,Fogg Victor Body Spray 120ml green,pc,Personal Care & Beauty,"Skin, Hair & Cosmetics",fogg-victor-body-spray-120ml-green,Active,
2025,2.745,Fogg mix Roll on Deodorant 50ml,pc,Personal Care & Beauty,"Skin, Hair & Cosmetics",fogg-mix-roll-on-deodorant-50ml,Active,
2024,2.2061,Fogg mix eau de parfum 30ml,Pcs,Personal Care & Beauty,"Skin, Hair & Cosmetics",fogg-mix-eau-de-parfum-30ml,Active,
2045,1.1234,Foisoner Moisturizing Keratin Argan oli Conditioner 800ml,Pcs,Personal Care & Beauty,"Skin, Hair & Cosmetics",foisoner-moisturizing-keratin-argan-oli-conditioner-800ml,Active,
2044,2.3022,Foisoner Moisturizing Keratin Argan oli Shampoo800ml,Pcs,Personal Care & Beauty,"Skin, Hair & Cosmetics",foisoner-moisturizing-keratin-argan-oli-shampoo800ml,Active,
2061,2.3576,Forever 52 ultra definition liquid foundation 30ml,Pcs,Personal Care & Beauty,"Skin, Hair & Cosmetics",forever-52-ultra-definition-liquid-foundation-30ml,Active,
2081,2.1763,Foundation Brush,PC,Personal Care & Beauty,"Skin, Hair & Cosmetics",foundation-brush,Active,
2085,3.563,Frog kids Toothbrush No.852A,Pcs,Personal Care & Beauty,"Skin, Hair & Cosmetics",frog-kids-toothbrush-no-852a,Active,
2140,2.312,GARNIER MEN Oil Clear Deep Cleansing Face wash 100,PC,Personal Care & Beauty,"Skin, Hair & Cosmetics",garnier-men-oil-clear-deep-cleansing-face-wash-100,Active,
2103,1.2322,Gaga ks shampoo 500ml,Pcs,Personal Care & Beauty,"Skin, Hair & Cosmetics",gaga-ks-shampoo-500ml,Active,
2116,2.2292,Garnier Bright Complete Vitamin Cgel face wash 100g,Pcs,Personal Care & Beauty,"Skin, Hair & Cosmetics",garnier-bright-complete-vitamin-cgel-face-wash-100g,Active,
2117,2.3502,Garnier Bright Complete Vitamin Cgel face wash 50gm,Pcs,Personal Care & Beauty,"Skin, Hair & Cosmetics",garnier-bright-complete-vitamin-cgel-face-wash-50gm,Active,
2129,2.889,Garnier Color Naturals Natural Black hair Color 1,pkt,Personal Care & Beauty,"Skin, Hair & Cosmetics",garnier-color-naturals-natural-black-hair-color-1,Active,
2133,1.1696,Garnier Fructis Strengthening Long &Strong Shampoo340ml,Pcs,Personal Care & Beauty,"Skin, Hair & Cosmetics",garnier-fructis-strengthening-long-strong-shampoo340ml,Active,
2145,2.1102,Garnier Men Turbo Bright double action face wash 100g,pc,Personal Care & Beauty,"Skin, Hair & Cosmetics",garnier-men-turbo-bright-double-action-face-wash-100g,Active,
2143,2.1103,Garnier Men Turbo Bright face wash 100g,Pc,Personal Care & Beauty,"Skin, Hair & Cosmetics",garnier-men-turbo-bright-face-wash-100g,Active,
2144,2.1437,Garnier Men Turbo Bright face wash 50g,PC,Personal Care & Beauty,"Skin, Hair & Cosmetics",garnier-men-turbo-bright-face-wash-50g,Active,
2115,2.3479,Garnier bright complete vitamin c night cream 18gm,Pcs,Personal Care & Beauty,"Skin, Hair & Cosmetics",garnier-bright-complete-vitamin-c-night-cream-18gm,Active,
2148,2.2142,Garnier pure Active face wash 50g,Pcs,Personal Care & Beauty,"Skin, Hair & Cosmetics",garnier-pure-active-face-wash-50g,Active,
2162,2.924,Gatsby Care Treatment HAir Cream 125g,pc,Personal Care & Beauty,"Skin, Hair & Cosmetics",gatsby-care-treatment-hair-cream-125g,Active,
2163,2.524,Gatsby Hair spray super hard250ml,pc,Personal Care & Beauty,"Skin, Hair & Cosmetics",gatsby-hair-spray-super-hard250ml,Active,
2164,2.925,Gatsby Moist Treatment Hair Cream 125g,pc,Personal Care & Beauty,"Skin, Hair & Cosmetics",gatsby-moist-treatment-hair-cream-125g,Active,
2182,2.52,Gillete fusion Razor,pc,Personal Care & Beauty,"Skin, Hair & Cosmetics",gillete-fusion-razor,Active,
2187,2.328,Gillette 7o Clock Pll Razor,PC,Personal Care & Beauty,"Skin, Hair & Cosmetics",gillette-7o-clock-pll-razor,Active,
2194,2.334,Gillette VectorComfort Strip razor,PC,Personal Care & Beauty,"Skin, Hair & Cosmetics",gillette-vectorcomfort-strip-razor,Active,
2204,2.3955,Glam&glory acne expert charcoal face wash 100ml,Pcs,Personal Care & Beauty,"Skin, Hair & Cosmetics",glam-glory-acne-expert-charcoal-face-wash-100ml,Active,
2232,2.29,GloMax Ginger shampoo 500ml,PC,Personal Care & Beauty,"Skin, Hair & Cosmetics",glomax-ginger-shampoo-500ml,Active,
2235,2.3639,Glow lip oil karite,Pcs,Personal Care & Beauty,"Skin, Hair & Cosmetics",glow-lip-oil-karite,Active,
2236,2.3795,Glow&lovely brightening sunscreen spf 30pa 30gm,Pcs,Personal Care & Beauty,"Skin, Hair & Cosmetics",glow-lovely-brightening-sunscreen-spf-30pa-30gm,Active,
2260,1.567,Godrej Cinthol Soap Lime 100g,pc,Personal Care & Beauty,"Skin, Hair & Cosmetics",godrej-cinthol-soap-lime-100g,Active,
2259,1.418,Godrej Cinthol Soap cool 100g,pc,Personal Care & Beauty,"Skin, Hair & Cosmetics",godrej-cinthol-soap-cool-100g,Active,
2262,2.277,Godrej Expert Hair Color Natural Black 20ml,PC,Personal Care & Beauty,"Skin, Hair & Cosmetics",godrej-expert-hair-color-natural-black-20ml,Active,
2269,1.581,Godrej No1 soap 4 in pack 500gm,Pc,Personal Care & Beauty,"Skin, Hair & Cosmetics",godrej-no1-soap-4-in-pack-500gm,Active,
2258,1.2098,Godrej cinthol foam body wash 200ml,Pcs,Personal Care & Beauty,"Skin, Hair & Cosmetics",godrej-cinthol-foam-body-wash-200ml,Active,
2307,1.1719,Gooral Toothbrush no.663,Pcs,Personal Care & Beauty,"Skin, Hair & Cosmetics",gooral-toothbrush-no-663,Active,
2306,3.651,Gooral childrens toothbrush no6070,Pcs,Personal Care & Beauty,"Skin, Hair & Cosmetics",gooral-childrens-toothbrush-no6070,Active,
2309,2.404,Goree day&night beauty cream,Pcs,Personal Care & Beauty,"Skin, Hair & Cosmetics",goree-day-night-beauty-cream,Active,
23,17.203,HAIR Comb 2pcs set no 822-2,Pcs,Personal Care & Beauty,"Skin, Hair & Cosmetics",hair-comb-2pcs-set-no-822-2,Active,
2487,2.3647,HC smushy huda colour lip balm,Pcs,Personal Care & Beauty,"Skin, Hair & Cosmetics",hc-smushy-huda-colour-lip-balm,Active,
2334,2.3195,Hada Labo Advanced Nourish cleanser,Pcs,Personal Care & Beauty,"Skin, Hair & Cosmetics",hada-labo-advanced-nourish-cleanser,Active,
2335,2.3197,Hada Labo Pro-Anti Aging Cleanser,Pcs,Personal Care & Beauty,"Skin, Hair & Cosmetics",hada-labo-pro-anti-aging-cleanser,Active,
24,17.158,Hair Comb Folding with,Pcs,Personal Care & Beauty,"Skin, Hair & Cosmetics",hair-comb-folding-with,Active,
2350,17.27,Hair Comb Folding with,Pcs,Personal Care & Beauty,"Skin, Hair & Cosmetics",hair-comb-folding-with,Active,
2337,17.309,Hair band moti mix,Pcs,Personal Care & Beauty,"Skin, Hair & Cosmetics",hair-band-moti-mix,Active,
2348,17.128,Hair clip printed big size,Pcs,Personal Care & Beauty,"Skin, Hair & Cosmetics",hair-clip-printed-big-size,Active,
2349,17.358,Hair clip small size,Pcs,Personal Care & Beauty,"Skin, Hair & Cosmetics",hair-clip-small-size,Active,
2356,2.1883,Hair treatment cream Milk/Almont mix 1000ml,PC,Personal Care & Beauty,"Skin, Hair & Cosmetics",hair-treatment-cream-milk-almont-mix-1000ml,Active,
2490,1.908,Head & shoulders Anti-Dandruff Silky black shampoo650ml,PC,Personal Care & Beauty,"Skin, Hair & Cosmetics",head-shoulders-anti-dandruff-silky-black-shampoo650ml,Active,
2494,1.193,Head & shoulders Smooth & Skily/black anti hair fall /lemon shampoo 180ml,PC,Personal Care & Beauty,"Skin, Hair & Cosmetics",head-shoulders-smooth-skily-black-anti-hair-fall-lemon-shampoo-180ml,Active,
2491,1.906,Head & shoulders anti-Hair fall Shampoo 650ml,PC,Personal Care & Beauty,"Skin, Hair & Cosmetics",head-shoulders-anti-hair-fall-shampoo-650ml,Active,
2495,1.912,Head &shoulder shampoo cool/silky black 340ml,PC,Personal Care & Beauty,"Skin, Hair & Cosmetics",head-shoulder-shampoo-cool-silky-black-340ml,Active,
2515,2.2312,Hephaes Protein Brazilian Keratin care hair shampoo 900ml,Pcs,Personal Care & Beauty,"Skin, Hair & Cosmetics",hephaes-protein-brazilian-keratin-care-hair-shampoo-900ml,Active,
2530,2.3885,Hiemy niacinamide cleansing pads,Pcs,Personal Care & Beauty,"Skin, Hair & Cosmetics",hiemy-niacinamide-cleansing-pads,Active,
2592,2.1266,Himalaya Anti-HairFall Shampoo 650-ml,PC,Personal Care & Beauty,"Skin, Hair & Cosmetics",himalaya-anti-hairfall-shampoo-650-ml,Active,
2587,2.2998,Himalaya Brightening Vitamin C Orange Face wash 100ml,Pcs,Personal Care & Beauty,"Skin, Hair & Cosmetics",himalaya-brightening-vitamin-c-orange-face-wash-100ml,Active,
2588,2.2999,Himalaya Brightening Vitamin C Strawberry Face wash 100ml,Pcs,Personal Care & Beauty,"Skin, Hair & Cosmetics",himalaya-brightening-vitamin-c-strawberry-face-wash-100ml,Active,
2616,2.455,Himalaya Hair cream mix 200ml,PC,Personal Care & Beauty,"Skin, Hair & Cosmetics",himalaya-hair-cream-mix-200ml,Active,
2620,2.922,Himalaya Herbal Anti Hair Fall Hair Cream,pc,Personal Care & Beauty,"Skin, Hair & Cosmetics",himalaya-herbal-anti-hair-fall-hair-cream,Active,
2623,2.923,Himalaya Herbal Protien Hair Cream 100ml,pc,Personal Care & Beauty,"Skin, Hair & Cosmetics",himalaya-herbal-protien-hair-cream-100ml,Active,
2624,2.674,Himalaya Herbal Purifying Neem Face Wash 150ml,pc,Personal Care & Beauty,"Skin, Hair & Cosmetics",himalaya-herbal-purifying-neem-face-wash-150ml,Active,
2627,2.182,Himalaya Herbals Anti Hair Fall Hair Oil 100ml,PC,Personal Care & Beauty,"Skin, Hair & Cosmetics",himalaya-herbals-anti-hair-fall-hair-oil-100ml,Active,
2629,2.1267,Himalaya Herbals Anti-Dandruff Shampoo 650ml,PC,Personal Care & Beauty,"Skin, Hair & Cosmetics",himalaya-herbals-anti-dandruff-shampoo-650ml,Active,
2631,1.806,Himalaya Herbals Complete Care toothpaste 150g,PC,Personal Care & Beauty,"Skin, Hair & Cosmetics",himalaya-herbals-complete-care-toothpaste-150g,Active,
2632,2.315,Himalaya Herbals Fairness Kesar Face Wash 150ml,PC,Personal Care & Beauty,"Skin, Hair & Cosmetics",himalaya-herbals-fairness-kesar-face-wash-150ml,Active,
2646,2.148,Himalaya Herbals Revitalizing night cream 50g,PC,Personal Care & Beauty,"Skin, Hair & Cosmetics",himalaya-herbals-revitalizing-night-cream-50g,Active,
2647,1.75,Himalaya Herbals Sparkling White Toothpaste 150g,PC,Personal Care & Beauty,"Skin, Hair & Cosmetics",himalaya-herbals-sparkling-white-toothpaste-150g,Active,
2648,1.751,Himalaya Herbals Sparkling White Toothpaste 80g,PC,Personal Care & Beauty,"Skin, Hair & Cosmetics",himalaya-herbals-sparkling-white-toothpaste-80g,Active,
2651,3.393,Himalaya Kids Orange Toothpaste 80g,Pcs,Personal Care & Beauty,"Skin, Hair & Cosmetics",himalaya-kids-orange-toothpaste-80g,Active,
2654,2.1855,Himalaya Natural glow kesar face wash100ml,PC,Personal Care & Beauty,"Skin, Hair & Cosmetics",himalaya-natural-glow-kesar-face-wash100ml,Active,
2664,2.3934,Himalaya Ultra Light Sunscreen Creme Gel Spf50+ 50g,Pcs,Personal Care & Beauty,"Skin, Hair & Cosmetics",himalaya-ultra-light-sunscreen-creme-gel-spf50-50g,Active,
2663,2.3933,Himalaya Ultra Light Sunscreen Lotion Spf50+ 100g,Pcs,Personal Care & Beauty,"Skin, Hair & Cosmetics",himalaya-ultra-light-sunscreen-lotion-spf50-100g,Active,
2649,2.3566,Himalaya hydrating aloe vera face wash 100ml,Pcs,Personal Care & Beauty,"Skin, Hair & Cosmetics",himalaya-hydrating-aloe-vera-face-wash-100ml,Active,
2650,3.394,Himalaya kids cool mint Toothpaste 80g,Pcs,Personal Care & Beauty,"Skin, Hair & Cosmetics",himalaya-kids-cool-mint-toothpaste-80g,Active,
2657,2.3351,Himalaya pollution detox charcoal face wash 100ml,Pcs,Personal Care & Beauty,"Skin, Hair & Cosmetics",himalaya-pollution-detox-charcoal-face-wash-100ml,Active,
2667,3.9,Himalayan Baby Hair Oil 50 ml,PC,Personal Care & Beauty,"Skin, Hair & Cosmetics",himalayan-baby-hair-oil-50-ml,Active,
2673,2.3389,Himalayan Gentle Exfoliating Apricot Face Wash 100 ml,Pcs,Personal Care & Beauty,"Skin, Hair & Cosmetics",himalayan-gentle-exfoliating-apricot-face-wash-100-ml,Active,
2674,2.109,Himalayan Herbal Lip Balm 10g,Pc,Personal Care & Beauty,"Skin, Hair & Cosmetics",himalayan-herbal-lip-balm-10g,Active,
2678,2.3513,Himalayan Sunpr Tect+ Sunscreen spf 50 30g,Pcs,Personal Care & Beauty,"Skin, Hair & Cosmetics",himalayan-sunpr-tect-sunscreen-spf-50-30g,Active,
2694,17.395,Honey Banana Hair Clip small,Pcs,Personal Care & Beauty,"Skin, Hair & Cosmetics",honey-banana-hair-clip-small,Active,
2695,17.363,Honey Hair Clip Medium,Pcs,Personal Care & Beauty,"Skin, Hair & Cosmetics",honey-hair-clip-medium,Active,
2696,17.362,Honey Hair Clip Small,Pcs,Personal Care & Beauty,"Skin, Hair & Cosmetics",honey-hair-clip-small,Active,
2714,2.1351,Huda Beauty Matte lip stick,PC,Personal Care & Beauty,"Skin, Hair & Cosmetics",huda-beauty-matte-lip-stick,Active,
2715,2.3053,Huda Beauty24h Matte lip stick,Pcs,Personal Care & Beauty,"Skin, Hair & Cosmetics",huda-beauty24h-matte-lip-stick,Active,
27,2.2462,Huda beauty Magic Gloss,Pcs,Personal Care & Beauty,"Skin, Hair & Cosmetics",huda-beauty-magic-gloss,Active,
2713,2.1794,Huda beauty foundation brush *toothbrush type*,PC,Personal Care & Beauty,"Skin, Hair & Cosmetics",huda-beauty-foundation-brush-toothbrush-type,Active,
2732,2.3118,Hunny Bunny Matte Liquid Lipstick,Pcs,Personal Care & Beauty,"Skin, Hair & Cosmetics",hunny-bunny-matte-liquid-lipstick,Active,
2734,2.3063,Huxiabeauty Liquid Blusher waterproof NO.58907,Pcs,Personal Care & Beauty,"Skin, Hair & Cosmetics",huxiabeauty-liquid-blusher-waterproof-no-58907,Active,
2857,2.54,JOY Papaya Wash SOft Cleanser 120ml,PC,Personal Care & Beauty,"Skin, Hair & Cosmetics",joy-papaya-wash-soft-cleanser-120ml,Active,
2858,2.3,JOY Pure Aloe All Purpose Body lotion 100ml,PC,Personal Care & Beauty,"Skin, Hair & Cosmetics",joy-pure-aloe-all-purpose-body-lotion-100ml,Active,
2808,3.8,Johnson baby hair oil 100ml,PC,Personal Care & Beauty,"Skin, Hair & Cosmetics",johnson-baby-hair-oil-100ml,Active,
2850,2.168,Joy Papaya Sun Lip Balm 10g,PC,Personal Care & Beauty,"Skin, Hair & Cosmetics",joy-papaya-sun-lip-balm-10g,Active,
2846,2.171,Joy Papaya face wash 60ml,PC,Personal Care & Beauty,"Skin, Hair & Cosmetics",joy-papaya-face-wash-60ml,Active,
2847,2.3507,Joy Papaya face wash Combo pack 100ml,Pcs,Personal Care & Beauty,"Skin, Hair & Cosmetics",joy-papaya-face-wash-combo-pack-100ml,Active,
2864,2.49,Joy Skin Fruits Fairness Face wash 120ml,PC,Personal Care & Beauty,"Skin, Hair & Cosmetics",joy-skin-fruits-fairness-face-wash-120ml,Active,
2865,2.77,Joy Skin Fruits Fairness face wash 50ml,PC,Personal Care & Beauty,"Skin, Hair & Cosmetics",joy-skin-fruits-fairness-face-wash-50ml,Active,
2866,2.164,Joy Skin Fruits Moisturizing body lotion 100ml,PC,Personal Care & Beauty,"Skin, Hair & Cosmetics",joy-skin-fruits-moisturizing-body-lotion-100ml,Active,
2867,2.162,Joy SunScreen UV Protect & Whitening lotion200ml,PC,Personal Care & Beauty,"Skin, Hair & Cosmetics",joy-sunscreen-uv-protect-whitening-lotion200ml,Active,
2869,2.2605,Joy Ubtan tan removal face wash 50ml,Pcs,Personal Care & Beauty,"Skin, Hair & Cosmetics",joy-ubtan-tan-removal-face-wash-50ml,Active,
2834,2.2595,Joy Vitamin C face wash 50ml,Pcs,Personal Care & Beauty,"Skin, Hair & Cosmetics",joy-vitamin-c-face-wash-50ml,Active,
2845,2.508,Joy intense moisture body lotion100ml,pc,Personal Care & Beauty,"Skin, Hair & Cosmetics",joy-intense-moisture-body-lotion100ml,Active,
2868,2.3289,Joy ubtan tan removal & blemish minimizing face wash 100ml,Pcs,Personal Care & Beauty,"Skin, Hair & Cosmetics",joy-ubtan-tan-removal-blemish-minimizing-face-wash-100ml,Active,
2884,2.3426,K.S body spray 80g/120ml,Pcs,Personal Care & Beauty,"Skin, Hair & Cosmetics",k-s-body-spray-80g-120ml,Active,
2993,2.1711,KESH KING ANTI HAIR FALL SHAMPOO340ML,PC,Personal Care & Beauty,"Skin, Hair & Cosmetics",kesh-king-anti-hair-fall-shampoo340ml,Active,
2891,2.3669,Kaqi Liner 2-in-1Eyeliner pen,Pcs,Personal Care & Beauty,"Skin, Hair & Cosmetics",kaqi-liner-2-in-1eyeliner-pen,Active,
2896,2.3046,Karite Flower 24kMagic lip gloss,Pcs,Personal Care & Beauty,"Skin, Hair & Cosmetics",karite-flower-24kmagic-lip-gloss,Active,
2897,2.3047,Karite lip oil nourish moisturize,Pcs,Personal Care & Beauty,"Skin, Hair & Cosmetics",karite-lip-oil-nourish-moisturize,Active,
2898,2.3635,Karite love lip gloss waterproof,Pcs,Personal Care & Beauty,"Skin, Hair & Cosmetics",karite-love-lip-gloss-waterproof,Active,
2909,2.3382,Karseell conditioner 500ml,Pcs,Personal Care & Beauty,"Skin, Hair & Cosmetics",karseell-conditioner-500ml,Active,
2910,1.1884,Karseell shampoo 500ml,Pcs,Personal Care & Beauty,"Skin, Hair & Cosmetics",karseell-shampoo-500ml,Active,
2951,2.307,Katerina beauty Nail polish 10ml,Pcs,Personal Care & Beauty,"Skin, Hair & Cosmetics",katerina-beauty-nail-polish-10ml,Active,
29,2.3065,Katerina/Tech colors beauty Nail polish 18ml,Pcs,Personal Care & Beauty,"Skin, Hair & Cosmetics",katerina-tech-colors-beauty-nail-polish-18ml,Active,
2953,2.1945,Katy Beauty nail polish 20ml,Pcs,Personal Care & Beauty,"Skin, Hair & Cosmetics",katy-beauty-nail-polish-20ml,Active,
2954,2.3244,Katy Beauty nail polish16ml,Pcs,Personal Care & Beauty,"Skin, Hair & Cosmetics",katy-beauty-nail-polish16ml,Active,
2962,2.3594,Kejjan's Oily Skin Cleanser 150ml,Pcs,Personal Care & Beauty,"Skin, Hair & Cosmetics",kejjan-s-oily-skin-cleanser-150ml,Active,
2963,2.3593,Kejjan's Oily Skin Cleanser 250ml,Pcs,Personal Care & Beauty,"Skin, Hair & Cosmetics",kejjan-s-oily-skin-cleanser-250ml,Active,
2957,2.3871,Kejjan's gentle skin cleanser 150ml,Pcs,Personal Care & Beauty,"Skin, Hair & Cosmetics",kejjan-s-gentle-skin-cleanser-150ml,Active,
2961,2.3521,Kejjan's moisturising skin cleansing 250ml,Pcs,Personal Care & Beauty,"Skin, Hair & Cosmetics",kejjan-s-moisturising-skin-cleansing-250ml,Active,
2970,2.3956,Kejjan's vitamin c+ face wash 100ml,Pcs,Personal Care & Beauty,"Skin, Hair & Cosmetics",kejjan-s-vitamin-c-face-wash-100ml,Active,
2988,1.1019,Keratin conditioner 900ml,Pcs,Personal Care & Beauty,"Skin, Hair & Cosmetics",keratin-conditioner-900ml,Active,
2989,1.1295,Keratin hair Shampoo 900ML,Pcs,Personal Care & Beauty,"Skin, Hair & Cosmetics",keratin-hair-shampoo-900ml,Active,
2997,2.3622,Kesh King Gold Anti-Hairfall Shampoo 200ml,Pcs,Personal Care & Beauty,"Skin, Hair & Cosmetics",kesh-king-gold-anti-hairfall-shampoo-200ml,Active,
2998,2.3623,Kesh King Gold Anti-Hairfall Shampoo 340ml,Pcs,Personal Care & Beauty,"Skin, Hair & Cosmetics",kesh-king-gold-anti-hairfall-shampoo-340ml,Active,
2996,1.2188,Kesh king Gold Anti-hair fall Shampoo600ml,Pcs,Personal Care & Beauty,"Skin, Hair & Cosmetics",kesh-king-gold-anti-hair-fall-shampoo600ml,Active,
3000,1.1006,Keto-konaz ketoconazole Soap 75g,PC,Personal Care & Beauty,"Skin, Hair & Cosmetics",keto-konaz-ketoconazole-soap-75g,Active,
3036,2.2818,Kingyes Silky Beauty Spray 150ml,Pcs,Personal Care & Beauty,"Skin, Hair & Cosmetics",kingyes-silky-beauty-spray-150ml,Active,
3037,3.96,Kinlan baby Toothbrush NO.534,pc,Personal Care & Beauty,"Skin, Hair & Cosmetics",kinlan-baby-toothbrush-no-534,Active,
3044,2.3467,Kiss Beauty Higlight &Contour Stick no.51270-03,Pcs,Personal Care & Beauty,"Skin, Hair & Cosmetics",kiss-beauty-higlight-contour-stick-no-51270-03,Active,
4,2.2139,Kiss Beauty Lipstick,Pcs,Personal Care & Beauty,"Skin, Hair & Cosmetics",kiss-beauty-lipstick,Active,
3045,2.3246,Kiss Beauty Liquid Blush 4.5ml,Pcs,Personal Care & Beauty,"Skin, Hair & Cosmetics",kiss-beauty-liquid-blush-4-5ml,Active,
3047,2.434,Kiss Beauty Magic Lip Gloss,PC,Personal Care & Beauty,"Skin, Hair & Cosmetics",kiss-beauty-magic-lip-gloss,Active,
3039,2.295,Kiss Beauty Super black Liquid Eyeliner pencil,Pcs,Personal Care & Beauty,"Skin, Hair & Cosmetics",kiss-beauty-super-black-liquid-eyeliner-pencil,Active,
3042,2.305,Kiss Beauty fit lip oil,Pcs,Personal Care & Beauty,"Skin, Hair & Cosmetics",kiss-beauty-fit-lip-oil,Active,
3049,2.1906,Kiss Beauty moisture lips oil,PC,Personal Care & Beauty,"Skin, Hair & Cosmetics",kiss-beauty-moisture-lips-oil,Active,
3040,2.1783,Kiss beauty color lipstick,PC,Personal Care & Beauty,"Skin, Hair & Cosmetics",kiss-beauty-color-lipstick,Active,
3041,2.4047,Kiss beauty compact powder 18gm,Pcs,Personal Care & Beauty,"Skin, Hair & Cosmetics",kiss-beauty-compact-powder-18gm,Active,
3043,2.4061,Kiss beauty glow up lip oil,Pcs,Personal Care & Beauty,"Skin, Hair & Cosmetics",kiss-beauty-glow-up-lip-oil,Active,
3046,2.4008,Kiss beauty liquid blush,Pcs,Personal Care & Beauty,"Skin, Hair & Cosmetics",kiss-beauty-liquid-blush,Active,
3048,2.3644,Kiss beauty magic lipstick,Pcs,Personal Care & Beauty,"Skin, Hair & Cosmetics",kiss-beauty-magic-lipstick,Active,
3051,2.3605,Kiss beauty snail nude powder 24k compact,Pcs,Personal Care & Beauty,"Skin, Hair & Cosmetics",kiss-beauty-snail-nude-powder-24k-compact,Active,
3052,2.3633,Kiss beauty super velvet teddy tint glosh,Pcs,Personal Care & Beauty,"Skin, Hair & Cosmetics",kiss-beauty-super-velvet-teddy-tint-glosh,Active,
3054,2.4009,Kiss beauty velvet lip gloss,Pcs,Personal Care & Beauty,"Skin, Hair & Cosmetics",kiss-beauty-velvet-lip-gloss,Active,
3299,1.39,LOREAL PARIS Anti Hair Fall Conditioner 175 ml,pc,Personal Care & Beauty,"Skin, Hair & Cosmetics",loreal-paris-anti-hair-fall-conditioner-175-ml,Active,
3304,1.201,LOREAL Paris Fall Resist Anti Hair fall Shampoo360,PC,Personal Care & Beauty,"Skin, Hair & Cosmetics",loreal-paris-fall-resist-anti-hair-fall-shampoo360,Active,
3293,1.203,LOREAL colour protect conditioner 175ml,PC,Personal Care & Beauty,"Skin, Hair & Cosmetics",loreal-colour-protect-conditioner-175ml,Active,
3317,1.183,LORERAL Paris Total repairing shampoo 360ml,PC,Personal Care & Beauty,"Skin, Hair & Cosmetics",loreral-paris-total-repairing-shampoo-360ml,Active,
3315,1.185,LORERAL Paris colour protect shampoo 360ml,PC,Personal Care & Beauty,"Skin, Hair & Cosmetics",loreral-paris-colour-protect-shampoo-360ml,Active,
3316,1.182,LORERAL Paris fall Resist Anti Hair shampoo 640ml,PC,Personal Care & Beauty,"Skin, Hair & Cosmetics",loreral-paris-fall-resist-anti-hair-shampoo-640ml,Active,
3120,2.3764,Ladies shaving razor p box,Pcs,Personal Care & Beauty,"Skin, Hair & Cosmetics",ladies-shaving-razor-p-box,Active,
3126,2.3359,Lakme 9 to 5 sun expert super matte sunscreen lotion 30++ 100ml,Pcs,Personal Care & Beauty,"Skin, Hair & Cosmetics",lakme-9-to-5-sun-expert-super-matte-sunscreen-lotion-30-100ml,Active,
3130,2.2484,Lakme B.B HD Moist Foundation,Pcs,Personal Care & Beauty,"Skin, Hair & Cosmetics",lakme-b-b-hd-moist-foundation,Active,
3131,2.386,Lakme Blush & Glow Face Wash 100g,Pcs,Personal Care & Beauty,"Skin, Hair & Cosmetics",lakme-blush-glow-face-wash-100g,Active,
3135,2.652,Lakme Insta liner Eyeliner,pc,Personal Care & Beauty,"Skin, Hair & Cosmetics",lakme-insta-liner-eyeliner,Active,
3142,2.3416,Lakme Sun Expert Sunscreen Lotion SPF 30++ 100ml Indian,Pcs,Personal Care & Beauty,"Skin, Hair & Cosmetics",lakme-sun-expert-sunscreen-lotion-spf-30-100ml-indian,Active,
3143,2.3417,Lakme Sun Expert Tint Hint Sunscreen SPF 50 +++ 100ml Indian,Pcs,Personal Care & Beauty,"Skin, Hair & Cosmetics",lakme-sun-expert-tint-hint-sunscreen-spf-50-100ml-indian,Active,
3136,2.3867,Lakme makeup+skincare vit c superglow compact powder 8gm,Pcs,Personal Care & Beauty,"Skin, Hair & Cosmetics",lakme-makeup-skincare-vit-c-superglow-compact-powder-8gm,Active,
3145,2.3774,Lakme ultimate glam foundation 25ml,Pcs,Personal Care & Beauty,"Skin, Hair & Cosmetics",lakme-ultimate-glam-foundation-25ml,Active,
3153,2.3931,Lasya Full Converage Foundation + Concealer in 1 30g,Pcs,Personal Care & Beauty,"Skin, Hair & Cosmetics",lasya-full-converage-foundation-concealer-in-1-30g,Active,
3154,2.3939,Lasya lip gloss 7ml,Pcs,Personal Care & Beauty,"Skin, Hair & Cosmetics",lasya-lip-gloss-7ml,Active,
3155,2.3935,Lasya long stay liquid matte lipstick kissproff 6ml,Pcs,Personal Care & Beauty,"Skin, Hair & Cosmetics",lasya-long-stay-liquid-matte-lipstick-kissproff-6ml,Active,
3156,2.394,Lasya matte lipstick long lasting 3.5gm,Pcs,Personal Care & Beauty,"Skin, Hair & Cosmetics",lasya-matte-lipstick-long-lasting-3-5gm,Active,
3158,2.3937,Lasya volume mascara 6gm,Pcs,Personal Care & Beauty,"Skin, Hair & Cosmetics",lasya-volume-mascara-6gm,Active,
3164,2.966,Layerr Wottagirl Mystic Island body Spray,Pc,Personal Care & Beauty,"Skin, Hair & Cosmetics",layerr-wottagirl-mystic-island-body-spray,Active,
3163,2.557,Layerr Wottagirl mix VT/AK/SC Body Spray 135ml,pc,Personal Care & Beauty,"Skin, Hair & Cosmetics",layerr-wottagirl-mix-vt-ak-sc-body-spray-135ml,Active,
3172,2.406,Leito botox face cream moisturizing 150ml,Pcs,Personal Care & Beauty,"Skin, Hair & Cosmetics",leito-botox-face-cream-moisturizing-150ml,Active,
3173,2.628,Leito by mg makeup time locker toner 120ml,PC,Personal Care & Beauty,"Skin, Hair & Cosmetics",leito-by-mg-makeup-time-locker-toner-120ml,Active,
3175,2.4038,Leito chamomile face repairing toner 100ml,Pcs,Personal Care & Beauty,"Skin, Hair & Cosmetics",leito-chamomile-face-repairing-toner-100ml,Active,
3183,2.4052,Leito primer+matte foundation spf50 20ml,Pcs,Personal Care & Beauty,"Skin, Hair & Cosmetics",leito-primer-matte-foundation-spf50-20ml,Active,
3202,1.947,Lifebuoy Soap 3+1 Set 100g,PC,Personal Care & Beauty,"Skin, Hair & Cosmetics",lifebuoy-soap-3-1-set-100g,Active,
3199,1.445,Lifebuoy germ protection nature soap 100g,pc,Personal Care & Beauty,"Skin, Hair & Cosmetics",lifebuoy-germ-protection-nature-soap-100g,Active,
3201,1.444,Lifebuoy lemon fresh soap 100g*4 =400g,pc,Personal Care & Beauty,"Skin, Hair & Cosmetics",lifebuoy-lemon-fresh-soap-100g-4-400g,Active,
3213,2.3668,Lip Balm Show man,Pcs,Personal Care & Beauty,"Skin, Hair & Cosmetics",lip-balm-show-man,Active,
3221,1.11,Liril lime rush Soap 4 pack 75g,Pcs,Personal Care & Beauty,"Skin, Hair & Cosmetics",liril-lime-rush-soap-4-pack-75g,Active,
3265,1.272,Lolane hair conditioner 320ml,PC,Personal Care & Beauty,"Skin, Hair & Cosmetics",lolane-hair-conditioner-320ml,Active,
3266,2.2041,Lolane natura hair treatment 250g,Pcs,Personal Care & Beauty,"Skin, Hair & Cosmetics",lolane-natura-hair-treatment-250g,Active,
3279,1.1698,Lords Keratin Repair Shampoo 500ml,Pcs,Personal Care & Beauty,"Skin, Hair & Cosmetics",lords-keratin-repair-shampoo-500ml,Active,
3286,1.1527,Lords Rose Body Wash 300ml,Pcs,Personal Care & Beauty,"Skin, Hair & Cosmetics",lords-rose-body-wash-300ml,Active,
3287,2.2847,Lords Strawberry Matte Sel Sunscreen spf 50 50ml,Pcs,Personal Care & Beauty,"Skin, Hair & Cosmetics",lords-strawberry-matte-sel-sunscreen-spf-50-50ml,Active,
3281,2.3797,Lords korean glass skin retinol face cream spf 30 100gm,Pcs,Personal Care & Beauty,"Skin, Hair & Cosmetics",lords-korean-glass-skin-retinol-face-cream-spf-30-100gm,Active,
3283,2.2867,Lords onion hair Oil 200ml,Pcs,Personal Care & Beauty,"Skin, Hair & Cosmetics",lords-onion-hair-oil-200ml,Active,
3285,2.3766,Lords retinol anti-ageing night cream 100gm,Pcs,Personal Care & Beauty,"Skin, Hair & Cosmetics",lords-retinol-anti-ageing-night-cream-100gm,Active,
3295,1.1148,Loreal Hyaluron Moisture Conditoner 180ml,Pcs,Personal Care & Beauty,"Skin, Hair & Cosmetics",loreal-hyaluron-moisture-conditoner-180ml,Active,
3296,1.1147,Loreal Hyaluron Moisture Shampoo 340ml,Pcs,Personal Care & Beauty,"Skin, Hair & Cosmetics",loreal-hyaluron-moisture-shampoo-340ml,Active,
3288,1.1146,Loreal Hyaluron Moisture Shampoo 650ml,Pcs,Personal Care & Beauty,"Skin, Hair & Cosmetics",loreal-hyaluron-moisture-shampoo-650ml,Active,
3298,1.518,Loreal Paris 6oil Nourish Conditioner 175ml,Pc,Personal Care & Beauty,"Skin, Hair & Cosmetics",loreal-paris-6oil-nourish-conditioner-175ml,Active,
3300,1.1033,Loreal Paris Dream Lenghts Detangling Conditioner,Pcs,Personal Care & Beauty,"Skin, Hair & Cosmetics",loreal-paris-dream-lenghts-detangling-conditioner,Active,
3289,1.1128,Loreal Paris Dream lenghthy Shampoo 396ml,Pcs,Personal Care & Beauty,"Skin, Hair & Cosmetics",loreal-paris-dream-lenghthy-shampoo-396ml,Active,
3310,1.1591,Loreal Paris Moisture Conditioner 386 ml,Pcs,Personal Care & Beauty,"Skin, Hair & Cosmetics",loreal-paris-moisture-conditioner-386-ml,Active,
3311,1.486,Loreal Paris Oil Nourish shampoo 640ml,pc,Personal Care & Beauty,"Skin, Hair & Cosmetics",loreal-paris-oil-nourish-shampoo-640ml,Active,
3314,1.1177,Loreal Paris Total Repair 5 Restoring Conditioner 180ml,Pcs,Personal Care & Beauty,"Skin, Hair & Cosmetics",loreal-paris-total-repair-5-restoring-conditioner-180ml,Active,
3301,1.1032,Loreal paris Dream Lenghts restoring shampoo 704ml,PC,Personal Care & Beauty,"Skin, Hair & Cosmetics",loreal-paris-dream-lenghts-restoring-shampoo-704ml,Active,
3312,2.1424,Loreal paris Shine Sealing conditioner 175ml,PC,Personal Care & Beauty,"Skin, Hair & Cosmetics",loreal-paris-shine-sealing-conditioner-175ml,Active,
3307,1.185,Loreal paris hyaluron pure conditioner 340ml,Pcs,Personal Care & Beauty,"Skin, Hair & Cosmetics",loreal-paris-hyaluron-pure-conditioner-340ml,Active,
3331,2.1669,Lotus Herbal Basiltone skin Toner 100ml,PC,Personal Care & Beauty,"Skin, Hair & Cosmetics",lotus-herbal-basiltone-skin-toner-100ml,Active,
3332,2.167,Lotus Herbal Berryscrub Face wash 80g,PC,Personal Care & Beauty,"Skin, Hair & Cosmetics",lotus-herbal-berryscrub-face-wash-80g,Active,
3334,2.1668,Lotus Herbal RoseTone Skin Toner 100ml,PC,Personal Care & Beauty,"Skin, Hair & Cosmetics",lotus-herbal-rosetone-skin-toner-100ml,Active,
3345,2.764,Lotus Herbals Safe Sun Mstrsing Sunscreen Ltn 100g,pc,Personal Care & Beauty,"Skin, Hair & Cosmetics",lotus-herbals-safe-sun-mstrsing-sunscreen-ltn-100g,Active,
30,2.3536,Lotus Herbals Saff Sun Spf 30 Sunscreen 50g,Pcs,Personal Care & Beauty,"Skin, Hair & Cosmetics",lotus-herbals-saff-sun-spf-30-sunscreen-50g,Active,
3361,2.1451,Lotus Herbals YouthRx Night Cream 50g,PC,Personal Care & Beauty,"Skin, Hair & Cosmetics",lotus-herbals-youthrx-night-cream-50g,Active,
3359,2.2583,Lotus Herbals youthr firm &Bright face wash 100ml,Pcs,Personal Care & Beauty,"Skin, Hair & Cosmetics",lotus-herbals-youthr-firm-bright-face-wash-100ml,Active,
3379,2.2631,Lotus WhiteGlow Night Cream60g,Pcs,Personal Care & Beauty,"Skin, Hair & Cosmetics",lotus-whiteglow-night-cream60g,Active,
3329,2.3387,Lotus derma botanics uv aqua sunscreen spray 50ml spf50++,Pcs,Personal Care & Beauty,"Skin, Hair & Cosmetics",lotus-derma-botanics-uv-aqua-sunscreen-spray-50ml-spf50,Active,
3330,1.2281,Lotus extra soft toothbrush,Pcs,Personal Care & Beauty,"Skin, Hair & Cosmetics",lotus-extra-soft-toothbrush,Active,
3360,2.2409,Lotus herbals youthr firm&Bright night cream 50g,Pcs,Personal Care & Beauty,"Skin, Hair & Cosmetics",lotus-herbals-youthr-firm-bright-night-cream-50g,Active,
3365,1.2261,Lotus oral cleaning kit toothbrush+tongue cleaner+floss,Pcs,Personal Care & Beauty,"Skin, Hair & Cosmetics",lotus-oral-cleaning-kit-toothbrush-tongue-cleaner-floss,Active,
3373,2.3021,Lotus professional Retemin Face wash100g,Pcs,Personal Care & Beauty,"Skin, Hair & Cosmetics",lotus-professional-retemin-face-wash100g,Active,
3371,2.2012,Lotus professional deep pore face wash 80g,Pcs,Personal Care & Beauty,"Skin, Hair & Cosmetics",lotus-professional-deep-pore-face-wash-80g,Active,
3368,2.2201,Lotus professional smooth skin anti -ageing face wash 80g,Pcs,Personal Care & Beauty,"Skin, Hair & Cosmetics",lotus-professional-smooth-skin-anti-ageing-face-wash-80g,Active,
3388,1.1561,Love Warmth Anti Gravity Shampoo 400ml,Pcs,Personal Care & Beauty,"Skin, Hair & Cosmetics",love-warmth-anti-gravity-shampoo-400ml,Active,
3387,2.383,Love romantic lip gloss,Pcs,Personal Care & Beauty,"Skin, Hair & Cosmetics",love-romantic-lip-gloss,Active,
3405,1.558,Lux Fresh lotus soap 100g,pc,Personal Care & Beauty,"Skin, Hair & Cosmetics",lux-fresh-lotus-soap-100g,Active,
3401,2.3435,Lux body wash magical Orchid 750ml,Pcs,Personal Care & Beauty,"Skin, Hair & Cosmetics",lux-body-wash-magical-orchid-750ml,Active,
3400,1.1903,Lux body wash magical orchid 145ml,Pcs,Personal Care & Beauty,"Skin, Hair & Cosmetics",lux-body-wash-magical-orchid-145ml,Active,
3402,1.1902,Lux body wash soft rose 145ml,Pcs,Personal Care & Beauty,"Skin, Hair & Cosmetics",lux-body-wash-soft-rose-145ml,Active,
3403,1.1915,Lux body wash soft rose 750ml,Pcs,Personal Care & Beauty,"Skin, Hair & Cosmetics",lux-body-wash-soft-rose-750ml,Active,
3408,1.2338,Lux smooth&frafrant glutathione soap 125gm,Pcs,Personal Care & Beauty,"Skin, Hair & Cosmetics",lux-smooth-frafrant-glutathione-soap-125gm,Active,
3409,1.234,Lux smooth&frafrant glutathione soap 75gm,Pcs,Personal Care & Beauty,"Skin, Hair & Cosmetics",lux-smooth-frafrant-glutathione-soap-75gm,Active,
3621,2.2482,MG Goldline Cosmetics Vitamin C spf25,Pcs,Personal Care & Beauty,"Skin, Hair & Cosmetics",mg-goldline-cosmetics-vitamin-c-spf25,Active,
3622,2.2314,MG Goldline KSKeratin smooth Shampoo500ml,Pcs,Personal Care & Beauty,"Skin, Hair & Cosmetics",mg-goldline-kskeratin-smooth-shampoo500ml,Active,
3623,2.3117,MG Goldline Matte Liquid Lipstick 7ml,Pcs,Personal Care & Beauty,"Skin, Hair & Cosmetics",mg-goldline-matte-liquid-lipstick-7ml,Active,
3626,2.2471,MG Goldline Sunscreen cream 100gSpf 50,Pcs,Personal Care & Beauty,"Skin, Hair & Cosmetics",mg-goldline-sunscreen-cream-100gspf-50,Active,
3627,2.2579,MG Goldline Sunscreen cream 100gSpf 60,Pcs,Personal Care & Beauty,"Skin, Hair & Cosmetics",mg-goldline-sunscreen-cream-100gspf-60,Active,
3616,2.3879,MG Goldline cosmetics 1% hyaluronic acid sunscreen gel spf50++,Pcs,Personal Care & Beauty,"Skin, Hair & Cosmetics",mg-goldline-cosmetics-1-hyaluronic-acid-sunscreen-gel-spf50,Active,
3620,2.3893,MG Goldline cosmetics snail liquid night cream 50gm,Pcs,Personal Care & Beauty,"Skin, Hair & Cosmetics",mg-goldline-cosmetics-snail-liquid-night-cream-50gm,Active,
3614,2.3584,MG foldline cosmetics lip pencil,Pcs,Personal Care & Beauty,"Skin, Hair & Cosmetics",mg-foldline-cosmetics-lip-pencil,Active,
3628,2.2576,MG goldline SunsCreen SPF50100ml,Pcs,Personal Care & Beauty,"Skin, Hair & Cosmetics",mg-goldline-sunscreen-spf50100ml,Active,
3617,2.3892,MG goldline cosmetics day cream spf25 50gm,Pcs,Personal Care & Beauty,"Skin, Hair & Cosmetics",mg-goldline-cosmetics-day-cream-spf25-50gm,Active,
3618,2.405,MG goldline cosmetics gold cleansing mik vitamin e&c 200ml,Pcs,Personal Care & Beauty,"Skin, Hair & Cosmetics",mg-goldline-cosmetics-gold-cleansing-mik-vitamin-e-c-200ml,Active,
3629,2.4053,MG liquid foundation sfp50 27ml,Pcs,Personal Care & Beauty,"Skin, Hair & Cosmetics",mg-liquid-foundation-sfp50-27ml,Active,
3419,2.1061,Mac match master Foundation spf15,pc,Personal Care & Beauty,"Skin, Hair & Cosmetics",mac-match-master-foundation-spf15,Active,
3443,2.246,Magic lip Gloss,Pcs,Personal Care & Beauty,"Skin, Hair & Cosmetics",magic-lip-gloss,Active,
3442,2.1947,Magic lip gloss karite,PC,Personal Care & Beauty,"Skin, Hair & Cosmetics",magic-lip-gloss-karite,Active,
3463,17.325,Make up comb,Pcs,Personal Care & Beauty,"Skin, Hair & Cosmetics",make-up-comb,Active,
3464,2.3823,Make up cotton 100pc,Pcs,Personal Care & Beauty,"Skin, Hair & Cosmetics",make-up-cotton-100pc,Active,
3465,2.221,Makeup Brush Loose powder no.189,Pcs,Personal Care & Beauty,"Skin, Hair & Cosmetics",makeup-brush-loose-powder-no-189,Active,
3466,2.3624,Makeup Tools brush set,Pcs,Personal Care & Beauty,"Skin, Hair & Cosmetics",makeup-tools-brush-set,Active,
3477,2.2398,Mama Earth Aqua glow gel face Moisturizer 100ml,Pcs,Personal Care & Beauty,"Skin, Hair & Cosmetics",mama-earth-aqua-glow-gel-face-moisturizer-100ml,Active,
3479,2.2949,Mama Earth Beetroot Hydraful Moisturizer 50g,Pcs,Personal Care & Beauty,"Skin, Hair & Cosmetics",mama-earth-beetroot-hydraful-moisturizer-50g,Active,
3481,2.3013,Mama Earth Charcoal Face Wash 100ml,Pcs,Personal Care & Beauty,"Skin, Hair & Cosmetics",mama-earth-charcoal-face-wash-100ml,Active,
3483,3.4,Mama Earth Gentle Cleansing Shampoo For 200ml,Pcs,Personal Care & Beauty,"Skin, Hair & Cosmetics",mama-earth-gentle-cleansing-shampoo-for-200ml,Active,
3484,3.515,Mama Earth Gentle Cleansing Shampoo For 400ml,Pcs,Personal Care & Beauty,"Skin, Hair & Cosmetics",mama-earth-gentle-cleansing-shampoo-for-400ml,Active,
3485,2.2617,Mama Earth Honey malai face wash 100ml,Pcs,Personal Care & Beauty,"Skin, Hair & Cosmetics",mama-earth-honey-malai-face-wash-100ml,Active,
3489,2.2403,Mama Earth Niacin Face toner 200ml,Pcs,Personal Care & Beauty,"Skin, Hair & Cosmetics",mama-earth-niacin-face-toner-200ml,Active,
3503,2.239,Mama Earth Ubtan Face Wash 100ml,Pcs,Personal Care & Beauty,"Skin, Hair & Cosmetics",mama-earth-ubtan-face-wash-100ml,Active,
3506,2.2391,Mama Earth Ultra Light Indian Sunscreen 80g,Pcs,Personal Care & Beauty,"Skin, Hair & Cosmetics",mama-earth-ultra-light-indian-sunscreen-80g,Active,
3508,2.3232,Mama Earth Vitamin C Daily Glow Sunscreen50gm,Pcs,Personal Care & Beauty,"Skin, Hair & Cosmetics",mama-earth-vitamin-c-daily-glow-sunscreen50gm,Active,
3510,2.2389,Mama Earth Vitamin C Foaming face wash 150ml,Pcs,Personal Care & Beauty,"Skin, Hair & Cosmetics",mama-earth-vitamin-c-foaming-face-wash-150ml,Active,
3478,2.3165,Mama earth Aqua Glow Hydrating Sunscreen Gel Spf 50 50gm,Pcs,Personal Care & Beauty,"Skin, Hair & Cosmetics",mama-earth-aqua-glow-hydrating-sunscreen-gel-spf-50-50gm,Active,
3488,3.397,Mama earth Mineral based sunscreen for babies 100g,Pcs,Personal Care & Beauty,"Skin, Hair & Cosmetics",mama-earth-mineral-based-sunscreen-for-babies-100g,Active,
3490,2.2394,Mama earth Oil-free face Moisturizer 80g,Pcs,Personal Care & Beauty,"Skin, Hair & Cosmetics",mama-earth-oil-free-face-moisturizer-80g,Active,
3491,1.1204,Mama earth Onion Conditioner 250ml,Pcs,Personal Care & Beauty,"Skin, Hair & Cosmetics",mama-earth-onion-conditioner-250ml,Active,
3492,2.2399,Mama earth Onion Hair oil 150ml,Pcs,Personal Care & Beauty,"Skin, Hair & Cosmetics",mama-earth-onion-hair-oil-150ml,Active,
3494,1.1202,Mama earth Onion Shampoo 250ml,Pcs,Personal Care & Beauty,"Skin, Hair & Cosmetics",mama-earth-onion-shampoo-250ml,Active,
3495,1.1219,Mama earth Onion Shampoo 400ml,Pcs,Personal Care & Beauty,"Skin, Hair & Cosmetics",mama-earth-onion-shampoo-400ml,Active,
3475,2.2418,Mama earth Retinol Face Wash 100ml,Pcs,Personal Care & Beauty,"Skin, Hair & Cosmetics",mama-earth-retinol-face-wash-100ml,Active,
3502,2.3231,Mama earth Ubtam face wash 100gm,Pcs,Personal Care & Beauty,"Skin, Hair & Cosmetics",mama-earth-ubtam-face-wash-100gm,Active,
3504,2.2395,Mama earth Ubtan Oil-free Face Moisturizer 80g,Pcs,Personal Care & Beauty,"Skin, Hair & Cosmetics",mama-earth-ubtan-oil-free-face-moisturizer-80g,Active,
3505,2.2944,Mama earth Ubtan Ultra Light gel moisturizer 200ml,Pcs,Personal Care & Beauty,"Skin, Hair & Cosmetics",mama-earth-ubtan-ultra-light-gel-moisturizer-200ml,Active,
3509,2.2401,Mama earth Vitamin C Face Toner 200ml,Pcs,Personal Care & Beauty,"Skin, Hair & Cosmetics",mama-earth-vitamin-c-face-toner-200ml,Active,
3511,2.2393,Mama earth Vitamin C oli free face Moisturizer80g,Pcs,Personal Care & Beauty,"Skin, Hair & Cosmetics",mama-earth-vitamin-c-oli-free-face-moisturizer80g,Active,
3526,1.1309,MamaEarth Rosemary anti-hair fall Conditioner250ml,Pcs,Personal Care & Beauty,"Skin, Hair & Cosmetics",mamaearth-rosemary-anti-hair-fall-conditioner250ml,Active,
3530,2.2388,MamaEarth Vitamin C Face Wash 100ml,Pcs,Personal Care & Beauty,"Skin, Hair & Cosmetics",mamaearth-vitamin-c-face-wash-100ml,Active,
3514,2.3138,Mamaearth Beetroot Gentle Face Wash 100ml,Pcs,Personal Care & Beauty,"Skin, Hair & Cosmetics",mamaearth-beetroot-gentle-face-wash-100ml,Active,
3525,2.3143,Mamaearth Rich Moisturizing ultra Light Sunscreen 50gm,Pcs,Personal Care & Beauty,"Skin, Hair & Cosmetics",mamaearth-rich-moisturizing-ultra-light-sunscreen-50gm,Active,
3529,2.3142,Mamaearth Ubtam Foaming Face wash 150ml,Pcs,Personal Care & Beauty,"Skin, Hair & Cosmetics",mamaearth-ubtam-foaming-face-wash-150ml,Active,
3515,1.1924,Mamaearth charcoal body wash 275ml,Pcs,Personal Care & Beauty,"Skin, Hair & Cosmetics",mamaearth-charcoal-body-wash-275ml,Active,
3527,2.396,Mamaearth rosemery anti-hair-fall shampoo 400ml,Pcs,Personal Care & Beauty,"Skin, Hair & Cosmetics",mamaearth-rosemery-anti-hair-fall-shampoo-400ml,Active,
3549,1.762,Margo neem soap 100g,PC,Personal Care & Beauty,"Skin, Hair & Cosmetics",margo-neem-soap-100g,Active,
3564,2.1839,Matte lipstick romantick may,PC,Personal Care & Beauty,"Skin, Hair & Cosmetics",matte-lipstick-romantick-may,Active,
3565,2.3379,Matteultra/hd 3Q lip gloss,Pcs,Personal Care & Beauty,"Skin, Hair & Cosmetics",matteultra-hd-3q-lip-gloss,Active,
3567,1.197,Max laundary soap 1500gm,Pcs,Personal Care & Beauty,"Skin, Hair & Cosmetics",max-laundary-soap-1500gm,Active,
3568,1.2067,Max laundry soap 150gm rs40,Pcs,Personal Care & Beauty,"Skin, Hair & Cosmetics",max-laundry-soap-150gm-rs40,Active,
3569,1.2065,Max laundry soap 200gm rs50,Pcs,Personal Care & Beauty,"Skin, Hair & Cosmetics",max-laundry-soap-200gm-rs50,Active,
3570,2.4005,Max razor for men 6 blade,Pcs,Personal Care & Beauty,"Skin, Hair & Cosmetics",max-razor-for-men-6-blade,Active,
3571,1.2318,Max speed razor,Pcs,Personal Care & Beauty,"Skin, Hair & Cosmetics",max-speed-razor,Active,
3576,2.3824,Max triple bladae razors 5pcs,Pack,Personal Care & Beauty,"Skin, Hair & Cosmetics",max-triple-bladae-razors-5pcs,Active,
3584,1.2319,Mayflower deep clean toothbrush no108,Pcs,Personal Care & Beauty,"Skin, Hair & Cosmetics",mayflower-deep-clean-toothbrush-no108,Active,
3588,2.868,Medicare Shampoo 50ml,pc,Personal Care & Beauty,"Skin, Hair & Cosmetics",medicare-shampoo-50ml,Active,
3590,17.346,Meet The Beauty Sc-458,Pcs,Personal Care & Beauty,"Skin, Hair & Cosmetics",meet-the-beauty-sc-458,Active,
3667,2.3636,Mini tango lip balm,Pcs,Personal Care & Beauty,"Skin, Hair & Cosmetics",mini-tango-lip-balm,Active,
3680,2.4089,Misiou beauty highlighter,Pcs,Personal Care & Beauty,"Skin, Hair & Cosmetics",misiou-beauty-highlighter,Active,
3681,2.4031,Miss beauty fashion color nail polish 10ml,Pcs,Personal Care & Beauty,"Skin, Hair & Cosmetics",miss-beauty-fashion-color-nail-polish-10ml,Active,
3682,2.4043,Miss beauty nail poish 12ml,Pcs,Personal Care & Beauty,"Skin, Hair & Cosmetics",miss-beauty-nail-poish-12ml,Active,
3683,2.403,Miss beauty nail polish 8ml,Pcs,Personal Care & Beauty,"Skin, Hair & Cosmetics",miss-beauty-nail-polish-8ml,Active,
3685,2.4035,Miss rose professional lipstick,Pcs,Personal Care & Beauty,"Skin, Hair & Cosmetics",miss-rose-professional-lipstick,Active,
3686,2.4036,Miss rose professional make up foundation 40ml,Pcs,Personal Care & Beauty,"Skin, Hair & Cosmetics",miss-rose-professional-make-up-foundation-40ml,Active,
3859,3.624,Mumlove Baby U-shanes Toothbrush no.1038-12,Pcs,Personal Care & Beauty,"Skin, Hair & Cosmetics",mumlove-baby-u-shanes-toothbrush-no-1038-12,Active,
3901,2.2695,N+ Aqua Moisturizer 100ml,Pcs,Personal Care & Beauty,"Skin, Hair & Cosmetics",n-aqua-moisturizer-100ml,Active,
3902,2.2744,N+ Deep Hydrating Moisturizer 100ml,Pcs,Personal Care & Beauty,"Skin, Hair & Cosmetics",n-deep-hydrating-moisturizer-100ml,Active,
3905,2.2993,N+ Professional Melacare face wash 100ml,Pcs,Personal Care & Beauty,"Skin, Hair & Cosmetics",n-professional-melacare-face-wash-100ml,Active,
3900,2.2992,N+ Professional Vitamin C face wash 100ml,Pcs,Personal Care & Beauty,"Skin, Hair & Cosmetics",n-professional-vitamin-c-face-wash-100ml,Active,
3908,2.2692,N+ Sunscreen Gel spf30,Pcs,Personal Care & Beauty,"Skin, Hair & Cosmetics",n-sunscreen-gel-spf30,Active,
3910,2.2694,N+ Sunscreen Tinted100ml spf50,Pcs,Personal Care & Beauty,"Skin, Hair & Cosmetics",n-sunscreen-tinted100ml-spf50,Active,
3909,2.2693,N+ Sunscreen spf50 Lotion 100ML,Pcs,Personal Care & Beauty,"Skin, Hair & Cosmetics",n-sunscreen-spf50-lotion-100ml,Active,
3904,2.3631,N+ professional barrier repair sunscreen spf50 100ml,Pcs,Personal Care & Beauty,"Skin, Hair & Cosmetics",n-professional-barrier-repair-sunscreen-spf50-100ml,Active,
3906,2.363,N+ professional niacinamide dewy sunscreen spf50 100ml,Pcs,Personal Care & Beauty,"Skin, Hair & Cosmetics",n-professional-niacinamide-dewy-sunscreen-spf50-100ml,Active,
3922,2.3672,Naked Stay Lip gloss,Pcs,Personal Care & Beauty,"Skin, Hair & Cosmetics",naked-stay-lip-gloss,Active,
3933,2.1592,Natures Aloevera Moisturiging Beauty Gel 100g,PC,Personal Care & Beauty,"Skin, Hair & Cosmetics",natures-aloevera-moisturiging-beauty-gel-100g,Active,
37,2.24,Navratna Cool Talc Active Deo powder 50g,PC,Personal Care & Beauty,"Skin, Hair & Cosmetics",navratna-cool-talc-active-deo-powder-50g,Active,
36,2.242,Navratna Cool Talc Active deo powder 100g,PC,Personal Care & Beauty,"Skin, Hair & Cosmetics",navratna-cool-talc-active-deo-powder-100g,Active,
3997,2.2659,New look 24hrs rich snail moisturizer 100ml,Pcs,Personal Care & Beauty,"Skin, Hair & Cosmetics",new-look-24hrs-rich-snail-moisturizer-100ml,Active,
4002,2.633,Newlook 24hrs Rich snail/ Moisturizer 50ml,pc,Personal Care & Beauty,"Skin, Hair & Cosmetics",newlook-24hrs-rich-snail-moisturizer-50ml,Active,
4007,2.1922,Newlook Toner Organic 120ml,PC,Personal Care & Beauty,"Skin, Hair & Cosmetics",newlook-toner-organic-120ml,Active,
4004,2.214,Newlook hair treatment cream 420ml,PC,Personal Care & Beauty,"Skin, Hair & Cosmetics",newlook-hair-treatment-cream-420ml,Active,
4012,2.3847,Nihar naturals advansed coconut hair oil 450ml,Pcs,Personal Care & Beauty,"Skin, Hair & Cosmetics",nihar-naturals-advansed-coconut-hair-oil-450ml,Active,
4035,2.3491,Nivea Body Lotion Aloe Hydration 120ml,Pcs,Personal Care & Beauty,"Skin, Hair & Cosmetics",nivea-body-lotion-aloe-hydration-120ml,Active,
4037,2.349,Nivea Body Lotion Natural Glow Cell Repir 200 ml,Pcs,Personal Care & Beauty,"Skin, Hair & Cosmetics",nivea-body-lotion-natural-glow-cell-repir-200-ml,Active,
4050,2.1047,Nivea Extra White Firming/Sea smooth Lrresistibly Body Lotion 400ml,pc,Personal Care & Beauty,"Skin, Hair & Cosmetics",nivea-extra-white-firming-sea-smooth-lrresistibly-body-lotion-400ml,Active,
4054,2.3495,Nivea Frangipani & Oil Shower Gel 125ml,PC,Personal Care & Beauty,"Skin, Hair & Cosmetics",nivea-frangipani-oil-shower-gel-125ml,Active,
4058,2.3076,Nivea Men Actve Clean Shower Gel 500ml,Pcs,Personal Care & Beauty,"Skin, Hair & Cosmetics",nivea-men-actve-clean-shower-gel-500ml,Active,
4068,2.2873,Nivea Men Fresh Kick Shaving Gel 200ml,Pcs,Personal Care & Beauty,"Skin, Hair & Cosmetics",nivea-men-fresh-kick-shaving-gel-200ml,Active,
4070,2.635,Nivea Men Mild Shaving cream 100ml,pc,Personal Care & Beauty,"Skin, Hair & Cosmetics",nivea-men-mild-shaving-cream-100ml,Active,
4071,2.3494,Nivea Men Oil Contorol Face Wash 50g,Pcs,Personal Care & Beauty,"Skin, Hair & Cosmetics",nivea-men-oil-contorol-face-wash-50g,Active,
4072,2.1146,Nivea Men Oil control face wash indian 100g,PC,Personal Care & Beauty,"Skin, Hair & Cosmetics",nivea-men-oil-control-face-wash-indian-100g,Active,
4038,2.2007,Nivea body lotion she smooth 200ml,Pcs,Personal Care & Beauty,"Skin, Hair & Cosmetics",nivea-body-lotion-she-smooth-200ml,Active,
4032,2.253,Nivea care Lip balm,PC,Personal Care & Beauty,"Skin, Hair & Cosmetics",nivea-care-lip-balm,Active,
4047,1.788,Nivea creme soft soap 125gm,PC,Personal Care & Beauty,"Skin, Hair & Cosmetics",nivea-creme-soft-soap-125gm,Active,
4065,2.31,Nivea men Extra white dark spots face wash 100g,PC,Personal Care & Beauty,"Skin, Hair & Cosmetics",nivea-men-extra-white-dark-spots-face-wash-100g,Active,
4066,2.265,Nivea men Fresh Active / Black & White Deo 150ml,PC,Personal Care & Beauty,"Skin, Hair & Cosmetics",nivea-men-fresh-active-black-white-deo-150ml,Active,
4034,1.611,Nivea mix Shower Gel waterlily & Frangipani/Lemongrass Oil 250ml\Watelily,PC,Personal Care & Beauty,"Skin, Hair & Cosmetics",nivea-mix-shower-gel-waterlily-frangipani-lemongrass-oil-250ml-watelily,Active,
4076,2.712,Nivea pearl & Beauty Rollon 50ml,pc,Personal Care & Beauty,"Skin, Hair & Cosmetics",nivea-pearl-beauty-rollon-50ml,Active,
4077,2.3976,Nivea pearl & beauty smooth & beautiful underarms 150ml,Pcs,Personal Care & Beauty,"Skin, Hair & Cosmetics",nivea-pearl-beauty-smooth-beautiful-underarms-150ml,Active,
4150,1.59,OKHATI Aayurvedic Face Soap 50g,PC,Personal Care & Beauty,"Skin, Hair & Cosmetics",okhati-aayurvedic-face-soap-50g,Active,
4151,1.1876,OKHATI Aayurvedic vitamin e soap 100gm,Pcs,Personal Care & Beauty,"Skin, Hair & Cosmetics",okhati-aayurvedic-vitamin-e-soap-100gm,Active,
4174,3.564,ORESA Kids Toothbrush No.108,Pcs,Personal Care & Beauty,"Skin, Hair & Cosmetics",oresa-kids-toothbrush-no-108,Active,
4184,2.3568,OSSUM LIP BALM MIX,Pcs,Personal Care & Beauty,"Skin, Hair & Cosmetics",ossum-lip-balm-mix,Active,
4186,2.1874,OSSUM perfumed body mist 115ml,Pcs,Personal Care & Beauty,"Skin, Hair & Cosmetics",ossum-perfumed-body-mist-115ml,Active,
4189,2.3037,OT&T Beauty Tools face puff NO.OT612,Pcs,Personal Care & Beauty,"Skin, Hair & Cosmetics",ot-t-beauty-tools-face-puff-no-ot612,Active,
4181,2.26,Ossum 2020 Eau de parfum 100ml,Pcs,Personal Care & Beauty,"Skin, Hair & Cosmetics",ossum-2020-eau-de-parfum-100ml,Active,
4182,2.2024,Ossum body spray mix 120ml,Pcs,Personal Care & Beauty,"Skin, Hair & Cosmetics",ossum-body-spray-mix-120ml,Active,
4196,2.1731,Oxy deep wash /total/ oli/white mix face wash 100gm,PC,Personal Care & Beauty,"Skin, Hair & Cosmetics",oxy-deep-wash-total-oli-white-mix-face-wash-100gm,Active,
4235,1.366,PANTENE silky smooth care shampoo 340ml,PC,Personal Care & Beauty,"Skin, Hair & Cosmetics",pantene-silky-smooth-care-shampoo-340ml,Active,
4609,2.676,PROstyle dandruff cntrll Hair Oil 150ml,pc,Personal Care & Beauty,"Skin, Hair & Cosmetics",prostyle-dandruff-cntrll-hair-oil-150ml,Active,
4610,2.677,PROstyle dandruff cntrll Hair Oil 75ml,pc,Personal Care & Beauty,"Skin, Hair & Cosmetics",prostyle-dandruff-cntrll-hair-oil-75ml,Active,
4223,1.1649,Palmolive Aroma shower gel 250ml,Pcs,Personal Care & Beauty,"Skin, Hair & Cosmetics",palmolive-aroma-shower-gel-250ml,Active,
4225,1.169,Palmolive luminous oils shower gel 250ml,Pcs,Personal Care & Beauty,"Skin, Hair & Cosmetics",palmolive-luminous-oils-shower-gel-250ml,Active,
4232,1.1395,Pamacare Smart toothbrush,Pcs,Personal Care & Beauty,"Skin, Hair & Cosmetics",pamacare-smart-toothbrush,Active,
4227,2.2077,Pamacare mix shower Gel 250 ml,Pcs,Personal Care & Beauty,"Skin, Hair & Cosmetics",pamacare-mix-shower-gel-250-ml,Active,
4233,1.1635,Pantene Conditioner Silky Smooth\Hairfall Control 200ml,Pcs,Personal Care & Beauty,"Skin, Hair & Cosmetics",pantene-conditioner-silky-smooth-hairfall-control-200ml,Active,
4237,2.1873,Parachute Aloe vera coconut hair oil 150ml,PC,Personal Care & Beauty,"Skin, Hair & Cosmetics",parachute-aloe-vera-coconut-hair-oil-150ml,Active,
4238,2.1872,Parachute Aloe vera coconut hair oil 250ml,PC,Personal Care & Beauty,"Skin, Hair & Cosmetics",parachute-aloe-vera-coconut-hair-oil-250ml,Active,
4251,1.2272,Parachute Naturale Anti hair fall shampoo 340ml,Pcs,Personal Care & Beauty,"Skin, Hair & Cosmetics",parachute-naturale-anti-hair-fall-shampoo-340ml,Active,
4252,1.2273,Parachute Naturale Anti hair fall shampoo 625 ml,Pcs,Personal Care & Beauty,"Skin, Hair & Cosmetics",parachute-naturale-anti-hair-fall-shampoo-625-ml,Active,
4250,1.1176,Parachute Naturale Onion Shampoo hair fall control 345ml,Pcs,Personal Care & Beauty,"Skin, Hair & Cosmetics",parachute-naturale-onion-shampoo-hair-fall-control-345ml,Active,
4248,2.3664,Parachute gold Hair cream Anti dandruff coconut &lemon140ml,Pcs,Personal Care & Beauty,"Skin, Hair & Cosmetics",parachute-gold-hair-cream-anti-dandruff-coconut-lemon140ml,Active,
4256,2.169,Park Avenue 2x More perfume mix,PC,Personal Care & Beauty,"Skin, Hair & Cosmetics",park-avenue-2x-more-perfume-mix,Active,
4260,2.2407,Park Avenue pocket perfume 18ml,Pcs,Personal Care & Beauty,"Skin, Hair & Cosmetics",park-avenue-pocket-perfume-18ml,Active,
4258,2.3607,Park avenue knight/samurai eau de parfum 100ml,Pcs,Personal Care & Beauty,"Skin, Hair & Cosmetics",park-avenue-knight-samurai-eau-de-parfum-100ml,Active,
4310,20.23,Patanjali Aloe Vera Kanti Body Soap 75g,pc,Personal Care & Beauty,"Skin, Hair & Cosmetics",patanjali-aloe-vera-kanti-body-soap-75g,Active,
4311,20.1,Patanjali Aloe Vera Kanti Soap150g,Pcs,Personal Care & Beauty,"Skin, Hair & Cosmetics",patanjali-aloe-vera-kanti-soap150g,Active,
4319,20.108,Patanjali Dant Kanti Red Toothpaste 170g,Pcs,Personal Care & Beauty,"Skin, Hair & Cosmetics",patanjali-dant-kanti-red-toothpaste-170g,Active,
4320,20.109,Patanjali Dant Kanti Red Toothpaste 75g,Pcs,Personal Care & Beauty,"Skin, Hair & Cosmetics",patanjali-dant-kanti-red-toothpaste-75g,Active,
4321,1.1801,Patanjali Dant Kanti Toothpaste 100gm,Pcs,Personal Care & Beauty,"Skin, Hair & Cosmetics",patanjali-dant-kanti-toothpaste-100gm,Active,
4325,1.1803,Patanjali Dantkanti Toothpaste 200gm,Pcs,Personal Care & Beauty,"Skin, Hair & Cosmetics",patanjali-dantkanti-toothpaste-200gm,Active,
4343,20.115,Patanjali Kesh Kanti Hair Oil 120ml,Pcs,Personal Care & Beauty,"Skin, Hair & Cosmetics",patanjali-kesh-kanti-hair-oil-120ml,Active,
4338,20.103,Patanjali Kesh Kanti Natural Hair cleanser 450ml,Pcs,Personal Care & Beauty,"Skin, Hair & Cosmetics",patanjali-kesh-kanti-natural-hair-cleanser-450ml,Active,
4341,20.145,Patanjali Kesh kanti Aloe vera Shampoo200ml,Pcs,Personal Care & Beauty,"Skin, Hair & Cosmetics",patanjali-kesh-kanti-aloe-vera-shampoo200ml,Active,
4347,20.135,Patanjali Neem Kanti Body Soap 100g,Pcs,Personal Care & Beauty,"Skin, Hair & Cosmetics",patanjali-neem-kanti-body-soap-100g,Active,
4348,20.22,Patanjali Neem Kanti Soap 75g,pc,Personal Care & Beauty,"Skin, Hair & Cosmetics",patanjali-neem-kanti-soap-75g,Active,
4359,20.134,Patanjali Saundarya Body Lotion 100ml,Pcs,Personal Care & Beauty,"Skin, Hair & Cosmetics",patanjali-saundarya-body-lotion-100ml,Active,
4323,20.89,Patanjali danta kanti advanced toothpaste100g,PC,Personal Care & Beauty,"Skin, Hair & Cosmetics",patanjali-danta-kanti-advanced-toothpaste100g,Active,
4324,20.149,Patanjali dantkanti flexi toothbrush,Pcs,Personal Care & Beauty,"Skin, Hair & Cosmetics",patanjali-dantkanti-flexi-toothbrush,Active,
4326,20.146,Patanjali dantkanti toothpaste 40gm,Pcs,Personal Care & Beauty,"Skin, Hair & Cosmetics",patanjali-dantkanti-toothpaste-40gm,Active,
4339,20.152,Patanjali kesh kanti advance herbal hair expert shampoo 100ml,Pcs,Personal Care & Beauty,"Skin, Hair & Cosmetics",patanjali-kesh-kanti-advance-herbal-hair-expert-shampoo-100ml,Active,
4340,20.133,Patanjali kesh kanti aloe vera hair cleanser 450ml,Pcs,Personal Care & Beauty,"Skin, Hair & Cosmetics",patanjali-kesh-kanti-aloe-vera-hair-cleanser-450ml,Active,
4371,1.977,Pears transparent soap imported mix flvr 125g,PC,Personal Care & Beauty,"Skin, Hair & Cosmetics",pears-transparent-soap-imported-mix-flvr-125g,Active,
4388,1.1841,Pepsodent Germi check Toothpaste 40g,Pcs,Personal Care & Beauty,"Skin, Hair & Cosmetics",pepsodent-germi-check-toothpaste-40g,Active,
4390,1.58,Pepsodent Herbal Toothpaste 80g,Pc,Personal Care & Beauty,"Skin, Hair & Cosmetics",pepsodent-herbal-toothpaste-80g,Active,
4393,2.3413,Peptide- Stem Cell Hair fall Control Shampoo200ml,Pcs,Personal Care & Beauty,"Skin, Hair & Cosmetics",peptide-stem-cell-hair-fall-control-shampoo200ml,Active,
4402,2.3051,Pink & Blue Funcolor matte Lipstick,Pcs,Personal Care & Beauty,"Skin, Hair & Cosmetics",pink-blue-funcolor-matte-lipstick,Active,
4403,2.2132,Pink in Blue matte Lipsticks,Pcs,Personal Care & Beauty,"Skin, Hair & Cosmetics",pink-in-blue-matte-lipsticks,Active,
4418,17.192,Plain Hair band S,Pcs,Personal Care & Beauty,"Skin, Hair & Cosmetics",plain-hair-band-s,Active,
4443,2.3806,Plom CeraSense Milky Toner With Acai & NM 1%,Pcs,Personal Care & Beauty,"Skin, Hair & Cosmetics",plom-cerasense-milky-toner-with-acai-nm-1,Active,
4459,2.3238,Plom Hyaluronic Acid AQUA -Light Sunscreen50g SPF 50,Pcs,Personal Care & Beauty,"Skin, Hair & Cosmetics",plom-hyaluronic-acid-aqua-light-sunscreen50g-spf-50,Active,
4462,2.2979,Plom Mandarin &Vitamin C1.5% Toner Glow boost 100ml,Pcs,Personal Care & Beauty,"Skin, Hair & Cosmetics",plom-mandarin-vitamin-c1-5-toner-glow-boost-100ml,Active,
4466,2.278,Plom Niacinamide Toner 150ml,Pcs,Personal Care & Beauty,"Skin, Hair & Cosmetics",plom-niacinamide-toner-150ml,Active,
4467,2.3452,Plom Oat & Ceramide Barrier Care Face Wash 100 ml,Pcs,Personal Care & Beauty,"Skin, Hair & Cosmetics",plom-oat-ceramide-barrier-care-face-wash-100-ml,Active,
4474,2.3453,Plom Saffron & Kumkumadl Oil Flow Brigth Moisturizer 50g,Pcs,Personal Care & Beauty,"Skin, Hair & Cosmetics",plom-saffron-kumkumadl-oil-flow-brigth-moisturizer-50g,Active,
4475,2.3018,Plom Saffron & Papaya Glow Bright Face Wash 100ml,Pcs,Personal Care & Beauty,"Skin, Hair & Cosmetics",plom-saffron-papaya-glow-bright-face-wash-100ml,Active,
4431,1.2166,Plom avocado&argan frizz control shampoo 250ml,Pcs,Personal Care & Beauty,"Skin, Hair & Cosmetics",plom-avocado-argan-frizz-control-shampoo-250ml,Active,
4434,2.3958,Plom body lovin lip balm 9gm,Pcs,Personal Care & Beauty,"Skin, Hair & Cosmetics",plom-body-lovin-lip-balm-9gm,Active,
4449,2.3517,Plom e-luminence simply supple cleansing balm 90gm,Pcs,Personal Care & Beauty,"Skin, Hair & Cosmetics",plom-e-luminence-simply-supple-cleansing-balm-90gm,Active,
4451,2.3877,Plom goji berry&glycolic acid exfoliiating toner 150ml,Pcs,Personal Care & Beauty,"Skin, Hair & Cosmetics",plom-goji-berry-glycolic-acid-exfoliiating-toner-150ml,Active,
4468,2.2924,Plom olive &Plant Keratin Damage Repair Shampoo 250ml,Pcs,Personal Care & Beauty,"Skin, Hair & Cosmetics",plom-olive-plant-keratin-damage-repair-shampoo-250ml,Active,
4477,2.3375,Plom squalane & vitamin e sunscreen spf50++ 50gm,Pcs,Personal Care & Beauty,"Skin, Hair & Cosmetics",plom-squalane-vitamin-e-sunscreen-spf50-50gm,Active,
40,17.252,Pocket mirror Cosmetic,Pcs,Personal Care & Beauty,"Skin, Hair & Cosmetics",pocket-mirror-cosmetic,Active,
4492,2.1743,Pond`s Bright Beauty spot-less Glow Vitamin B3face wash,PC,Personal Care & Beauty,"Skin, Hair & Cosmetics",pond-s-bright-beauty-spot-less-glow-vitamin-b3face-wash,Active,
4495,2.1608,Ponds Bright Beauty spot -less Glow facewash 100g,PC,Personal Care & Beauty,"Skin, Hair & Cosmetics",ponds-bright-beauty-spot-less-glow-facewash-100g,Active,
4504,2.441,Ponds White Bright Beauty Spot less Fairness cream 25g,PC,Personal Care & Beauty,"Skin, Hair & Cosmetics",ponds-white-bright-beauty-spot-less-fairness-cream-25g,Active,
4634,2.3465,Qearlya Matte Lipstick 5lips,Pcs,Personal Care & Beauty,"Skin, Hair & Cosmetics",qearlya-matte-lipstick-5lips,Active,
4710,2.3215,Ramsons Exotica Eau De Parfum Mix Flavour100ml,Pcs,Personal Care & Beauty,"Skin, Hair & Cosmetics",ramsons-exotica-eau-de-parfum-mix-flavour100ml,Active,
4711,2.3845,Ramsons perfume all flv 200ml,Pcs,Personal Care & Beauty,"Skin, Hair & Cosmetics",ramsons-perfume-all-flv-200ml,Active,
4714,2.3287,Ramsons scent of love eau parfum 100ml,Pcs,Personal Care & Beauty,"Skin, Hair & Cosmetics",ramsons-scent-of-love-eau-parfum-100ml,Active,
4746,2.567,Razor Twin Blade For Women,pkt,Personal Care & Beauty,"Skin, Hair & Cosmetics",razor-twin-blade-for-women,Active,
4756,2.2888,Real Man mix Flvr Perfume Body spary 17ml,Pcs,Personal Care & Beauty,"Skin, Hair & Cosmetics",real-man-mix-flvr-perfume-body-spary-17ml,Active,
4753,2.2488,Real man Body Deodorant spray 100g,Pcs,Personal Care & Beauty,"Skin, Hair & Cosmetics",real-man-body-deodorant-spray-100g,Active,
4754,2.3083,Real man Body Roll on Deodorant 50ml,Pcs,Personal Care & Beauty,"Skin, Hair & Cosmetics",real-man-body-roll-on-deodorant-50ml,Active,
4755,2.3006,Real man Eau De Parfum Mix Flavour 100ml,Pcs,Personal Care & Beauty,"Skin, Hair & Cosmetics",real-man-eau-de-parfum-mix-flavour-100ml,Active,
4798,9.473,Ring Toner,set,Personal Care & Beauty,"Skin, Hair & Cosmetics",ring-toner,Active,
4799,2.3883,Rishi adivasi hair oil 250ml,Pcs,Personal Care & Beauty,"Skin, Hair & Cosmetics",rishi-adivasi-hair-oil-250ml,Active,
4809,1.2209,Roli soap 150gm,Pcs,Personal Care & Beauty,"Skin, Hair & Cosmetics",roli-soap-150gm,Active,
4810,1.2207,Roli soap 200gm,Pcs,Personal Care & Beauty,"Skin, Hair & Cosmetics",roli-soap-200gm,Active,
4811,1.2208,Roli soap 250gm,Pcs,Personal Care & Beauty,"Skin, Hair & Cosmetics",roli-soap-250gm,Active,
4819,2.2348,Romantic May Lip Gloss,Pcs,Personal Care & Beauty,"Skin, Hair & Cosmetics",romantic-may-lip-gloss,Active,
4815,2.1889,Romantic matte kiss proff lipstick,PC,Personal Care & Beauty,"Skin, Hair & Cosmetics",romantic-matte-kiss-proff-lipstick,Active,
4817,2.3831,Romantic matte lipstick,Pcs,Personal Care & Beauty,"Skin, Hair & Cosmetics",romantic-matte-lipstick,Active,
4814,2.2188,Romantic may Lasting Lipstick,Pcs,Personal Care & Beauty,"Skin, Hair & Cosmetics",romantic-may-lasting-lipstick,Active,
4821,2.3585,Romantic rain lip oil,Pcs,Personal Care & Beauty,"Skin, Hair & Cosmetics",romantic-rain-lip-oil,Active,
4826,17.436,Rose Hair Clip Mix,Pcs,Personal Care & Beauty,"Skin, Hair & Cosmetics",rose-hair-clip-mix,Active,
5195,2.456,SONATA season lipstick,PC,Personal Care & Beauty,"Skin, Hair & Cosmetics",sonata-season-lipstick,Active,
4928,1.2074,Sanfena oral care toothbrush,Pcs,Personal Care & Beauty,"Skin, Hair & Cosmetics",sanfena-oral-care-toothbrush,Active,
4935,1.475,Santoor Soap 28.g,pc,Personal Care & Beauty,"Skin, Hair & Cosmetics",santoor-soap-28-g,Active,
4964,2.3987,Save Body Alshabab razor 6 pices,Pcs,Personal Care & Beauty,"Skin, Hair & Cosmetics",save-body-alshabab-razor-6-pices,Active,
4972,2.3114,Seaweed Essence Conditioner 900ml,Pcs,Personal Care & Beauty,"Skin, Hair & Cosmetics",seaweed-essence-conditioner-900ml,Active,
4973,2.2954,Secret Temptation Adore /Dream/Romance Eau de Parfum mix 100ml,Pcs,Personal Care & Beauty,"Skin, Hair & Cosmetics",secret-temptation-adore-dream-romance-eau-de-parfum-mix-100ml,Active,
4975,1.1589,Selsum Anti Dandruff Shampoo 100ml,Pcs,Personal Care & Beauty,"Skin, Hair & Cosmetics",selsum-anti-dandruff-shampoo-100ml,Active,
4976,1.2153,Selsum Anti-Dandruff Shampoo 250ml,Pcs,Personal Care & Beauty,"Skin, Hair & Cosmetics",selsum-anti-dandruff-shampoo-250ml,Active,
4977,1.159,Selsum Shampoo 50ml,Pcs,Personal Care & Beauty,"Skin, Hair & Cosmetics",selsum-shampoo-50ml,Active,
4982,2.3448,Senova natural fruit aloe vera face wash 100gm,Pcs,Personal Care & Beauty,"Skin, Hair & Cosmetics",senova-natural-fruit-aloe-vera-face-wash-100gm,Active,
4983,2.3447,Senova natural fruit avocado face wash 100gm,Pcs,Personal Care & Beauty,"Skin, Hair & Cosmetics",senova-natural-fruit-avocado-face-wash-100gm,Active,
4985,2.3443,Senova natural fruit vitamin c whitening gentle cleanser 100gm,Pcs,Personal Care & Beauty,"Skin, Hair & Cosmetics",senova-natural-fruit-vitamin-c-whitening-gentle-cleanser-100gm,Active,
4998,1.725,Sensodyne Whitening toothpaste 70g,PC,Personal Care & Beauty,"Skin, Hair & Cosmetics",sensodyne-whitening-toothpaste-70g,Active,
4999,1.2262,Sensofresh spa toothbrush,Pcs,Personal Care & Beauty,"Skin, Hair & Cosmetics",sensofresh-spa-toothbrush,Active,
5001,2.969,Set Wet Cool Hold Hair Gel 100g blue,pc,Personal Care & Beauty,"Skin, Hair & Cosmetics",set-wet-cool-hold-hair-gel-100g-blue,Active,
5004,2.1082,Set Wet Style Vertical Hold hair gel 50ml,pc,Personal Care & Beauty,"Skin, Hair & Cosmetics",set-wet-style-vertical-hold-hair-gel-50ml,Active,
5002,2.684,Set Wet style sport extreme Hair gel 50ml,pc,Personal Care & Beauty,"Skin, Hair & Cosmetics",set-wet-style-sport-extreme-hair-gel-50ml,Active,
5031,1.2165,Shine therapy professional shampoo 500ml,Pcs,Personal Care & Beauty,"Skin, Hair & Cosmetics",shine-therapy-professional-shampoo-500ml,Active,
5032,2.339,Shiny Day Make up Cleansing Wipes Face and eye,PKT,Personal Care & Beauty,"Skin, Hair & Cosmetics",shiny-day-make-up-cleansing-wipes-face-and-eye,Active,
5040,2.2497,Shuda Beauty Face And Body Foundation 40ml,Pcs,Personal Care & Beauty,"Skin, Hair & Cosmetics",shuda-beauty-face-and-body-foundation-40ml,Active,
5058,2.1845,Signal pure Lipstick,PC,Personal Care & Beauty,"Skin, Hair & Cosmetics",signal-pure-lipstick,Active,
5062,2.3928,Silcon Age Creator Snail Repair Anti-Wrinkle Toner 100ml,Pcs,Personal Care & Beauty,"Skin, Hair & Cosmetics",silcon-age-creator-snail-repair-anti-wrinkle-toner-100ml,Active,
5063,2.3914,Silcon Anti Melasms Blemish Face Wash,Pcs,Personal Care & Beauty,"Skin, Hair & Cosmetics",silcon-anti-melasms-blemish-face-wash,Active,
5068,2.3913,Silcon LPP Hair Treatment 225gm,Pcs,Personal Care & Beauty,"Skin, Hair & Cosmetics",silcon-lpp-hair-treatment-225gm,Active,
5069,2.2682,Silcon LPP Hair Treatment Cream 480gm,Pcs,Personal Care & Beauty,"Skin, Hair & Cosmetics",silcon-lpp-hair-treatment-cream-480gm,Active,
5065,2.3994,Silcon centella brightening toner 100gm,Pcs,Personal Care & Beauty,"Skin, Hair & Cosmetics",silcon-centella-brightening-toner-100gm,Active,
5067,1.2265,Silcon hair fall control shampoo 480ml,Pcs,Personal Care & Beauty,"Skin, Hair & Cosmetics",silcon-hair-fall-control-shampoo-480ml,Active,
5071,2.3996,Silcon niacinamide 5% hydra bright toner 100ml,Pcs,Personal Care & Beauty,"Skin, Hair & Cosmetics",silcon-niacinamide-5-hydra-bright-toner-100ml,Active,
5072,2.3998,Silcon niacinamide bakuchiol cleanser 100gm,Pcs,Personal Care & Beauty,"Skin, Hair & Cosmetics",silcon-niacinamide-bakuchiol-cleanser-100gm,Active,
5077,2.399,Silcon tinted sunscreen spf 50++,Pcs,Personal Care & Beauty,"Skin, Hair & Cosmetics",silcon-tinted-sunscreen-spf-50,Active,
5080,2.3938,Silcon whitening toner 50ml,Pcs,Personal Care & Beauty,"Skin, Hair & Cosmetics",silcon-whitening-toner-50ml,Active,
5085,2.2974,Silkhair 3one Keratin Professional Hair Spa 550ml,Pcs,Personal Care & Beauty,"Skin, Hair & Cosmetics",silkhair-3one-keratin-professional-hair-spa-550ml,Active,
5087,1.2335,Silkhair luxury keratin care shampoo 500ml,Pcs,Personal Care & Beauty,"Skin, Hair & Cosmetics",silkhair-luxury-keratin-care-shampoo-500ml,Active,
5098,4.1,Simple and practical Soap case,Pcs,Personal Care & Beauty,"Skin, Hair & Cosmetics",simple-and-practical-soap-case,Active,
5152,2.3917,So;con Hair Fall Control Shampoo 285ml,Pcs,Personal Care & Beauty,"Skin, Hair & Cosmetics",so-con-hair-fall-control-shampoo-285ml,Active,
5154,4.151,Soap case blessedness Horse1296,pc,Personal Care & Beauty,"Skin, Hair & Cosmetics",soap-case-blessedness-horse1296,Active,
5169,1.2192,Softouch fabric conditioner 860ml,Pack,Personal Care & Beauty,"Skin, Hair & Cosmetics",softouch-fabric-conditioner-860ml,Active,
5189,2.2427,Sonata Kolor Lips Lipstick,Pcs,Personal Care & Beauty,"Skin, Hair & Cosmetics",sonata-kolor-lips-lipstick,Active,
5197,2.2425,Sonata Star Eau De Parfum 60ml,Pcs,Personal Care & Beauty,"Skin, Hair & Cosmetics",sonata-star-eau-de-parfum-60ml,Active,
5186,2.2429,Sonata Starr pure Lipstick,Pcs,Personal Care & Beauty,"Skin, Hair & Cosmetics",sonata-starr-pure-lipstick,Active,
48,2.1846,Sonata Zahra dark Lipstick,PC,Personal Care & Beauty,"Skin, Hair & Cosmetics",sonata-zahra-dark-lipstick,Active,
5187,2.3803,Sonata body spry pocket perfume 18ml,Pcs,Personal Care & Beauty,"Skin, Hair & Cosmetics",sonata-body-spry-pocket-perfume-18ml,Active,
5220,2.36,Spinz packets perfume 16ml,PC,Personal Care & Beauty,"Skin, Hair & Cosmetics",spinz-packets-perfume-16ml,Active,
5288,1.1968,Streax hydrate&hine face wash 100ml,Pcs,Personal Care & Beauty,"Skin, Hair & Cosmetics",streax-hydrate-hine-face-wash-100ml,Active,
5293,1.1967,Streax youthful shine face wash 100ml,Pcs,Personal Care & Beauty,"Skin, Hair & Cosmetics",streax-youthful-shine-face-wash-100ml,Active,
5325,2.2406,Sumnima herbal green cucumber toner 140ml,Pcs,Personal Care & Beauty,"Skin, Hair & Cosmetics",sumnima-herbal-green-cucumber-toner-140ml,Active,
5319,2.2067,Sumnima herbal onion hair oil 50ml,Pcs,Personal Care & Beauty,"Skin, Hair & Cosmetics",sumnima-herbal-onion-hair-oil-50ml,Active,
5329,2.3948,Sumnima herbal rose toner 140ml,Pcs,Personal Care & Beauty,"Skin, Hair & Cosmetics",sumnima-herbal-rose-toner-140ml,Active,
5345,3.467,Sunplay baby mild sun protection sensitive skin 30g,Pcs,Personal Care & Beauty,"Skin, Hair & Cosmetics",sunplay-baby-mild-sun-protection-sensitive-skin-30g,Active,
5346,2.1732,Sunplay uv whitening sun protection skin spf50pa70,PC,Personal Care & Beauty,"Skin, Hair & Cosmetics",sunplay-uv-whitening-sun-protection-skin-spf50pa70,Active,
5347,1.1458,Sunsilk Black Shine Conditioner 180ml,Pcs,Personal Care & Beauty,"Skin, Hair & Cosmetics",sunsilk-black-shine-conditioner-180ml,Active,
5348,1.1501,Sunsilk Conditioner Lusciously Thick And Long 320ml,Pcs,Personal Care & Beauty,"Skin, Hair & Cosmetics",sunsilk-conditioner-lusciously-thick-and-long-320ml,Active,
5349,1.378,Sunsilk Hair fall solution shampoo gray 335ml,pc,Personal Care & Beauty,"Skin, Hair & Cosmetics",sunsilk-hair-fall-solution-shampoo-gray-335ml,Active,
5350,1.391,Sunsilk Hair fall* solution shampoo yellow 700ml,pc,Personal Care & Beauty,"Skin, Hair & Cosmetics",sunsilk-hair-fall-solution-shampoo-yellow-700ml,Active,
5351,1.377,Sunsilk Lusciously thick & Long shampoo pink 340ml,pc,Personal Care & Beauty,"Skin, Hair & Cosmetics",sunsilk-lusciously-thick-long-shampoo-pink-340ml,Active,
5352,1.179,Sunsilk Lusciously thick & long shampoo pink 700ml,PC,Personal Care & Beauty,"Skin, Hair & Cosmetics",sunsilk-lusciously-thick-long-shampoo-pink-700ml,Active,
5355,1.1233,Sunsilk Onion Hair Fall Shampoo 190ml,Pcs,Personal Care & Beauty,"Skin, Hair & Cosmetics",sunsilk-onion-hair-fall-shampoo-190ml,Active,
5357,1.1477,Sunsilk Onion Shampoo 700ml,Pcs,Personal Care & Beauty,"Skin, Hair & Cosmetics",sunsilk-onion-shampoo-700ml,Active,
5361,1.2219,Sunsilk Silk Smooth Shampoo 325ml,Pcs,Personal Care & Beauty,"Skin, Hair & Cosmetics",sunsilk-silk-smooth-shampoo-325ml,Active,
5362,1.222,Sunsilk Silk Smooth Shampoo 625ml,Pcs,Personal Care & Beauty,"Skin, Hair & Cosmetics",sunsilk-silk-smooth-shampoo-625ml,Active,
5365,1.175,Sunsilk Stunning Black Shine Shampoo 325ml,PC,Personal Care & Beauty,"Skin, Hair & Cosmetics",sunsilk-stunning-black-shine-shampoo-325ml,Active,
5363,1.1866,Sunsilk Stunning Black Shine conditioner 320ml,Pcs,Personal Care & Beauty,"Skin, Hair & Cosmetics",sunsilk-stunning-black-shine-conditioner-320ml,Active,
5366,1.392,Sunsilk Stunning Black Shine shampoo 700ml,pc,Personal Care & Beauty,"Skin, Hair & Cosmetics",sunsilk-stunning-black-shine-shampoo-700ml,Active,
5353,1.2279,Sunsilk oil blends coconut oil&aloe vera shampoo 370ml,Pcs,Personal Care & Beauty,"Skin, Hair & Cosmetics",sunsilk-oil-blends-coconut-oil-aloe-vera-shampoo-370ml,Active,
5354,1.228,Sunsilk oil blends coconut oil&aloe vera shampoo 700ml,Pcs,Personal Care & Beauty,"Skin, Hair & Cosmetics",sunsilk-oil-blends-coconut-oil-aloe-vera-shampoo-700ml,Active,
5356,1.48,Sunsilk onion Jojona oli Hair fall shampoo 320ml,pc,Personal Care & Beauty,"Skin, Hair & Cosmetics",sunsilk-onion-jojona-oli-hair-fall-shampoo-320ml,Active,
5367,1.1699,Sunsilk thick &Long Conditioner pink 180ml,Pcs,Personal Care & Beauty,"Skin, Hair & Cosmetics",sunsilk-thick-long-conditioner-pink-180ml,Active,
5387,2.3676,Super Stay Concealer,Pcs,Personal Care & Beauty,"Skin, Hair & Cosmetics",super-stay-concealer,Active,
5397,1.2315,Surya soap 150gm,Pcs,Personal Care & Beauty,"Skin, Hair & Cosmetics",surya-soap-150gm,Active,
5398,1.2316,Surya soap 200gm,Pcs,Personal Care & Beauty,"Skin, Hair & Cosmetics",surya-soap-200gm,Active,
5409,4.1351,Sweet sensitive precision beauty styler,Pcs,Personal Care & Beauty,"Skin, Hair & Cosmetics",sweet-sensitive-precision-beauty-styler,Active,
5411,2.3056,Swiss Beauty Eyeliner Waterproof SB-915,Pcs,Personal Care & Beauty,"Skin, Hair & Cosmetics",swiss-beauty-eyeliner-waterproof-sb-915,Active,
5413,2.3116,Swiss Beauty Non-Transfer Matte Lipstick,Pcs,Personal Care & Beauty,"Skin, Hair & Cosmetics",swiss-beauty-non-transfer-matte-lipstick,Active,
5412,2.1776,Swiss beauty makeup fixer natural 70ml,PC,Personal Care & Beauty,"Skin, Hair & Cosmetics",swiss-beauty-makeup-fixer-natural-70ml,Active,
5414,2.358,Swiss beauty perfect liquid concealer 6gm,Pcs,Personal Care & Beauty,"Skin, Hair & Cosmetics",swiss-beauty-perfect-liquid-concealer-6gm,Active,
5544,2.413,TMC blanc shaving cream 100gm,Pcs,Personal Care & Beauty,"Skin, Hair & Cosmetics",tmc-blanc-shaving-cream-100gm,Active,
5448,2.3149,The Derma 1%Hyaluronic Tinted Sunscreen Gel spf60 50gm,Pcs,Personal Care & Beauty,"Skin, Hair & Cosmetics",the-derma-1-hyaluronic-tinted-sunscreen-gel-spf60-50gm,Active,
5450,2.3171,The Derma 15 salicylic Acid Oil Free Daily Face Moisturizer 50gm,Pcs,Personal Care & Beauty,"Skin, Hair & Cosmetics",the-derma-15-salicylic-acid-oil-free-daily-face-moisturizer-50gm,Active,
5452,2.3225,The Derma 2%Cica Glow Daily Face Wash 100ml,Pcs,Personal Care & Beauty,"Skin, Hair & Cosmetics",the-derma-2-cica-glow-daily-face-wash-100ml,Active,
5455,2.3156,The Derma 3%Niacinamide Foaming Daily face wash 100ml,Pcs,Personal Care & Beauty,"Skin, Hair & Cosmetics",the-derma-3-niacinamide-foaming-daily-face-wash-100ml,Active,
5456,2.3163,The Derma 3%Vitamin e daily face Moisturizer 100gm,Pcs,Personal Care & Beauty,"Skin, Hair & Cosmetics",the-derma-3-vitamin-e-daily-face-moisturizer-100gm,Active,
5458,2.3228,The Derma 5% cica Glow Daily FAce Moisturizer 50gm,Pcs,Personal Care & Beauty,"Skin, Hair & Cosmetics",the-derma-5-cica-glow-daily-face-moisturizer-50gm,Active,
5463,2.3224,The Derma Pore Minimizing Clay Daily face Wash 100ml,Pcs,Personal Care & Beauty,"Skin, Hair & Cosmetics",the-derma-pore-minimizing-clay-daily-face-wash-100ml,Active,
5466,2.3229,The Derma Pore Minimizing Priming Sunscreen 50gm,Pcs,Personal Care & Beauty,"Skin, Hair & Cosmetics",the-derma-pore-minimizing-priming-sunscreen-50gm,Active,
5468,2.3169,The Derma Spf501%Hyaluronic Sunscreen Aqua Gel 80gm,Pcs,Personal Care & Beauty,"Skin, Hair & Cosmetics",the-derma-spf501-hyaluronic-sunscreen-aqua-gel-80gm,Active,
5464,2.3157,The Derma pore Minimizing Daily Face moisturizer 50gm,Pcs,Personal Care & Beauty,"Skin, Hair & Cosmetics",the-derma-pore-minimizing-daily-face-moisturizer-50gm,Active,
5469,2.3152,The Derma ultra Matte Sunscreen Jel spf 60 50gm,Pcs,Personal Care & Beauty,"Skin, Hair & Cosmetics",the-derma-ultra-matte-sunscreen-jel-spf-60-50gm,Active,
5513,1.2303,Tika laundry soap 1200gm 6pcs,Pcs,Personal Care & Beauty,"Skin, Hair & Cosmetics",tika-laundry-soap-1200gm-6pcs,Active,
5514,1.2301,Tika laundry soap 450gm 3pcs,Pcs,Personal Care & Beauty,"Skin, Hair & Cosmetics",tika-laundry-soap-450gm-3pcs,Active,
5515,1.2302,Tika laundry soap 750gm 4pcs,Pcs,Personal Care & Beauty,"Skin, Hair & Cosmetics",tika-laundry-soap-750gm-4pcs,Active,
5529,2.3641,Tintis lip oil love,Pcs,Personal Care & Beauty,"Skin, Hair & Cosmetics",tintis-lip-oil-love,Active,
5589,1.1572,Tresemme Shampoo keratin Smooth/ hairfall defense 340ml,Pcs,Personal Care & Beauty,"Skin, Hair & Cosmetics",tresemme-shampoo-keratin-smooth-hairfall-defense-340ml,Active,
5592,1.73,Trisa Toothbrush Fresh S/m,PC,Personal Care & Beauty,"Skin, Hair & Cosmetics",trisa-toothbrush-fresh-s-m,Active,
5594,1.15,Trisa toothbrush Pearl white M,PC,Personal Care & Beauty,"Skin, Hair & Cosmetics",trisa-toothbrush-pearl-white-m,Active,
5596,1.24,Trisa toothbrush We CareM,PKT,Personal Care & Beauty,"Skin, Hair & Cosmetics",trisa-toothbrush-we-carem,Active,
5595,1.986,Trisa toothbrush We care S,PC,Personal Care & Beauty,"Skin, Hair & Cosmetics",trisa-toothbrush-we-care-s,Active,
5593,1.984,Trisa toothbrush fresh super clean m,PC,Personal Care & Beauty,"Skin, Hair & Cosmetics",trisa-toothbrush-fresh-super-clean-m,Active,
5597,1.151,TrisaToothbrush Focus pro Clean S/M,PC,Personal Care & Beauty,"Skin, Hair & Cosmetics",trisatoothbrush-focus-pro-clean-s-m,Active,
5604,2.298,True Derma Active Wash Refresh Daily face wash 75ml,Pcs,Personal Care & Beauty,"Skin, Hair & Cosmetics",true-derma-active-wash-refresh-daily-face-wash-75ml,Active,
5606,2.2981,True Derma Glow Face Wash Refresh Daily 60g,Pcs,Personal Care & Beauty,"Skin, Hair & Cosmetics",true-derma-glow-face-wash-refresh-daily-60g,Active,
5608,2.3941,True derma luxurious-t tinted sunscreen spf30 60gm,Pcs,Personal Care & Beauty,"Skin, Hair & Cosmetics",true-derma-luxurious-t-tinted-sunscreen-spf30-60gm,Active,
5628,2.3573,Tuthika soft touch light moisturizer cream 100ml,Pcs,Personal Care & Beauty,"Skin, Hair & Cosmetics",tuthika-soft-touch-light-moisturizer-cream-100ml,Active,
5629,2.3574,Tuthika soft touch light moisturizer cream 50ml,Pcs,Personal Care & Beauty,"Skin, Hair & Cosmetics",tuthika-soft-touch-light-moisturizer-cream-50ml,Active,
53,2.3678,UV block spf-30 sunscreen cream Lotion 100ml,Pcs,Personal Care & Beauty,"Skin, Hair & Cosmetics",uv-block-spf-30-sunscreen-cream-lotion-100ml,Active,
5658,2.3519,UV block spf-50 sunscreen cream 100gm,Pcs,Personal Care & Beauty,"Skin, Hair & Cosmetics",uv-block-spf-50-sunscreen-cream-100gm,Active,
5659,2.3518,UV block spf-50 sunscreen lotion 100ml,Pcs,Personal Care & Beauty,"Skin, Hair & Cosmetics",uv-block-spf-50-sunscreen-lotion-100ml,Active,
5632,2.3368,Ujooba beauty cream extra white 4in1,Pcs,Personal Care & Beauty,"Skin, Hair & Cosmetics",ujooba-beauty-cream-extra-white-4in1,Active,
5653,2.364,Usha colour lip gloss 9ml,Pcs,Personal Care & Beauty,"Skin, Hair & Cosmetics",usha-colour-lip-gloss-9ml,Active,
5654,2.3645,Usha lip oil mask lollipop,Pcs,Personal Care & Beauty,"Skin, Hair & Cosmetics",usha-lip-oil-mask-lollipop,Active,
5660,2.3868,Uv block sunscreen gel spf-50++ 50gm,Pcs,Personal Care & Beauty,"Skin, Hair & Cosmetics",uv-block-sunscreen-gel-spf-50-50gm,Active,
5661,2.3869,Uv block sunscreen lotion spf-60 100ml,Pcs,Personal Care & Beauty,"Skin, Hair & Cosmetics",uv-block-sunscreen-lotion-spf-60-100ml,Active,
5716,4.1475,VGE professional hair clipper V-654,Pcs,Personal Care & Beauty,"Skin, Hair & Cosmetics",vge-professional-hair-clipper-v-654,Active,
5734,2.321,VI-JoHN Shaving Cream With Bacit Guard 125g,PC,Personal Care & Beauty,"Skin, Hair & Cosmetics",vi-john-shaving-cream-with-bacit-guard-125g,Active,
5735,2.3326,VI-JoHN Shaving Cream With Bacit Guard 70gm,Pcs,Personal Care & Beauty,"Skin, Hair & Cosmetics",vi-john-shaving-cream-with-bacit-guard-70gm,Active,
5677,2.378,Vanesa Rio Perfume Spray 50ml,PC,Personal Care & Beauty,"Skin, Hair & Cosmetics",vanesa-rio-perfume-spray-50ml,Active,
5687,2.3182,Vaseline Daily Brightening body lotion400ml,Pcs,Personal Care & Beauty,"Skin, Hair & Cosmetics",vaseline-daily-brightening-body-lotion400ml,Active,
5701,2.3511,Vasmol onion hair oil helps control hair fall 100ml,Pcs,Personal Care & Beauty,"Skin, Hair & Cosmetics",vasmol-onion-hair-oil-helps-control-hair-fall-100ml,Active,
5702,2.351,Vasmol onion hair oil helps control hair fall 200ml,Pcs,Personal Care & Beauty,"Skin, Hair & Cosmetics",vasmol-onion-hair-oil-helps-control-hair-fall-200ml,Active,
5707,2.2094,Vavola Razor for Eyebrow .V180,Pcs,Personal Care & Beauty,"Skin, Hair & Cosmetics",vavola-razor-for-eyebrow-v180,Active,
5706,2.2,Vavola makeup tool eyecurl,Pcs,Personal Care & Beauty,"Skin, Hair & Cosmetics",vavola-makeup-tool-eyecurl,Active,
5708,2.3835,Vcolor make up tool tube,Pcs,Personal Care & Beauty,"Skin, Hair & Cosmetics",vcolor-make-up-tool-tube,Active,
5714,1.2139,Velnik shower gel mix flv 250ml,Pcs,Personal Care & Beauty,"Skin, Hair & Cosmetics",velnik-shower-gel-mix-flv-250ml,Active,
5732,2.3628,Vi-john saffron fairness body lotion 400ml,Pcs,Personal Care & Beauty,"Skin, Hair & Cosmetics",vi-john-saffron-fairness-body-lotion-400ml,Active,
5736,1.2214,Vi-john shaving foam 400gm,Pcs,Personal Care & Beauty,"Skin, Hair & Cosmetics",vi-john-shaving-foam-400gm,Active,
5751,1.42,Vim dish wash soap 95 g,PC,Personal Care & Beauty,"Skin, Hair & Cosmetics",vim-dish-wash-soap-95-g,Active,
5776,2.1138,Vlcc Matte look Sunscreen gel cream SPF30 100g,pv,Personal Care & Beauty,"Skin, Hair & Cosmetics",vlcc-matte-look-sunscreen-gel-cream-spf30-100g,Active,
5902,2.1008,WILD STONE steel /iridium body perfume,pc,Personal Care & Beauty,"Skin, Hair & Cosmetics",wild-stone-steel-iridium-body-perfume,Active,
5793,4.993,Wall -mounted Soap Dish 1.5KG,Pcs,Personal Care & Beauty,"Skin, Hair & Cosmetics",wall-mounted-soap-dish-1-5kg,Active,
5805,2.4029,Wao conceral with brush foundation liquid matte 8.5ml,Pcs,Personal Care & Beauty,"Skin, Hair & Cosmetics",wao-conceral-with-brush-foundation-liquid-matte-8-5ml,Active,
5835,2.4123,Wel 10 professional hair treatment & spa 1000gm,Pcs,Personal Care & Beauty,"Skin, Hair & Cosmetics",wel-10-professional-hair-treatment-spa-1000gm,Active,
5840,2.2699,Well 10 Hair Conditioner 180ml,Pcs,Personal Care & Beauty,"Skin, Hair & Cosmetics",well-10-hair-conditioner-180ml,Active,
5837,2.2697,Well 10 Hair Treatment & Spa 500g,Pcs,Personal Care & Beauty,"Skin, Hair & Cosmetics",well-10-hair-treatment-spa-500g,Active,
5838,2.4117,Well 10 balancing conditioner 500ml,Pcs,Personal Care & Beauty,"Skin, Hair & Cosmetics",well-10-balancing-conditioner-500ml,Active,
5844,2.4122,Well 10 professiona hair treatment & luxury spa 500gm,Pcs,Personal Care & Beauty,"Skin, Hair & Cosmetics",well-10-professiona-hair-treatment-luxury-spa-500gm,Active,
5845,1.2344,Well 10 professional balancing shampoo 500ml,Pcs,Personal Care & Beauty,"Skin, Hair & Cosmetics",well-10-professional-balancing-shampoo-500ml,Active,
5852,1.2345,Well 10 professional keratin protein shampoo 500ml,Pcs,Personal Care & Beauty,"Skin, Hair & Cosmetics",well-10-professional-keratin-protein-shampoo-500ml,Active,
5853,1.2346,Well 10 professional shampoo regrowth 500ml,Pcs,Personal Care & Beauty,"Skin, Hair & Cosmetics",well-10-professional-shampoo-regrowth-500ml,Active,
5891,2.156,White tone soft @ smooth face cream25g,PC,Personal Care & Beauty,"Skin, Hair & Cosmetics",white-tone-soft-smooth-face-cream25g,Active,
5898,2.118,Wild Stone Code Gold perfumed copper perfume,PC,Personal Care & Beauty,"Skin, Hair & Cosmetics",wild-stone-code-gold-perfumed-copper-perfume,Active,
5899,2.3007,Wild Stone Code Gold perfumed copper perfume120ml\code\chrome,PC,Personal Care & Beauty,"Skin, Hair & Cosmetics",wild-stone-code-gold-perfumed-copper-perfume120ml-code-chrome,Active,
5900,2.479,Wild Stone Hydra /ultra sensual energy shaving cream 70g,PC,Personal Care & Beauty,"Skin, Hair & Cosmetics",wild-stone-hydra-ultra-sensual-energy-shaving-cream-70g,Active,
5901,2.1524,Wild stone Hydra Energy /edge parfum 100m,PC,Personal Care & Beauty,"Skin, Hair & Cosmetics",wild-stone-hydra-energy-edge-parfum-100m,Active,
5918,17.254,Xin yi jewelry hair clip with hair 2pcs set,Pcs,Personal Care & Beauty,"Skin, Hair & Cosmetics",xin-yi-jewelry-hair-clip-with-hair-2pcs-set,Active,
5920,1.1136,Xtraa plus Soap 200g,Pcs,Personal Care & Beauty,"Skin, Hair & Cosmetics",xtraa-plus-soap-200g,Active,
5936,2.1295,YC Whitening Face Wash Lemon Extract 100ml,PC,Personal Care & Beauty,"Skin, Hair & Cosmetics",yc-whitening-face-wash-lemon-extract-100ml,Active,
5937,2.1011,YC whitening Face wash Neem Extract 100ml,Pc,Personal Care & Beauty,"Skin, Hair & Cosmetics",yc-whitening-face-wash-neem-extract-100ml,Active,
5923,2.3055,Yabaolian popular glow lip oil,Pcs,Personal Care & Beauty,"Skin, Hair & Cosmetics",yabaolian-popular-glow-lip-oil,Active,
5977,1.2366,Yuthika coral rose shower gel 250ml,Pcs,Personal Care & Beauty,"Skin, Hair & Cosmetics",yuthika-coral-rose-shower-gel-250ml,Active,
5978,2.3864,Yuthika soft touch cream light moisturizer 20ml,Pcs,Personal Care & Beauty,"Skin, Hair & Cosmetics",yuthika-soft-touch-cream-light-moisturizer-20ml,Active,
5980,2.1492,Yys eyebrow razor,PC,Personal Care & Beauty,"Skin, Hair & Cosmetics",yys-eyebrow-razor,Active,
5997,2.3528,Zerona Derma Hydra Soft Cleanser 100ml,Pcs,Personal Care & Beauty,"Skin, Hair & Cosmetics",zerona-derma-hydra-soft-cleanser-100ml,Active,
5993,2.3525,Zerona Derma Sunshed sunscreen 50spf cream 60g,Pcs,Personal Care & Beauty,"Skin, Hair & Cosmetics",zerona-derma-sunshed-sunscreen-50spf-cream-60g,Active,
5994,2.3523,Zerona Derma Sunshed sunscreen 50spf gel60g,Pcs,Personal Care & Beauty,"Skin, Hair & Cosmetics",zerona-derma-sunshed-sunscreen-50spf-gel60g,Active,
5996,2.3526,Zerona Derma Wash Vitamin c face wash 60g,Pcs,Personal Care & Beauty,"Skin, Hair & Cosmetics",zerona-derma-wash-vitamin-c-face-wash-60g,Active,
441,3.123,baby Toothbrush W/Racing Bike X8339,Pc,Personal Care & Beauty,"Skin, Hair & Cosmetics",baby-toothbrush-w-racing-bike-x8339,Active,
1168,1.884,colgate sensitive toothbrush 4n,PC,Personal Care & Beauty,"Skin, Hair & Cosmetics",colgate-sensitive-toothbrush-4n,Active,
1190,2.3067,colors beauty Nail polish mix18ml,Pcs,Personal Care & Beauty,"Skin, Hair & Cosmetics",colors-beauty-nail-polish-mix18ml,Active,
2139,2.64,garnier Men face wash Turbo Bright Action 100G,pc,Personal Care & Beauty,"Skin, Hair & Cosmetics",garnier-men-face-wash-turbo-bright-action-100g,Active,
2268,1.1335,godrej no SOAP .1 47g,Pcs,Personal Care & Beauty,"Skin, Hair & Cosmetics",godrej-no-soap-1-47g,Active,
2621,1.51,himalaya Herbal mixed soap 75g,PC,Personal Care & Beauty,"Skin, Hair & Cosmetics",himalaya-herbal-mixed-soap-75g,Active,
2586,1.2,himalaya anti hair fail shampoo 340ml,PC,Personal Care & Beauty,"Skin, Hair & Cosmetics",himalaya-anti-hair-fail-shampoo-340ml,Active,
2987,2.142,kemei Rechargable Ladies Hair Remover 5001,PC,Personal Care & Beauty,"Skin, Hair & Cosmetics",kemei-rechargable-ladies-hair-remover-5001,Active,
3001,1.2313,ketoconazole & zinc pyrithione shampoo 100ml,Pcs,Personal Care & Beauty,"Skin, Hair & Cosmetics",ketoconazole-zinc-pyrithione-shampoo-100ml,Active,
3053,2.4055,kiss beauty teddy matte lipstick,Pcs,Personal Care & Beauty,"Skin, Hair & Cosmetics",kiss-beauty-teddy-matte-lipstick,Active,
3179,1.2326,leito kojic acid body wash tan remval 400ml,Pcs,Personal Care & Beauty,"Skin, Hair & Cosmetics",leito-kojic-acid-body-wash-tan-remval-400ml,Active,
3328,2.3316,lotus derma botanics face wash 100g,Pcs,Personal Care & Beauty,"Skin, Hair & Cosmetics",lotus-derma-botanics-face-wash-100g,Active,
4313,20.142,patanjali aloevera kanti body soap 60g,Pcs,Personal Care & Beauty,"Skin, Hair & Cosmetics",patanjali-aloevera-kanti-body-soap-60g,Active,
4490,1.2157,pond's bricht miracle detox face wash 200gm,Pcs,Personal Care & Beauty,"Skin, Hair & Cosmetics",pond-s-bricht-miracle-detox-face-wash-200gm,Active,
4491,2.3356,pond's bricht miracle detox face wash 50gm,Pcs,Personal Care & Beauty,"Skin, Hair & Cosmetics",pond-s-bricht-miracle-detox-face-wash-50gm,Active,
4618,1.1342,purex soap 200g,Pcs,Personal Care & Beauty,"Skin, Hair & Cosmetics",purex-soap-200g,Active,
5084,2.338,silkhair 3one hair treatment professional creme 450ml,Pcs,Personal Care & Beauty,"Skin, Hair & Cosmetics",silkhair-3one-hair-treatment-professional-creme-450ml,Active,
5386,2.401,super star miss glam concealer 30H,Pcs,Personal Care & Beauty,"Skin, Hair & Cosmetics",super-star-miss-glam-concealer-30h,Active,
5388,2.3654,super velvet teddy lip gloss karite,Pcs,Personal Care & Beauty,"Skin, Hair & Cosmetics",super-velvet-teddy-lip-gloss-karite,Active,
5854,2.2886,well 10professional Hair Treatment 500ml,Pcs,Personal Care & Beauty,"Skin, Hair & Cosmetics",well-10professional-hair-treatment-500ml,Active,
218,1.1728,Aiwina australia Sanitary Napkins 8pads290mm,Pcs,Health & Wellness,Feminine Hygiene,aiwina-australia-sanitary-napkins-8pads290mm,Active,
683,4.1392,Betox pad lock 40mm,Pcs,Health & Wellness,Feminine Hygiene,betox-pad-lock-40mm,Active,
684,4.1391,Betox pad lock 50mm,Pcs,Health & Wellness,Feminine Hygiene,betox-pad-lock-50mm,Active,
713,7.427,Bikaji Urad Papad 200g,PKT,Health & Wellness,Feminine Hygiene,bikaji-urad-papad-200g,Active,
709,7.1258,Bikaji papad 150gm,PC,Health & Wellness,Feminine Hygiene,bikaji-papad-150gm,Active,
2318,10.521,Grey Sketch pad 30 Sheets 148*210mm,Pcs,Health & Wellness,Feminine Hygiene,grey-sketch-pad-30-sheets-148-210mm,Active,
2385,7.4233,Haldiram MIni Sada Papad 73g,Pcs,Health & Wellness,Feminine Hygiene,haldiram-mini-sada-papad-73g,Active,
2711,1.2077,Hot Pad Heat,Pcs,Health & Wellness,Feminine Hygiene,hot-pad-heat,Active,
2881,1.2193,Juni foreyer period panties 5pcs,Pcs,Health & Wellness,Feminine Hygiene,juni-foreyer-period-panties-5pcs,Active,
3839,1.2258,Mumbuds period panties sanitary pads l/xl,Pcs,Health & Wellness,Feminine Hygiene,mumbuds-period-panties-sanitary-pads-l-xl,Active,
3840,1.2257,Mumbuds period panties sanitary pads m/l,Pcs,Health & Wellness,Feminine Hygiene,mumbuds-period-panties-sanitary-pads-m-l,Active,
3864,3.441,Mumlove Breast Pad Cotton A1041,Pcs,Health & Wellness,Feminine Hygiene,mumlove-breast-pad-cotton-a1041,Active,
4020,1.2336,Nine Naturally Soft Period Panty L-XL 5 pcs,Pcs,Health & Wellness,Feminine Hygiene,nine-naturally-soft-period-panty-l-xl-5-pcs,Active,
4021,1.2337,Nine Naturally Soft Period Panty M-L 5 pcs,Pcs,Health & Wellness,Feminine Hygiene,nine-naturally-soft-period-panty-m-l-5-pcs,Active,
4024,1.1282,Nine Soft pad XL 6sN.S,Pcs,Health & Wellness,Feminine Hygiene,nine-soft-pad-xl-6sn-s,Active,
4023,1.1283,Nine pad Xl Purple 6s D.C,Pcs,Health & Wellness,Feminine Hygiene,nine-pad-xl-purple-6s-d-c,Active,
4364,20.94,Patanjali super dish wash bar scrub pad 500g,Pcs,Health & Wellness,Feminine Hygiene,patanjali-super-dish-wash-bar-scrub-pad-500g,Active,
4617,1.1912,Pure sanitary pads xxl/320mm,Pcs,Health & Wellness,Feminine Hygiene,pure-sanitary-pads-xxl-320mm,Active,
5252,10.398,STC Sketch Pad A6,Pcs,Health & Wellness,Feminine Hygiene,stc-sketch-pad-a6,Active,
4893,1.1369,Safety sanitary pads Ultra XXL 10,Pcs,Health & Wellness,Feminine Hygiene,safety-sanitary-pads-ultra-xxl-10,Active,
4892,1.1368,Safety sanitary padsDay night 10pc 290mn,Pcs,Health & Wellness,Feminine Hygiene,safety-sanitary-padsday-night-10pc-290mn,Active,
4903,1.1495,Sagun Pad All Night Ultra 320mm 8pads,Pcs,Health & Wellness,Feminine Hygiene,sagun-pad-all-night-ultra-320mm-8pads,Active,
4904,1.1507,Sagun pad Ultra Thin 320mm,Pcs,Health & Wellness,Feminine Hygiene,sagun-pad-ultra-thin-320mm,Active,
5127,10.53,Sllicon Poppad bag 913-2,Pcs,Health & Wellness,Feminine Hygiene,sllicon-poppad-bag-913-2,Active,
5176,1.1144,Softy Sanitary Napkin premium extra long 15pads,Pcs,Health & Wellness,Feminine Hygiene,softy-sanitary-napkin-premium-extra-long-15pads,Active,
5179,1.536,Softy Sanitary Napkins ultra 10s290mm,Pc,Health & Wellness,Feminine Hygiene,softy-sanitary-napkins-ultra-10s290mm,Active,
5174,1.2364,Softy sanitary napkin 350mm 10pcs,Pcs,Health & Wellness,Feminine Hygiene,softy-sanitary-napkin-350mm-10pcs,Active,
5175,1.2365,Softy sanitary napkin 350mm 30pcs,Pcs,Health & Wellness,Feminine Hygiene,softy-sanitary-napkin-350mm-30pcs,Active,
5178,1.472,Softy sanitary napkins Night pack 8s,pc,Health & Wellness,Feminine Hygiene,softy-sanitary-napkins-night-pack-8s,Active,
5177,1.1986,Softy sanitary napkins Night pack 8s 290ml,Pcs,Health & Wellness,Feminine Hygiene,softy-sanitary-napkins-night-pack-8s-290ml,Active,
5182,1.57,Sofy Sanitary napkins Ultra 320mm 10s,PC,Health & Wellness,Feminine Hygiene,sofy-sanitary-napkins-ultra-320mm-10s,Active,
5238,4.1396,Stainless steel disc pad lock 90mm,Pcs,Health & Wellness,Feminine Hygiene,stainless-steel-disc-pad-lock-90mm,Active,
5570,1.198,Tomorrow scouring pad 3 pcs,PC,Health & Wellness,Feminine Hygiene,tomorrow-scouring-pad-3-pcs,Active,
5571,1.173,Tomorrow scouring pad 5pcs,Pcs,Health & Wellness,Feminine Hygiene,tomorrow-scouring-pad-5pcs,Active,
6022,1.1628,Zuvara Period Panties M L\L-Xl,Pcs,Health & Wellness,Feminine Hygiene,zuvara-period-panties-m-l-l-xl,Active,
6021,1.2263,Zuvara period panties L-XL/M-L 10pcs,Pcs,Health & Wellness,Feminine Hygiene,zuvara-period-panties-l-xl-m-l-10pcs,Active,
100,3.642,4 pcs Baby Scissors Nail Clipper 8121-X,Pcs,Health & Wellness,"Health, Hygiene & First Aid",4-pcs-baby-scissors-nail-clipper-8121-x,Active,
272,2.1622,Animate Facial Softgel Capsules 60pcs,PC,Health & Wellness,"Health, Hygiene & First Aid",animate-facial-softgel-capsules-60pcs,Active,
847,2.269,BTIGHT Hair Soften Essence 60 Capsules,PC,Health & Wellness,"Health, Hygiene & First Aid",btight-hair-soften-essence-60-capsules,Active,
655,22.6,Bearing vitamin b-z for dog 135ml,PC,Health & Wellness,"Health, Hygiene & First Aid",bearing-vitamin-b-z-for-dog-135ml,Active,
762,10.462,Body Painting Pen 8 Colors,Pcs,Health & Wellness,"Health, Hygiene & First Aid",body-painting-pen-8-colors,Active,
778,2.2091,Boro Plus Ayurvedic Antiseptic cream 80ml,Pcs,Health & Wellness,"Health, Hygiene & First Aid",boro-plus-ayurvedic-antiseptic-cream-80ml,Active,
780,2.16,Boro Plus Healthy Skin Antiseptic Cream 19m,PC,Health & Wellness,"Health, Hygiene & First Aid",boro-plus-healthy-skin-antiseptic-cream-19m,Active,
781,2.3,Boro Plus Healthy skin Antiseptic cream 40ml,PC,Health & Wellness,"Health, Hygiene & First Aid",boro-plus-healthy-skin-antiseptic-cream-40ml,Active,
784,2.556,Boroline Antiseptic Ayurvedic Cream,Pcs,Health & Wellness,"Health, Hygiene & First Aid",boroline-antiseptic-ayurvedic-cream,Active,
783,2.3454,Boroline Antiseptic Ayurvedic Cream20g,Pcs,Health & Wellness,"Health, Hygiene & First Aid",boroline-antiseptic-ayurvedic-cream20g,Active,
1006,2.3888,Cetaphil sun spf50++ light gel vitamin e cream 50ml,Pcs,Health & Wellness,"Health, Hygiene & First Aid",cetaphil-sun-spf50-light-gel-vitamin-e-cream-50ml,Active,
1191,2.3422,Colors queen color stay,Pcs,Health & Wellness,"Health, Hygiene & First Aid",colors-queen-color-stay,Active,
1393,2.344,DETTOL ANTISEPTIC LIQUID 150ML,PC,Health & Wellness,"Health, Hygiene & First Aid",dettol-antiseptic-liquid-150ml,Active,
1394,2.343,DETTOL ANTISEPTIC LIQUID 250ML,PC,Health & Wellness,"Health, Hygiene & First Aid",dettol-antiseptic-liquid-250ml,Active,
1396,2.345,DETTOL ANTISEPTIC LIQUID 60ML,PC,Health & Wellness,"Health, Hygiene & First Aid",dettol-antiseptic-liquid-60ml,Active,
1653,2.3889,DR.Rashel vitamin c day cream 50gm,Pcs,Health & Wellness,"Health, Hygiene & First Aid",dr-rashel-vitamin-c-day-cream-50gm,Active,
1395,2.994,Dettol Antiseptic Liquid 550ml,pc,Health & Wellness,"Health, Hygiene & First Aid",dettol-antiseptic-liquid-550ml,Active,
1611,2.34,Dot&key vitamin c+e super bright gel facewash 100ml,Pcs,Health & Wellness,"Health, Hygiene & First Aid",dot-key-vitamin-c-e-super-bright-gel-facewash-100ml,Active,
1897,3.608,Farlin crow with colors bottle 140ml ab 41022,Pcs,Health & Wellness,"Health, Hygiene & First Aid",farlin-crow-with-colors-bottle-140ml-ab-41022,Active,
1932,2.2969,Femi Wash Antiseptic Vaginal wash Hygiene 100ml,Pcs,Health & Wellness,"Health, Hygiene & First Aid",femi-wash-antiseptic-vaginal-wash-hygiene-100ml,Active,
2113,2.2749,Garnier Bright Complete 30x Vitamin C 30ml,Pcs,Health & Wellness,"Health, Hygiene & First Aid",garnier-bright-complete-30x-vitamin-c-30ml,Active,
2114,2.2646,Garnier Bright Complete 30x Vitamin C15ML,Pcs,Health & Wellness,"Health, Hygiene & First Aid",garnier-bright-complete-30x-vitamin-c15ml,Active,
2152,2.2933,Garnier Skin Bright Complete Vitamin C45Gg SPF40,Pcs,Health & Wellness,"Health, Hygiene & First Aid",garnier-skin-bright-complete-vitamin-c45gg-spf40,Active,
2157,2.3844,Garnier vitamin c fresh&bright 20ml,Pcs,Health & Wellness,"Health, Hygiene & First Aid",garnier-vitamin-c-fresh-bright-20ml,Active,
2158,2.384,Garnier vitamin c fresh&bright 45ml,Pcs,Health & Wellness,"Health, Hygiene & First Aid",garnier-vitamin-c-fresh-bright-45ml,Active,
2833,2.2192,JOY Bright Radiance vitamin+C 5actions 30ml,Pcs,Health & Wellness,"Health, Hygiene & First Aid",joy-bright-radiance-vitamin-c-5actions-30ml,Active,
3406,1.1515,Lux Jasmine Vitamin C 100gm,Pcs,Health & Wellness,"Health, Hygiene & First Aid",lux-jasmine-vitamin-c-100gm,Active,
3407,1.1514,Lux Rose Vitamin C 100gm,Pcs,Health & Wellness,"Health, Hygiene & First Aid",lux-rose-vitamin-c-100gm,Active,
3544,10.508,Manicure Scissors AD-202,Pcs,Health & Wellness,"Health, Hygiene & First Aid",manicure-scissors-ad-202,Active,
3784,2.3257,Moov Pain Relief Specialist 10gm,Pcs,Health & Wellness,"Health, Hygiene & First Aid",moov-pain-relief-specialist-10gm,Active,
3785,2.1706,Moov pain relief specialist 20g,PC,Health & Wellness,"Health, Hygiene & First Aid",moov-pain-relief-specialist-20g,Active,
4479,2.2771,Plom Vitamin C(15%)30ml,Pcs,Health & Wellness,"Health, Hygiene & First Aid",plom-vitamin-c-15-30ml,Active,
4440,2.3609,Plom calendula&vitamin c1% ultra light glow gel cream 50ml,Pcs,Health & Wellness,"Health, Hygiene & First Aid",plom-calendula-vitamin-c1-ultra-light-glow-gel-cream-50ml,Active,
4460,2.3282,Plom mandarin & vitamin c facce wash 110ml,Pcs,Health & Wellness,"Health, Hygiene & First Aid",plom-mandarin-vitamin-c-facce-wash-110ml,Active,
4981,9.528,Senior Tailor Scissors Stainless steel 265mm-10.5inch K38,Pcs,Health & Wellness,"Health, Hygiene & First Aid",senior-tailor-scissors-stainless-steel-265mm-10-5inch-k38,Active,
5079,2.3915,Silcon vitamin C Fash Wash,Pcs,Health & Wellness,"Health, Hygiene & First Aid",silcon-vitamin-c-fash-wash,Active,
5322,2.3794,Sumnima herbal deep moisturising cream vitamin c 100gm,Pcs,Health & Wellness,"Health, Hygiene & First Aid",sumnima-herbal-deep-moisturising-cream-vitamin-c-100gm,Active,
5323,2.3793,Sumnima herbal deep moisturising cream vitamin c 200gm,Pcs,Health & Wellness,"Health, Hygiene & First Aid",sumnima-herbal-deep-moisturising-cream-vitamin-c-200gm,Active,
5740,2.2701,Vicks Inhaler 0.5ml,Pcs,Health & Wellness,"Health, Hygiene & First Aid",vicks-inhaler-0-5ml,Active,
5982,2.3324,Zandu Pain Relief Gel Ultra Strong 45ml,Pcs,Health & Wellness,"Health, Hygiene & First Aid",zandu-pain-relief-gel-ultra-strong-45ml,Active,
5984,2.3109,Zandu Pain Relief Spray ultra strong 48ml,Pcs,Health & Wellness,"Health, Hygiene & First Aid",zandu-pain-relief-spray-ultra-strong-48ml,Active,
6000,4.1,Zinger Manicure Scissors,PC,Health & Wellness,"Health, Hygiene & First Aid",zinger-manicure-scissors,Active,
185,17.308,Ai meng teng baby clip,Pcs,Baby Care,Diapers & Baby Products,ai-meng-teng-baby-clip,Active,
191,3.55,Aiwibi Australia Baby Bubble Wash & Shampoo300ml,Pcs,Baby Care,Diapers & Baby Products,aiwibi-australia-baby-bubble-wash-shampoo300ml,Active,
193,3.555,Aiwibi Australia Baby Facial Cream 50ml,Pcs,Baby Care,Diapers & Baby Products,aiwibi-australia-baby-facial-cream-50ml,Active,
194,3.554,Aiwibi Australia Baby Foaming Cleanser 480ml,Pcs,Baby Care,Diapers & Baby Products,aiwibi-australia-baby-foaming-cleanser-480ml,Active,
195,3.557,Aiwibi Australia Baby Laundry Liquid1000ml,Pcs,Baby Care,Diapers & Baby Products,aiwibi-australia-baby-laundry-liquid1000ml,Active,
196,3.551,Aiwibi Australia Baby Lotion 150ml,Pcs,Baby Care,Diapers & Baby Products,aiwibi-australia-baby-lotion-150ml,Active,
198,3.552,Aiwibi Australia Baby Massage Oli 100ml,Pcs,Baby Care,Diapers & Baby Products,aiwibi-australia-baby-massage-oli-100ml,Active,
199,3.556,Aiwibi Australia Baby Nappy Rash Cream 50ml,Pcs,Baby Care,Diapers & Baby Products,aiwibi-australia-baby-nappy-rash-cream-50ml,Active,
200,1.1613,Aiwibi Australia Baby Pants l40,Pcs,Baby Care,Diapers & Baby Products,aiwibi-australia-baby-pants-l40,Active,
201,1.1612,Aiwibi Australia Baby Pants m42,Pcs,Baby Care,Diapers & Baby Products,aiwibi-australia-baby-pants-m42,Active,
203,1.1611,Aiwibi Australia Baby Pants s44,Pcs,Baby Care,Diapers & Baby Products,aiwibi-australia-baby-pants-s44,Active,
204,1.1999,Aiwibi Australia Baby Pants xl32,Pcs,Baby Care,Diapers & Baby Products,aiwibi-australia-baby-pants-xl32,Active,
205,1.1614,Aiwibi Australia Baby Pants xl36,Pcs,Baby Care,Diapers & Baby Products,aiwibi-australia-baby-pants-xl36,Active,
206,1.1615,Aiwibi Australia Baby Pants xxl36,Pcs,Baby Care,Diapers & Baby Products,aiwibi-australia-baby-pants-xxl36,Active,
207,3.553,Aiwibi Australia Baby Sunscreen Lotino 50ml,Pcs,Baby Care,Diapers & Baby Products,aiwibi-australia-baby-sunscreen-lotino-50ml,Active,
215,1.1727,Aiwibi Baby wet wipes,Pcs,Baby Care,Diapers & Baby Products,aiwibi-baby-wet-wipes,Active,
197,3.647,Aiwibi australia baby massage oil 200ml,Pcs,Baby Care,Diapers & Baby Products,aiwibi-australia-baby-massage-oil-200ml,Active,
202,1.2106,Aiwibi australia baby pants M52 pcs,Pcs,Baby Care,Diapers & Baby Products,aiwibi-australia-baby-pants-m52-pcs,Active,
208,3.635,Aiwibi australia baby wet wipes 240pcs,Pack,Baby Care,Diapers & Baby Products,aiwibi-australia-baby-wet-wipes-240pcs,Active,
210,3.648,Aiwibi australia nappy rash cream 55ml,Pcs,Baby Care,Diapers & Baby Products,aiwibi-australia-nappy-rash-cream-55ml,Active,
214,3.654,Aiwibi baby silicone fruit feeder 6month +,Pcs,Baby Care,Diapers & Baby Products,aiwibi-baby-silicone-fruit-feeder-6month,Active,
217,3.61,Aiwibi permium baby wet wipes 80pcs,Pcs,Baby Care,Diapers & Baby Products,aiwibi-permium-baby-wet-wipes-80pcs,Active,
319,1.2144,Asal baby pants L4pcs,Pcs,Baby Care,Diapers & Baby Products,asal-baby-pants-l4pcs,Active,
320,1.2147,Asal baby pants M5pcs,Pcs,Baby Care,Diapers & Baby Products,asal-baby-pants-m5pcs,Active,
321,1.2146,Asal baby pants S 5pcs,Pcs,Baby Care,Diapers & Baby Products,asal-baby-pants-s-5pcs,Active,
322,1.2149,Asal baby pants XL38pcs,Pcs,Baby Care,Diapers & Baby Products,asal-baby-pants-xl38pcs,Active,
323,1.2145,Asal baby pants XL4pcs,Pcs,Baby Care,Diapers & Baby Products,asal-baby-pants-xl4pcs,Active,
380,1.757,B-Fit Adult Diapers M10,PC,Baby Care,Diapers & Baby Products,b-fit-adult-diapers-m10,Active,
379,1.756,B-Fit Adult diapers L10,PC,Baby Care,Diapers & Baby Products,b-fit-adult-diapers-l10,Active,
384,1.2151,Baba's happy baby pants L46 pcs,Pcs,Baby Care,Diapers & Baby Products,baba-s-happy-baby-pants-l46-pcs,Active,
385,1.215,Baba's happy baby pants M50 pcs,Pack,Baby Care,Diapers & Baby Products,baba-s-happy-baby-pants-m50-pcs,Active,
393,3.449,Baby Care Kit,set,Baby Care,Diapers & Baby Products,baby-care-kit,Active,
401,3.185,Baby Feeding bowl chinese,PC,Baby Care,Diapers & Baby Products,baby-feeding-bowl-chinese,Active,
404,8.1,Baby Guggles G.M,Pcs,Baby Care,Diapers & Baby Products,baby-guggles-g-m,Active,
403,8.2,Baby Guggles black,Pcs,Baby Care,Diapers & Baby Products,baby-guggles-black,Active,
436,3.169,Baby Teether Giraff A6119-2,PC,Baby Care,Diapers & Baby Products,baby-teether-giraff-a6119-2,Active,
448,9.703,Baby Trainer Potty 1812,Pcs,Baby Care,Diapers & Baby Products,baby-trainer-potty-1812,Active,
452,3.109,Baby Wipes Sensitive Aloe & Chamomile 90s,pc,Baby Care,Diapers & Baby Products,baby-wipes-sensitive-aloe-chamomile-90s,Active,
394,17.278,Baby clip 2pc set mix,Pcs,Baby Care,Diapers & Baby Products,baby-clip-2pc-set-mix,Active,
395,17.314,Baby clip set mix,Pcs,Baby Care,Diapers & Baby Products,baby-clip-set-mix,Active,
396,17.2,Baby clip set pack,Pcs,Baby Care,Diapers & Baby Products,baby-clip-set-pack,Active,
397,17.326,Baby clip/rabbar mix box,Pcs,Baby Care,Diapers & Baby Products,baby-clip-rabbar-mix-box,Active,
418,3.314,Baby nail clipper A1069-1,PC,Baby Care,Diapers & Baby Products,baby-nail-clipper-a1069-1,Active,
435,9.704,Baby teether mix,Pcs,Baby Care,Diapers & Baby Products,baby-teether-mix,Active,
691,17.287,Bi ying baby clip 4pcs,Pack,Baby Care,Diapers & Baby Products,bi-ying-baby-clip-4pcs,Active,
774,7.1248,Borges Olive Baby Oil 250ml,PC,Baby Care,Diapers & Baby Products,borges-olive-baby-oil-250ml,Active,
1052,1.2202,Chikool aqua baby wipes,Pcs,Baby Care,Diapers & Baby Products,chikool-aqua-baby-wipes,Active,
1242,2.367,Cucumber Wet Wipes,PC,Baby Care,Diapers & Baby Products,cucumber-wet-wipes,Active,
1437,1.2051,Diaper Pants MIX,Pcs,Baby Care,Diapers & Baby Products,diaper-pants-mix,Active,
1756,9.757,Educational baby bottles NO.220,Pcs,Baby Care,Diapers & Baby Products,educational-baby-bottles-no-220,Active,
1829,1.2215,Eurosoft baby diaper pant L-40,Pcs,Baby Care,Diapers & Baby Products,eurosoft-baby-diaper-pant-l-40,Active,
1830,1.2217,Eurosoft baby diaper pant M-42,Pcs,Baby Care,Diapers & Baby Products,eurosoft-baby-diaper-pant-m-42,Active,
1831,1.2216,Eurosoft baby diaper pant XL-36,Pcs,Baby Care,Diapers & Baby Products,eurosoft-baby-diaper-pant-xl-36,Active,
1832,1.2218,Eurosoft baby diaper pant XXL-34,Pcs,Baby Care,Diapers & Baby Products,eurosoft-baby-diaper-pant-xxl-34,Active,
1833,3.634,Eurosoft baby wet wipes,Pcs,Baby Care,Diapers & Baby Products,eurosoft-baby-wet-wipes,Active,
1893,3.431,Farlin Baby Soap 80g,Pcs,Baby Care,Diapers & Baby Products,farlin-baby-soap-80g,Active,
1891,3.496,Farlin baby Feeding Bottle wash 700ml reffill pack,Pack,Baby Care,Diapers & Baby Products,farlin-baby-feeding-bottle-wash-700ml-reffill-pack,Active,
1890,3.198,Farlin baby feeding Bottle wash 500ml200,PC,Baby Care,Diapers & Baby Products,farlin-baby-feeding-bottle-wash-500ml200,Active,
1892,3.418,Farlin baby feeding Bottle wash 700ml,Bttl,Baby Care,Diapers & Baby Products,farlin-baby-feeding-bottle-wash-700ml,Active,
1998,3.609,Florona kiddos baby wipes 80pc,Pcs,Baby Care,Diapers & Baby Products,florona-kiddos-baby-wipes-80pc,Active,
2507,1.1985,Hello panda wipes/mini wet wipes 8pcs,Pcs,Baby Care,Diapers & Baby Products,hello-panda-wipes-mini-wet-wipes-8pcs,Active,
2597,3.542,Himalaya BAby Cream Pure 50ml,Pcs,Baby Care,Diapers & Baby Products,himalaya-baby-cream-pure-50ml,Active,
2608,3.136,Himalaya Diaper rash cream 20g,PC,Baby Care,Diapers & Baby Products,himalaya-diaper-rash-cream-20g,Active,
2661,1.1789,Himalaya Total Care Baby Pants L52,Pack,Baby Care,Diapers & Baby Products,himalaya-total-care-baby-pants-l52,Active,
2662,1.179,Himalaya Total Care Baby Pants XL52,pkt,Baby Care,Diapers & Baby Products,himalaya-total-care-baby-pants-xl52,Active,
2604,3.205,Himalaya baby Shampoo 400ml,PC,Baby Care,Diapers & Baby Products,himalaya-baby-shampoo-400ml,Active,
2594,3.142,Himalaya baby cream 100ml,PC,Baby Care,Diapers & Baby Products,himalaya-baby-cream-100ml,Active,
2595,3.141,Himalaya baby cream 200ml,PC,Baby Care,Diapers & Baby Products,himalaya-baby-cream-200ml,Active,
2596,3.143,Himalaya baby cream 50ml,PC,Baby Care,Diapers & Baby Products,himalaya-baby-cream-50ml,Active,
2600,3.204,Himalaya baby lotion 200ml,PC,Baby Care,Diapers & Baby Products,himalaya-baby-lotion-200ml,Active,
2610,3.139,Himalaya gentle baby shampoo 100ml,PC,Baby Care,Diapers & Baby Products,himalaya-gentle-baby-shampoo-100ml,Active,
2611,3.138,Himalaya gentle baby shampoo 200ml,PC,Baby Care,Diapers & Baby Products,himalaya-gentle-baby-shampoo-200ml,Active,
2612,3.225,Himalaya gentle baby soap 125g,PC,Baby Care,Diapers & Baby Products,himalaya-gentle-baby-soap-125g,Active,
2613,3.237,Himalaya gentle baby soap 75g,PC,Baby Care,Diapers & Baby Products,himalaya-gentle-baby-soap-75g,Active,
2614,3.602,Himalaya gentle baby soap buy 3 get 1 free 300gm,Pcs,Baby Care,Diapers & Baby Products,himalaya-gentle-baby-soap-buy-3-get-1-free-300gm,Active,
2615,3.147,Himalaya gentle baby wipes 72pc,PC,Baby Care,Diapers & Baby Products,himalaya-gentle-baby-wipes-72pc,Active,
2660,3.208,Himalaya refreshing baby soap75g,PC,Baby Care,Diapers & Baby Products,himalaya-refreshing-baby-soap75g,Active,
2668,3.611,Himalayan Baby Lotion 100ml,Pcs,Baby Care,Diapers & Baby Products,himalayan-baby-lotion-100ml,Active,
2809,3.133,Johnson Baby lotion 100ml,PC,Baby Care,Diapers & Baby Products,johnson-baby-lotion-100ml,Active,
2819,3.3,Johnsons Baby Shampoo 100ml,PC,Baby Care,Diapers & Baby Products,johnsons-baby-shampoo-100ml,Active,
2821,3.4,Johnsons Baby Shampoo 50ml,PC,Baby Care,Diapers & Baby Products,johnsons-baby-shampoo-50ml,Active,
2822,3.21,Johnsons Baby Soap 50g,PC,Baby Care,Diapers & Baby Products,johnsons-baby-soap-50g,Active,
2826,3.62,Johnsons Top-to-toe Baby wash 210ml,pc,Baby Care,Diapers & Baby Products,johnsons-top-to-toe-baby-wash-210ml,Active,
2812,3.54,Johnsons baby cream 30g,pc,Baby Care,Diapers & Baby Products,johnsons-baby-cream-30g,Active,
2813,3.53,Johnsons baby cream 50g,pc,Baby Care,Diapers & Baby Products,johnsons-baby-cream-50g,Active,
2814,3.56,Johnsons baby lotion 50ml,pc,Baby Care,Diapers & Baby Products,johnsons-baby-lotion-50ml,Active,
2818,3.132,Johnsons baby oil 50ml,pc,Baby Care,Diapers & Baby Products,johnsons-baby-oil-50ml,Active,
2820,3.64,Johnsons baby shampoo 200ml,pc,Baby Care,Diapers & Baby Products,johnsons-baby-shampoo-200ml,Active,
2871,1.2055,Jubilee baby pants s42 pcs,Pcs,Baby Care,Diapers & Baby Products,jubilee-baby-pants-s42-pcs,Active,
3109,1.1989,Kyu Baby Pants S/ M 40 pcs,Pcs,Baby Care,Diapers & Baby Products,kyu-baby-pants-s-m-40-pcs,Active,
3386,2.312,Love Of Dream Bamboo wet Wipes 90wipes,Pcs,Baby Care,Diapers & Baby Products,love-of-dream-bamboo-wet-wipes-90wipes,Active,
3801,3.268,Mothers Choice Baby wipes 100s,PC,Baby Care,Diapers & Baby Products,mothers-choice-baby-wipes-100s,Active,
3841,1.1958,Mumbuds permium baby pants m40,Pcs,Baby Care,Diapers & Baby Products,mumbuds-permium-baby-pants-m40,Active,
3842,1.1957,Mumbuds permium baby pants s42,Pcs,Baby Care,Diapers & Baby Products,mumbuds-permium-baby-pants-s42,Active,
3843,1.1959,Mumbuds permium baby pants xl36,Pcs,Baby Care,Diapers & Baby Products,mumbuds-permium-baby-pants-xl36,Active,
3844,1.196,Mumbuds permium baby pants xxl34,Pcs,Baby Care,Diapers & Baby Products,mumbuds-permium-baby-pants-xxl34,Active,
3845,1.2259,Mumbuds premium baby pant diapers l38pcs,Pcs,Baby Care,Diapers & Baby Products,mumbuds-premium-baby-pant-diapers-l38pcs,Active,
3846,1.1961,Mumbuds water wipes 100pcs,Pcs,Baby Care,Diapers & Baby Products,mumbuds-water-wipes-100pcs,Active,
3857,3.597,Mumlove Baby Teether Mitten A6119,Pcs,Baby Care,Diapers & Baby Products,mumlove-baby-teether-mitten-a6119,Active,
3858,3.653,Mumlove Baby Teether Slicon A6119-28/29,Pcs,Baby Care,Diapers & Baby Products,mumlove-baby-teether-slicon-a6119-28-29,Active,
3851,3.341,Mumlove baby bottle best mum! options 250ml B807,Pcs,Baby Care,Diapers & Baby Products,mumlove-baby-bottle-best-mum-options-250ml-b807,Active,
4015,1.2048,Nine Diaper Pants S10,Pcs,Baby Care,Diapers & Baby Products,nine-diaper-pants-s10,Active,
4165,9.86,OM+ Baby Teethers gift set,box,Baby Care,Diapers & Baby Products,om-baby-teethers-gift-set,Active,
4241,3.558,Parachute Baby Powder 50gm,Pcs,Baby Care,Diapers & Baby Products,parachute-baby-powder-50gm,Active,
4254,3.547,Paraute baby shampoo 200ml,Pcs,Baby Care,Diapers & Baby Products,paraute-baby-shampoo-200ml,Active,
4301,3.567,Passion budget baby wet wipes,Pcs,Baby Care,Diapers & Baby Products,passion-budget-baby-wet-wipes,Active,
4302,2.3977,Passion face wet wipes,Pcs,Baby Care,Diapers & Baby Products,passion-face-wet-wipes,Active,
4563,3.498,Prachute baby lotion 100ml,Pcs,Baby Care,Diapers & Baby Products,prachute-baby-lotion-100ml,Active,
4988,3.603,Sensitive simba baby wipes 80pcs,Pcs,Baby Care,Diapers & Baby Products,sensitive-simba-baby-wipes-80pcs,Active,
5158,9.744,Soft Baby Potty seat,Pcs,Baby Care,Diapers & Baby Products,soft-baby-potty-seat,Active,
5172,3.14,Softy Magic Baby Wipes 80s,PC,Baby Care,Diapers & Baby Products,softy-magic-baby-wipes-80s,Active,
5259,3.448,Stereo Baby Teether A6119-3,Pcs,Baby Care,Diapers & Baby Products,stereo-baby-teether-a6119-3,Active,
5634,1.2376,Ultra Comfact Baby wipes 80 pcs,Pcs,Baby Care,Diapers & Baby Products,ultra-comfact-baby-wipes-80-pcs,Active,
6008,1.1627,Zuvara Baby Cotton Tissue 40,Pcs,Baby Care,Diapers & Baby Products,zuvara-baby-cotton-tissue-40,Active,
6011,1.2024,Zuvara Baby Diper pants XXl 24,Pcs,Baby Care,Diapers & Baby Products,zuvara-baby-diper-pants-xxl-24,Active,
6013,1.1621,Zuvara Baby Pants M40,Pcs,Baby Care,Diapers & Baby Products,zuvara-baby-pants-m40,Active,
6014,1.1624,Zuvara Baby Pants XXL 40pc,Pcs,Baby Care,Diapers & Baby Products,zuvara-baby-pants-xxl-40pc,Active,
6018,1.1625,Zuvara Baby water Wipes 80,Pcs,Baby Care,Diapers & Baby Products,zuvara-baby-water-wipes-80,Active,
6019,1.1622,Zuvara Diaper pants L40,Pcs,Baby Care,Diapers & Baby Products,zuvara-diaper-pants-l40,Active,
6023,1.162,Zuvara S40,Pcs,Baby Care,Diapers & Baby Products,zuvara-s40,Active,
6024,1.1741,Zuvara Supeme Diaper xxl36,Pcs,Baby Care,Diapers & Baby Products,zuvara-supeme-diaper-xxl36,Active,
6025,1.1739,Zuvara Supreme Diper m36,Pcs,Baby Care,Diapers & Baby Products,zuvara-supreme-diper-m36,Active,
6026,1.2108,Zuvara Wet Wipes 80 pcs,Pcs,Baby Care,Diapers & Baby Products,zuvara-wet-wipes-80-pcs,Active,
6028,1.1623,Zuvara XL40,Pcs,Baby Care,Diapers & Baby Products,zuvara-xl40,Active,
6009,1.2253,Zuvara baby diaper pants l70,Pcs,Baby Care,Diapers & Baby Products,zuvara-baby-diaper-pants-l70,Active,
6010,1.2252,Zuvara baby diaper pants m70,Pcs,Baby Care,Diapers & Baby Products,zuvara-baby-diaper-pants-m70,Active,
6015,1.1821,Zuvara baby powder 200g,Pcs,Baby Care,Diapers & Baby Products,zuvara-baby-powder-200g,Active,
6017,1.2251,Zuvara baby tape diapers s70,Pcs,Baby Care,Diapers & Baby Products,zuvara-baby-tape-diapers-s70,Active,
6020,1.1618,Zuvara nb 22,Pcs,Baby Care,Diapers & Baby Products,zuvara-nb-22,Active,
6027,2.3989,Zuvara wet wipes buy2get1free,Pcs,Baby Care,Diapers & Baby Products,zuvara-wet-wipes-buy2get1free,Active,
192,3.646,aiwibi australia baby cotton swab box,Pcs,Baby Care,Diapers & Baby Products,aiwibi-australia-baby-cotton-swab-box,Active,
391,4.1123,baby Bottle sport /Cartoon mix,Pcs,Baby Care,Diapers & Baby Products,baby-bottle-sport-cartoon-mix,Active,
2817,3.47,johnsons baby oil 100ml,pc,Baby Care,Diapers & Baby Products,johnsons-baby-oil-100ml,Active,
2823,3.48,johnsons baby soap/ milk soap 75g,pc,Baby Care,Diapers & Baby Products,johnsons-baby-soap-milk-soap-75g,Active,
4240,3.502,parachute Baby Cream 100ml,Pcs,Baby Care,Diapers & Baby Products,parachute-baby-cream-100ml,Active,
6006,1.1824,zuvara baby body lotion 500ml,Pcs,Baby Care,Diapers & Baby Products,zuvara-baby-body-lotion-500ml,Active,
6007,1.1825,zuvara baby body wash 500ml,Pcs,Baby Care,Diapers & Baby Products,zuvara-baby-body-wash-500ml,Active,
6012,1.1827,zuvara baby massage oil 100ml,Pcs,Baby Care,Diapers & Baby Products,zuvara-baby-massage-oil-100ml,Active,
6016,1.1826,zuvara baby shampoo 500ml,Pcs,Baby Care,Diapers & Baby Products,zuvara-baby-shampoo-500ml,Active,
88,1.1732,390pcs Dry Tissue pkt NO.Y015,Pcs,Household Cleaning,Laundry & Cleaning,390pcs-dry-tissue-pkt-no-y015,Active,
103,2.3945,7 Wonders exfoliating natural scrub 250ml,Pcs,Household Cleaning,Laundry & Cleaning,7-wonders-exfoliating-natural-scrub-250ml,Active,
186,1.2331,Air boat air freshner 70gm,Pcs,Household Cleaning,Laundry & Cleaning,air-boat-air-freshner-70gm,Active,
187,1.233,Air freshener odonil,Pcs,Household Cleaning,Laundry & Cleaning,air-freshener-odonil,Active,
209,3.655,Aiwibi australia liquid laundry detergent 3.0l,Pcs,Household Cleaning,Laundry & Cleaning,aiwibi-australia-liquid-laundry-detergent-3-0l,Active,
233,1.319,All Out Combo,pc,Household Cleaning,Laundry & Cleaning,all-out-combo,Active,
234,1.347,All Out Ultra refiel,pc,Household Cleaning,Laundry & Cleaning,all-out-ultra-refiel,Active,
243,4.151,Aluminium foil 20mtr 300mm,Pcs,Household Cleaning,Laundry & Cleaning,aluminium-foil-20mtr-300mm,Active,
285,1.44,Apple/Vinda Box Tissue 100,pc,Household Cleaning,Laundry & Cleaning,apple-vinda-box-tissue-100,Active,
299,1.1123,Ariel Front Load Liquid Detergent 1kg,Pcs,Household Cleaning,Laundry & Cleaning,ariel-front-load-liquid-detergent-1kg,Active,
318,10.152,Artist Brush Painter Friend,Pcs,Household Cleaning,Laundry & Cleaning,artist-brush-painter-friend,Active,
325,2.1191,Asta Berry Apricot Scrub 100ml,PC,Household Cleaning,Laundry & Cleaning,asta-berry-apricot-scrub-100ml,Active,
366,1.678,Auto squeeze mop white,PC,Household Cleaning,Laundry & Cleaning,auto-squeeze-mop-white,Active,
425,4.1113,Baby Rptating Bottle Brush,Pcs,Household Cleaning,Laundry & Cleaning,baby-rptating-bottle-brush,Active,
437,3.377,Baby Tooth brush NO13,Pcs,Household Cleaning,Laundry & Cleaning,baby-tooth-brush-no13,Active,
606,4.1404,Barbicue brush 8637,Pcs,Household Cleaning,Laundry & Cleaning,barbicue-brush-8637,Active,
611,4.936,Basin Cleaing Brush,Pcs,Household Cleaning,Laundry & Cleaning,basin-cleaing-brush,Active,
613,4.501,Bath Flowers Scrubber/Bath Ball 250,Pcs,Household Cleaning,Laundry & Cleaning,bath-flowers-scrubber-bath-ball-250,Active,
626,1.1523,Baygon Max Mosquito\Cockroach Liller 400ml,Pcs,Household Cleaning,Laundry & Cleaning,baygon-max-mosquito-cockroach-liller-400ml,Active,
623,1.775,Baygon allout crawling insect killer 250ml,PC,Household Cleaning,Laundry & Cleaning,baygon-allout-crawling-insect-killer-250ml,Active,
624,1.924,Baygon cockroach killer kitchen defense 400ml,PC,Household Cleaning,Laundry & Cleaning,baygon-cockroach-killer-kitchen-defense-400ml,Active,
663,4.878,Bed Brush Soft,Pcs,Household Cleaning,Laundry & Cleaning,bed-brush-soft,Active,
16,1.198,Black Phenyle 1ltr,Pcs,Household Cleaning,Laundry & Cleaning,black-phenyle-1ltr,Active,
842,17.197,Brush -on Nail glue DC-518,Pcs,Household Cleaning,Laundry & Cleaning,brush-on-nail-glue-dc-518,Active,
904,4.1049,Carelly Manicure set Nail brush no.90014,Pcs,Household Cleaning,Laundry & Cleaning,carelly-manicure-set-nail-brush-no-90014,Active,
915,4.233,Ceiling Brush,PC,Household Cleaning,Laundry & Cleaning,ceiling-brush,Active,
1089,4.1411,Clean brush,Pcs,Household Cleaning,Laundry & Cleaning,clean-brush,Active,
1112,4.284,Cloth Brush 3128B,PC,Household Cleaning,Laundry & Cleaning,cloth-brush-3128b,Active,
1113,4.1138,Cloth Brush NO.8020,Pcs,Household Cleaning,Laundry & Cleaning,cloth-brush-no-8020,Active,
1123,1.2189,Cockroach balt 8pcs,Pcs,Household Cleaning,Laundry & Cleaning,cockroach-balt-8pcs,Active,
1148,1.1654,Colgate 0-2 KIds Brush,Pcs,Household Cleaning,Laundry & Cleaning,colgate-0-2-kids-brush,Active,
1153,1.1531,Colgate Buy 3 Kids Brush,set,Household Cleaning,Laundry & Cleaning,colgate-buy-3-kids-brush,Active,
1175,1.701,Colgate Super Flexi brush,PC,Household Cleaning,Laundry & Cleaning,colgate-super-flexi-brush,Active,
1181,1.2071,Colgate ZigZag Charcoal Brush,Pcs,Household Cleaning,Laundry & Cleaning,colgate-zigzag-charcoal-brush,Active,
1180,1.468,Colgate ZigZag brush,pc,Household Cleaning,Laundry & Cleaning,colgate-zigzag-brush,Active,
1167,1.148,Colgate sensitive brush ultra soft,PC,Household Cleaning,Laundry & Cleaning,colgate-sensitive-brush-ultra-soft,Active,
1170,1.293,Colgate slim soft charcoal tooth brush,pc,Household Cleaning,Laundry & Cleaning,colgate-slim-soft-charcoal-tooth-brush,Active,
1171,1.2016,Colgate stickers inside extra soft brush,Pcs,Household Cleaning,Laundry & Cleaning,colgate-stickers-inside-extra-soft-brush,Active,
1184,1.487,Colin Glass cleaner 250ml,Bttl,Household Cleaning,Laundry & Cleaning,colin-glass-cleaner-250ml,Active,
1183,1.2312,Colin cleaner 750ml,Pcs,Household Cleaning,Laundry & Cleaning,colin-cleaner-750ml,Active,
1186,1.1,Collin Glass Cleaner 500ml,PC,Household Cleaning,Laundry & Cleaning,collin-glass-cleaner-500ml,Active,
1196,17.202,Comb Brush Fashion,Pcs,Household Cleaning,Laundry & Cleaning,comb-brush-fashion,Active,
1325,1.1951,Dazzl floor cleaner 500ml,Pcs,Household Cleaning,Laundry & Cleaning,dazzl-floor-cleaner-500ml,Active,
1327,4.1395,Dehydrate mop soly design no 3008,Pcs,Household Cleaning,Laundry & Cleaning,dehydrate-mop-soly-design-no-3008,Active,
1354,1.1647,Delux Paula Bathroom tissue,Pcs,Household Cleaning,Laundry & Cleaning,delux-paula-bathroom-tissue,Active,
1399,1.341,Dettol Handwash Original/skinc 200ml + refill 175m,pc,Household Cleaning,Laundry & Cleaning,dettol-handwash-original-skinc-200ml-refill-175m,Active,
1425,1.1157,Dhoni detergent powder 500g,Pcs,Household Cleaning,Laundry & Cleaning,dhoni-detergent-powder-500g,Active,
1426,1.1661,Dhoni detergent powder 700g,Pcs,Household Cleaning,Laundry & Cleaning,dhoni-detergent-powder-700g,Active,
1432,1.2256,Dhoni ultra detergent powder 1kg,Pcs,Household Cleaning,Laundry & Cleaning,dhoni-ultra-detergent-powder-1kg,Active,
1433,1.225,Dhoni ultra detergent powder 2.5kg,Pcs,Household Cleaning,Laundry & Cleaning,dhoni-ultra-detergent-powder-2-5kg,Active,
1436,1.1338,Dial Dish Wash,Pcs,Household Cleaning,Laundry & Cleaning,dial-dish-wash,Active,
1459,1.1174,Dinesh Shakti Detergent powder 3kg,Pcs,Household Cleaning,Laundry & Cleaning,dinesh-shakti-detergent-powder-3kg,Active,
1462,1.1896,Dinesh Toilet Cleaner 500ML Buy 2 Get 1 Free,Pack,Household Cleaning,Laundry & Cleaning,dinesh-toilet-cleaner-500ml-buy-2-get-1-free,Active,
1453,1.1858,Dinesh dishwash liquid 2get 1free,Pcs,Household Cleaning,Laundry & Cleaning,dinesh-dishwash-liquid-2get-1free,Active,
1454,1.186,Dinesh floor cleaner 500ml,Pcs,Household Cleaning,Laundry & Cleaning,dinesh-floor-cleaner-500ml,Active,
1455,1.1859,Dinesh glass cleaner 500ml,Pcs,Household Cleaning,Laundry & Cleaning,dinesh-glass-cleaner-500ml,Active,
1457,1.1861,Dinesh liquid detergent 2get 1free 1000ml,Pack,Household Cleaning,Laundry & Cleaning,dinesh-liquid-detergent-2get-1free-1000ml,Active,
1461,1.2348,Dinesh shakti toilet cleaner 750ml,Pcs,Household Cleaning,Laundry & Cleaning,dinesh-shakti-toilet-cleaner-750ml,Active,
1486,4.1009,Divya Farm Fresh Plastic Wrap 100g,Pcs,Household Cleaning,Laundry & Cleaning,divya-farm-fresh-plastic-wrap-100g,Active,
1487,4.1008,Divya Farm Fresh Plastic Wrap 350g,Pcs,Household Cleaning,Laundry & Cleaning,divya-farm-fresh-plastic-wrap-350g,Active,
1582,1.286,Domex floor cleaner 500ml,pc,Household Cleaning,Laundry & Cleaning,domex-floor-cleaner-500ml,Active,
1648,1.2097,Dr. Wool Liquid Detergent 1 kg,Pcs,Household Cleaning,Laundry & Cleaning,dr-wool-liquid-detergent-1-kg,Active,
1694,4.235,Dust Pan leaf model plastic,PC,Household Cleaning,Laundry & Cleaning,dust-pan-leaf-model-plastic,Active,
1695,4.19,Dust pan with brush big 065,PC,Household Cleaning,Laundry & Cleaning,dust-pan-with-brush-big-065,Active,
1758,1.1681,Efficient cleaning helper steel scrubber,Pcs,Household Cleaning,Laundry & Cleaning,efficient-cleaning-helper-steel-scrubber,Active,
1825,2.341,Essence/Metter/Tempo/10/Cushies Pocket Tissue,PC,Household Cleaning,Laundry & Cleaning,essence-metter-tempo-10-cushies-pocket-tissue,Active,
1868,1.193,Exo Dishwash Liquid 2ltr,Pcs,Household Cleaning,Laundry & Cleaning,exo-dishwash-liquid-2ltr,Active,
1869,1.1929,Exo Dishwash Liquid 750 ml,Pcs,Household Cleaning,Laundry & Cleaning,exo-dishwash-liquid-750-ml,Active,
1870,1.312,Exo Touch & Shine 250g,pc,Household Cleaning,Laundry & Cleaning,exo-touch-shine-250g,Active,
1871,1.311,Exo Touch & Shine 500g,pc,Household Cleaning,Laundry & Cleaning,exo-touch-shine-500g,Active,
1872,1.346,Exo Touch & Shine Safai steel scrubber,pc,Household Cleaning,Laundry & Cleaning,exo-touch-shine-safai-steel-scrubber,Active,
1874,2.772,Eye shadow Brush 10pcs set,pc,Household Cleaning,Laundry & Cleaning,eye-shadow-brush-10pcs-set,Active,
1877,1.584,Ezee Liquid Detergent 1kg,Pc,Household Cleaning,Laundry & Cleaning,ezee-liquid-detergent-1kg,Active,
1878,1.71,Ezee Liquid detergent 500g,PC,Household Cleaning,Laundry & Cleaning,ezee-liquid-detergent-500g,Active,
2041,9.768,FOIL fringe curtain color your party dori,Pcs,Household Cleaning,Laundry & Cleaning,foil-fringe-curtain-color-your-party-dori,Active,
1896,3.86,Farlin Clean Cloths Hand Wash Detergent 100ml,PC,Household Cleaning,Laundry & Cleaning,farlin-clean-cloths-hand-wash-detergent-100ml,Active,
1895,3.656,Farlin clean 2.0 baby laundry 800ml,Pcs,Household Cleaning,Laundry & Cleaning,farlin-clean-2-0-baby-laundry-800ml,Active,
1918,3.42,Farlintooth brush finger type bf-117,ps,Household Cleaning,Laundry & Cleaning,farlintooth-brush-finger-type-bf-117,Active,
2040,9.773,Foil Balloon Baby Shower Banner,Pcs,Household Cleaning,Laundry & Cleaning,foil-balloon-baby-shower-banner,Active,
21,9.149,Foil Balloon Happy Birthday13letters,Pcs,Household Cleaning,Laundry & Cleaning,foil-balloon-happy-birthday13letters,Active,
2042,9.153,Foil Fringe Curtain Colour Party,Pcs,Household Cleaning,Laundry & Cleaning,foil-fringe-curtain-colour-party,Active,
2043,9.659,Foil Fringe Curtain Colour Party,Pcs,Household Cleaning,Laundry & Cleaning,foil-fringe-curtain-colour-party,Active,
2047,17.317,Folding brush,Pcs,Household Cleaning,Laundry & Cleaning,folding-brush,Active,
2059,1.2269,Foot file brush JF-208,Pcs,Household Cleaning,Laundry & Cleaning,foot-file-brush-jf-208,Active,
2063,1.1811,Formola Tongue Cleaner,Pcs,Household Cleaning,Laundry & Cleaning,formola-tongue-cleaner,Active,
2084,7.897,Freshwrapp Aluminium foil 1kg,pc,Household Cleaning,Laundry & Cleaning,freshwrapp-aluminium-foil-1kg,Active,
2179,1.1079,GIFTY dish wash 500ml,Pcs,Household Cleaning,Laundry & Cleaning,gifty-dish-wash-500ml,Active,
2104,4.73,Garbage Bag 60*80cm,PC,Household Cleaning,Laundry & Cleaning,garbage-bag-60-80cm,Active,
2105,4.1092,Garbage Bag 80*100cm,Pcs,Household Cleaning,Laundry & Cleaning,garbage-bag-80-100cm,Active,
2106,4.1091,Garbage Bag 90*120cm,Pcs,Household Cleaning,Laundry & Cleaning,garbage-bag-90-120cm,Active,
2107,4.1125,Garbage Bags50cm*60ccm,Pcs,Household Cleaning,Laundry & Cleaning,garbage-bags50cm-60ccm,Active,
2177,1.1272,Ghadi Detergent Powder 800gm,Pcs,Household Cleaning,Laundry & Cleaning,ghadi-detergent-powder-800gm,Active,
2176,1.821,Ghadi detergent powder 2kg,PC,Household Cleaning,Laundry & Cleaning,ghadi-detergent-powder-2kg,Active,
2178,1.1115,Gifty Dish Wash green lime buy 1get1,Pcs,Household Cleaning,Laundry & Cleaning,gifty-dish-wash-green-lime-buy-1get1,Active,
2200,2.354,Glam & Glory Apricot Scrub 150gm,Pcs,Household Cleaning,Laundry & Cleaning,glam-glory-apricot-scrub-150gm,Active,
2203,2.3541,Glam & Glory Snail White Scrub 150ml,Pcs,Household Cleaning,Laundry & Cleaning,glam-glory-snail-white-scrub-150ml,Active,
2251,1.167,Godrej Air freshener mix car Fragrance 4u30g,Pcs,Household Cleaning,Laundry & Cleaning,godrej-air-freshener-mix-car-fragrance-4u30g,Active,
2266,1.2276,Godrej fab liquid detergent 4ltr,Pcs,Household Cleaning,Laundry & Cleaning,godrej-fab-liquid-detergent-4ltr,Active,
2279,1.417,Good knight Gold flash liquid refill,pc,Household Cleaning,Laundry & Cleaning,good-knight-gold-flash-liquid-refill,Active,
2315,1.1726,Green Killer Cockroach Bond Traps 6pcsBH-37,Pcs,Household Cleaning,Laundry & Cleaning,green-killer-cockroach-bond-traps-6pcsbh-37,Active,
2336,2.4059,Hain brush flat ramro,Pcs,Household Cleaning,Laundry & Cleaning,hain-brush-flat-ramro,Active,
2339,2.4058,Hair brush black,Pcs,Household Cleaning,Laundry & Cleaning,hair-brush-black,Active,
2340,17.2,Hair brush flat pink,Pcs,Household Cleaning,Laundry & Cleaning,hair-brush-flat-pink,Active,
2341,17.18,Hair brush flat red,Pcs,Household Cleaning,Laundry & Cleaning,hair-brush-flat-red,Active,
2344,17.199,Hair brush round,Pcs,Household Cleaning,Laundry & Cleaning,hair-brush-round,Active,
2342,17.3,Hair brush round small,Pcs,Household Cleaning,Laundry & Cleaning,hair-brush-round-small,Active,
2343,17.29,Hair brush round steel,Pcs,Household Cleaning,Laundry & Cleaning,hair-brush-round-steel,Active,
2476,1.31,Harpic Bathroom Cleaner 500ml,pc,Household Cleaning,Laundry & Cleaning,harpic-bathroom-cleaner-500ml,Active,
2478,1.1799,Harpic Flush Matic 100gm,Pcs,Household Cleaning,Laundry & Cleaning,harpic-flush-matic-100gm,Active,
2479,1.1248,Harpic Flush Matic 50g,Pcs,Household Cleaning,Laundry & Cleaning,harpic-flush-matic-50g,Active,
2480,1.1798,Harpic Flush Matic 50gm,Pcs,Household Cleaning,Laundry & Cleaning,harpic-flush-matic-50gm,Active,
2481,1.214,Harpic Marine 500ml,Pcs,Household Cleaning,Laundry & Cleaning,harpic-marine-500ml,Active,
2475,1.1247,Harpic Mix organic 200ml,Bttl,Household Cleaning,Laundry & Cleaning,harpic-mix-organic-200ml,Active,
2482,1.8,Harpic Power Plus 500 ml,pc,Household Cleaning,Laundry & Cleaning,harpic-power-plus-500-ml,Active,
2484,1.2141,Harpic Power Plus Lemon 500ml,Pcs,Household Cleaning,Laundry & Cleaning,harpic-power-plus-lemon-500ml,Active,
2483,1.795,Harpic Power Plus free bath room cleaner 900ml,PC,Household Cleaning,Laundry & Cleaning,harpic-power-plus-free-bath-room-cleaner-900ml,Active,
2477,1.2174,Harpic bathroom ultra free 250ml,Pcs,Household Cleaning,Laundry & Cleaning,harpic-bathroom-ultra-free-250ml,Active,
2485,1.2311,Harpic white&shine bleach 1ltr,Pcs,Household Cleaning,Laundry & Cleaning,harpic-white-shine-bleach-1ltr,Active,
2500,1.307,Heartex Toilet paper clr,pc,Household Cleaning,Laundry & Cleaning,heartex-toilet-paper-clr,Active,
2506,2.1646,Hello Kitty Make-up Brush,PC,Household Cleaning,Laundry & Cleaning,hello-kitty-make-up-brush,Active,
2532,6.316,High quality aluminium foil paper,Pcs,Household Cleaning,Laundry & Cleaning,high-quality-aluminium-foil-paper,Active,
2643,2.1093,Himalaya Herbals Purifying Neem Scrub 100g,Pc,Household Cleaning,Laundry & Cleaning,himalaya-herbals-purifying-neem-scrub-100g,Active,
2802,1.825,Jia bin flat mop,PC,Household Cleaning,Laundry & Cleaning,jia-bin-flat-mop,Active,
2803,1.585,Jia bin mop,Pcs,Household Cleaning,Laundry & Cleaning,jia-bin-mop,Active,
2830,3.626,Jordan Baby soft brush 0-2 year,Pcs,Household Cleaning,Laundry & Cleaning,jordan-baby-soft-brush-0-2-year,Active,
2888,1.2304,Kalassizcd soft brush silk,Pcs,Household Cleaning,Laundry & Cleaning,kalassizcd-soft-brush-silk,Active,
2980,5.12,Kelloggs Corn Flakes refill pack 250g,pack,Household Cleaning,Laundry & Cleaning,kelloggs-corn-flakes-refill-pack-250g,Active,
3075,2.572,Kiwi 2in1 Brush,pc,Household Cleaning,Laundry & Cleaning,kiwi-2in1-brush,Active,
3078,2.722,Kiwi Leather shoe Shine Brush,pc,Household Cleaning,Laundry & Cleaning,kiwi-leather-shoe-shine-brush,Active,
3159,4.1408,Laundry basket rectangular 3901,Pcs,Household Cleaning,Laundry & Cleaning,laundry-basket-rectangular-3901,Active,
3229,1.718,Lizol 2ltr mix flavr,PC,Household Cleaning,Laundry & Cleaning,lizol-2ltr-mix-flavr,Active,
3230,1.1227,Lizol 5tr mix flavr,Pcs,Household Cleaning,Laundry & Cleaning,lizol-5tr-mix-flavr,Active,
3231,1.548,Lizol Disinfectant Surface Cleaner Lavender 500ml,Pc,Household Cleaning,Laundry & Cleaning,lizol-disinfectant-surface-cleaner-lavender-500ml,Active,
3228,1.1367,Lizol Lavender + Floral 975ml,Pcs,Household Cleaning,Laundry & Cleaning,lizol-lavender-floral-975ml,Active,
3234,1.158,Lizol Shakti Rose aqua fresh 450ml,Pcs,Household Cleaning,Laundry & Cleaning,lizol-shakti-rose-aqua-fresh-450ml,Active,
3235,1.49,Lizol Surface Cleaner Citrus 500ml,Pc,Household Cleaning,Laundry & Cleaning,lizol-surface-cleaner-citrus-500ml,Active,
3236,1.489,Lizol Surface Cleaner Floral 500ml,Pc,Household Cleaning,Laundry & Cleaning,lizol-surface-cleaner-floral-500ml,Active,
3237,1.491,Lizol Surface Cleaner Neem 500ml,Pc,Household Cleaning,Laundry & Cleaning,lizol-surface-cleaner-neem-500ml,Active,
3232,1.1857,Lizol kitchen cleaner 450ml,Pcs,Household Cleaning,Laundry & Cleaning,lizol-kitchen-cleaner-450ml,Active,
3233,1.2369,Lizol shakti disinfectant floor cleaner 900ml,Pcs,Household Cleaning,Laundry & Cleaning,lizol-shakti-disinfectant-floor-cleaner-900ml,Active,
3337,2.495,Lotus Herbals apriscrub Fresh Apricot scrub 100gm,PC,Household Cleaning,Laundry & Cleaning,lotus-herbals-apriscrub-fresh-apricot-scrub-100gm,Active,
3790,1.717,MOp Oval flor Cleaner 80CM,PC,Household Cleaning,Laundry & Cleaning,mop-oval-flor-cleaner-80cm,Active,
3418,2.1892,Mac eyebrow brush,PC,Household Cleaning,Laundry & Cleaning,mac-eyebrow-brush,Active,
3420,2.1762,Mac rose brush,PC,Household Cleaning,Laundry & Cleaning,mac-rose-brush,Active,
3546,1.2333,Mantra shree high quality premium tissue,Pcs,Household Cleaning,Laundry & Cleaning,mantra-shree-high-quality-premium-tissue,Active,
3547,1.2332,Mantra shree resha cockroaches ants away,Pcs,Household Cleaning,Laundry & Cleaning,mantra-shree-resha-cockroaches-ants-away,Active,
3548,1.2351,Mantra shree soft&absorbent tissue 125gm,Pcs,Household Cleaning,Laundry & Cleaning,mantra-shree-soft-absorbent-tissue-125gm,Active,
3566,1.1653,Max kleen buy 1get free floor Cleaner 975ml,Pcs,Household Cleaning,Laundry & Cleaning,max-kleen-buy-1get-free-floor-cleaner-975ml,Active,
3787,1.114,Mop Chinese Squeezing good Lirenbang,PC,Household Cleaning,Laundry & Cleaning,mop-chinese-squeezing-good-lirenbang,Active,
3788,1.1312,Mop Oval flor Cleaner 40m,PC,Household Cleaning,Laundry & Cleaning,mop-oval-flor-cleaner-40m,Active,
3789,1.823,Mop Oval flor Cleaner 60cm,PC,Household Cleaning,Laundry & Cleaning,mop-oval-flor-cleaner-60cm,Active,
3792,1.1022,More Light detergent powder 1kg,Pcs,Household Cleaning,Laundry & Cleaning,more-light-detergent-powder-1kg,Active,
3793,1.219,More Light detergent powder 4kg,Pack,Household Cleaning,Laundry & Cleaning,more-light-detergent-powder-4kg,Active,
3795,1.765,Mortein 2in1 insect killer 200ml+50ml,PC,Household Cleaning,Laundry & Cleaning,mortein-2in1-insect-killer-200ml-50ml,Active,
3797,1.797,Mortein Liquid Machine Refill 35ml,PC,Household Cleaning,Laundry & Cleaning,mortein-liquid-machine-refill-35ml,Active,
3798,1.614,Mortein Refill 45ml,PC,Household Cleaning,Laundry & Cleaning,mortein-refill-45ml,Active,
3799,1.244,Mortin2in1insect killer mosquitoes400ml,PC,Household Cleaning,Laundry & Cleaning,mortin2in1insect-killer-mosquitoes400ml,Active,
3823,1.348,Mr Muscle Visible Power Toilet Cleaner 500ml,pc,Household Cleaning,Laundry & Cleaning,mr-muscle-visible-power-toilet-cleaner-500ml,Active,
3813,1.2353,Mr genje dish wash 450ml,Pcs,Household Cleaning,Laundry & Cleaning,mr-genje-dish-wash-450ml,Active,
3814,1.2359,Mr genje floor cleaner 2ltr,Pcs,Household Cleaning,Laundry & Cleaning,mr-genje-floor-cleaner-2ltr,Active,
3815,1.2358,Mr genje floor cleaner 500ml,Pcs,Household Cleaning,Laundry & Cleaning,mr-genje-floor-cleaner-500ml,Active,
3816,1.2352,Mr genje glass cleaner 500ml,Pcs,Household Cleaning,Laundry & Cleaning,mr-genje-glass-cleaner-500ml,Active,
3818,1.2357,Mr genje kitchen cleaner 500ml,Pcs,Household Cleaning,Laundry & Cleaning,mr-genje-kitchen-cleaner-500ml,Active,
3819,1.2356,Mr genje toilet cleaner 1ltr,Pcs,Household Cleaning,Laundry & Cleaning,mr-genje-toilet-cleaner-1ltr,Active,
3820,1.2355,Mr genje toilet cleaner 500ml,Pcs,Household Cleaning,Laundry & Cleaning,mr-genje-toilet-cleaner-500ml,Active,
3825,1.32,Mr. Muscle glass cleaner 500ml,pc,Household Cleaning,Laundry & Cleaning,mr-muscle-glass-cleaner-500ml,Active,
3826,1.305,Mr. Muscle kitchen cleaner 450ml,pc,Household Cleaning,Laundry & Cleaning,mr-muscle-kitchen-cleaner-450ml,Active,
3827,1.1472,Mr.Muscle Floor cleaner 2ltr,Pcs,Household Cleaning,Laundry & Cleaning,mr-muscle-floor-cleaner-2ltr,Active,
3828,1.2134,Mr.oriel tooth brushs,Pcs,Household Cleaning,Laundry & Cleaning,mr-oriel-tooth-brushs,Active,
3837,1.2268,Multifunctional Toilate Brush 8825,Pcs,Household Cleaning,Laundry & Cleaning,multifunctional-toilate-brush-8825,Active,
3838,1.1389,Multipurpose brush 3551-L,Pcs,Household Cleaning,Laundry & Cleaning,multipurpose-brush-3551-l,Active,
3850,3.322,Mumlove 2 in 1 Silicone Bottle Brush no.A6647-3,Pcs,Household Cleaning,Laundry & Cleaning,mumlove-2-in-1-silicone-bottle-brush-no-a6647-3,Active,
3866,3.44,Mumlove Comb and brush Set 063,pkt,Household Cleaning,Laundry & Cleaning,mumlove-comb-and-brush-set-063,Active,
3869,3.64,Mumlove Finger Shaped Tooth Brush A1037,Pcs,Household Cleaning,Laundry & Cleaning,mumlove-finger-shaped-tooth-brush-a1037,Active,
3863,3.323,Mumlove bottle brush 601,PC,Household Cleaning,Laundry & Cleaning,mumlove-bottle-brush-601,Active,
4104,1.2242,NPI premium kitchen towel 220gm,Pcs,Household Cleaning,Laundry & Cleaning,npi-premium-kitchen-towel-220gm,Active,
4106,1.2244,NPI premium soft napkin big,Pcs,Household Cleaning,Laundry & Cleaning,npi-premium-soft-napkin-big,Active,
4108,1.2237,NPI premium toilet paper 130gm,Pcs,Household Cleaning,Laundry & Cleaning,npi-premium-toilet-paper-130gm,Active,
4109,1.2236,NPI premium toilet paper 70gm,Pcs,Household Cleaning,Laundry & Cleaning,npi-premium-toilet-paper-70gm,Active,
3911,17.51,Nail brush,Pcs,Household Cleaning,Laundry & Cleaning,nail-brush,Active,
4052,2.797,Nivea Extra White Repair Pore minimiser scrub 100g,pc,Household Cleaning,Laundry & Cleaning,nivea-extra-white-repair-pore-minimiser-scrub-100g,Active,
4133,1.258,Odonil nature Air Freshener 48g mix r flvr,pc,Household Cleaning,Laundry & Cleaning,odonil-nature-air-freshener-48g-mix-r-flvr,Active,
4135,1.1755,Odopic Dishwash Gel 425+75ml Cp Lcl,Pcs,Household Cleaning,Laundry & Cleaning,odopic-dishwash-gel-425-75ml-cp-lcl,Active,
4136,1.1941,Odopic Dishwash Gel Lime& Aloe vera 225ml+25 ml,Pcs,Household Cleaning,Laundry & Cleaning,odopic-dishwash-gel-lime-aloe-vera-225ml-25-ml,Active,
4137,1.1942,Odopic Dishwash Gel Lime& Aloe vera 425ml+75 ml,Pcs,Household Cleaning,Laundry & Cleaning,odopic-dishwash-gel-lime-aloe-vera-425ml-75-ml,Active,
4179,1.367,Original Liquid handwash refill 675,PC,Household Cleaning,Laundry & Cleaning,original-liquid-handwash-refill-675,Active,
4505,1.96,POP-Up Napkins Super Soft Tissue,BOX,Household Cleaning,Laundry & Cleaning,pop-up-napkins-super-soft-tissue,Active,
4633,1.1228,PVA Mop,Pcs,Household Cleaning,Laundry & Cleaning,pva-mop,Active,
4231,1.578,Pamacare Sensetive Clean brush,pc,Household Cleaning,Laundry & Cleaning,pamacare-sensetive-clean-brush,Active,
4299,9.563,Party Time Foil Balloon,Pcs,Household Cleaning,Laundry & Cleaning,party-time-foil-balloon,Active,
4303,1.1064,Passion Prime bathroom tissue,Pcs,Household Cleaning,Laundry & Cleaning,passion-prime-bathroom-tissue,Active,
4304,1.2286,Passion the lifetime tissue,Pcs,Household Cleaning,Laundry & Cleaning,passion-the-lifetime-tissue,Active,
4328,20.26,Patanjali Detergent Powder With Herbs 500g,pc,Household Cleaning,Laundry & Cleaning,patanjali-detergent-powder-with-herbs-500g,Active,
4327,20.67,Patanjali Detergent powder with herbs quality 2kg,PC,Household Cleaning,Laundry & Cleaning,patanjali-detergent-powder-with-herbs-quality-2kg,Active,
4330,20.98,Patanjali Gonyle Floor Cleaner 1lt,Pcs,Household Cleaning,Laundry & Cleaning,patanjali-gonyle-floor-cleaner-1lt,Active,
4331,20.99,Patanjali Green Flush toilet Cleaner500ml,Pcs,Household Cleaning,Laundry & Cleaning,patanjali-green-flush-toilet-cleaner500ml,Active,
4350,20.138,Patanjali Popular Detergent Powder 4kg,Pcs,Household Cleaning,Laundry & Cleaning,patanjali-popular-detergent-powder-4kg,Active,
4365,20.19,Patanjali Super Dishwash Bar150,pc,Household Cleaning,Laundry & Cleaning,patanjali-super-dishwash-bar150,Active,
4366,20.101,Patanjali Super Dishwash Bar250,Pcs,Household Cleaning,Laundry & Cleaning,patanjali-super-dishwash-bar250,Active,
4354,20.147,Patanjali popular detergent powder 1kg,Pcs,Household Cleaning,Laundry & Cleaning,patanjali-popular-detergent-powder-1kg,Active,
4380,1.2241,Penuel toilet paper 10in1,Pcs,Household Cleaning,Laundry & Cleaning,penuel-toilet-paper-10in1,Active,
4507,1.2235,Popup bathtissue comfort orange soft 100gm,Pcs,Household Cleaning,Laundry & Cleaning,popup-bathtissue-comfort-orange-soft-100gm,Active,
4508,1.2239,Popup bathtissue jumbo 200gm,Pcs,Household Cleaning,Laundry & Cleaning,popup-bathtissue-jumbo-200gm,Active,
4509,1.2238,Popup bathtissue toilet paper 130gm,Pcs,Household Cleaning,Laundry & Cleaning,popup-bathtissue-toilet-paper-130gm,Active,
4510,1.2245,Popup napkin original standard,Pcs,Household Cleaning,Laundry & Cleaning,popup-napkin-original-standard,Active,
4511,1.2234,Popup toilet paper 160gm,Pcs,Household Cleaning,Laundry & Cleaning,popup-toilet-paper-160gm,Active,
4557,1.1039,Pour home air freshener 10g,Pcs,Household Cleaning,Laundry & Cleaning,pour-home-air-freshener-10g,Active,
4558,1.1895,Pour home air freshener nector 10g,Pcs,Household Cleaning,Laundry & Cleaning,pour-home-air-freshener-nector-10g,Active,
4561,1.2199,Power Ghadi Detergent Powder 4kg,Pcs,Household Cleaning,Laundry & Cleaning,power-ghadi-detergent-powder-4kg,Active,
4590,1.306,Premium tissue paper,box,Household Cleaning,Laundry & Cleaning,premium-tissue-paper,Active,
4758,1.1748,Reaon Harpic Power Plus 600ml,Pcs,Household Cleaning,Laundry & Cleaning,reaon-harpic-power-plus-600ml,Active,
4769,17.327,Revolt folding brush,Pcs,Household Cleaning,Laundry & Cleaning,revolt-folding-brush,Active,
4794,1.484,Rin shakti detergent power 1kg,pc,Household Cleaning,Laundry & Cleaning,rin-shakti-detergent-power-1kg,Active,
4795,1.406,Rin shakti detergent power 3kg,pc,Household Cleaning,Laundry & Cleaning,rin-shakti-detergent-power-3kg,Active,
4902,1.2275,Sagun deluxe bathroom tissue,Pcs,Household Cleaning,Laundry & Cleaning,sagun-deluxe-bathroom-tissue,Active,
4996,1.254,Sensodyne sensitive Brush,PC,Household Cleaning,Laundry & Cleaning,sensodyne-sensitive-brush,Active,
4997,1.792,Sensodyne sensitive soft buy 2 get 1 free brush,PC,Household Cleaning,Laundry & Cleaning,sensodyne-sensitive-soft-buy-2-get-1-free-brush,Active,
5019,1.1103,Shilpa advance detergent powder 7kg,Pcs,Household Cleaning,Laundry & Cleaning,shilpa-advance-detergent-powder-7kg,Active,
5081,4.1405,Silicon oil brush SX-210,Pcs,Household Cleaning,Laundry & Cleaning,silicon-oil-brush-sx-210,Active,
5082,4.1186,Silicone oil brush 1pc,Pcs,Household Cleaning,Laundry & Cleaning,silicone-oil-brush-1pc,Active,
5128,4.1094,Sllicone Oli Brush 2pc set,Pcs,Household Cleaning,Laundry & Cleaning,sllicone-oli-brush-2pc-set,Active,
5370,2.3901,Super golden facial pocket tissue,Pcs,Household Cleaning,Laundry & Cleaning,super-golden-facial-pocket-tissue,Active,
5390,20.139,Superior Detergent powder 5kg,Pcs,Household Cleaning,Laundry & Cleaning,superior-detergent-powder-5kg,Active,
5433,1.647,Tara Green Air Freshner Jasmin 250ml,PC,Household Cleaning,Laundry & Cleaning,tara-green-air-freshner-jasmin-250ml,Active,
5442,1.2203,Tessa facial tissue 120pc,Pcs,Household Cleaning,Laundry & Cleaning,tessa-facial-tissue-120pc,Active,
52,1.1126,Toilet Brush Metal Handle 2Side .8023,Pcs,Household Cleaning,Laundry & Cleaning,toilet-brush-metal-handle-2side-8023,Active,
5547,4.882,Toilet Brush oval Holder 6305,Pcs,Household Cleaning,Laundry & Cleaning,toilet-brush-oval-holder-6305,Active,
5548,4.184,Toilet brush With Stand Cover A249,Pc,Household Cleaning,Laundry & Cleaning,toilet-brush-with-stand-cover-a249,Active,
5549,1.447,Toilet forever Brush plastic 2side,pc,Household Cleaning,Laundry & Cleaning,toilet-forever-brush-plastic-2side,Active,
5550,1.2298,Toilet paper 100gm pkt,Pcs,Household Cleaning,Laundry & Cleaning,toilet-paper-100gm-pkt,Active,
5551,1.2299,Toilet paper feather 140gm,Pack,Household Cleaning,Laundry & Cleaning,toilet-paper-feather-140gm,Active,
5754,1.36,VIM Concentrated Gel lemons250ml,PKT,Household Cleaning,Laundry & Cleaning,vim-concentrated-gel-lemons250ml,Active,
5733,2.539,Vi-John saving brush,Pcs,Household Cleaning,Laundry & Cleaning,vi-john-saving-brush,Active,
5752,1.1666,Vim Anti Smell With pudina Buy 6get 1free,Pack,Household Cleaning,Laundry & Cleaning,vim-anti-smell-with-pudina-buy-6get-1free,Active,
5755,1.436,Vim Concentrated gel yelow500ml,pc,Household Cleaning,Laundry & Cleaning,vim-concentrated-gel-yelow500ml,Active,
5757,1.1577,Vim Liquid 225ml,Pcs,Household Cleaning,Laundry & Cleaning,vim-liquid-225ml,Active,
5756,1.1411,Vim dish wash 150gm,Pcs,Household Cleaning,Laundry & Cleaning,vim-dish-wash-150gm,Active,
5836,9.77,Welcome Foil Banner 7Balloons,Pcs,Household Cleaning,Laundry & Cleaning,welcome-foil-banner-7balloons,Active,
5884,1.1112,White Phenyle lemon Fresh 1ltr,Pcs,Household Cleaning,Laundry & Cleaning,white-phenyle-lemon-fresh-1ltr,Active,
5961,1.1731,YNBA Tongue Cleaner NO.618,Pcs,Household Cleaning,Laundry & Cleaning,ynba-tongue-cleaner-no-618,Active,
5999,4.1048,Zinger Manicure foot filter brush,Pcs,Household Cleaning,Laundry & Cleaning,zinger-manicure-foot-filter-brush,Active,
3071,1.88,kitchen towel,pc,Household Cleaning,Laundry & Cleaning,kitchen-towel,Active,
3445,1.2377,magic Scruber Fom jali,Pcs,Household Cleaning,Laundry & Cleaning,magic-scruber-fom-jali,Active,
3927,1.97,napkin paper,PKT,Household Cleaning,Laundry & Cleaning,napkin-paper,Active,
4329,1.1337,patanjali dishwash 75g,Pcs,Household Cleaning,Laundry & Cleaning,patanjali-dishwash-75g,Active,
4398,1.291,phenyle lemon fresh,pc,Household Cleaning,Laundry & Cleaning,phenyle-lemon-fresh,Active,
4897,1.1655,safewash lqd detergent 1kg,Pcs,Household Cleaning,Laundry & Cleaning,safewash-lqd-detergent-1kg,Active,
5758,1.1812,vim liquid lemons 1ltr,Pcs,Household Cleaning,Laundry & Cleaning,vim-liquid-lemons-1ltr,Active,
68,4.1352,1413 love sweet cup set,Pcs,Kitchen & Dining,Cookware & Kitchen Tools,1413-love-sweet-cup-set,Active,
7,4.1051,ALPHA/SURYA Gas Lighter,Pcs,Kitchen & Dining,Cookware & Kitchen Tools,alpha-surya-gas-lighter,Active,
254,5.778,Amos peelerz lychee 65gm,pkt,Kitchen & Dining,Cookware & Kitchen Tools,amos-peelerz-lychee-65gm,Active,
283,9.526,Apple cutter Kitchen supplies NO.810,Pcs,Kitchen & Dining,Cookware & Kitchen Tools,apple-cutter-kitchen-supplies-no-810,Active,
447,3.487,Baby trading Cup C6227,Pcs,Kitchen & Dining,Cookware & Kitchen Tools,baby-trading-cup-c6227,Active,
453,9.8,Bag Kitchen Pink,BAG,Kitchen & Dining,Cookware & Kitchen Tools,bag-kitchen-pink,Active,
564,4.1188,Bamboo chopping board,Pcs,Kitchen & Dining,Cookware & Kitchen Tools,bamboo-chopping-board,Active,
565,4.1177,Bamboo fiber paper cup 50pcs,Pcs,Kitchen & Dining,Cookware & Kitchen Tools,bamboo-fiber-paper-cup-50pcs,Active,
567,4.1389,Bamboo spoon and spatula,Pcs,Kitchen & Dining,Cookware & Kitchen Tools,bamboo-spoon-and-spatula,Active,
859,7.3201,Buldak Hot Chiken Ramen black\red 70gm cup,Pcs,Kitchen & Dining,Cookware & Kitchen Tools,buldak-hot-chiken-ramen-black-red-70gm-cup,Active,
955,7.181,Century Kitchen King 50g,PC,Kitchen & Dining,Cookware & Kitchen Tools,century-kitchen-king-50g,Active,
1078,4.986,Chulo Lighter,Pcs,Kitchen & Dining,Cookware & Kitchen Tools,chulo-lighter,Active,
1107,6.322,Clip lighter,Pcs,Kitchen & Dining,Cookware & Kitchen Tools,clip-lighter,Active,
1133,4.1058,Coffe Glass 60pc roll,set,Kitchen & Dining,Cookware & Kitchen Tools,coffe-glass-60pc-roll,Active,
1132,4.1364,Coffe cup stanless steel,Pcs,Kitchen & Dining,Cookware & Kitchen Tools,coffe-cup-stanless-steel,Active,
1211,4.1511,Coofee mug broad cartoon,Pcs,Kitchen & Dining,Cookware & Kitchen Tools,coofee-mug-broad-cartoon,Active,
1290,4.296,Cutting board colour medium,Pcs,Kitchen & Dining,Cookware & Kitchen Tools,cutting-board-colour-medium,Active,
1291,4.297,Cutting board thick small,Pcs,Kitchen & Dining,Cookware & Kitchen Tools,cutting-board-thick-small,Active,
1346,4.1118,Deli glass Quaffing jug,Pcs,Kitchen & Dining,Cookware & Kitchen Tools,deli-glass-quaffing-jug,Active,
1347,4.1522,Deli glass asthray 105mm,Pcs,Kitchen & Dining,Cookware & Kitchen Tools,deli-glass-asthray-105mm,Active,
1348,4.1524,Deli glass jie yun ashtray 1pcs,Pcs,Kitchen & Dining,Cookware & Kitchen Tools,deli-glass-jie-yun-ashtray-1pcs,Active,
1386,10.429,Dessert Highlighter NO.963,Pcs,Kitchen & Dining,Cookware & Kitchen Tools,dessert-highlighter-no-963,Active,
1402,1.842,Dettol Healthy Kitchen Dish Slab gel Lemon/Lime 750ml,PC,Kitchen & Dining,Cookware & Kitchen Tools,dettol-healthy-kitchen-dish-slab-gel-lemon-lime-750ml,Active,
1400,1.177,Dettol healthy Kitchen Dish & slab 200ml,Pcs,Kitchen & Dining,Cookware & Kitchen Tools,dettol-healthy-kitchen-dish-slab-200ml,Active,
1401,1.29,Dettol healthy Kitchen Dish & slab 400ml,PKT,Kitchen & Dining,Cookware & Kitchen Tools,dettol-healthy-kitchen-dish-slab-400ml,Active,
1479,4.1136,Disposable Glass small,Pack,Kitchen & Dining,Cookware & Kitchen Tools,disposable-glass-small,Active,
1481,4.1067,Disposable plastic 9m plate,Pcs,Kitchen & Dining,Cookware & Kitchen Tools,disposable-plastic-9m-plate,Active,
1482,4.1068,Disposable plastic plate big,Pcs,Kitchen & Dining,Cookware & Kitchen Tools,disposable-plastic-plate-big,Active,
1541,22.52,Dog bowl steel 16cm,Pcs,Kitchen & Dining,Cookware & Kitchen Tools,dog-bowl-steel-16cm,Active,
1542,22.36,Dog bowl steel 18cm,Pcs,Kitchen & Dining,Cookware & Kitchen Tools,dog-bowl-steel-18cm,Active,
1828,4.1013,European style Thermos jug,Pcs,Kitchen & Dining,Cookware & Kitchen Tools,european-style-thermos-jug,Active,
1879,6.325,F11 lighter,Pcs,Kitchen & Dining,Cookware & Kitchen Tools,f11-lighter,Active,
1886,3.513,Farlin Feeding Bottle Glass wide neck Crystal Clear 120ml ABB-B001-12,Pcs,Kitchen & Dining,Cookware & Kitchen Tools,farlin-feeding-bottle-glass-wide-neck-crystal-clear-120ml-abb-b001-12,Active,
1887,3.509,Farlin Mom Fit Fedding bottle pp wide neck AB-41013,Pcs,Kitchen & Dining,Cookware & Kitchen Tools,farlin-mom-fit-fedding-bottle-pp-wide-neck-ab-41013,Active,
1903,3.593,Farlin Mom Fit Fedding bottle pp wide150ml neck AB-41013,Pcs,Kitchen & Dining,Cookware & Kitchen Tools,farlin-mom-fit-fedding-bottle-pp-wide150ml-neck-ab-41013,Active,
1904,3.161,Farlin MomFit Anti-Colic Glass feeding Bottle 808G,PC,Kitchen & Dining,Cookware & Kitchen Tools,farlin-momfit-anti-colic-glass-feeding-bottle-808g,Active,
1905,3.427,Farlin Natural Feeding Bottle Nf- 806,Btl,Kitchen & Dining,Cookware & Kitchen Tools,farlin-natural-feeding-bottle-nf-806,Active,
1908,3.28,Farlin Sense Developing Feeding Bottle Per757,PC,Kitchen & Dining,Cookware & Kitchen Tools,farlin-sense-developing-feeding-bottle-per757,Active,
1907,3.407,Farlin Sense Developing feeding bottle per-858,Pcs,Kitchen & Dining,Cookware & Kitchen Tools,farlin-sense-developing-feeding-bottle-per-858,Active,
1910,3.571,Farlin Silky Feeding bottle 140mlAB41016,Pcs,Kitchen & Dining,Cookware & Kitchen Tools,farlin-silky-feeding-bottle-140mlab41016,Active,
1911,3.32,Farlin Standard Neck Feeding Bottle NF205,PC,Kitchen & Dining,Cookware & Kitchen Tools,farlin-standard-neck-feeding-bottle-nf205,Active,
1912,3.1,Farlin Standard Neck Feeding Bottle NF767,Pc,Kitchen & Dining,Cookware & Kitchen Tools,farlin-standard-neck-feeding-bottle-nf767,Active,
1913,3.101,Farlin Standard Neck Feeding Bottle NF797,pc,Kitchen & Dining,Cookware & Kitchen Tools,farlin-standard-neck-feeding-bottle-nf797,Active,
1915,3.637,Farlin Standard Neck PP Feeding Bottle 0M+ AB-42021,Pcs,Kitchen & Dining,Cookware & Kitchen Tools,farlin-standard-neck-pp-feeding-bottle-0m-ab-42021,Active,
1914,3.636,Farlin Standard Neck PP Feeding Bottle 3M+ AB-41023,Pcs,Kitchen & Dining,Cookware & Kitchen Tools,farlin-standard-neck-pp-feeding-bottle-3m-ab-41023,Active,
1917,3.102,Farlin Wide Neck Feeding Bottle step-3 NF805,pc,Kitchen & Dining,Cookware & Kitchen Tools,farlin-wide-neck-feeding-bottle-step-3-nf805,Active,
1929,4.1451,Fashion Plastic Cup Bottle 5061,Pcs,Kitchen & Dining,Cookware & Kitchen Tools,fashion-plastic-cup-bottle-5061,Active,
1931,4.1257,Fast futuredwx vacum cup 750ml,Pcs,Kitchen & Dining,Cookware & Kitchen Tools,fast-futuredwx-vacum-cup-750ml,Active,
2003,10.189,Flower Highlighter js-095,Pcs,Kitchen & Dining,Cookware & Kitchen Tools,flower-highlighter-js-095,Active,
2049,2.3469,Folding EyeBrow Knife 3pc set,Pcs,Kitchen & Dining,Cookware & Kitchen Tools,folding-eyebrow-knife-3pc-set,Active,
2093,4.21,Fruit knife 3pcs set,PC,Kitchen & Dining,Cookware & Kitchen Tools,fruit-knife-3pcs-set,Active,
2097,4.1114,G.Duck Peeler Broad Yellowno.788,Pcs,Kitchen & Dining,Cookware & Kitchen Tools,g-duck-peeler-broad-yellowno-788,Active,
2358,10.379,HAIXIN CUTTER Knife 221,Pcs,Kitchen & Dining,Cookware & Kitchen Tools,haixin-cutter-knife-221,Active,
2357,10.38,HAIXIN CUTTER Knife Small,Pcs,Kitchen & Dining,Cookware & Kitchen Tools,haixin-cutter-knife-small,Active,
2692,9.898,HOME CHEF Kitchen Chef Special Gift 53 pcs,Pcs,Kitchen & Dining,Cookware & Kitchen Tools,home-chef-kitchen-chef-special-gift-53-pcs,Active,
2538,9.871,Highlighter single pcs rs55,Pcs,Kitchen & Dining,Cookware & Kitchen Tools,highlighter-single-pcs-rs55,Active,
2800,4.1243,Jet flame llighter,Pcs,Kitchen & Dining,Cookware & Kitchen Tools,jet-flame-llighter,Active,
2876,4.1281,Jumbo Kitchen Lighter 12 inch,Pcs,Kitchen & Dining,Cookware & Kitchen Tools,jumbo-kitchen-lighter-12-inch,Active,
3067,1.863,Kitchen Cloth black,PC,Kitchen & Dining,Cookware & Kitchen Tools,kitchen-cloth-black,Active,
3065,1.1953,Kitchen cloth 3 pcs set,Pack,Kitchen & Dining,Cookware & Kitchen Tools,kitchen-cloth-3-pcs-set,Active,
3066,1.979,Kitchen cloth 5pcs /set,Pcs,Kitchen & Dining,Cookware & Kitchen Tools,kitchen-cloth-5pcs-set,Active,
3068,4.1108,Kitchen cotton Apron 9364,Pcs,Kitchen & Dining,Cookware & Kitchen Tools,kitchen-cotton-apron-9364,Active,
3070,4.1382,Kitchen tools honey muddler,Pcs,Kitchen & Dining,Cookware & Kitchen Tools,kitchen-tools-honey-muddler,Active,
3088,4.1469,Kohinoor fridge bottle 1000ml,Pcs,Kitchen & Dining,Cookware & Kitchen Tools,kohinoor-fridge-bottle-1000ml,Active,
3206,4.1247,Lighter,Pcs,Kitchen & Dining,Cookware & Kitchen Tools,lighter,Active,
3207,6.32,Lighter no 818,Pcs,Kitchen & Dining,Cookware & Kitchen Tools,lighter-no-818,Active,
3383,4.1367,Love cup set double pcs,Pcs,Kitchen & Dining,Cookware & Kitchen Tools,love-cup-set-double-pcs,Active,
3396,6.324,Lumos lighter,Pcs,Kitchen & Dining,Cookware & Kitchen Tools,lumos-lighter,Active,
3831,4.388,MUG Ceramic cup Smily Lv is,Pcs,Kitchen & Dining,Cookware & Kitchen Tools,mug-ceramic-cup-smily-lv-is,Active,
3607,4.16,Metal Jet Cigrette Lighter,pc,Kitchen & Dining,Cookware & Kitchen Tools,metal-jet-cigrette-lighter,Active,
3608,4.889,Metal Jet Lighter,Pcs,Kitchen & Dining,Cookware & Kitchen Tools,metal-jet-lighter,Active,
3633,4.397,Milda ceramic cup set diva flower 6pc set,Pcs,Kitchen & Dining,Cookware & Kitchen Tools,milda-ceramic-cup-set-diva-flower-6pc-set,Active,
3833,9.529,Multi Bottle Opener,Pcs,Kitchen & Dining,Cookware & Kitchen Tools,multi-bottle-opener,Active,
3834,4.1003,Multi Bottle Opener,Pcs,Kitchen & Dining,Cookware & Kitchen Tools,multi-bottle-opener,Active,
3836,4.1128,Multi-Function Glass Wiper,Pcs,Kitchen & Dining,Cookware & Kitchen Tools,multi-function-glass-wiper,Active,
3861,3.573,Mumlove Baby Wide Neck PP Feeding Bottle 330mlSV-3H,Pcs,Kitchen & Dining,Cookware & Kitchen Tools,mumlove-baby-wide-neck-pp-feeding-bottle-330mlsv-3h,Active,
3853,3.324,Mumlove Baby meal plate & spoon set D6311,PC,Kitchen & Dining,Cookware & Kitchen Tools,mumlove-baby-meal-plate-spoon-set-d6311,Active,
3868,3.574,Mumlove Feeding Bottle Wide neck NO-ma6045,Pcs,Kitchen & Dining,Cookware & Kitchen Tools,mumlove-feeding-bottle-wide-neck-no-ma6045,Active,
3871,3.511,Mumlove Glass Feeding Bottle 0+Months 120ml no.B1377,Pcs,Kitchen & Dining,Cookware & Kitchen Tools,mumlove-glass-feeding-bottle-0-months-120ml-no-b1377,Active,
3878,3.62,Mumlove Well-Being Glass Bottle 3+months no.B3519,Pcs,Kitchen & Dining,Cookware & Kitchen Tools,mumlove-well-being-glass-bottle-3-months-no-b3519,Active,
4144,4.1182,Oil bottle sprayable and pourable 2in1,Pcs,Kitchen & Dining,Cookware & Kitchen Tools,oil-bottle-sprayable-and-pourable-2in1,Active,
4190,4.1466,Otto food container feel fresh ring 1500ml,Pcs,Kitchen & Dining,Cookware & Kitchen Tools,otto-food-container-feel-fresh-ring-1500ml,Active,
4191,4.1465,Otto food container feel fresh square 400ml,Pcs,Kitchen & Dining,Cookware & Kitchen Tools,otto-food-container-feel-fresh-square-400ml,Active,
4193,9.53,Ouyamei Bottle Opener NO.887,Pcs,Kitchen & Dining,Cookware & Kitchen Tools,ouyamei-bottle-opener-no-887,Active,
4194,4.1004,Ouyamei Bottle Opener NO.887,Pcs,Kitchen & Dining,Cookware & Kitchen Tools,ouyamei-bottle-opener-no-887,Active,
4381,4.1057,Peper Plate 10,set,Kitchen & Dining,Cookware & Kitchen Tools,peper-plate-10,Active,
4382,4.1053,Peper Plate 6,set,Kitchen & Dining,Cookware & Kitchen Tools,peper-plate-6,Active,
4383,4.1055,Peper Plate 8,set,Kitchen & Dining,Cookware & Kitchen Tools,peper-plate-8,Active,
4384,4.1056,Peper plate 9,set,Kitchen & Dining,Cookware & Kitchen Tools,peper-plate-9,Active,
4422,4.1399,Plastic container large 446,Pcs,Kitchen & Dining,Cookware & Kitchen Tools,plastic-container-large-446,Active,
4423,4.14,Plastic container medium 445,Pcs,Kitchen & Dining,Cookware & Kitchen Tools,plastic-container-medium-445,Active,
4556,4.1005,Potato Peeler YX 21224,Pcs,Kitchen & Dining,Cookware & Kitchen Tools,potato-peeler-yx-21224,Active,
4562,6.342,Power gun lighter T-999,Pcs,Kitchen & Dining,Cookware & Kitchen Tools,power-gun-lighter-t-999,Active,
4654,4.1064,R.B. Container Medium (450ml),Pcs,Kitchen & Dining,Cookware & Kitchen Tools,r-b-container-medium-450ml,Active,
4653,4.1158,R.B. Container Small 100pc,Pcs,Kitchen & Dining,Cookware & Kitchen Tools,r-b-container-small-100pc,Active,
4673,10.461,Rainbow Gliter Erasable Highlighter no.985,Pcs,Kitchen & Dining,Cookware & Kitchen Tools,rainbow-gliter-erasable-highlighter-no-985,Active,
4842,21.152,Royal bites creamy vanilla cup rs 80,Pcs,Kitchen & Dining,Cookware & Kitchen Tools,royal-bites-creamy-vanilla-cup-rs-80,Active,
5117,4.147,SKI fridge bottle dash big 900ml,Pcs,Kitchen & Dining,Cookware & Kitchen Tools,ski-fridge-bottle-dash-big-900ml,Active,
5118,4.1467,SKI fridge bottle hongkong 1000ml,Pcs,Kitchen & Dining,Cookware & Kitchen Tools,ski-fridge-bottle-hongkong-1000ml,Active,
5119,4.1468,SKI gridge bottle barcelona 1000ml,Pcs,Kitchen & Dining,Cookware & Kitchen Tools,ski-gridge-bottle-barcelona-1000ml,Active,
5107,4.39,Sipper Glass with straw,Pcs,Kitchen & Dining,Cookware & Kitchen Tools,sipper-glass-with-straw,Active,
5202,3.638,Sonne Baby Study Cup B-6587,Pcs,Kitchen & Dining,Cookware & Kitchen Tools,sonne-baby-study-cup-b-6587,Active,
5205,4.1388,Soup cup (plastic baby tiffin box) no2881,Pcs,Kitchen & Dining,Cookware & Kitchen Tools,soup-cup-plastic-baby-tiffin-box-no2881,Active,
5230,4.1462,Spray Bottle Plastic,Pcs,Kitchen & Dining,Cookware & Kitchen Tools,spray-bottle-plastic,Active,
5239,4.108,Stainless steel kitchen knife G&J,Pcs,Kitchen & Dining,Cookware & Kitchen Tools,stainless-steel-kitchen-knife-g-j,Active,
5256,4.1034,Steel Travel mug Long,Pcs,Kitchen & Dining,Cookware & Kitchen Tools,steel-travel-mug-long,Active,
5423,6.326,T28 lighter,Pcs,Kitchen & Dining,Cookware & Kitchen Tools,t28-lighter,Active,
5439,3.544,Tender Flo Glass Feeder with Handle 125ml,Pcs,Kitchen & Dining,Cookware & Kitchen Tools,tender-flo-glass-feeder-with-handle-125ml,Active,
5440,3.522,Tender Flo Glass Feeder with Handle 250ml,Pcs,Kitchen & Dining,Cookware & Kitchen Tools,tender-flo-glass-feeder-with-handle-250ml,Active,
5501,6.323,Tide bond lighter model CB-027,Pcs,Kitchen & Dining,Cookware & Kitchen Tools,tide-bond-lighter-model-cb-027,Active,
5584,2.3472,Topcolor Highlighter NO.TC 4039,Pcs,Kitchen & Dining,Cookware & Kitchen Tools,topcolor-highlighter-no-tc-4039,Active,
5587,4.1403,Travel bottles set pack,Pack,Kitchen & Dining,Cookware & Kitchen Tools,travel-bottles-set-pack,Active,
5625,4.1326,Tulip Large coffe cup 6pcs set Laopala,Pcs,Kitchen & Dining,Cookware & Kitchen Tools,tulip-large-coffe-cup-6pcs-set-laopala,Active,
5631,10.498,Two Color Higlighter DH-110,Pcs,Kitchen & Dining,Cookware & Kitchen Tools,two-color-higlighter-dh-110,Active,
5633,4.7,Ultimate Chopper Knife with Kawach,PC,Kitchen & Dining,Cookware & Kitchen Tools,ultimate-chopper-knife-with-kawach,Active,
5819,9.383,Watter Bottle Rabbit 7069,Pcs,Kitchen & Dining,Cookware & Kitchen Tools,watter-bottle-rabbit-7069,Active,
5913,2.3104,Wottagirl Serene\cupid\currant 100ml,Pcs,Kitchen & Dining,Cookware & Kitchen Tools,wottagirl-serene-cupid-currant-100ml,Active,
5929,4.1332,Yara Glass Jar 150ml,Pcs,Kitchen & Dining,Cookware & Kitchen Tools,yara-glass-jar-150ml,Active,
5930,4.1333,Yara Glass Jar 250ml,Pcs,Kitchen & Dining,Cookware & Kitchen Tools,yara-glass-jar-250ml,Active,
5941,4.1459,Yera JB 200 lilver tin lid glass jar,Pcs,Kitchen & Dining,Cookware & Kitchen Tools,yera-jb-200-lilver-tin-lid-glass-jar,Active,
5942,4.1452,Yera JR 1.5kg glass jar 1800ml,Pcs,Kitchen & Dining,Cookware & Kitchen Tools,yera-jr-1-5kg-glass-jar-1800ml,Active,
5944,4.1458,Yera JR 2kg glass jar,Pcs,Kitchen & Dining,Cookware & Kitchen Tools,yera-jr-2kg-glass-jar,Active,
5943,4.1454,Yera JR 2kg glass jar 2425ml,Pcs,Kitchen & Dining,Cookware & Kitchen Tools,yera-jr-2kg-glass-jar-2425ml,Active,
5945,4.1442,Yera JR 4kg glass jar 5000ml,Pcs,Kitchen & Dining,Cookware & Kitchen Tools,yera-jr-4kg-glass-jar-5000ml,Active,
5946,4.146,Yera JR 500 ST glass jar,Pcs,Kitchen & Dining,Cookware & Kitchen Tools,yera-jr-500-st-glass-jar,Active,
5947,4.1457,Yera JR 750 glass jar,Pcs,Kitchen & Dining,Cookware & Kitchen Tools,yera-jr-750-glass-jar,Active,
5948,4.1487,Yera JR glass jar 750,Pcs,Kitchen & Dining,Cookware & Kitchen Tools,yera-jr-glass-jar-750,Active,
5950,4.1453,Yera KSM 600 glass jar 580ml,Pcs,Kitchen & Dining,Cookware & Kitchen Tools,yera-ksm-600-glass-jar-580ml,Active,
5951,4.1445,Yera PJS 1000 glass jar 1020ml,Pcs,Kitchen & Dining,Cookware & Kitchen Tools,yera-pjs-1000-glass-jar-1020ml,Active,
5952,4.1447,Yera PJS 1500 glass jar 1550ml,Pcs,Kitchen & Dining,Cookware & Kitchen Tools,yera-pjs-1500-glass-jar-1550ml,Active,
5953,4.1443,Yera PJS 2000 glass jar 2000ml,Pcs,Kitchen & Dining,Cookware & Kitchen Tools,yera-pjs-2000-glass-jar-2000ml,Active,
5954,4.1446,Yera PJS 550 glass jar 575ml,Pcs,Kitchen & Dining,Cookware & Kitchen Tools,yera-pjs-550-glass-jar-575ml,Active,
5949,4.1444,Yera kR 1kg glass jar 1240ml,Pcs,Kitchen & Dining,Cookware & Kitchen Tools,yera-kr-1kg-glass-jar-1240ml,Active,
5998,4.1231,Zhehon Kitchen Apron two side towel,Pcs,Kitchen & Dining,Cookware & Kitchen Tools,zhehon-kitchen-apron-two-side-towel,Active,
1245,4.568,cup sets,Pcs,Kitchen & Dining,Cookware & Kitchen Tools,cup-sets,Active,
2534,9.499,highilighter 237,Pcs,Kitchen & Dining,Cookware & Kitchen Tools,highilighter-237,Active,
3069,1.86,kitchen pochha GRAY DUSTER,PC,Kitchen & Dining,Cookware & Kitchen Tools,kitchen-pochha-gray-duster,Active,
3072,4.1463,kitchen utensils silicone Black Spone,Pcs,Kitchen & Dining,Cookware & Kitchen Tools,kitchen-utensils-silicone-black-spone,Active,
292,4.1087,Aquarius 6pcs tea cup set DBX27-2,set,Kitchen & Dining,"Cups, Mugs & Glassware",aquarius-6pcs-tea-cup-set-dbx27-2,Active,
538,4.1322,Baltra Victoria 6pcs tea cup,Pcs,Kitchen & Dining,"Cups, Mugs & Glassware",baltra-victoria-6pcs-tea-cup,Active,
1137,4.873,Coffee Mug Long,Pcs,Kitchen & Dining,"Cups, Mugs & Glassware",coffee-mug-long,Active,
1139,4.124,Coffee Mug single long,pc,Kitchen & Dining,"Cups, Mugs & Glassware",coffee-mug-single-long,Active,
1138,4.129,Coffee mug PSR Malaysia SMILY,pc,Kitchen & Dining,"Cups, Mugs & Glassware",coffee-mug-psr-malaysia-smily,Active,
1136,4.1512,Coffee mug broad duel tone color,Pcs,Kitchen & Dining,"Cups, Mugs & Glassware",coffee-mug-broad-duel-tone-color,Active,
1135,4.336,Coffee mug white single,Pcs,Kitchen & Dining,"Cups, Mugs & Glassware",coffee-mug-white-single,Active,
2225,4.1132,GLass water Jug y35\y36,Pcs,Kitchen & Dining,"Cups, Mugs & Glassware",glass-water-jug-y35-y36,Active,
2215,4.1103,Glass Food Jar 1350ml,Pcs,Kitchen & Dining,"Cups, Mugs & Glassware",glass-food-jar-1350ml,Active,
2216,4.1105,Glass Food Jar 650ml,Pcs,Kitchen & Dining,"Cups, Mugs & Glassware",glass-food-jar-650ml,Active,
2217,4.1104,Glass Food Jar 950,Pcs,Kitchen & Dining,"Cups, Mugs & Glassware",glass-food-jar-950,Active,
2226,4.945,Glass Wiper,Pcs,Kitchen & Dining,"Cups, Mugs & Glassware",glass-wiper,Active,
2208,4.1491,Glass beverage dispenser lron stand 8ltr,Pcs,Kitchen & Dining,"Cups, Mugs & Glassware",glass-beverage-dispenser-lron-stand-8ltr,Active,
2209,4.1503,Glass bottle 1000ml 314-50,Pcs,Kitchen & Dining,"Cups, Mugs & Glassware",glass-bottle-1000ml-314-50,Active,
2210,4.1497,Glass bowl with led 16024,Pcs,Kitchen & Dining,"Cups, Mugs & Glassware",glass-bowl-with-led-16024,Active,
2211,4.1502,Glass bowl with lid 16026,Pcs,Kitchen & Dining,"Cups, Mugs & Glassware",glass-bowl-with-lid-16026,Active,
2212,4.1494,Glass bowl with lid 16031,Pcs,Kitchen & Dining,"Cups, Mugs & Glassware",glass-bowl-with-lid-16031,Active,
2213,4.1504,Glass bowl with lid 16032,Pcs,Kitchen & Dining,"Cups, Mugs & Glassware",glass-bowl-with-lid-16032,Active,
2214,4.1496,Glass dispenser with iron stand 5.5ltr,Pcs,Kitchen & Dining,"Cups, Mugs & Glassware",glass-dispenser-with-iron-stand-5-5ltr,Active,
2218,4.1508,Glass show piece buddha small,Pcs,Kitchen & Dining,"Cups, Mugs & Glassware",glass-show-piece-buddha-small,Active,
2219,4.1507,Glass show piece ganesh small,Pcs,Kitchen & Dining,"Cups, Mugs & Glassware",glass-show-piece-ganesh-small,Active,
2220,4.1498,Glass storage jar with plastic lid 1315 S 310-5,Pcs,Kitchen & Dining,"Cups, Mugs & Glassware",glass-storage-jar-with-plastic-lid-1315-s-310-5,Active,
2221,4.1505,Glass storage jar with plastic lid 309-5,Pcs,Kitchen & Dining,"Cups, Mugs & Glassware",glass-storage-jar-with-plastic-lid-309-5,Active,
2222,4.243,Glass tea cup With Saucer,PC,Kitchen & Dining,"Cups, Mugs & Glassware",glass-tea-cup-with-saucer,Active,
2223,4.141,Glass tooyh pick holder 2023,Pcs,Kitchen & Dining,"Cups, Mugs & Glassware",glass-tooyh-pick-holder-2023,Active,
2224,4.1495,Glass water jug 1300ml,Pcs,Kitchen & Dining,"Cups, Mugs & Glassware",glass-water-jug-1300ml,Active,
2872,4.152,Juice glass footed highball 306-100,Pack,Kitchen & Dining,"Cups, Mugs & Glassware",juice-glass-footed-highball-306-100,Active,
2873,4.1499,Juice glass footed highball IC010 (306-100),Pcs,Kitchen & Dining,"Cups, Mugs & Glassware",juice-glass-footed-highball-ic010-306-100,Active,
2874,4.15,Juice glass plisner 350ml 502-25,Pcs,Kitchen & Dining,"Cups, Mugs & Glassware",juice-glass-plisner-350ml-502-25,Active,
2875,4.1521,Juice glass plisner 360ml 502-25,Pack,Kitchen & Dining,"Cups, Mugs & Glassware",juice-glass-plisner-360ml-502-25,Active,
3151,4.1327,Laopala Coffee mug 6pcs set,Pcs,Kitchen & Dining,"Cups, Mugs & Glassware",laopala-coffee-mug-6pcs-set,Active,
4858,4.133,Royal Serve Ceramic tea cup Glaze 6pcs set,Pcs,Kitchen & Dining,"Cups, Mugs & Glassware",royal-serve-ceramic-tea-cup-glaze-6pcs-set,Active,
4859,4.1328,Royal Serve Cermic Coffee mug Boho/Lunar,Pcs,Kitchen & Dining,"Cups, Mugs & Glassware",royal-serve-cermic-coffee-mug-boho-lunar,Active,
4882,4.1163,Rullex tempered tea cup RX111 6pcs set,Pcs,Kitchen & Dining,"Cups, Mugs & Glassware",rullex-tempered-tea-cup-rx111-6pcs-set,Active,
63,4.1208,1001-4 s[eed water bottle YY-261,Pcs,Kitchen & Dining,Water Bottles & Drinkware,1001-4-s-eed-water-bottle-yy-261,Active,
64,4.1206,1009-6 water bottle YY-373,Pcs,Kitchen & Dining,Water Bottles & Drinkware,1009-6-water-bottle-yy-373,Active,
65,4.1433,1100 yadali water bottle 1100ml,Pcs,Kitchen & Dining,Water Bottles & Drinkware,1100-yadali-water-bottle-1100ml,Active,
69,4.381,1714-2 Baby water bottle,Pcs,Kitchen & Dining,Water Bottles & Drinkware,1714-2-baby-water-bottle,Active,
419,3.639,Baby panda water bottle 450ml,Pcs,Kitchen & Dining,Water Bottles & Drinkware,baby-panda-water-bottle-450ml,Active,
451,4.1349,Baby water bottle nice big,Pcs,Kitchen & Dining,Water Bottles & Drinkware,baby-water-bottle-nice-big,Active,
450,4.135,Baby water bottle nice small,Pcs,Kitchen & Dining,Water Bottles & Drinkware,baby-water-bottle-nice-small,Active,
12,4.1308,Baltra Cardio Sport bottle BSL-417,Pcs,Kitchen & Dining,Water Bottles & Drinkware,baltra-cardio-sport-bottle-bsl-417,Active,
516,4.131,Baltra Evok Sport bottle 500mlBSL-416,Pcs,Kitchen & Dining,Water Bottles & Drinkware,baltra-evok-sport-bottle-500mlbsl-416,Active,
522,4.1314,Baltra Horizon Sport bottle 900mlBSL-425,Pcs,Kitchen & Dining,Water Bottles & Drinkware,baltra-horizon-sport-bottle-900mlbsl-425,Active,
526,4.1309,Baltra Maya Sport bottle 900mlBSL-418,Pcs,Kitchen & Dining,Water Bottles & Drinkware,baltra-maya-sport-bottle-900mlbsl-418,Active,
528,4.1316,Baltra Pulse sport Bottle 750ml Bsl-427,Pcs,Kitchen & Dining,Water Bottles & Drinkware,baltra-pulse-sport-bottle-750ml-bsl-427,Active,
534,4.1299,Baltra Sport Bottle Horizon 600ml BSL-424,Pcs,Kitchen & Dining,Water Bottles & Drinkware,baltra-sport-bottle-horizon-600ml-bsl-424,Active,
13,4.1307,Baltra Striking Sport bottle 900mlBSL-272,Pcs,Kitchen & Dining,Water Bottles & Drinkware,baltra-striking-sport-bottle-900mlbsl-272,Active,
1217,4.1377,Cool water bottle 700ml,Pcs,Kitchen & Dining,Water Bottles & Drinkware,cool-water-bottle-700ml,Active,
1287,4.1095,Cute Water Bottle Broad Luck,Pcs,Kitchen & Dining,Water Bottles & Drinkware,cute-water-bottle-broad-luck,Active,
2529,4.1042,Hi? fashion water bottle 730ml,Pcs,Kitchen & Dining,Water Bottles & Drinkware,hi-fashion-water-bottle-730ml,Active,
2956,4.1437,Keep fit water bottle 700ml,Pcs,Kitchen & Dining,Water Bottles & Drinkware,keep-fit-water-bottle-700ml,Active,
3397,4.1017,Lunch Box &water Bottle LB-K60,Pcs,Kitchen & Dining,Water Bottles & Drinkware,lunch-box-water-bottle-lb-k60,Active,
4011,4.1181,Nice water bottle 1500ml,Pcs,Kitchen & Dining,Water Bottles & Drinkware,nice-water-bottle-1500ml,Active,
4424,4.1434,Plastic cup water bottle 1011 650ml,Pcs,Kitchen & Dining,Water Bottles & Drinkware,plastic-cup-water-bottle-1011-650ml,Active,
5111,4.1435,Sisa water bottle,Pcs,Kitchen & Dining,Water Bottles & Drinkware,sisa-water-bottle,Active,
5149,4.1438,Snorty water bottle 630ml,Pcs,Kitchen & Dining,Water Bottles & Drinkware,snorty-water-bottle-630ml,Active,
5222,4.1241,Sport bottle 9162 2ltr,Pcs,Kitchen & Dining,Water Bottles & Drinkware,sport-bottle-9162-2ltr,Active,
5223,4.1448,Sport filter water bottle 9509 1000ml,Pcs,Kitchen & Dining,Water Bottles & Drinkware,sport-filter-water-bottle-9509-1000ml,Active,
5224,4.143,Sport filter water bottle 9511 1000ml,Pcs,Kitchen & Dining,Water Bottles & Drinkware,sport-filter-water-bottle-9511-1000ml,Active,
5226,4.1185,Sport water bottle 2in1 9985,Pcs,Kitchen & Dining,Water Bottles & Drinkware,sport-water-bottle-2in1-9985,Active,
49,4.1429,Sport water bottle 750ml,Pcs,Kitchen & Dining,Water Bottles & Drinkware,sport-water-bottle-750ml,Active,
5227,4.1191,Sport water bottle permium XBD-6098,Pcs,Kitchen & Dining,Water Bottles & Drinkware,sport-water-bottle-permium-xbd-6098,Active,
50,4.1449,Sports Water bottle MVP 9596,Pcs,Kitchen & Dining,Water Bottles & Drinkware,sports-water-bottle-mvp-9596,Active,
5626,4.1432,Tumlet plastic water bottle 750ml,Pcs,Kitchen & Dining,Water Bottles & Drinkware,tumlet-plastic-water-bottle-750ml,Active,
5668,4.1097,Vacuum Sport bottle500ml,Pcs,Kitchen & Dining,Water Bottles & Drinkware,vacuum-sport-bottle500ml,Active,
5808,4.1228,Water Bottle 2477,Pcs,Kitchen & Dining,Water Bottles & Drinkware,water-bottle-2477,Active,
5811,4.1089,Water Bottle Sport no.291,Pcs,Kitchen & Dining,Water Bottles & Drinkware,water-bottle-sport-no-291,Active,
5810,4.349,Water Bottle no.9900,Pcs,Kitchen & Dining,Water Bottles & Drinkware,water-bottle-no-9900,Active,
5809,4.145,Water bottle CUP Ai Shang Bei 100ml,Pcs,Kitchen & Dining,Water Bottles & Drinkware,water-bottle-cup-ai-shang-bei-100ml,Active,
5812,4.1428,Water bottle star YT-63138 760ml,Pcs,Kitchen & Dining,Water Bottles & Drinkware,water-bottle-star-yt-63138-760ml,Active,
1213,4.1436,cool cute bus water bottle,Pcs,Kitchen & Dining,Water Bottles & Drinkware,cool-cute-bus-water-bottle,Active,
147,9.893,ABC Wood Bord,Pcs,Home & Storage,"Storage, Organization & Household Items",abc-wood-bord,Active,
307,1.1116,Ariel Surf 4kg free bucket,Pcs,Home & Storage,"Storage, Organization & Household Items",ariel-surf-4kg-free-bucket,Active,
426,17.161,Baby rubber setclip,Pcs,Home & Storage,"Storage, Organization & Household Items",baby-rubber-setclip,Active,
431,17.173,Baby set rubber clip mix box,Pcs,Home & Storage,"Storage, Organization & Household Items",baby-set-rubber-clip-mix-box,Active,
615,4.934,Batha Sponge Rope,Pcs,Home & Storage,"Storage, Organization & Household Items",batha-sponge-rope,Active,
618,4.128,Bathroom Door Mat Big,Pcs,Home & Storage,"Storage, Organization & Household Items",bathroom-door-mat-big,Active,
677,17.434,Berry Berry Seoul 2 pcs Rubber,Pcs,Home & Storage,"Storage, Organization & Household Items",berry-berry-seoul-2-pcs-rubber,Active,
735,4.98,Bisu Lock 40mm,Pcs,Home & Storage,"Storage, Organization & Household Items",bisu-lock-40mm,Active,
736,4.982,Bisu Lock 60mm,Pcs,Home & Storage,"Storage, Organization & Household Items",bisu-lock-60mm,Active,
793,4.1278,Boxes One Storey Lunch Box BFJ-155,Pcs,Home & Storage,"Storage, Organization & Household Items",boxes-one-storey-lunch-box-bfj-155,Active,
807,4.1286,Brass Lock 20 mmNO.261,Pcs,Home & Storage,"Storage, Organization & Household Items",brass-lock-20-mmno-261,Active,
808,4.994,Brass Lock 25mmNO.262,Pcs,Home & Storage,"Storage, Organization & Household Items",brass-lock-25mmno-262,Active,
896,4.152,Canyon max six levers padlocks 40mm,Pcs,Home & Storage,"Storage, Organization & Household Items",canyon-max-six-levers-padlocks-40mm,Active,
1090,1.1886,Cleaning towel 4pcs pack,Pack,Home & Storage,"Storage, Organization & Household Items",cleaning-towel-4pcs-pack,Active,
1114,4.94,Cloth Hanger 5pcs 018,pc,Home & Storage,"Storage, Organization & Household Items",cloth-hanger-5pcs-018,Active,
1115,4.219,Cloth Hanger 5pcs 505,PC,Home & Storage,"Storage, Organization & Household Items",cloth-hanger-5pcs-505,Active,
1116,4.1227,Cloth Hanger 5pcs 902,Pcs,Home & Storage,"Storage, Organization & Household Items",cloth-hanger-5pcs-902,Active,
1118,4.279,Cloth Sline rope 10m,PC,Home & Storage,"Storage, Organization & Household Items",cloth-sline-rope-10m,Active,
1122,4.944,Coat Hanger Wood,Pcs,Home & Storage,"Storage, Organization & Household Items",coat-hanger-wood,Active,
1285,17.515,Cute Girl Crochet Flower Bouquet Keychain,Pack,Home & Storage,"Storage, Organization & Household Items",cute-girl-crochet-flower-bouquet-keychain,Active,
1535,9.721,DIY Plastic Storage cabinet 6pcs,Pcs,Home & Storage,"Storage, Organization & Household Items",diy-plastic-storage-cabinet-6pcs,Active,
1696,9.722,DYI Plastic Storage Cabinet 9pcs,Pcs,Home & Storage,"Storage, Organization & Household Items",dyi-plastic-storage-cabinet-9pcs,Active,
1445,1.1724,DiLING Toilet Block Clean 6pcsDL-506,Pcs,Home & Storage,"Storage, Organization & Household Items",diling-toilet-block-clean-6pcsdl-506,Active,
1443,4.1263,Digital table clock with laser 5618,Pcs,Home & Storage,"Storage, Organization & Household Items",digital-table-clock-with-laser-5618,Active,
1467,7.4076,Dipawali candle 25pcs,Pcs,Home & Storage,"Storage, Organization & Household Items",dipawali-candle-25pcs,Active,
1471,7.2237,Dipawoli Candle 12 pc,Packet,Home & Storage,"Storage, Organization & Household Items",dipawoli-candle-12-pc,Active,
1472,7.1201,Dipawoli candle small,PC,Home & Storage,"Storage, Organization & Household Items",dipawoli-candle-small,Active,
1483,4.92,Disposable Plastic gloves 100pc,pc,Home & Storage,"Storage, Organization & Household Items",disposable-plastic-gloves-100pc,Active,
1557,22.19,Dog leash rope QYS 1841,Pcs,Home & Storage,"Storage, Organization & Household Items",dog-leash-rope-qys-1841,Active,
1555,22.17,Dog leash rope collar mix QYS 1840,Pcs,Home & Storage,"Storage, Organization & Household Items",dog-leash-rope-collar-mix-qys-1840,Active,
1556,22.18,Dog leash rope collar mix QYS 1856,Pcs,Home & Storage,"Storage, Organization & Household Items",dog-leash-rope-collar-mix-qys-1856,Active,
1561,22.16,Dog poop scooper box LS-321,Pcs,Home & Storage,"Storage, Organization & Household Items",dog-poop-scooper-box-ls-321,Active,
1589,4.1287,Door Mat Premium,Pcs,Home & Storage,"Storage, Organization & Household Items",door-mat-premium,Active,
1595,2.3402,Dot&key barrier repair+hydrating gentle facewash 100ml,Pcs,Home & Storage,"Storage, Organization & Household Items",dot-key-barrier-repair-hydrating-gentle-facewash-100ml,Active,
1597,2.3403,Dot&key cica calming belmish clearing gel facewash 100ml,Pcs,Home & Storage,"Storage, Organization & Household Items",dot-key-cica-calming-belmish-clearing-gel-facewash-100ml,Active,
1613,2.3401,Dot&key watermelon cooling gel facewash 100ml,Pcs,Home & Storage,"Storage, Organization & Household Items",dot-key-watermelon-cooling-gel-facewash-100ml,Active,
1689,9.712,Duck Diy funny Money box No.6732,Pcs,Home & Storage,"Storage, Organization & Household Items",duck-diy-funny-money-box-no-6732,Active,
1928,17.497,Fashion Jewelry Knitted Heart Keychain,Pcs,Home & Storage,"Storage, Organization & Household Items",fashion-jewelry-knitted-heart-keychain,Active,
2002,17.181,Flower Rubber 2pc set,Pcs,Home & Storage,"Storage, Organization & Household Items",flower-rubber-2pc-set,Active,
2051,4.951,Folding Umbrella (Xata) 1143,Pcs,Home & Storage,"Storage, Organization & Household Items",folding-umbrella-xata-1143,Active,
2175,4.1385,Gents umbrella streight big,Pcs,Home & Storage,"Storage, Organization & Household Items",gents-umbrella-streight-big,Active,
2186,2.332,Gillette 7o clock pll 5 cartridges,PC,Home & Storage,"Storage, Organization & Household Items",gillette-7o-clock-pll-5-cartridges,Active,
2418,9.947,Hammer Keyring,Pcs,Home & Storage,"Storage, Organization & Household Items",hammer-keyring,Active,
2438,4.1134,Hardened Cisa PadLock 70mm,Pcs,Home & Storage,"Storage, Organization & Household Items",hardened-cisa-padlock-70mm,Active,
2531,4.1129,High Grade Lock Heavy,Pcs,Home & Storage,"Storage, Organization & Household Items",high-grade-lock-heavy,Active,
2539,4.1272,Hilam atoot double locking 40mm,Pcs,Home & Storage,"Storage, Organization & Household Items",hilam-atoot-double-locking-40mm,Active,
2606,3.151,Himalaya Basket Happy Baby gift pack,PC,Home & Storage,"Storage, Organization & Household Items",himalaya-basket-happy-baby-gift-pack,Active,
2748,10.155,Ink Box GB 21027,Pack,Home & Storage,"Storage, Organization & Household Items",ink-box-gb-21027,Active,
2856,2.2405,Joy papaya sun spf50sun block cream 60ml,Pcs,Home & Storage,"Storage, Organization & Household Items",joy-papaya-sun-spf50sun-block-cream-60ml,Active,
3002,9.22,Key Ring Mix,Pcs,Home & Storage,"Storage, Organization & Household Items",key-ring-mix,Active,
3008,9.79,Keyring Hand Cartoon Mix,Pcs,Home & Storage,"Storage, Organization & Household Items",keyring-hand-cartoon-mix,Active,
3009,17.298,Keyring Metal,Pcs,Home & Storage,"Storage, Organization & Household Items",keyring-metal,Active,
3003,17.274,Keyring cute girl,Pcs,Home & Storage,"Storage, Organization & Household Items",keyring-cute-girl,Active,
3006,17.257,Keyring cute girl,Pcs,Home & Storage,"Storage, Organization & Household Items",keyring-cute-girl,Active,
3005,17.498,Keyring cute girl Heart mix,Pcs,Home & Storage,"Storage, Organization & Household Items",keyring-cute-girl-heart-mix,Active,
3007,17.259,Keyring cuty girl,Pcs,Home & Storage,"Storage, Organization & Household Items",keyring-cuty-girl,Active,
3010,9.787,Keyring mix,Pcs,Home & Storage,"Storage, Organization & Household Items",keyring-mix,Active,
3341,2.762,LOTUS Herbals matte look sunblock spf 40 50g,pc,Home & Storage,"Storage, Organization & Household Items",lotus-herbals-matte-look-sunblock-spf-40-50g,Active,
3342,2.761,LOTUS Herbals matte look sunblock spf40 100g,pc,Home & Storage,"Storage, Organization & Household Items",lotus-herbals-matte-look-sunblock-spf40-100g,Active,
3111,10.519,Labubu Lock Dairy jz2017-1085,Pcs,Home & Storage,"Storage, Organization & Household Items",labubu-lock-dairy-jz2017-1085,Active,
3122,4.74,Ladies umbrella folding 1300-10,PC,Home & Storage,"Storage, Organization & Household Items",ladies-umbrella-folding-1300-10,Active,
3247,4.263,Lock 70mm,PC,Home & Storage,"Storage, Organization & Household Items",lock-70mm,Active,
3248,10.48,Lock Black Dairy 25-68,Pcs,Home & Storage,"Storage, Organization & Household Items",lock-black-dairy-25-68,Active,
3249,4.81,Lock Mindy high quality yellow,pkt,Home & Storage,"Storage, Organization & Household Items",lock-mindy-high-quality-yellow,Active,
3259,17.236,Locket Stainles Name,Pcs,Home & Storage,"Storage, Organization & Household Items",locket-stainles-name,Active,
3260,17.109,Locket Stainless Steel 316,Pcs,Home & Storage,"Storage, Organization & Household Items",locket-stainless-steel-316,Active,
3261,17.171,Locket Stainless steel,Pcs,Home & Storage,"Storage, Organization & Household Items",locket-stainless-steel,Active,
3262,17.231,Locket Stainless steel,Pcs,Home & Storage,"Storage, Organization & Household Items",locket-stainless-steel,Active,
3252,17.234,Locket fashion 2,Pcs,Home & Storage,"Storage, Organization & Household Items",locket-fashion-2,Active,
3253,17.96,Locket fashion 32 PC,Pcs,Home & Storage,"Storage, Organization & Household Items",locket-fashion-32-pc,Active,
3254,17.233,Locket lock,Pcs,Home & Storage,"Storage, Organization & Household Items",locket-lock,Active,
3255,17.235,Locket moon star,Pcs,Home & Storage,"Storage, Organization & Household Items",locket-moon-star,Active,
3256,17.115,Locket set fashion,Pcs,Home & Storage,"Storage, Organization & Household Items",locket-set-fashion,Active,
3257,17.112,Locket set stainless steel,Pcs,Home & Storage,"Storage, Organization & Household Items",locket-set-stainless-steel,Active,
3258,17.286,Locket simple design,Pcs,Home & Storage,"Storage, Organization & Household Items",locket-simple-design,Active,
3263,17.237,Locket star,Pcs,Home & Storage,"Storage, Organization & Household Items",locket-star,Active,
3250,17.238,Locket steel,Pcs,Home & Storage,"Storage, Organization & Household Items",locket-steel,Active,
3264,17.239,Locket steel 2pc,Pcs,Home & Storage,"Storage, Organization & Household Items",locket-steel-2pc,Active,
3251,17.24,Locket steel Ewelry,Pcs,Home & Storage,"Storage, Organization & Household Items",locket-steel-ewelry,Active,
3269,4.1187,Long umbrella 12 ring,Pcs,Home & Storage,"Storage, Organization & Household Items",long-umbrella-12-ring,Active,
3363,2.402,Lotus Hrbl Safe Sun antiagein Ultra sunblock 100g,PC,Home & Storage,"Storage, Organization & Household Items",lotus-hrbl-safe-sun-antiagein-ultra-sunblock-100g,Active,
3325,2.2058,Lotus Professional Ultra-protect sun block spf70,Pcs,Home & Storage,"Storage, Organization & Household Items",lotus-professional-ultra-protect-sun-block-spf70,Active,
3376,2.1982,Lotus Professional uv deffence sunblock spf100,PC,Home & Storage,"Storage, Organization & Household Items",lotus-professional-uv-deffence-sunblock-spf100,Active,
3398,4.1371,Lunch box one layer,Pcs,Home & Storage,"Storage, Organization & Household Items",lunch-box-one-layer,Active,
3399,4.137,Lunch box two layer,Pcs,Home & Storage,"Storage, Organization & Household Items",lunch-box-two-layer,Active,
3631,2.2575,MG whitening and ageing sun block SPF100ml,Pcs,Home & Storage,"Storage, Organization & Household Items",mg-whitening-and-ageing-sun-block-spf100ml,Active,
3589,17.412,Medium bag keychain pouch with a silk accent scarf,Pcs,Home & Storage,"Storage, Organization & Household Items",medium-bag-keychain-pouch-with-a-silk-accent-scarf,Active,
3609,17.3,Metal keyring steel,Pcs,Home & Storage,"Storage, Organization & Household Items",metal-keyring-steel,Active,
3660,4.1252,Mini Candle 24 pcs,Pcs,Home & Storage,"Storage, Organization & Household Items",mini-candle-24-pcs,Active,
3661,9.924,Mini Cartoon Projection Camera Keychain,Pcs,Home & Storage,"Storage, Organization & Household Items",mini-cartoon-projection-camera-keychain,Active,
3664,9.923,Mini Handbag Keychain with Pom-Pom Charm,Pcs,Home & Storage,"Storage, Organization & Household Items",mini-handbag-keychain-with-pom-pom-charm,Active,
3679,17.198,Mirror 2in 1 pocket,Pcs,Home & Storage,"Storage, Organization & Household Items",mirror-2in-1-pocket,Active,
3775,17.165,Mobile keyring,Pcs,Home & Storage,"Storage, Organization & Household Items",mobile-keyring,Active,
3802,17.95,Moti Locket Stainless Steel,Pcs,Home & Storage,"Storage, Organization & Household Items",moti-locket-stainless-steel,Active,
3889,9.821,Music Jass Play Mat 757-78,Pcs,Home & Storage,"Storage, Organization & Household Items",music-jass-play-mat-757-78,Active,
3897,10.395,My Friend Lock Diary M36k-111001,Pcs,Home & Storage,"Storage, Organization & Household Items",my-friend-lock-diary-m36k-111001,Active,
4105,1.2233,NPI premium multi-fold paper towel,Pcs,Home & Storage,"Storage, Organization & Household Items",npi-premium-multi-fold-paper-towel,Active,
4097,2.3891,Niyado whitening sun block spf30,Pcs,Home & Storage,"Storage, Organization & Household Items",niyado-whitening-sun-block-spf30,Active,
4114,4.1282,Number Lock Taar,Pcs,Home & Storage,"Storage, Organization & Household Items",number-lock-taar,Active,
4180,2.2439,Oshea Herbals Mattifying sun block cream120gspf40,Pcs,Home & Storage,"Storage, Organization & Household Items",oshea-herbals-mattifying-sun-block-cream120gspf40,Active,
4374,10.473,Pencil Bag cartoon,Pcs,Home & Storage,"Storage, Organization & Household Items",pencil-bag-cartoon,Active,
4375,10.116,Pencil Box Nice Time no.2812,Pcs,Home & Storage,"Storage, Organization & Household Items",pencil-box-nice-time-no-2812,Active,
4376,9.47,Pencil Box Set A- 776,Pcs,Home & Storage,"Storage, Organization & Household Items",pencil-box-set-a-776,Active,
4377,9.46,Pencil Box Set A- 8935,Pcs,Home & Storage,"Storage, Organization & Household Items",pencil-box-set-a-8935,Active,
4417,4.47,Placemat & Coaster Set,pc,Home & Storage,"Storage, Organization & Household Items",placemat-coaster-set,Active,
4425,4.1516,Plastic Playing card,Pcs,Home & Storage,"Storage, Organization & Household Items",plastic-playing-card,Active,
4426,4.1065,Plastic Spoon /kata,Pcs,Home & Storage,"Storage, Organization & Household Items",plastic-spoon-kata,Active,
4420,4.1381,Plastic cloth clip 12pcs no1885,Pcs,Home & Storage,"Storage, Organization & Household Items",plastic-cloth-clip-12pcs-no1885,Active,
4421,4.1387,Plastic cloth clip 24pc,Pack,Home & Storage,"Storage, Organization & Household Items",plastic-cloth-clip-24pc,Active,
4482,17.514,Pocket mirror kerning,Pcs,Home & Storage,"Storage, Organization & Household Items",pocket-mirror-kerning,Active,
4483,17.155,Pocket mirror small,Pcs,Home & Storage,"Storage, Organization & Household Items",pocket-mirror-small,Active,
4635,4.317,QQ hot case Lunch box 1000ml,PC,Home & Storage,"Storage, Organization & Household Items",qq-hot-case-lunch-box-1000ml,Active,
4773,4.478,Richsoon Top Security Locks 70mm,Pcs,Home & Storage,"Storage, Organization & Household Items",richsoon-top-security-locks-70mm,Active,
4812,4.479,Rolinson Top Security Locks 60mm,Pcs,Home & Storage,"Storage, Organization & Household Items",rolinson-top-security-locks-60mm,Active,
4823,4.1276,Rope big,Pcs,Home & Storage,"Storage, Organization & Household Items",rope-big,Active,
4824,4.1275,Rope small,Pcs,Home & Storage,"Storage, Organization & Household Items",rope-small,Active,
4830,4.997,Round Hanger heavy 28clip,Pcs,Home & Storage,"Storage, Organization & Household Items",round-hanger-heavy-28clip,Active,
4873,17.263,Rubber 2pcs,Pcs,Home & Storage,"Storage, Organization & Household Items",rubber-2pcs,Active,
4875,17.1,Rubber Moti no.169F,Pcs,Home & Storage,"Storage, Organization & Household Items",rubber-moti-no-169f,Active,
4874,17.295,Rubber flower clip mix,Pcs,Home & Storage,"Storage, Organization & Household Items",rubber-flower-clip-mix,Active,
4877,17.41,Rubber simple 2pcs rs 10,Pcs,Home & Storage,"Storage, Organization & Household Items",rubber-simple-2pcs-rs-10,Active,
4878,17.262,Rubber single pcs,Pcs,Home & Storage,"Storage, Organization & Household Items",rubber-single-pcs,Active,
4967,4.289,Scrather plastic,Pcs,Home & Storage,"Storage, Organization & Household Items",scrather-plastic,Active,
5168,4.971,Soft Touch Cleaning Towel,Pcs,Home & Storage,"Storage, Organization & Household Items",soft-touch-cleaning-towel,Active,
5212,9.648,Spark candle 12cm M,Pcs,Home & Storage,"Storage, Organization & Household Items",spark-candle-12cm-m,Active,
5213,9.646,Spark candle 18cm big,Pcs,Home & Storage,"Storage, Organization & Household Items",spark-candle-18cm-big,Active,
5221,1.1885,Sponge cleaning block 5pcs,Pcs,Home & Storage,"Storage, Organization & Household Items",sponge-cleaning-block-5pcs,Active,
5225,17.299,Sport keyring,Pcs,Home & Storage,"Storage, Organization & Household Items",sport-keyring,Active,
5232,17.437,Spring Coil Rubber Band,Pcs,Home & Storage,"Storage, Organization & Household Items",spring-coil-rubber-band,Active,
5253,4.937,Steel Cloth Clip20pcs,set,Home & Storage,"Storage, Organization & Household Items",steel-cloth-clip20pcs,Active,
5254,4.1406,Steel hanger 10pcs set,Pack,Home & Storage,"Storage, Organization & Household Items",steel-hanger-10pcs-set,Active,
5338,1.532,Sunday King Onkey Scouring Pads 3pcs thick,Pc,Home & Storage,"Storage, Organization & Household Items",sunday-king-onkey-scouring-pads-3pcs-thick,Active,
5405,9.92,Sweet Hear Friend Keyring,Pcs,Home & Storage,"Storage, Organization & Household Items",sweet-hear-friend-keyring,Active,
5582,4.886,TOP Security Lock 50mm,Pcs,Home & Storage,"Storage, Organization & Household Items",top-security-lock-50mm,Active,
5426,4.1409,Table mat 4pcs set,Pcs,Home & Storage,"Storage, Organization & Household Items",table-mat-4pcs-set,Active,
5503,1.601,Tide Plus Surf 1kg bag all flvr,PC,Home & Storage,"Storage, Organization & Household Items",tide-plus-surf-1kg-bag-all-flvr,Active,
5512,4.1222,Tiffin BOX Enjoy no.8474,Pcs,Home & Storage,"Storage, Organization & Household Items",tiffin-box-enjoy-no-8474,Active,
5519,4.1144,Time Atoot Lock 40mm,Pcs,Home & Storage,"Storage, Organization & Household Items",time-atoot-lock-40mm,Active,
5520,4.1142,Time Atoot Lock 55mm,Pcs,Home & Storage,"Storage, Organization & Household Items",time-atoot-lock-55mm,Active,
5521,4.1143,Time Atoot Lock 60mm,Pcs,Home & Storage,"Storage, Organization & Household Items",time-atoot-lock-60mm,Active,
5523,4.1273,Time lock 35mm,Pcs,Home & Storage,"Storage, Organization & Household Items",time-lock-35mm,Active,
5580,4.888,Top Security Lock 30mm,Pcs,Home & Storage,"Storage, Organization & Household Items",top-security-lock-30mm,Active,
5581,4.887,Top security Lock 40mm,Pcs,Home & Storage,"Storage, Organization & Household Items",top-security-lock-40mm,Active,
5588,4.1518,Travelling personal care box 706,Pcs,Home & Storage,"Storage, Organization & Household Items",travelling-personal-care-box-706,Active,
5869,17.191,Wenhao Chimti rubber set,Pcs,Home & Storage,"Storage, Organization & Household Items",wenhao-chimti-rubber-set,Active,
61,17.17,Y 3 pcs Rubber Chunky black,Pcs,Home & Storage,"Storage, Organization & Household Items",y-3-pcs-rubber-chunky-black,Active,
6001,4.947,Zip seal bag 3 Size,Pcs,Home & Storage,"Storage, Organization & Household Items",zip-seal-bag-3-size,Active,
229,4.988,alarm Lock,Pcs,Home & Storage,"Storage, Organization & Household Items",alarm-lock,Active,
2052,4.943,folding Umbrella no2625,Pcs,Home & Storage,"Storage, Organization & Household Items",folding-umbrella-no2625,Active,
3035,1.537,king Onkey Scouring pads 5pcs,Pkt,Home & Storage,"Storage, Organization & Household Items",king-onkey-scouring-pads-5pcs,Active,
4117,4.69,numbering candle,PC,Home & Storage,"Storage, Organization & Household Items",numbering-candle,Active,
4876,17.184,rubber pain bow color band,Pcs,Home & Storage,"Storage, Organization & Household Items",rubber-pain-bow-color-band,Active,
5159,4.43,soft grip pegs cloth clip,pack,Home & Storage,"Storage, Organization & Household Items",soft-grip-pegs-cloth-clip,Active,
5445,17.264,thank you rubber box mix colour,Pcs,Home & Storage,"Storage, Organization & Household Items",thank-you-rubber-box-mix-colour,Active,
151,9.1,AC Electric Air Pump,Pcs,Electronics & Appliances,Electrical Appliances,ac-electric-air-pump,Active,
286,4.135,Approan Fenfang NO.908,pc,Electronics & Appliances,Electrical Appliances,approan-fenfang-no-908,Active,
291,4.259,Apron fashion genfang 1218,PC,Electronics & Appliances,Electrical Appliances,apron-fashion-genfang-1218,Active,
498,4.421,BALTRA BVB 104 Vacuum Flask 1000ML,Pcs,Electronics & Appliances,Electrical Appliances,baltra-bvb-104-vacuum-flask-1000ml,Active,
518,4.422,BALTRA Hair Trimmer Gentle BPC -830,Pcs,Electronics & Appliances,Electrical Appliances,baltra-hair-trimmer-gentle-bpc-830,Active,
519,4.1416,BALTRA Hair Trimmer Gentle BPC -840,Pcs,Electronics & Appliances,Electrical Appliances,baltra-hair-trimmer-gentle-bpc-840,Active,
440,3.12,Baby Toothbrush W/led flash keyring 625,Pc,Electronics & Appliances,Electrical Appliances,baby-toothbrush-w-led-flash-keyring-625,Active,
494,4.561,Baltra 3-in-1 mixer grinder URBAN BMG-203 750w,Pcs,Electronics & Appliances,Electrical Appliances,baltra-3-in-1-mixer-grinder-urban-bmg-203-750w,Active,
495,4.1424,Baltra 3jar mixer grinder SUPREME BMG 199 550w,Pcs,Electronics & Appliances,Electrical Appliances,baltra-3jar-mixer-grinder-supreme-bmg-199-550w,Active,
497,4.1421,Baltra BF 288 table fan EVO 2.5w,Pcs,Electronics & Appliances,Electrical Appliances,baltra-bf-288-table-fan-evo-2-5w,Active,
500,4.1135,Baltra Electric Chapati Maker BTR-203,Pcs,Electronics & Appliances,Electrical Appliances,baltra-electric-chapati-maker-btr-203,Active,
499,4.428,Baltra Electric Cordless Kettle 1.5l Fast BC130,Pcs,Electronics & Appliances,Electrical Appliances,baltra-electric-cordless-kettle-1-5l-fast-bc130,Active,
502,4.1294,Baltra Electric Cordless kettle 1.8l fast Bc183,Pcs,Electronics & Appliances,Electrical Appliances,baltra-electric-cordless-kettle-1-8l-fast-bc183,Active,
501,4.1305,Baltra Electric Cordless kettle Super fast1.5l fast Bc136,Pcs,Electronics & Appliances,Electrical Appliances,baltra-electric-cordless-kettle-super-fast1-5l-fast-bc136,Active,
503,4.1291,Baltra Electric fanHeater Hilton BTH-145,Pcs,Electronics & Appliances,Electrical Appliances,baltra-electric-fanheater-hilton-bth-145,Active,
513,4.1292,Baltra Electric tHUNDAR Hilton BTH-158,Pcs,Electronics & Appliances,Electrical Appliances,baltra-electric-thundar-hilton-bth-158,Active,
514,4.1312,Baltra EmbreeVacuum pot 1500ML BSL-287,Pcs,Electronics & Appliances,Electrical Appliances,baltra-embreevacuum-pot-1500ml-bsl-287,Active,
515,4.1315,Baltra EmbreeVacuum pot 1800ML BSL-288,Pcs,Electronics & Appliances,Electrical Appliances,baltra-embreevacuum-pot-1800ml-bsl-288,Active,
523,4.1293,Baltra LEO BSL Double walled steel bottle1500ml,Pcs,Electronics & Appliances,Electrical Appliances,baltra-leo-bsl-double-walled-steel-bottle1500ml,Active,
524,4.1317,Baltra MartinHair Trimmer &Grooming BPC-856,Pcs,Electronics & Appliances,Electrical Appliances,baltra-martinhair-trimmer-grooming-bpc-856,Active,
533,4.1298,Baltra Smart Chef 2jar mixer Grinder BMG-210,Pcs,Electronics & Appliances,Electrical Appliances,baltra-smart-chef-2jar-mixer-grinder-bmg-210,Active,
14,4.1306,Baltra Suprem Electric Cordless kettle 1.8l fast Bc158,Pcs,Electronics & Appliances,Electrical Appliances,baltra-suprem-electric-cordless-kettle-1-8l-fast-bc158,Active,
504,4.1414,Baltra electric induction cooktop BLC 136 1800w,Pcs,Electronics & Appliances,Electrical Appliances,baltra-electric-induction-cooktop-blc-136-1800w,Active,
505,4.1425,Baltra electric iron COMFY BTI 164 1000w,Pcs,Electronics & Appliances,Electrical Appliances,baltra-electric-iron-comfy-bti-164-1000w,Active,
506,4.1426,Baltra electric iron EAGLE BTI 169 1200w,Pcs,Electronics & Appliances,Electrical Appliances,baltra-electric-iron-eagle-bti-169-1200w,Active,
507,4.1422,Baltra electric iron NANO BTI 163 1800w,Pcs,Electronics & Appliances,Electrical Appliances,baltra-electric-iron-nano-bti-163-1800w,Active,
517,4.1415,Baltra grind master 2jar mixer grinder BMG-196 550w,Pcs,Electronics & Appliances,Electrical Appliances,baltra-grind-master-2jar-mixer-grinder-bmg-196-550w,Active,
520,4.1417,Baltra hair trimmer PRISM BPC 836,Pcs,Electronics & Appliances,Electrical Appliances,baltra-hair-trimmer-prism-bpc-836,Active,
521,4.1418,Baltra hair trimmer&grooming set MARTIN BPC 856,Pcs,Electronics & Appliances,Electrical Appliances,baltra-hair-trimmer-grooming-set-martin-bpc-856,Active,
525,4.1419,Baltra max 202 mixer grinder 3jar 600w,Pcs,Electronics & Appliances,Electrical Appliances,baltra-max-202-mixer-grinder-3jar-600w,Active,
659,2.2173,Beauty Blender 5in 1,Pcs,Electronics & Appliances,Electrical Appliances,beauty-blender-5in-1,Active,
748,2.3821,Blender 4pcs set box,box,Electronics & Appliances,Electrical Appliances,blender-4pcs-set-box,Active,
759,4.1485,Body hair trimmer 888-2,Pcs,Electronics & Appliances,Electrical Appliances,body-hair-trimmer-888-2,Active,
853,9.445,Bubbles fAN MIX,Pcs,Electronics & Appliances,Electrical Appliances,bubbles-fan-mix,Active,
912,9.758,Cat Shoes Led Table Lamp,Pcs,Electronics & Appliances,Electrical Appliances,cat-shoes-led-table-lamp,Active,
1140,16.32,Coke/Fanta/Sprite 1.5Ltr,PC,Electronics & Appliances,Electrical Appliances,coke-fanta-sprite-1-5ltr,Active,
1141,16.33,Coke/Fanta/Sprite 1Ltr,PC,Electronics & Appliances,Electrical Appliances,coke-fanta-sprite-1ltr,Active,
1142,16.36,Coke/Fanta/Sprite 2.25Ltr,pc,Electronics & Appliances,Electrical Appliances,coke-fanta-sprite-2-25ltr,Active,
1144,16.34,Coke/Fanta/Sprite 500ml,PC,Electronics & Appliances,Electrical Appliances,coke-fanta-sprite-500ml,Active,
1143,16.68,Coke/fanta/Sprite 250ml,PC,Electronics & Appliances,Electrical Appliances,coke-fanta-sprite-250ml,Active,
1317,7.2849,Dark Fantasy choco files 300gm,Pcs,Electronics & Appliances,Electrical Appliances,dark-fantasy-choco-files-300gm,Active,
1318,7.393,Dark Fantasy choco files 75g,pkt,Electronics & Appliances,Electrical Appliances,dark-fantasy-choco-files-75g,Active,
1692,4.1515,Duracell battery AA2,Pcs,Electronics & Appliances,Electrical Appliances,duracell-battery-aa2,Active,
1693,4.251,Duracell batteryAA4,PC,Electronics & Appliances,Electrical Appliances,duracell-batteryaa4,Active,
1834,9.837,EV- Pickup new Electric Truck no.158-8,Pcs,Electronics & Appliances,Electrical Appliances,ev-pickup-new-electric-truck-no-158-8,Active,
1765,9.649,Electric Aircraft Flash Electric No.8841,Pcs,Electronics & Appliances,Electrical Appliances,electric-aircraft-flash-electric-no-8841,Active,
1766,9.812,Electric Bubble Gun & light 3+age,Pcs,Electronics & Appliances,Electrical Appliances,electric-bubble-gun-light-3-age,Active,
1842,4.116,Eveready AA battery 2pcs,Pcs,Electronics & Appliances,Electrical Appliances,eveready-aa-battery-2pcs,Active,
1843,4.1159,Eveready AAA battery 2pcs,Pcs,Electronics & Appliances,Electrical Appliances,eveready-aaa-battery-2pcs,Active,
1844,4.386,Evereday AA Battery 2 pair,Pcs,Electronics & Appliances,Electrical Appliances,evereday-aa-battery-2-pair,Active,
1884,17.119,Fancy U pin,Pcs,Electronics & Appliances,Electrical Appliances,fancy-u-pin,Active,
1885,16.171,Fanta \Sprite\Coke 2ltr,Pcs,Electronics & Appliances,Electrical Appliances,fanta-sprite-coke-2ltr,Active,
1933,4.193,Fenfang Hanging Towel 8911,PC,Electronics & Appliances,Electrical Appliances,fenfang-hanging-towel-8911,Active,
1934,4.238,Fenfang Shower Cap 1pcs,PC,Electronics & Appliances,Electrical Appliances,fenfang-shower-cap-1pcs,Active,
2005,17.205,Flowers box fancy,Pcs,Electronics & Appliances,Electrical Appliances,flowers-box-fancy,Active,
2577,7.2671,HIlife Rolled oats 400gm,Pcs,Electronics & Appliances,Electrical Appliances,hilife-rolled-oats-400gm,Active,
2345,17.134,Hair chimti fancy moti 823P,Pcs,Electronics & Appliances,Electrical Appliances,hair-chimti-fancy-moti-823p,Active,
2578,7.267,Hilife Rolled Oats 450g jar,Pcs,Electronics & Appliances,Electrical Appliances,hilife-rolled-oats-450g-jar,Active,
2579,7.375,Hilife Rolled Oats 950g jar,Pcs,Electronics & Appliances,Electrical Appliances,hilife-rolled-oats-950g-jar,Active,
2974,7.2431,Kelloggs Oats Rolled Oats 200g,Pcs,Electronics & Appliances,Electrical Appliances,kelloggs-oats-rolled-oats-200g,Active,
2985,7.243,Kelloggs Oats Rolled Oats 400g,Pcs,Electronics & Appliances,Electrical Appliances,kelloggs-oats-rolled-oats-400g,Active,
2986,7.2432,Kelloggs Oats Rolled Oats 900g,Pcs,Electronics & Appliances,Electrical Appliances,kelloggs-oats-rolled-oats-900g,Active,
3064,4.3,Kitchen Apron fenfang 8810,pc,Electronics & Appliances,Electrical Appliances,kitchen-apron-fenfang-8810,Active,
3170,10.329,LEd Light,Pcs,Electronics & Appliances,Electrical Appliances,led-light,Active,
3147,9.887,Lamp fan,Pcs,Electronics & Appliances,Electrical Appliances,lamp-fan,Active,
3149,10.554,Lantu Pencil Led 2B,Pcs,Electronics & Appliances,Electrical Appliances,lantu-pencil-led-2b,Active,
3169,4.1271,Led baby study lamp MS-790,Pcs,Electronics & Appliances,Electrical Appliances,led-baby-study-lamp-ms-790,Active,
3893,4.1061,MW Gold Battery AA 4PC pkt small,Pcs,Electronics & Appliances,Electrical Appliances,mw-gold-battery-aa-4pc-pkt-small,Active,
3433,7.467,Maearon center filled biscuit 250gm,Pcs,Electronics & Appliances,Electrical Appliances,maearon-center-filled-biscuit-250gm,Active,
3563,4.1268,Matoso electric jug MT-20,Pcs,Electronics & Appliances,Electrical Appliances,matoso-electric-jug-mt-20,Active,
3578,4.209,Maxell Alkaline Battery AA/AAA,PC,Electronics & Appliances,Electrical Appliances,maxell-alkaline-battery-aa-aaa,Active,
3580,4.148,Maxtop car mounted vacuum cleaner MP-251,Pcs,Electronics & Appliances,Electrical Appliances,maxtop-car-mounted-vacuum-cleaner-mp-251,Active,
3637,9.885,Milk handheld fan,Pcs,Electronics & Appliances,Electrical Appliances,milk-handheld-fan,Active,
3663,9.884,Mini folden fan,Pcs,Electronics & Appliances,Electrical Appliances,mini-folden-fan,Active,
3983,5.3,Nestle Lactogen Infant Formula Powder 1,PC,Electronics & Appliances,Electrical Appliances,nestle-lactogen-infant-formula-powder-1,Active,
4564,7.4745,Pran black forest chocolate filled cookies 70gm,Pcs,Electronics & Appliances,Electrical Appliances,pran-black-forest-chocolate-filled-cookies-70gm,Active,
4931,4.1255,Sanlu vacuum steel 800ml,Pcs,Electronics & Appliances,Electrical Appliances,sanlu-vacuum-steel-800ml,Active,
4938,5.784,Sapphire Fantajy Toffee 350gm,pkt,Electronics & Appliances,Electrical Appliances,sapphire-fantajy-toffee-350gm,Active,
5017,1.2058,Shenglong shaver sl-908,Pcs,Electronics & Appliances,Electrical Appliances,shenglong-shaver-sl-908,Active,
5201,1.2232,Sonic electric toothbrush,Pcs,Electronics & Appliances,Electrical Appliances,sonic-electric-toothbrush,Active,
5217,17.217,Spider Man Musice Headphones,Pcs,Electronics & Appliances,Electrical Appliances,spider-man-musice-headphones,Active,
5257,4.1251,Steel Vacuum Bottle 1000ml,Pcs,Electronics & Appliances,Electrical Appliances,steel-vacuum-bottle-1000ml,Active,
5425,2.3625,Table LED Mirron Stan,Pcs,Electronics & Appliances,Electrical Appliances,table-led-mirron-stan,Active,
5435,9.886,Teddy fan,Pcs,Electronics & Appliances,Electrical Appliances,teddy-fan,Active,
5508,5.25,Tiffany Cream Toffee 300g,PC,Electronics & Appliances,Electrical Appliances,tiffany-cream-toffee-300g,Active,
5509,5.26,Tiffany Deluxe Toffee 300g,PKT,Electronics & Appliances,Electrical Appliances,tiffany-deluxe-toffee-300g,Active,
5510,5.488,Tiffany Eclairs/Milch king toffee 300g,Pack,Electronics & Appliances,Electrical Appliances,tiffany-eclairs-milch-king-toffee-300g,Active,
5511,5.489,Tiffany Wafer mix 75g,Pack,Electronics & Appliances,Electrical Appliances,tiffany-wafer-mix-75g,Active,
5717,4.45,VGR Pro Hair Trimmer V-055,Pcs,Electronics & Appliances,Electrical Appliances,vgr-pro-hair-trimmer-v-055,Active,
5721,4.266,VGR Pro Hair Trimmer V-987,PC,Electronics & Appliances,Electrical Appliances,vgr-pro-hair-trimmer-v-987,Active,
5718,4.1145,VGR Pro Hair trimmer V-306,Pcs,Electronics & Appliances,Electrical Appliances,vgr-pro-hair-trimmer-v-306,Active,
5719,4.1148,VGR Pro Hair trimmer V-930,Pcs,Electronics & Appliances,Electrical Appliances,vgr-pro-hair-trimmer-v-930,Active,
5720,4.122,VGR Pro Hair trimmer V-937,pc,Electronics & Appliances,Electrical Appliances,vgr-pro-hair-trimmer-v-937,Active,
5725,9.3,VGR Professional Hair Trimmer V-071,Pcs,Electronics & Appliances,Electrical Appliances,vgr-professional-hair-trimmer-v-071,Active,
5724,9.4,VGR professional Hair Trimmer V-030,Pcs,Electronics & Appliances,Electrical Appliances,vgr-professional-hair-trimmer-v-030,Active,
5726,9.2,VGR professional Hair trimmer V-290,Pcs,Electronics & Appliances,Electrical Appliances,vgr-professional-hair-trimmer-v-290,Active,
5722,4.1471,VGR professional hair dryer V-439,Pcs,Electronics & Appliances,Electrical Appliances,vgr-professional-hair-dryer-v-439,Active,
5727,4.1267,VGR professional lady shaver set V-761,Pcs,Electronics & Appliances,Electrical Appliances,vgr-professional-lady-shaver-set-v-761,Active,
5728,4.1481,VGR professional men's shaver V-341,Pcs,Electronics & Appliances,Electrical Appliances,vgr-professional-men-s-shaver-v-341,Active,
5729,4.1474,VGR professional shaver V-397,Pcs,Electronics & Appliances,Electrical Appliances,vgr-professional-shaver-v-397,Active,
5730,4.1473,VGR rechargeable foil shaver V-375,Pcs,Electronics & Appliances,Electrical Appliances,vgr-rechargeable-foil-shaver-v-375,Active,
5669,4.1081,Vacuum Stalinless steel Hot& Cool no.316,Pcs,Electronics & Appliances,Electrical Appliances,vacuum-stalinless-steel-hot-cool-no-316,Active,
5667,4.1365,Vacuum insulation coffe cup,Pcs,Electronics & Appliances,Electrical Appliances,vacuum-insulation-coffe-cup,Active,
5866,7.3933,Well bell rolled oats 300gn,Pcs,Electronics & Appliances,Electrical Appliances,well-bell-rolled-oats-300gn,Active,
5867,7.4223,Well bell rolled oats 500gm,Pcs,Electronics & Appliances,Electrical Appliances,well-bell-rolled-oats-500gm,Active,
5968,9.353,YPD electric mosquito bad no016,Pcs,Electronics & Appliances,Electrical Appliances,ypd-electric-mosquito-bad-no016,Active,
5969,9.919,Yuefan Balloon 100pcs YF1660,Pack,Electronics & Appliances,Electrical Appliances,yuefan-balloon-100pcs-yf1660,Active,
5342,7.3691,sunfeast dark fantasy choco rolls 60g,Pcs,Electronics & Appliances,Electrical Appliances,sunfeast-dark-fantasy-choco-rolls-60g,Active,
5666,4.1376,vacuum Flask High Grade Stainless Stel 2.5l,Pcs,Electronics & Appliances,Electrical Appliances,vacuum-flask-high-grade-stainless-stel-2-5l,Active,
509,4.515,Baltra Electric Rice Cooker AROMA BAT 500D 1.5ltr,Pcs,Electronics & Appliances,Rice Cookers & Small Appliances,baltra-electric-rice-cooker-aroma-bat-500d-1-5ltr,Active,
531,4.1296,Baltra Regular Ricecooker Galaxy 1.8 ltrBTT-700,Pcs,Electronics & Appliances,Rice Cookers & Small Appliances,baltra-regular-ricecooker-galaxy-1-8-ltrbtt-700,Active,
532,4.1295,Baltra Regular Ricecooker Titanium 1.8 ltrBTT-700,Pcs,Electronics & Appliances,Rice Cookers & Small Appliances,baltra-regular-ricecooker-titanium-1-8-ltrbtt-700,Active,
508,4.142,Baltra electric ricce cooker AROMA BAT 700d 1.8l,Pcs,Electronics & Appliances,Rice Cookers & Small Appliances,baltra-electric-ricce-cooker-aroma-bat-700d-1-8l,Active,
510,4.1412,Baltra electric rice cooker BTG 700 1.8l tr,Pcs,Electronics & Appliances,Rice Cookers & Small Appliances,baltra-electric-rice-cooker-btg-700-1-8l-tr,Active,
511,4.514,Baltra electric rice cooker GALAXY BAT/BTG 900/900D 2.2l,Pcs,Electronics & Appliances,Rice Cookers & Small Appliances,baltra-electric-rice-cooker-galaxy-bat-btg-900-900d-2-2l,Active,
512,4.1427,Baltra electric rice cooker SUPER BTS 508D 1.5ltr,Pcs,Electronics & Appliances,Rice Cookers & Small Appliances,baltra-electric-rice-cooker-super-bts-508d-1-5ltr,Active,
1212,9.907,Cooker With Exquisite 30 pcs kitchen set,Pcs,Electronics & Appliances,Rice Cookers & Small Appliances,cooker-with-exquisite-30-pcs-kitchen-set,Active,
62,10.564,"10 "" LCD Writing Table no.9393",Pcs,Stationery & School Supplies,Stationery,10-lcd-writing-table-no-9393,Active,
66,10.11,12 Woodless & Erasable Color pencil,set,Stationery & School Supplies,Stationery,12-woodless-erasable-color-pencil,Active,
86,10.538,36 Woodless & Erasable Color pencil Hj-6936,Pcs,Stationery & School Supplies,Stationery,36-woodless-erasable-color-pencil-hj-6936,Active,
102,10.536,42 Pcs Art Set,Pcs,Stationery & School Supplies,Stationery,42-pcs-art-set,Active,
315,10.52,ART Clasis Note book JzA696-2264,Pcs,Stationery & School Supplies,Stationery,art-clasis-note-book-jza696-2264,Active,
170,10.359,Acrylic Colour Marker NO.6875-12,Pcs,Stationery & School Supplies,Stationery,acrylic-colour-marker-no-6875-12,Active,
171,10.548,Acrylic marker zx-619-12,Pcs,Stationery & School Supplies,Stationery,acrylic-marker-zx-619-12,Active,
173,10.544,Acrylic paint Set Acrylit Colour LH-1812A,Pcs,Stationery & School Supplies,Stationery,acrylic-paint-set-acrylit-colour-lh-1812a,Active,
176,10.524,Adhesive Book Cover 50836 cm,Pcs,Stationery & School Supplies,Stationery,adhesive-book-cover-50836-cm,Active,
188,9.458,Aircraft Plane A4300,Pcs,Stationery & School Supplies,Stationery,aircraft-plane-a4300,Active,
237,3.468,Alpenliebe lolipop 8g,Pcs,Stationery & School Supplies,Stationery,alpenliebe-lolipop-8g,Active,
311,10.253,ArlsAnd co mix pen0.5mm,Pcs,Stationery & School Supplies,Stationery,arlsand-co-mix-pen0-5mm,Active,
316,10.465,Art Marker 24 pcs Black,Pack,Stationery & School Supplies,Stationery,art-marker-24-pcs-black,Active,
756,2.4084,BOB Keen B lack Pencil Gel Liner,Pcs,Stationery & School Supplies,Stationery,bob-keen-b-lack-pencil-gel-liner,Active,
849,10.47,BTS Diary NO.808-66,Pcs,Stationery & School Supplies,Stationery,bts-diary-no-808-66,Active,
421,10.407,Baby pencil Case NO-6691-7110,Pcs,Stationery & School Supplies,Stationery,baby-pencil-case-no-6691-7110,Active,
422,10.424,Baby pencil Case NO.1922-04,Pcs,Stationery & School Supplies,Stationery,baby-pencil-case-no-1922-04,Active,
423,10.42,Baby pencil Case NO.97A,Pcs,Stationery & School Supplies,Stationery,baby-pencil-case-no-97a,Active,
420,10.418,Baby pencil Case NO.AD062,Pcs,Stationery & School Supplies,Stationery,baby-pencil-case-no-ad062,Active,
465,10.376,Baiku Mechanical Lead pen No.852,Pcs,Stationery & School Supplies,Stationery,baiku-mechanical-lead-pen-no-852,Active,
466,10.553,Baiku Mechanical Pencil 2.0mm Bk-298,Pcs,Stationery & School Supplies,Stationery,baiku-mechanical-pencil-2-0mm-bk-298,Active,
490,9.23,Ballons 100pc mix colour,Pack,Stationery & School Supplies,Stationery,ballons-100pc-mix-colour,Active,
679,10.303,Bertand Color Pencil,Pcs,Stationery & School Supplies,Stationery,bertand-color-pencil,Active,
680,10.507,Bertand Colour Pencials Black Wood no.1900,Pcs,Stationery & School Supplies,Stationery,bertand-colour-pencials-black-wood-no-1900,Active,
681,10.509,Bertand Premium Colour Pencils No.1811,Pcs,Stationery & School Supplies,Stationery,bertand-premium-colour-pencils-no-1811,Active,
768,6.263,Boo Canna Pro Smokin paper with Fiter,Pcs,Stationery & School Supplies,Stationery,boo-canna-pro-smokin-paper-with-fiter,Active,
769,10.39,Bord Marker,Pcs,Stationery & School Supplies,Stationery,bord-marker,Active,
797,17.27,Bracelet mix colour,Pcs,Stationery & School Supplies,Stationery,bracelet-mix-colour,Active,
848,10.12,Bts & Black pink gel pen,Pcs,Stationery & School Supplies,Stationery,bts-black-pink-gel-pen,Active,
1074,10.384,CHREN Color pen Siler NO.3802,Pcs,Stationery & School Supplies,Stationery,chren-color-pen-siler-no-3802,Active,
1073,10.348,CHREN Rtarrysky ink pen 897,Pcs,Stationery & School Supplies,Stationery,chren-rtarrysky-ink-pen-897,Active,
909,10.456,Cartoon pen Neutral NO.238,Pcs,Stationery & School Supplies,Stationery,cartoon-pen-neutral-no-238,Active,
1021,10.468,Chase you Dreams Diary -219AF,Pcs,Stationery & School Supplies,Stationery,chase-you-dreams-diary-219af,Active,
1047,10.411,Chiisen Specta Colour A4NO.1376,Pcs,Stationery & School Supplies,Stationery,chiisen-specta-colour-a4no-1376,Active,
1075,10.388,Chren Enaser Pen NO3591,Pcs,Stationery & School Supplies,Stationery,chren-enaser-pen-no3591,Active,
1076,10.246,Chren so cute ink pen 305,Pcs,Stationery & School Supplies,Stationery,chren-so-cute-ink-pen-305,Active,
17,10.528,Clourfull ink Pen,Pcs,Stationery & School Supplies,Stationery,clourfull-ink-pen,Active,
1192,10.387,Colour Full Ball Pen,Pcs,Stationery & School Supplies,Stationery,colour-full-ball-pen,Active,
1194,9.485,Colour Spiral Candel,Pcs,Stationery & School Supplies,Stationery,colour-spiral-candel,Active,
1193,9.585,Colour gun pichkari,Pcs,Stationery & School Supplies,Stationery,colour-gun-pichkari,Active,
1195,2.2624,Colourful kata,Pcs,Stationery & School Supplies,Stationery,colourful-kata,Active,
1210,10.33,Consice NoteBook B5,Pcs,Stationery & School Supplies,Stationery,consice-notebook-b5,Active,
1384,10.545,DESK Ball Point Pen SA-601,Pcs,Stationery & School Supplies,Stationery,desk-ball-point-pen-sa-601,Active,
1323,10.335,Daydreaming Note Book,Pcs,Stationery & School Supplies,Stationery,daydreaming-note-book,Active,
1326,2.593,Dear she eye liner pencil 1.1gm,Pcs,Stationery & School Supplies,Stationery,dear-she-eye-liner-pencil-1-1gm,Active,
1476,10.444,Discove Ink Pen NO.663,Pcs,Stationery & School Supplies,Stationery,discove-ink-pen-no-663,Active,
1533,9.945,Diy Flying Alrcraft Rc,Pcs,Stationery & School Supplies,Stationery,diy-flying-alrcraft-rc,Active,
1661,10.419,Drawing Ruler no.360,Pcs,Stationery & School Supplies,Stationery,drawing-ruler-no-360,Active,
1660,10.333,Drawing book,Pcs,Stationery & School Supplies,Stationery,drawing-book,Active,
1827,10.355,ESTDI Boow Highiter colour,Pcs,Stationery & School Supplies,Stationery,estdi-boow-highiter-colour,Active,
1775,10.337,Elsa Anna Pencil box,Pcs,Stationery & School Supplies,Stationery,elsa-anna-pencil-box,Active,
1824,10.391,Eraser pkt 4pc set,Pcs,Stationery & School Supplies,Stationery,eraser-pkt-4pc-set,Active,
1943,10.392,FihaMIX Diary NO.707-94,Pcs,Stationery & School Supplies,Stationery,fihamix-diary-no-707-94,Active,
1944,6.291,Filter paper,Pcs,Stationery & School Supplies,Stationery,filter-paper,Active,
2006,9.502,Foam Soft Note Book 2020-07,Pcs,Stationery & School Supplies,Stationery,foam-soft-note-book-2020-07,Active,
2053,7.268,Food colour Orange Red Powder 100gm,PC,Stationery & School Supplies,Stationery,food-colour-orange-red-powder-100gm,Active,
22,1.2323,Friends are life flower Paper Shop 0268-11,Pcs,Stationery & School Supplies,Stationery,friends-are-life-flower-paper-shop-0268-11,Active,
2109,9.501,Garment Scissor Brother,Pcs,Stationery & School Supplies,Stationery,garment-scissor-brother,Active,
2123,2.888,Garnier Color Naturals Burgundy Hair Colour 29ml,pkt,Stationery & School Supplies,Stationery,garnier-color-naturals-burgundy-hair-colour-29ml,Active,
2132,2.2903,Garnier Colour Naturals Ultra Colour 6.620red,Pcs,Stationery & School Supplies,Stationery,garnier-colour-naturals-ultra-colour-6-620red,Active,
2227,10.216,Glilter pen 12 pcs,pkt,Stationery & School Supplies,Stationery,glilter-pen-12-pcs,Active,
2228,10.547,Glilter pen 6 pcs,Pcs,Stationery & School Supplies,Stationery,glilter-pen-6-pcs,Active,
2233,10.315,Glory Alliance Ink Pen,Pcs,Stationery & School Supplies,Stationery,glory-alliance-ink-pen,Active,
2246,10.272,Glue Gun,Pcs,Stationery & School Supplies,Stationery,glue-gun,Active,
2247,10.74,Glue Sticks no.2513,Pcs,Stationery & School Supplies,Stationery,glue-sticks-no-2513,Active,
2261,2.1377,Godrej Expert Creme Hair Colour Honey Brown 20g,PC,Stationery & School Supplies,Stationery,godrej-expert-creme-hair-colour-honey-brown-20g,Active,
2263,2.275,Godrej Expert Hair Colour Bugundy,PC,Stationery & School Supplies,Stationery,godrej-expert-hair-colour-bugundy,Active,
2280,10.255,Good Lucky Pen mp-1516,Pcs,Stationery & School Supplies,Stationery,good-lucky-pen-mp-1516,Active,
2504,10.234,Hello Everyone Pensil set 2813,set,Stationery & School Supplies,Stationery,hello-everyone-pensil-set-2813,Active,
2528,10.386,Hi-Tecpoint Pilot pen V7,Pcs,Stationery & School Supplies,Stationery,hi-tecpoint-pilot-pen-v7,Active,
2535,10.273,Highiter colour 6,set,Stationery & School Supplies,Stationery,highiter-colour-6,Active,
2542,2.3705,Hilary rhoda colour splash lip blam,Pcs,Stationery & School Supplies,Stationery,hilary-rhoda-colour-splash-lip-blam,Active,
2710,10.485,Hot Melt Glue Gun,Pcs,Stationery & School Supplies,Stationery,hot-melt-glue-gun,Active,
2766,10.551,Jambo Soft Eraser 2287,Pcs,Stationery & School Supplies,Stationery,jambo-soft-eraser-2287,Active,
2828,10.323,Jojo Inkjet Photo Paper 210mm*297mm,Pcs,Stationery & School Supplies,Stationery,jojo-inkjet-photo-paper-210mm-297mm,Active,
2886,10.313,Kaixi Classic Pen,Pcs,Stationery & School Supplies,Stationery,kaixi-classic-pen,Active,
2887,9.503,Kaixi Eraser Ink Pen,Pcs,Stationery & School Supplies,Stationery,kaixi-eraser-ink-pen,Active,
2927,17.243,Kata colour mix,Pcs,Stationery & School Supplies,Stationery,kata-colour-mix,Active,
2932,2.3833,Kata flower mix colour,Pcs,Stationery & School Supplies,Stationery,kata-flower-mix-colour,Active,
2942,17.268,Kata mix colour big,Pcs,Stationery & School Supplies,Stationery,kata-mix-colour-big,Active,
2948,17.207,Kata small mix colour,Pcs,Stationery & School Supplies,Stationery,kata-small-mix-colour,Active,
3124,2.447,Lakme forever matte liquid lip colour5.6,PC,Stationery & School Supplies,Stationery,lakme-forever-matte-liquid-lip-colour5-6,Active,
3148,10.552,Lantu Lead Pencil 2.0mm Mp8161,Pcs,Stationery & School Supplies,Stationery,lantu-lead-pencil-2-0mm-mp8161,Active,
3167,10.372,Lead Pen Enjoy Writing pen,Pcs,Stationery & School Supplies,Stationery,lead-pen-enjoy-writing-pen,Active,
3168,10.377,Lead Pencil NO.9568,Pcs,Stationery & School Supplies,Stationery,lead-pencil-no-9568,Active,
3212,10.445,Lini Cute Bell PenAH888,Pcs,Stationery & School Supplies,Stationery,lini-cute-bell-penah888,Active,
3222,10.55,Living Coral Duo-Colur Pencil lc1920-24d,Pcs,Stationery & School Supplies,Stationery,living-coral-duo-colur-pencil-lc1920-24d,Active,
3223,10.513,Living Coral Pencils +4 mm,Pcs,Stationery & School Supplies,Stationery,living-coral-pencils-4-mm,Active,
3224,10.512,Living Coral Pencils +5 mm,Pcs,Stationery & School Supplies,Stationery,living-coral-pencils-5-mm,Active,
3391,10.394,Lovein Gen Mix pen G-3106,Pcs,Stationery & School Supplies,Stationery,lovein-gen-mix-pen-g-3106,Active,
3390,10.393,Lovein gel pen G585,Pcs,Stationery & School Supplies,Stationery,lovein-gel-pen-g585,Active,
3394,4.118,Lucky hawk USB (2m 2pin card only black colour),Pcs,Stationery & School Supplies,Stationery,lucky-hawk-usb-2m-2pin-card-only-black-colour,Active,
3603,10.446,MESSI Bell Pen,Pcs,Stationery & School Supplies,Stationery,messi-bell-pen,Active,
3669,1.2195,MInico Japan premium Disposabile Dipapers L40pcs,Pcs,Stationery & School Supplies,Stationery,minico-japan-premium-disposabile-dipapers-l40pcs,Active,
3670,1.2196,MInico Japan premium Disposabile Dipapers M42pcs,Pcs,Stationery & School Supplies,Stationery,minico-japan-premium-disposabile-dipapers-m42pcs,Active,
3671,1.2194,MInico Japan premium Disposabile Dipapers NB30pcs,Pcs,Stationery & School Supplies,Stationery,minico-japan-premium-disposabile-dipapers-nb30pcs,Active,
3672,1.2197,MInico Japan premium Disposabile Dipapers XL38pcs,Pcs,Stationery & School Supplies,Stationery,minico-japan-premium-disposabile-dipapers-xl38pcs,Active,
3673,1.2198,MInico Japan premium Disposabile Dipapers XXl36pcs,Pcs,Stationery & School Supplies,Stationery,minico-japan-premium-disposabile-dipapers-xxl36pcs,Active,
3829,10.4,MRD Pencil Set box,Pcs,Stationery & School Supplies,Stationery,mrd-pencil-set-box,Active,
34,10.471,Matalic Ball i pen Colour,Pcs,Stationery & School Supplies,Stationery,matalic-ball-i-pen-colour,Active,
3675,3.631,Minico Paper Cotton Swabs 100 pcs MI-CB06,Pcs,Stationery & School Supplies,Stationery,minico-paper-cotton-swabs-100-pcs-mi-cb06,Active,
3676,3.629,Minico Paper Cotton Swabs 100pcs MI-CB02,Pcs,Stationery & School Supplies,Stationery,minico-paper-cotton-swabs-100pcs-mi-cb02,Active,
3677,3.628,Minico Paper Cotton Swabs 200pcs MI-CB01,Pcs,Stationery & School Supplies,Stationery,minico-paper-cotton-swabs-200pcs-mi-cb01,Active,
3678,3.63,Minico Paper Cotton Swabs 300 pcs MI-CB04,Pcs,Stationery & School Supplies,Stationery,minico-paper-cotton-swabs-300-pcs-mi-cb04,Active,
3770,9.509,Mix Eraser,Pcs,Stationery & School Supplies,Stationery,mix-eraser,Active,
3812,4.4,Mouse & Rat Glue TrapsTG-1A,pc,Stationery & School Supplies,Stationery,mouse-rat-glue-trapstg-1a,Active,
3832,10.51,Multi 10 Colored Naruto/ Labubu Ballpoint Pen,Pcs,Stationery & School Supplies,Stationery,multi-10-colored-naruto-labubu-ballpoint-pen,Active,
3919,17.194,Nail Glue Sticker GD.26,Pcs,Stationery & School Supplies,Stationery,nail-glue-sticker-gd-26,Active,
3920,3.615,Naill Scissor Assop rk-3667,Pcs,Stationery & School Supplies,Stationery,naill-scissor-assop-rk-3667,Active,
4099,10.481,Note Book Series 18k,Pcs,Stationery & School Supplies,Stationery,note-book-series-18k,Active,
4131,10.449,ODDY Self Adhesive Labels,Pcs,Stationery & School Supplies,Stationery,oddy-self-adhesive-labels,Active,
4138,4.159,Office Scissor K16,pc,Stationery & School Supplies,Stationery,office-scissor-k16,Active,
4139,4.158,Office Scissor K17,pc,Stationery & School Supplies,Stationery,office-scissor-k17,Active,
4140,4.157,Office Scissor K18,pc,Stationery & School Supplies,Stationery,office-scissor-k18,Active,
4141,4.156,Office Scissor K19,pc,Stationery & School Supplies,Stationery,office-scissor-k19,Active,
4142,4.155,Office Scissor K20,pc,Stationery & School Supplies,Stationery,office-scissor-k20,Active,
4378,10.217,Pencin Colour Set no 7078A,pkt,Stationery & School Supplies,Stationery,pencin-colour-set-no-7078a,Active,
4379,10.235,Pensin set pary 3323,set,Stationery & School Supplies,Stationery,pensin-set-pary-3323,Active,
4394,10.261,Permanet Marker,Pcs,Stationery & School Supplies,Stationery,permanet-marker,Active,
4399,10.475,Pilot V5 Pen,Pcs,Stationery & School Supplies,Stationery,pilot-v5-pen,Active,
4481,10.254,Pochacco Lovely Pen no-371,Pcs,Stationery & School Supplies,Stationery,pochacco-lovely-pen-no-371,Active,
4644,10.562,Queen north mountain pencil box,Pcs,Stationery & School Supplies,Stationery,queen-north-mountain-pencil-box,Active,
4719,10.448,Raping paper cover,Pcs,Stationery & School Supplies,Stationery,raping-paper-cover,Active,
4720,9.33,Rapping gift paper,Pcs,Stationery & School Supplies,Stationery,rapping-gift-paper,Active,
4721,9.781,Rapping paper expensive,Pcs,Stationery & School Supplies,Stationery,rapping-paper-expensive,Active,
4776,4.1006,Rige Classic Mustache Scissor small,Pcs,Stationery & School Supplies,Stationery,rige-classic-mustache-scissor-small,Active,
5029,10.17,Shine Pen 12colour NO.508,set,Stationery & School Supplies,Stationery,shine-pen-12colour-no-508,Active,
5030,10.492,Shine Pen 24 colour NO.508,Pack,Stationery & School Supplies,Stationery,shine-pen-24-colour-no-508,Active,
5101,10.501,Simple Notebook no.18-116,Pcs,Stationery & School Supplies,Stationery,simple-notebook-no-18-116,Active,
5138,10.526,Smile Friends Chren pen,Pcs,Stationery & School Supplies,Stationery,smile-friends-chren-pen,Active,
5204,1.1708,Sopa Dispenser Ceramic,Pcs,Stationery & School Supplies,Stationery,sopa-dispenser-ceramic,Active,
5243,6.318,Stash pro rolling paper white,Pcs,Stationery & School Supplies,Stationery,stash-pro-rolling-paper-white,Active,
5269,4.244,Straw pice 25pcs colour packing,PC,Stationery & School Supplies,Stationery,straw-pice-25pcs-colour-packing,Active,
5273,2.842,Streax Cream Hair Colour Burgundy 20ml,pc,Stationery & School Supplies,Stationery,streax-cream-hair-colour-burgundy-20ml,Active,
5274,2.841,Streax Cream Hair Colour Cinnamon Red 20ml,pc,Stationery & School Supplies,Stationery,streax-cream-hair-colour-cinnamon-red-20ml,Active,
5275,2.84,Streax Cream Hair Colour Flame red 20ml,pc,Stationery & School Supplies,Stationery,streax-cream-hair-colour-flame-red-20ml,Active,
5272,2.979,Streax Cream Hair colour 3.16 burgundy 50ml,Pc,Stationery & School Supplies,Stationery,streax-cream-hair-colour-3-16-burgundy-50ml,Active,
5276,2.2906,Streax Creame Hair Colour 1black,Pcs,Stationery & School Supplies,Stationery,streax-creame-hair-colour-1black,Active,
5277,2.326,Streax Creme Hair Colour Golden Blonde 7.3 50ml,Pcs,Stationery & School Supplies,Stationery,streax-creme-hair-colour-golden-blonde-7-3-50ml,Active,
5278,2.3348,Streax Creme Hair Colour red 0.6 50ml,Pcs,Stationery & School Supplies,Stationery,streax-creme-hair-colour-red-0-6-50ml,Active,
5284,2.1028,Streax Hair Colour Natural Black1 20g,Pc,Stationery & School Supplies,Stationery,streax-hair-colour-natural-black1-20g,Active,
5280,2.671,Streax Hair colour Burgundy 3.16 smart pack,pkt,Stationery & School Supplies,Stationery,streax-hair-colour-burgundy-3-16-smart-pack,Active,
5281,2.672,Streax Hair colour C. red 5.66 smart pack,pkt,Stationery & School Supplies,Stationery,streax-hair-colour-c-red-5-66-smart-pack,Active,
5285,2.657,Streax Hair colour Platinum Blonde 9.1 120ml,pc,Stationery & School Supplies,Stationery,streax-hair-colour-platinum-blonde-9-1-120ml,Active,
5282,2.673,Streax Hair colour golden blonde 7.3 smart pack,pc,Stationery & School Supplies,Stationery,streax-hair-colour-golden-blonde-7-3-smart-pack,Active,
5283,2.67,Streax Hair colour natural black 1 smart pack,pkt,Stationery & School Supplies,Stationery,streax-hair-colour-natural-black-1-smart-pack,Active,
5279,2.3474,Streax hair colour burgundy 3.16,Pcs,Stationery & School Supplies,Stationery,streax-hair-colour-burgundy-3-16,Active,
5382,10.3,Super Light Clay 12colour no.1115,pkt,Stationery & School Supplies,Stationery,super-light-clay-12colour-no-1115,Active,
5446,10.352,The Classic 100 days Note Book jzrb 0001,Pcs,Stationery & School Supplies,Stationery,the-classic-100-days-note-book-jzrb-0001,Active,
5583,1.957,TopCollectionLemon\Rose\Strawberry\ aseel\Lavender\ touch\ soft\openclassic\bakhour\aroosah 300ml {mix},PC,Stationery & School Supplies,Stationery,topcollectionlemon-rose-strawberry-aseel-lavender-touch-soft-openclassic-bakhour-aroosah-300ml-mix,Active,
5713,10.385,Veiao V5 pen 0.5,Pcs,Stationery & School Supplies,Stationery,veiao-v5-pen-0-5,Active,
5759,10.336,Vincent VAn Gogh Note Book,Pcs,Stationery & School Supplies,Stationery,vincent-van-gogh-note-book,Active,
5885,10.539,White Board Marker Bc-1006,Pcs,Stationery & School Supplies,Stationery,white-board-marker-bc-1006,Active,
5912,9.655,Wooden Loglc Learning Board Ml-048,Pcs,Stationery & School Supplies,Stationery,wooden-loglc-learning-board-ml-048,Active,
5924,10.549,Yalong Color Pencil 24pc YL-231041-24,Pcs,Stationery & School Supplies,Stationery,yalong-color-pencil-24pc-yl-231041-24,Active,
5925,10.439,Yalong Drawing Pencil 12pcYL201328-12,Pcs,Stationery & School Supplies,Stationery,yalong-drawing-pencil-12pcyl201328-12,Active,
5926,10.319,Yalong Pencils 12pc 231312,Pcs,Stationery & School Supplies,Stationery,yalong-pencils-12pc-231312,Active,
5928,10.172,Yalong To Go Wooden Pencil,Pcs,Stationery & School Supplies,Stationery,yalong-to-go-wooden-pencil,Active,
5927,10.324,Yalong to go Real Bamboo Pencils,Pcs,Stationery & School Supplies,Stationery,yalong-to-go-real-bamboo-pencils,Active,
6005,10.382,ZUIXUA Golden /Selver pen C3084,Pcs,Stationery & School Supplies,Stationery,zuixua-golden-selver-pen-c3084,Active,
174,10.9,acrylic Sraw Deduce Wonderful 12 colours,Pcs,Stationery & School Supplies,Stationery,acrylic-sraw-deduce-wonderful-12-colours,Active,
1022,4.1368,chat paper 50pc roll,Pcs,Stationery & School Supplies,Stationery,chat-paper-50pc-roll,Active,
1662,10.332,dream A Lite Note Book,Pcs,Stationery & School Supplies,Stationery,dream-a-lite-note-book,Active,
2922,17.211,kata big colour mix,Pcs,Stationery & School Supplies,Stationery,kata-big-colour-mix,Active,
2928,17.269,kata colourfull mix,Pack,Stationery & School Supplies,Stationery,kata-colourfull-mix,Active,
2937,17.214,kata honey mix colour,Pcs,Stationery & School Supplies,Stationery,kata-honey-mix-colour,Active,
2943,17.213,kata mix colour honey,Pcs,Stationery & School Supplies,Stationery,kata-mix-colour-honey,Active,
3587,10.51,mechanical pencil leads 2B,set,Stationery & School Supplies,Stationery,mechanical-pencil-leads-2b,Active,
3586,10.556,mechanical pencil leads 2B/0.5mm no.241,Pcs,Stationery & School Supplies,Stationery,mechanical-pencil-leads-2b-0-5mm-no-241,Active,
4100,10.482,note book Series A5 Dairy,Pcs,Stationery & School Supplies,Stationery,note-book-series-a5-dairy,Active,
5100,10.277,simple NoteBook 14.1*20.5cm,Pcs,Stationery & School Supplies,Stationery,simple-notebook-14-1-20-5cm,Active,
408,17.2,Baby Hair Band,Pcs,Toys & Kids,Kids Accessories & Toys,baby-hair-band,Active,
405,17.7,Baby Hair Band Al-Lian,Pcs,Toys & Kids,Kids Accessories & Toys,baby-hair-band-al-lian,Active,
406,17.3,Baby Hair Band for,Pcs,Toys & Kids,Kids Accessories & Toys,baby-hair-band-for,Active,
409,17.179,Baby Hair Band stone flowers,Pcs,Toys & Kids,Kids Accessories & Toys,baby-hair-band-stone-flowers,Active,
410,17.178,Baby Hair Band whitestone,Pcs,Toys & Kids,Kids Accessories & Toys,baby-hair-band-whitestone,Active,
8,17.23,Baby Hair Band whitestone 5pc,Pcs,Toys & Kids,Kids Accessories & Toys,baby-hair-band-whitestone-5pc,Active,
407,17.8,Baby Hair band love star,Pcs,Toys & Kids,Kids Accessories & Toys,baby-hair-band-love-star,Active,
9,9.845,Baby Make Up Kit no.3688,Pcs,Toys & Kids,Kids Accessories & Toys,baby-make-up-kit-no-3688,Active,
10,9.896,Baby NAIL Art Set,Pcs,Toys & Kids,Kids Accessories & Toys,baby-nail-art-set,Active,
411,17.6,Baby hair Band with stone Al-LIAN,Pcs,Toys & Kids,Kids Accessories & Toys,baby-hair-band-with-stone-al-lian,Active,
429,17.296,Baby set hair band,Pack,Toys & Kids,Kids Accessories & Toys,baby-set-hair-band,Active,
11,9.909,baby Tool Set No.SD 269-10,Pcs,Toys & Kids,Kids Accessories & Toys,baby-tool-set-no-sd-269-10,Active,
6,9.79,9 pcs Doctor's Kit no.66001a,box,Toys & Kids,Toys & Games,9-pcs-doctor-s-kit-no-66001a,Active,
221,9.839,AK 47 Automatic Rifle Sound-Light Electric toy Gun,Pcs,Toys & Kids,Toys & Games,ak-47-automatic-rifle-sound-light-electric-toy-gun,Active,
189,9.911,Airport Play Set No.HS7799-1,Pcs,Toys & Kids,Toys & Games,airport-play-set-no-hs7799-1,Active,
270,9.823,Animal World Puzzle Animal Map no.757-83,Pcs,Toys & Kids,Toys & Games,animal-world-puzzle-animal-map-no-757-83,Active,
269,9.89,Animal World Set,Pack,Toys & Kids,Toys & Games,animal-world-set,Active,
271,9.726,Animals Bubble Camera NO.AH-187,Pcs,Toys & Kids,Toys & Games,animals-bubble-camera-no-ah-187,Active,
399,9.762,Baby Doll Transparent 5912A,Pcs,Toys & Kids,Toys & Games,baby-doll-transparent-5912a,Active,
443,9.422,Baby Toy Block No FX0802,Pcs,Toys & Kids,Toys & Games,baby-toy-block-no-fx0802,Active,
444,9.611,Baby Toy mix Monster NO.S238,Pcs,Toys & Kids,Toys & Games,baby-toy-mix-monster-no-s238,Active,
446,9.711,Baby Toys 4G Rattle 7pc,Pcs,Toys & Kids,Toys & Games,baby-toys-4g-rattle-7pc,Active,
427,17.36,Baby rubber whit doll,Pcs,Toys & Kids,Toys & Games,baby-rubber-whit-doll,Active,
433,10.563,Baby slime toys,Pcs,Toys & Kids,Toys & Games,baby-slime-toys,Active,
445,9.715,Baby toy Monster Boat Coast Guard,Pcs,Toys & Kids,Toys & Games,baby-toy-monster-boat-coast-guard,Active,
608,9.763,Barbie Doll Play set No.ZQ1010,Pcs,Toys & Kids,Toys & Games,barbie-doll-play-set-no-zq1010,Active,
607,9.753,Barbie Doll fashion Girl NO.880,Pcs,Toys & Kids,Toys & Games,barbie-doll-fashion-girl-no-880,Active,
616,9.684,Bathing Toys 5pc chu-chu,Pcs,Toys & Kids,Toys & Games,bathing-toys-5pc-chu-chu,Active,
617,9.683,Bathing Toys Fish chu-chu,Pcs,Toys & Kids,Toys & Games,bathing-toys-fish-chu-chu,Active,
656,9.941,Beaut Barbie Sweet Toys,Pcs,Toys & Kids,Toys & Games,beaut-barbie-sweet-toys,Active,
855,9.862,Building Block no. 5012,Pcs,Toys & Kids,Toys & Games,building-block-no-5012,Active,
903,9.607,Car Toy NO.829076,Pcs,Toys & Kids,Toys & Games,car-toy-no-829076,Active,
1233,9.759,Crawl Doll Funny Sound NO.333-3A,Pcs,Toys & Kids,Toys & Games,crawl-doll-funny-sound-no-333-3a,Active,
1532,9.905,Diy Blocks 112 pieces,Pcs,Toys & Kids,Toys & Games,diy-blocks-112-pieces,Active,
1539,9.621,Doctors Toy Sapid si169-25,Pcs,Toys & Kids,Toys & Games,doctors-toy-sapid-si169-25,Active,
1570,9.939,Doll Barbywa No.101,Pcs,Toys & Kids,Toys & Games,doll-barbywa-no-101,Active,
1571,9.938,Doll Barbywa No.601,Pcs,Toys & Kids,Toys & Games,doll-barbywa-no-601,Active,
1572,10.308,Doll Bear Dieary,Pcs,Toys & Kids,Toys & Games,doll-bear-dieary,Active,
1577,9.664,Doll Playsets NO.ZQ1010,Pcs,Toys & Kids,Toys & Games,doll-playsets-no-zq1010,Active,
1573,9.888,Doll fan,Pcs,Toys & Kids,Toys & Games,doll-fan,Active,
1574,17.303,Doll key mix design,Pcs,Toys & Kids,Toys & Games,doll-key-mix-design,Active,
1576,17.301,Doll keyring big,Pcs,Toys & Kids,Toys & Games,doll-keyring-big,Active,
1575,9.922,Doll keyring mix design,Pcs,Toys & Kids,Toys & Games,doll-keyring-mix-design,Active,
1578,2.3827,Doll wax 20pcs,Pack,Toys & Kids,Toys & Games,doll-wax-20pcs,Active,
1835,9.739,Eva Puzzle mat 4pc,Pcs,Toys & Kids,Toys & Games,eva-puzzle-mat-4pc,Active,
1837,9.74,Eva Puzzle mat Single,Pcs,Toys & Kids,Toys & Games,eva-puzzle-mat-single,Active,
1836,9.741,Eva puzzle mat big size,Pcs,Toys & Kids,Toys & Games,eva-puzzle-mat-big-size,Active,
1838,9.745,EvaFun Foam Blocks 52piece set,Pcs,Toys & Kids,Toys & Games,evafun-foam-blocks-52piece-set,Active,
1935,22.58,Ferplast toy for dog goodbite natural,Pcs,Toys & Kids,Toys & Games,ferplast-toy-for-dog-goodbite-natural,Active,
1948,9.841,Finger Doll,Pcs,Toys & Kids,Toys & Games,finger-doll,Active,
2423,9.663,HAPPY Block NO.FX0803 M 69PC,Pcs,Toys & Kids,Toys & Games,happy-block-no-fx0803-m-69pc,Active,
2489,9.667,HC Soft Blocks Build dream 53pc NO.039C-03,Pcs,Toys & Kids,Toys & Games,hc-soft-blocks-build-dream-53pc-no-039c-03,Active,
2488,9.672,HC Soft Blocks buid dream ARTIST NO029C-08120PC,Pcs,Toys & Kids,Toys & Games,hc-soft-blocks-buid-dream-artist-no029c-08120pc,Active,
2793,9.942,Jelena Vinyl Doll,Pcs,Toys & Kids,Toys & Games,jelena-vinyl-doll,Active,
3004,17.294,Keyring cute girl doll mix,Pcs,Toys & Kids,Toys & Games,keyring-cute-girl-doll-mix,Active,
3392,9.765,Lovely Doll Fashion NO.9004,Pcs,Toys & Kids,Toys & Games,lovely-doll-fashion-no-9004,Active,
3441,9.853,Magic Gyro toy Crackle Light,Pcs,Toys & Kids,Toys & Games,magic-gyro-toy-crackle-light,Active,
3794,3.29,Morisons baby dreams teether,PC,Toys & Kids,Toys & Games,morisons-baby-dreams-teether,Active,
3855,3.369,Mumlove Baby Ring bell Teether A6119,Pcs,Toys & Kids,Toys & Games,mumlove-baby-ring-bell-teether-a6119,Active,
3860,3.312,Mumlove Baby water teether A1090,PC,Toys & Kids,Toys & Games,mumlove-baby-water-teether-a1090,Active,
3862,3.313,Mumlove banana brush teether A6119-4,PC,Toys & Kids,Toys & Games,mumlove-banana-brush-teether-a6119-4,Active,
4630,9.641,Puzzle Board Game NO.3688-Q2,Pcs,Toys & Kids,Toys & Games,puzzle-board-game-no-3688-q2,Active,
4632,9.612,Puzzle Moble phone NO.626-4,Pcs,Toys & Kids,Toys & Games,puzzle-moble-phone-no-626-4,Active,
4629,9.95,Puzzle block 49pcs 5027,Pack,Toys & Kids,Toys & Games,puzzle-block-49pcs-5027,Active,
4631,9.136,Puzzle game spinner big,Pcs,Toys & Kids,Toys & Games,puzzle-game-spinner-big,Active,
5219,9.948,SPIN POP TOY No.H031,Pcs,Toys & Kids,Toys & Games,spin-pop-toy-no-h031,Active,
5122,9.13,Slime Crystal Mud No.TK7778,Pcs,Toys & Kids,Toys & Games,slime-crystal-mud-no-tk7778,Active,
5123,10.178,Slime Crystal Mud ice,Pcs,Toys & Kids,Toys & Games,slime-crystal-mud-ice,Active,
5124,9.408,Slime Crystal NO.TK4031,Pcs,Toys & Kids,Toys & Games,slime-crystal-no-tk4031,Active,
5125,9.548,Slime Crystal NO.tk7892,Pcs,Toys & Kids,Toys & Games,slime-crystal-no-tk7892,Active,
5126,9.131,Slime joker TK7710,Pcs,Toys & Kids,Toys & Games,slime-joker-tk7710,Active,
5474,17.312,The monsiers doll keyring,Pcs,Toys & Kids,Toys & Games,the-monsiers-doll-keyring,Active,
5546,4.59,Toilet Blocks 4pcs,pack,Toys & Kids,Toys & Games,toilet-blocks-4pcs,Active,
5573,9.56,Tongle Toys - Assorated 450g,pkt,Toys & Kids,Toys & Games,tongle-toys-assorated-450g,Active,
5586,9.701,Toys Single Ring,Pcs,Toys & Kids,Toys & Games,toys-single-ring,Active,
5817,9.951,Water toy 650w,Pcs,Toys & Kids,Toys & Games,water-toy-650w,Active,
5818,9.952,Water toy 8203,Pcs,Toys & Kids,Toys & Games,water-toy-8203,Active,
5894,9.53,Wild Animals Toy A585,pkt,Toys & Kids,Toys & Games,wild-animals-toy-a585,Active,
5104,9.472,single Box Rattle,Pcs,Toys & Kids,Toys & Games,single-box-rattle,Active,
80,5.608,2pm Snack fire chesse balls 60g,Pcs,Sports & Outdoor,"Sports, Games & Outdoor",2pm-snack-fire-chesse-balls-60g,Active,
535,4.418,BALTRA Sports bottle BSL275-600ml,Pcs,Sports & Outdoor,"Sports, Games & Outdoor",baltra-sports-bottle-bsl275-600ml,Active,
794,9.736,BR-039 COMIC CHESS,Pcs,Sports & Outdoor,"Sports, Games & Outdoor",br-039-comic-chess,Active,
803,9.917,BRANDS Racquet Tennis Racket Big ball BR-081,Pcs,Sports & Outdoor,"Sports, Games & Outdoor",brands-racquet-tennis-racket-big-ball-br-081,Active,
804,9.532,BRANDS Racquet Tennis Racket small ball BR-076,Pcs,Sports & Outdoor,"Sports, Games & Outdoor",brands-racquet-tennis-racket-small-ball-br-076,Active,
496,4.1302,Baltra Alex Sports Bottle 500ml BSL-420,Pcs,Sports & Outdoor,"Sports, Games & Outdoor",baltra-alex-sports-bottle-500ml-bsl-420,Active,
529,4.1304,Baltra Pulse Sports Bottle 1000ml BSL-428,Pcs,Sports & Outdoor,"Sports, Games & Outdoor",baltra-pulse-sports-bottle-1000ml-bsl-428,Active,
530,4.1301,Baltra Pulse Sports Bottle 500ml BSL-426,Pcs,Sports & Outdoor,"Sports, Games & Outdoor",baltra-pulse-sports-bottle-500ml-bsl-426,Active,
537,4.13,Baltra Twist Sports Bottle 500ml BSL-240,Pcs,Sports & Outdoor,"Sports, Games & Outdoor",baltra-twist-sports-bottle-500ml-bsl-240,Active,
527,4.1413,Baltra oslo sports bottle bsl 422,Pcs,Sports & Outdoor,"Sports, Games & Outdoor",baltra-oslo-sports-bottle-bsl-422,Active,
536,4.1423,Baltra sports bottle ELLO BSL 421 500ml,Pcs,Sports & Outdoor,"Sports, Games & Outdoor",baltra-sports-bottle-ello-bsl-421-500ml,Active,
682,9.738,Bestway kids swimming pool 51009,Pcs,Sports & Outdoor,"Sports, Games & Outdoor",bestway-kids-swimming-pool-51009,Active,
801,10.532,Brains Chess Educational Toy Fun Lot no.8628,Pcs,Sports & Outdoor,"Sports, Games & Outdoor",brains-chess-educational-toy-fun-lot-no-8628,Active,
802,10.533,Brains Chess Educational Toy Fun Lot no.8638,Pcs,Sports & Outdoor,"Sports, Games & Outdoor",brains-chess-educational-toy-fun-lot-no-8638,Active,
2333,4.1484,Gym shaker bottle,Pcs,Sports & Outdoor,"Sports, Games & Outdoor",gym-shaker-bottle,Active,
2750,9.748,Intex swimming pool 27100,Pcs,Sports & Outdoor,"Sports, Games & Outdoor",intex-swimming-pool-27100,Active,
3395,10.531,Ludo Brains Game! no.8016,Pcs,Sports & Outdoor,"Sports, Games & Outdoor",ludo-brains-game-no-8016,Active,
3766,7.4474,Mitho sagun gym sattu 1kg,Pcs,Sports & Outdoor,"Sports, Games & Outdoor",mitho-sagun-gym-sattu-1kg,Active,
3767,7.4475,Mitho sagun gym sattu sugar free 1kg,Pcs,Sports & Outdoor,"Sports, Games & Outdoor",mitho-sagun-gym-sattu-sugar-free-1kg,Active,
5228,4.5,Sports Fashion Health Bottle 750ml 5830,PC,Sports & Outdoor,"Sports, Games & Outdoor",sports-fashion-health-bottle-750ml-5830,Active,
5229,9.444,Sports Toys,Pcs,Sports & Outdoor,"Sports, Games & Outdoor",sports-toys,Active,
5410,4.1256,Swimming vacuum cup 650ml,Pcs,Sports & Outdoor,"Sports, Games & Outdoor",swimming-vacuum-cup-650ml,Active,
5966,4.1218,Yoga Mat 4 mm,Pcs,Sports & Outdoor,"Sports, Games & Outdoor",yoga-mat-4-mm,Active,
5962,7.4852,Yoga bar high protein oats dark chocolate 1kg,Pcs,Sports & Outdoor,"Sports, Games & Outdoor",yoga-bar-high-protein-oats-dark-chocolate-1kg,Active,
5963,7.4853,Yoga bar high protein oats dark chocolate 250gm,Pcs,Sports & Outdoor,"Sports, Games & Outdoor",yoga-bar-high-protein-oats-dark-chocolate-250gm,Active,
5964,7.4851,Yoga bar millet muesli nuts&seeds cruch 450gm,Pcs,Sports & Outdoor,"Sports, Games & Outdoor",yoga-bar-millet-muesli-nuts-seeds-cruch-450gm,Active,
5965,5.105,Yoga bar protein mini chocolate 20gm,Pcs,Sports & Outdoor,"Sports, Games & Outdoor",yoga-bar-protein-mini-chocolate-20gm,Active,
5967,4.195,Yoga mat,set,Sports & Outdoor,"Sports, Games & Outdoor",yoga-mat,Active,
651,22.3,Bearing moisturizing dog soap 100gm,PC,Pet Care,Pet Food & Accessories,bearing-moisturizing-dog-soap-100gm,Active,
652,22.12,Bearing tick and flea white hair dog shampoo 150ml,Pcs,Pet Care,Pet Food & Accessories,bearing-tick-and-flea-white-hair-dog-shampoo-150ml,Active,
653,22.11,Bearing tick and flea white hair dog shampoo 300ml,Pcs,Pet Care,Pet Food & Accessories,bearing-tick-and-flea-white-hair-dog-shampoo-300ml,Active,
763,22.13,Bonacibo adult dog lamb&rice 4kg,Pcs,Pet Care,Pet Food & Accessories,bonacibo-adult-dog-lamb-rice-4kg,Active,
907,4.164,Carpet brush venus,Pkt,Pet Care,Pet Food & Accessories,carpet-brush-venus,Active,
1286,9.756,Cute Pet Light Table USB Chargin,Pcs,Pet Care,Pet Food & Accessories,cute-pet-light-table-usb-chargin,Active,
1549,22.7,Dog food wet hong can 400gm,PC,Pet Care,Pet Food & Accessories,dog-food-wet-hong-can-400gm,Active,
1558,22.1,Dog pet deodorizing spray 150ml,PC,Pet Care,Pet Food & Accessories,dog-pet-deodorizing-spray-150ml,Active,
1559,22.2,Dog pet deodorizing spray 60ml,PC,Pet Care,Pet Food & Accessories,dog-pet-deodorizing-spray-60ml,Active,
1560,22.8,Dog pet wipes 90pcs,PC,Pet Care,Pet Food & Accessories,dog-pet-wipes-90pcs,Active,
1563,22.53,Dog toy bone TJWJ 146,Pcs,Pet Care,Pet Food & Accessories,dog-toy-bone-tjwj-146,Active,
1564,22.3,Dog toy bone TJWJ 147,Pcs,Pet Care,Pet Food & Accessories,dog-toy-bone-tjwj-147,Active,
1565,22.54,Dog toy chicken 16cm 647,Pcs,Pet Care,Pet Food & Accessories,dog-toy-chicken-16cm-647,Active,
1566,22.27,Dog toy shrilling chicken TJWJ 185,Pcs,Pet Care,Pet Food & Accessories,dog-toy-shrilling-chicken-tjwj-185,Active,
1569,9.71,Doll /Kitty popet Bag,Pcs,Pet Care,Pet Food & Accessories,doll-kitty-popet-bag,Active,
1999,2.373,Florona naturals petroleum jelly 120ml,Pcs,Pet Care,Pet Food & Accessories,florona-naturals-petroleum-jelly-120ml,Active,
2000,2.3731,Florona naturals petroleum jelly 60ml,Pcs,Pet Care,Pet Food & Accessories,florona-naturals-petroleum-jelly-60ml,Active,
2250,22.26,God&cat pet grooming FP-148,Pcs,Pet Care,Pet Food & Accessories,god-cat-pet-grooming-fp-148,Active,
2253,1.2015,Godrej Aer Spray Matic Petal/Violet,Pcs,Pet Care,Pet Food & Accessories,godrej-aer-spray-matic-petal-violet,Active,
2252,1.2053,Godrej aer petal click gel,Pcs,Pet Care,Pet Food & Accessories,godrej-aer-petal-click-gel,Active,
4228,2.682,Pamacare petroleum jelly 200g,pc,Pet Care,Pet Food & Accessories,pamacare-petroleum-jelly-200g,Active,
4230,2.1474,Pamacare pure Petroleum jelly 50g,PC,Pet Care,Pet Food & Accessories,pamacare-pure-petroleum-jelly-50g,Active,
4229,2.1483,Pamacare pure petroleum jelly 100g,PC,Pet Care,Pet Food & Accessories,pamacare-pure-petroleum-jelly-100g,Active,
4395,22.9,Pet glove wipe for dogs&cats 6pcs,PC,Pet Care,Pet Food & Accessories,pet-glove-wipe-for-dogs-cats-6pcs,Active,
4480,9.925,Plush Puppy Dog Coin Purse Keychain with Glasses,Pcs,Pet Care,Pet Food & Accessories,plush-puppy-dog-coin-purse-keychain-with-glasses,Active,
4665,9.835,R/C Sports Car Competitive no.789a-41,Pcs,Pet Care,Pet Food & Accessories,r-c-sports-car-competitive-no-789a-41,Active,
4767,2.2965,Redcarpet mix Deodorant Body spray 250ml,Pcs,Pet Care,Pet Food & Accessories,redcarpet-mix-deodorant-body-spray-250ml,Active,
4852,22.56,Royal canin puppy mini gravy 85gm,Pcs,Pet Care,Pet Food & Accessories,royal-canin-puppy-mini-gravy-85gm,Active,
5327,2.2511,Sumnima herbal rose petal water 100ml,Pcs,Pet Care,Pet Food & Accessories,sumnima-herbal-rose-petal-water-100ml,Active,
5328,2.3552,Sumnima herbal rose petal water 200ml,Pcs,Pet Care,Pet Food & Accessories,sumnima-herbal-rose-petal-water-200ml,Active,
5437,22.5,Teething set dog toys,Pcs,Pet Care,Pet Food & Accessories,teething-set-dog-toys,Active,
5684,2.2505,Vaseline Blueseal Petroleum jelly 100ml,Pcs,Pet Care,Pet Food & Accessories,vaseline-blueseal-petroleum-jelly-100ml,Active,
381,17.222,B.B Top,Pcs,Fashion & Accessories,Clothing & Accessories,b-b-top,Active,
627,17.258,BB jewellry mix earing,Pcs,Fashion & Accessories,Clothing & Accessories,bb-jewellry-mix-earing,Active,
400,3.37,Baby Dolphin / shishu Baby Cap honey Soother,PC,Fashion & Accessories,Clothing & Accessories,baby-dolphin-shishu-baby-cap-honey-soother,Active,
424,8.3,Baby polo sunglasses,Pcs,Fashion & Accessories,Clothing & Accessories,baby-polo-sunglasses,Active,
595,7.3701,Barari Chatpata Pani Puri150 gm,Pack,Fashion & Accessories,Clothing & Accessories,barari-chatpata-pani-puri150-gm,Active,
612,4.268,Bath belt Colorful long 202,PC,Fashion & Accessories,Clothing & Accessories,bath-belt-colorful-long-202,Active,
649,22.48,Bearing groomers choice conditioning cream rinse 360,Pcs,Fashion & Accessories,Clothing & Accessories,bearing-groomers-choice-conditioning-cream-rinse-360,Active,
654,22.49,Bearing tick&flea dog spray 250ml,Pcs,Fashion & Accessories,Clothing & Accessories,bearing-tick-flea-dog-spray-250ml,Active,
724,4.87,Birthday Cap Exclusive L new,pc,Fashion & Accessories,Clothing & Accessories,birthday-cap-exclusive-l-new,Active,
725,9.26,Birthday Cap Large,Pcs,Fashion & Accessories,Clothing & Accessories,birthday-cap-large,Active,
785,2.3886,Bosuya long-lasting+hairdressing wand touch up 30gm,Pcs,Fashion & Accessories,Clothing & Accessories,bosuya-long-lasting-hairdressing-wand-touch-up-30gm,Active,
795,17.98,Bra Set Jewelry,Pcs,Fashion & Accessories,Clothing & Accessories,bra-set-jewelry,Active,
796,17.293,Bracelet chen wala,Pcs,Fashion & Accessories,Clothing & Accessories,bracelet-chen-wala,Active,
798,17.291,Bracelet moti mix,Pack,Fashion & Accessories,Clothing & Accessories,bracelet-moti-mix,Active,
799,17.332,Bracelet moti mix ramro,Pcs,Fashion & Accessories,Clothing & Accessories,bracelet-moti-mix-ramro,Active,
800,17.277,Bracelet stainless steel,Pcs,Fashion & Accessories,Clothing & Accessories,bracelet-stainless-steel,Active,
806,9.525,Brands Toddler Ring stack the rings NO.0122,Pcs,Fashion & Accessories,Clothing & Accessories,brands-toddler-ring-stack-the-rings-no-0122,Active,
1201,1.1804,Comfort Moring Fresh /lily fresh 2ltr,Pcs,Fashion & Accessories,Clothing & Accessories,comfort-moring-fresh-lily-fresh-2ltr,Active,
1240,9.902,Crying Again Baby Kering no.2025-86,Pcs,Fashion & Accessories,Clothing & Accessories,crying-again-baby-kering-no-2025-86,Active,
1344,2.2733,Dekar Whitening Moisturing Cream 200gm,Pcs,Fashion & Accessories,Clothing & Accessories,dekar-whitening-moisturing-cream-200gm,Active,
1382,9.819,Desioner Fashion Jewelry Series ZD114,Pcs,Fashion & Accessories,Clothing & Accessories,desioner-fashion-jewelry-series-zd114,Active,
1383,9.82,Desioner Fashion Jewelry Series ZD117,Pcs,Fashion & Accessories,Clothing & Accessories,desioner-fashion-jewelry-series-zd117,Active,
1531,9.933,Diy Beading Fashion GirlsLet's,Pcs,Fashion & Accessories,Clothing & Accessories,diy-beading-fashion-girlslet-s,Active,
1543,22.37,Dog collar belt 1.5cm PQL86,Pcs,Fashion & Accessories,Clothing & Accessories,dog-collar-belt-1-5cm-pql86,Active,
1546,22.21,Dog collar belt YS-83,Pcs,Fashion & Accessories,Clothing & Accessories,dog-collar-belt-ys-83,Active,
1544,22.59,Dog collar belt foam 4cm,Pcs,Fashion & Accessories,Clothing & Accessories,dog-collar-belt-foam-4cm,Active,
1545,22.6,Dog collar belt spike ys-16,Pcs,Fashion & Accessories,Clothing & Accessories,dog-collar-belt-spike-ys-16,Active,
1547,22.57,Dog collar cat belt 06 1200pcs,Pcs,Fashion & Accessories,Clothing & Accessories,dog-collar-cat-belt-06-1200pcs,Active,
1562,22.4,Dog tick stop powder 150gm,PC,Fashion & Accessories,Clothing & Accessories,dog-tick-stop-powder-150gm,Active,
1702,17.78,Earing *jewelry,Pcs,Fashion & Accessories,Clothing & Accessories,earing-jewelry,Active,
1703,17.79,Earing *jewelry,Pcs,Fashion & Accessories,Clothing & Accessories,earing-jewelry,Active,
1704,17.8,Earing *jewelry,Pcs,Fashion & Accessories,Clothing & Accessories,earing-jewelry,Active,
1705,17.136,Earing *jewelry,Pcs,Fashion & Accessories,Clothing & Accessories,earing-jewelry,Active,
1706,17.137,Earing *jewelry,Pcs,Fashion & Accessories,Clothing & Accessories,earing-jewelry,Active,
1709,17.271,Earing 3pcs set,Pcs,Fashion & Accessories,Clothing & Accessories,earing-3pcs-set,Active,
1707,17.289,Earing 3pcs set fashion,Pcs,Fashion & Accessories,Clothing & Accessories,earing-3pcs-set-fashion,Active,
1708,17.282,Earing 3pcs set mix,Pcs,Fashion & Accessories,Clothing & Accessories,earing-3pcs-set-mix,Active,
1711,17.62,Earing 925,Pcs,Fashion & Accessories,Clothing & Accessories,earing-925,Active,
1710,17.281,Earing 925 bb jewellry,Pcs,Fashion & Accessories,Clothing & Accessories,earing-925-bb-jewellry,Active,
1712,17.69,Earing B.925,Pcs,Fashion & Accessories,Clothing & Accessories,earing-b-925,Active,
1713,17.56,Earing B.B,Pcs,Fashion & Accessories,Clothing & Accessories,earing-b-b,Active,
1730,17.59,Earing Jewelry,Pcs,Fashion & Accessories,Clothing & Accessories,earing-jewelry,Active,
1722,17.58,Earing Jewelry 925,Pcs,Fashion & Accessories,Clothing & Accessories,earing-jewelry-925,Active,
1723,17.228,Earing Jewelry 925star,Pcs,Fashion & Accessories,Clothing & Accessories,earing-jewelry-925star,Active,
1721,17.22,Earing Jewelry Fashion,Pcs,Fashion & Accessories,Clothing & Accessories,earing-jewelry-fashion,Active,
1724,17.135,Earing Jewelry no.925,Pcs,Fashion & Accessories,Clothing & Accessories,earing-jewelry-no-925,Active,
1727,17.219,Earing Jewelry925,Pcs,Fashion & Accessories,Clothing & Accessories,earing-jewelry925,Active,
1728,17.223,Earing Jewelry925,Pcs,Fashion & Accessories,Clothing & Accessories,earing-jewelry925,Active,
1729,17.224,Earing Jewelry925,Pcs,Fashion & Accessories,Clothing & Accessories,earing-jewelry925,Active,
1725,17.225,Earing Jewelry925 small,Pcs,Fashion & Accessories,Clothing & Accessories,earing-jewelry925-small,Active,
1726,17.226,Earing Jewelry92524pc,Pcs,Fashion & Accessories,Clothing & Accessories,earing-jewelry92524pc,Active,
1733,17.218,Earing S925,Pcs,Fashion & Accessories,Clothing & Accessories,earing-s925,Active,
1734,17.143,Earing Silver,Pcs,Fashion & Accessories,Clothing & Accessories,earing-silver,Active,
1735,17.87,Earing Sliver 2pc,Pcs,Fashion & Accessories,Clothing & Accessories,earing-sliver-2pc,Active,
1743,17.66,Earing Stone B.B Jwellary,Pcs,Fashion & Accessories,Clothing & Accessories,earing-stone-b-b-jwellary,Active,
1738,17.9,Earing Stone B.B Jwellary 12pc,Pcs,Fashion & Accessories,Clothing & Accessories,earing-stone-b-b-jwellary-12pc,Active,
1739,17.7,Earing Stone B.B Jwellary-19p,Pcs,Fashion & Accessories,Clothing & Accessories,earing-stone-b-b-jwellary-19p,Active,
1740,17.85,Earing Stone B.B Jwellary-2pc,Pcs,Fashion & Accessories,Clothing & Accessories,earing-stone-b-b-jwellary-2pc,Active,
1741,17.75,Earing Stone B.B Jwellary-4pc,Pcs,Fashion & Accessories,Clothing & Accessories,earing-stone-b-b-jwellary-4pc,Active,
1742,17.67,Earing Stone B.B Jwellary.3,Pcs,Fashion & Accessories,Clothing & Accessories,earing-stone-b-b-jwellary-3,Active,
1744,17.86,Earing Stone FASHION JEwellery 925,Pcs,Fashion & Accessories,Clothing & Accessories,earing-stone-fashion-jewellery-925,Active,
1745,17.63,Earing Stone Fashion Jwellary,Pcs,Fashion & Accessories,Clothing & Accessories,earing-stone-fashion-jwellary,Active,
1737,17.6,Earing Stone Jwellary925,Pcs,Fashion & Accessories,Clothing & Accessories,earing-stone-jwellary925,Active,
1746,17.93,Earing Stone Jwellary925,Pcs,Fashion & Accessories,Clothing & Accessories,earing-stone-jwellary925,Active,
1747,17.139,Earing Stone Jwellary925,Pcs,Fashion & Accessories,Clothing & Accessories,earing-stone-jwellary925,Active,
1748,17.142,Earing Stone Jwellary925,Pcs,Fashion & Accessories,Clothing & Accessories,earing-stone-jwellary925,Active,
1749,17.84,Earing Stone long B.B Jwellary,Pcs,Fashion & Accessories,Clothing & Accessories,earing-stone-long-b-b-jwellary,Active,
1701,17.57,Earing Top 925,Pcs,Fashion & Accessories,Clothing & Accessories,earing-top-925,Active,
1714,17.29,Earing big size,Pcs,Fashion & Accessories,Clothing & Accessories,earing-big-size,Active,
1719,17.88,Earing fashion,Pcs,Fashion & Accessories,Clothing & Accessories,earing-fashion,Active,
1718,17.65,Earing fashion mix,Pcs,Fashion & Accessories,Clothing & Accessories,earing-fashion-mix,Active,
1715,17.83,Earing fashion mix Stainless steel,Pcs,Fashion & Accessories,Clothing & Accessories,earing-fashion-mix-stainless-steel,Active,
1716,17.64,Earing fashion mix925,Pcs,Fashion & Accessories,Clothing & Accessories,earing-fashion-mix925,Active,
1717,17.82,Earing fashion mixJewelry,Pcs,Fashion & Accessories,Clothing & Accessories,earing-fashion-mixjewelry,Active,
1720,17.272,Earing flower desing mix,Pcs,Fashion & Accessories,Clothing & Accessories,earing-flower-desing-mix,Active,
1731,17.279,Earing korean,Pcs,Fashion & Accessories,Clothing & Accessories,earing-korean,Active,
1698,17.61,Earing mix925,Pcs,Fashion & Accessories,Clothing & Accessories,earing-mix925,Active,
1699,17.72,Earing mix925,Pcs,Fashion & Accessories,Clothing & Accessories,earing-mix925,Active,
1700,17.74,Earing mix925,Pcs,Fashion & Accessories,Clothing & Accessories,earing-mix925,Active,
1732,17.138,Earing moti,Pcs,Fashion & Accessories,Clothing & Accessories,earing-moti,Active,
1736,17.288,Earing stainless steel,Pack,Fashion & Accessories,Clothing & Accessories,earing-stainless-steel,Active,
1751,17.141,Earing top Medo -925,Pcs,Fashion & Accessories,Clothing & Accessories,earing-top-medo-925,Active,
1752,17.14,Earing top moti,Pcs,Fashion & Accessories,Clothing & Accessories,earing-top-moti,Active,
1753,17.118,Earing with moti jhumka9330,Pcs,Fashion & Accessories,Clothing & Accessories,earing-with-moti-jhumka9330,Active,
1754,17.77,EaringB.B *jewelry moti,Pcs,Fashion & Accessories,Clothing & Accessories,earingb-b-jewelry-moti,Active,
1755,17.144,EaringB.B *jewelry moti,Pcs,Fashion & Accessories,Clothing & Accessories,earingb-b-jewelry-moti,Active,
1797,2.948,Enchanteur Alluring Body /Mist enticing/Stunning 150m,Pc,Fashion & Accessories,Clothing & Accessories,enchanteur-alluring-body-mist-enticing-stunning-150m,Active,
1796,2.532,Enchanteur roll on Alluring /Romantic /Charming mix50ml,pc,Fashion & Accessories,Clothing & Accessories,enchanteur-roll-on-alluring-romantic-charming-mix50ml,Active,
1925,17.418,Fashion Comb 2 pcs Set,Pcs,Fashion & Accessories,Clothing & Accessories,fashion-comb-2-pcs-set,Active,
1926,17.426,Fashion Jewelery Baby Side clip set,Pcs,Fashion & Accessories,Clothing & Accessories,fashion-jewelery-baby-side-clip-set,Active,
2355,17.345,Hair Scrunchies,Pcs,Fashion & Accessories,Clothing & Accessories,hair-scrunchies,Active,
2428,9.692,Happy Birthday Foam Cap,Pcs,Fashion & Accessories,Clothing & Accessories,happy-birthday-foam-cap,Active,
2431,9.94,Happy Day Fashion Model no.ZR-555,Pcs,Fashion & Accessories,Clothing & Accessories,happy-day-fashion-model-no-zr-555,Active,
2432,9.728,Happy Dinosaur ring toss gameNo.HD9058,Pcs,Fashion & Accessories,Clothing & Accessories,happy-dinosaur-ring-toss-gameno-hd9058,Active,
2511,1.1004,Henko matic top load 1kg+500g,box,Fashion & Accessories,Clothing & Accessories,henko-matic-top-load-1kg-500g,Active,
2670,2.3347,Himalayan Dark Spot Clearing Face Mask 30g,Pcs,Fashion & Accessories,Clothing & Accessories,himalayan-dark-spot-clearing-face-mask-30g,Active,
2718,1.443,Huggies Wonder Pant M32,pc,Fashion & Accessories,Clothing & Accessories,huggies-wonder-pant-m32,Active,
2746,1.1565,Indulekha Bringha Oil 100ml,Pcs,Fashion & Accessories,Clothing & Accessories,indulekha-bringha-oil-100ml,Active,
2747,1.1564,Indulekha Bringha Oil 200ml,Pcs,Fashion & Accessories,Clothing & Accessories,indulekha-bringha-oil-200ml,Active,
2801,17.26,Jewelry earing mix,Pcs,Fashion & Accessories,Clothing & Accessories,jewelry-earing-mix,Active,
3023,7.463,Khattu 100g,pkt,Fashion & Accessories,Clothing & Accessories,khattu-100g,Active,
31,9.85,Lovely Fashion Dreamy no.6635-2,Pcs,Fashion & Accessories,Clothing & Accessories,lovely-fashion-dreamy-no-6635-2,Active,
32,9.849,Lovely Fashion Dreamy no.6643,Pcs,Fashion & Accessories,Clothing & Accessories,lovely-fashion-dreamy-no-6643,Active,
3602,9.801,Merry cap,Pcs,Fashion & Accessories,Clothing & Accessories,merry-cap,Active,
3645,5.984,Milky mist capella dark chooclate 55% hazelnut 40gm,Pcs,Fashion & Accessories,Clothing & Accessories,milky-mist-capella-dark-chooclate-55-hazelnut-40gm,Active,
3646,5.98,Milky mist capella dark chooclate 55% hazelnut 80gm,Pcs,Fashion & Accessories,Clothing & Accessories,milky-mist-capella-dark-chooclate-55-hazelnut-80gm,Active,
3847,3.367,Mumlove Baby Fruit Feeder with ring 6107,Pcs,Fashion & Accessories,Clothing & Accessories,mumlove-baby-fruit-feeder-with-ring-6107,Active,
4098,9.802,Normal cap,Pcs,Fashion & Accessories,Clothing & Accessories,normal-cap,Active,
4166,5.1139,Onion rings flavoured 50gm,Pcs,Fashion & Accessories,Clothing & Accessories,onion-rings-flavoured-50gm,Active,
4167,5.1138,Onion rings flavoured 90gm,Pcs,Fashion & Accessories,Clothing & Accessories,onion-rings-flavoured-90gm,Active,
4192,4.1464,Otto food contanier feel fresh ring 300ml,Pcs,Fashion & Accessories,Clothing & Accessories,otto-food-contanier-feel-fresh-ring-300ml,Active,
4489,5.183,POLO ring,pc,Fashion & Accessories,Clothing & Accessories,polo-ring,Active,
4290,7.625,Parle Top 200g,pkt,Fashion & Accessories,Clothing & Accessories,parle-top-200g,Active,
4294,1.1734,Parlede Toilet Wc Ring PLD.016,Pcs,Fashion & Accessories,Clothing & Accessories,parlede-toilet-wc-ring-pld-016,Active,
4370,17.423,Pearl Fluffy Scrunchie,Pcs,Fashion & Accessories,Clothing & Accessories,pearl-fluffy-scrunchie,Active,
4488,17.425,Polka Dot piping Scrunchie,Pcs,Fashion & Accessories,Clothing & Accessories,polka-dot-piping-scrunchie,Active,
4516,7.3453,Poshan Food Black Gahat Geda 500gm,Pcs,Fashion & Accessories,Clothing & Accessories,poshan-food-black-gahat-geda-500gm,Active,
4594,7.1361,Pringles mix 42g,PC,Fashion & Accessories,Clothing & Accessories,pringles-mix-42g,Active,
4595,7.1382,Pringles original & mix 110g,PC,Fashion & Accessories,Clothing & Accessories,pringles-original-mix-110g,Active,
4734,7.3938,Ratna malika reasted bhatmas 160gm,Pcs,Fashion & Accessories,Clothing & Accessories,ratna-malika-reasted-bhatmas-160gm,Active,
4797,9.864,Ring Paino no.8028,Pcs,Fashion & Accessories,Clothing & Accessories,ring-paino-no-8028,Active,
4965,1.1085,Savitri Rahat incense sticks,Pcs,Fashion & Accessories,Clothing & Accessories,savitri-rahat-incense-sticks,Active,
5237,17.447,Stainless Steel Crystal Bead Hoop Earring,Pcs,Fashion & Accessories,Clothing & Accessories,stainless-steel-crystal-bead-hoop-earring,Active,
5431,9.793,Talkine cap,Pcs,Fashion & Accessories,Clothing & Accessories,talkine-cap,Active,
5579,17.15,Top black for black,Pcs,Fashion & Accessories,Clothing & Accessories,top-black-for-black,Active,
5715,17.424,Velvet Rhinestone Scrunchie 119H,Pcs,Fashion & Accessories,Clothing & Accessories,velvet-rhinestone-scrunchie-119h,Active,
5992,2.3529,Zerona Derma Hydra Moisturing Lotion 100g,Pcs,Fashion & Accessories,Clothing & Accessories,zerona-derma-hydra-moisturing-lotion-100g,Active,
1750,17.68,earing stone,Pcs,Fashion & Accessories,Clothing & Accessories,earing-stone,Active,
1927,17.506,fashion Jewelry gold camellia flower stud earrings,Pcs,Fashion & Accessories,Clothing & Accessories,fashion-jewelry-gold-camellia-flower-stud-earrings,Active,
2929,17.215,kata fashion,Pcs,Fashion & Accessories,Clothing & Accessories,kata-fashion,Active,
5931,17.275,yaring blue bell,Pcs,Fashion & Accessories,Clothing & Accessories,yaring-blue-bell,Active,
398,17.152,Baby Crown light,Pcs,Festive & Gift,"Gifts, Balloons & Decorations",baby-crown-light,Active,
412,17.306,Baby hair bank flower,Pcs,Festive & Gift,"Gifts, Balloons & Decorations",baby-hair-bank-flower,Active,
491,9.152,Balloon 50pcs solid color 12,Pcs,Festive & Gift,"Gifts, Balloons & Decorations",balloon-50pcs-solid-color-12,Active,
492,9.691,Balloon Heart,Pcs,Festive & Gift,"Gifts, Balloons & Decorations",balloon-heart,Active,
493,9.568,Balloon Heart 1 pc,Pcs,Festive & Gift,"Gifts, Balloons & Decorations",balloon-heart-1-pc,Active,
664,2.55,Bee & Flower shoe polish,pc,Festive & Gift,"Gifts, Balloons & Decorations",bee-flower-shoe-polish,Active,
721,9.775,Birthday Badge,Pcs,Festive & Gift,"Gifts, Balloons & Decorations",birthday-badge,Active,
722,9.15,Birthday Ballons,Pcs,Festive & Gift,"Gifts, Balloons & Decorations",birthday-ballons,Active,
723,9.157,Birthday Banner Letter,Pcs,Festive & Gift,"Gifts, Balloons & Decorations",birthday-banner-letter,Active,
726,9.385,Birthday Mental Crown,Pcs,Festive & Gift,"Gifts, Balloons & Decorations",birthday-mental-crown,Active,
727,9.815,Birthday ribbon 18cm,Pcs,Festive & Gift,"Gifts, Balloons & Decorations",birthday-ribbon-18cm,Active,
728,9.869,Birthday ribbon rs 5,Pcs,Festive & Gift,"Gifts, Balloons & Decorations",birthday-ribbon-rs-5,Active,
729,9.87,Birthday ribbon rs10,Pcs,Festive & Gift,"Gifts, Balloons & Decorations",birthday-ribbon-rs10,Active,
730,9.769,Birthday sash +++,Pcs,Festive & Gift,"Gifts, Balloons & Decorations",birthday-sash,Active,
731,9.814,Birthday wish card,Pcs,Festive & Gift,"Gifts, Balloons & Decorations",birthday-wish-card,Active,
1768,10.483,Elegant flower Dairy Mb-808-1,Pcs,Festive & Gift,"Gifts, Balloons & Decorations",elegant-flower-dairy-mb-808-1,Active,
1776,5.947,Elvan Party Mix 400g,Pack,Festive & Gift,"Gifts, Balloons & Decorations",elvan-party-mix-400g,Active,
2004,4.1361,Flower thormas,Pcs,Festive & Gift,"Gifts, Balloons & Decorations",flower-thormas,Active,
2068,7.4647,Fortune Refined Sunflower Oil 5 ltr,Pack,Festive & Gift,"Gifts, Balloons & Decorations",fortune-refined-sunflower-oil-5-ltr,Active,
2426,9.76,Happy Birthday bag,Pcs,Festive & Gift,"Gifts, Balloons & Decorations",happy-birthday-bag,Active,
2427,9.774,Happy Birthday banner princess/prince,Pcs,Festive & Gift,"Gifts, Balloons & Decorations",happy-birthday-banner-princess-prince,Active,
2429,9.776,Happy Birthday photo props,Pcs,Festive & Gift,"Gifts, Balloons & Decorations",happy-birthday-photo-props,Active,
2499,9.813,Heart balloon,Pcs,Festive & Gift,"Gifts, Balloons & Decorations",heart-balloon,Active,
2593,3.135,Himalaya Baby Care Gift Pack,PC,Festive & Gift,"Gifts, Balloons & Decorations",himalaya-baby-care-gift-pack,Active,
2618,3.643,Himalaya happy baby gift pack,Pack,Festive & Gift,"Gifts, Balloons & Decorations",himalaya-happy-baby-gift-pack,Active,
2619,3.601,Himalaya happy baby travel gift pack,Pack,Festive & Gift,"Gifts, Balloons & Decorations",himalaya-happy-baby-travel-gift-pack,Active,
2920,17.324,Kata 2side flower mix,Pcs,Festive & Gift,"Gifts, Balloons & Decorations",kata-2side-flower-mix,Active,
2930,17.334,Kata flower & Stone design mix,Pcs,Festive & Gift,"Gifts, Balloons & Decorations",kata-flower-stone-design-mix,Active,
2931,17.304,Kata flower design mix,Pcs,Festive & Gift,"Gifts, Balloons & Decorations",kata-flower-design-mix,Active,
2933,17.32,Kata flower mix cute,Pcs,Festive & Gift,"Gifts, Balloons & Decorations",kata-flower-mix-cute,Active,
2934,17.319,Kata flower mix ramro,Pcs,Festive & Gift,"Gifts, Balloons & Decorations",kata-flower-mix-ramro,Active,
2944,17.212,Kata printed flower,Pcs,Festive & Gift,"Gifts, Balloons & Decorations",kata-printed-flower,Active,
3030,17.404,Kids Cartoon hair Accessories Gift combo set,Pcs,Festive & Gift,"Gifts, Balloons & Decorations",kids-cartoon-hair-accessories-gift-combo-set,Active,
3774,9.806,Mixed gift,Pcs,Festive & Gift,"Gifts, Balloons & Decorations",mixed-gift,Active,
4079,2.3816,Nivea soft get party ready with berry blossom 100ml,Pcs,Festive & Gift,"Gifts, Balloons & Decorations",nivea-soft-get-party-ready-with-berry-blossom-100ml,Active,
4295,9.566,Party Baza Balloon,Pcs,Festive & Gift,"Gifts, Balloons & Decorations",party-baza-balloon,Active,
4296,9.167,Party Popper Large Size,Pcs,Festive & Gift,"Gifts, Balloons & Decorations",party-popper-large-size,Active,
4297,9.145,Party Popper Medium Size,Pcs,Festive & Gift,"Gifts, Balloons & Decorations",party-popper-medium-size,Active,
4298,9.166,Party Popper Small Size,Pcs,Festive & Gift,"Gifts, Balloons & Decorations",party-popper-small-size,Active,
4428,4.1226,Playing Card Golden E50,Pcs,Festive & Gift,"Gifts, Balloons & Decorations",playing-card-golden-e50,Active,
4484,9.594,Pokemon / Naruto / Labubu card 6+,Pcs,Festive & Gift,"Gifts, Balloons & Decorations",pokemon-naruto-labubu-card-6,Active,
4957,9.562,Sash Birthday Pkt,Pcs,Festive & Gift,"Gifts, Balloons & Decorations",sash-birthday-pkt,Active,
5000,9.81,Sent flower,Pcs,Festive & Gift,"Gifts, Balloons & Decorations",sent-flower,Active,
5337,7.632,Sun-Moon Sunflower Oil 5ltr,Jar,Festive & Gift,"Gifts, Balloons & Decorations",sun-moon-sunflower-oil-5ltr,Active,
5336,7.1626,Sun-moon sunflower oli 2ltr,PC,Festive & Gift,"Gifts, Balloons & Decorations",sun-moon-sunflower-oli-2ltr,Active,
5343,7.1582,Sunflow Sunflower Oil 5ltr,PC,Festive & Gift,"Gifts, Balloons & Decorations",sunflow-sunflower-oil-5ltr,Active,
5344,7.178,Sunmoon Refined sunflower oil (1ltr),PC,Festive & Gift,"Gifts, Balloons & Decorations",sunmoon-refined-sunflower-oil-1ltr,Active,
51,7.813,Sunmoon Sunflower oil 500ml pouch,pc,Festive & Gift,"Gifts, Balloons & Decorations",sunmoon-sunflower-oil-500ml-pouch,Active,
5541,7.4555,Tirsana sunflower kernels 200gm,Pack,Festive & Gift,"Gifts, Balloons & Decorations",tirsana-sunflower-kernels-200gm,Active,
5648,9.595,UNO Doramon Card game no.033,Pcs,Festive & Gift,"Gifts, Balloons & Decorations",uno-doramon-card-game-no-033,Active,
5650,9.644,UOU party balloons 50pcs,Pack,Festive & Gift,"Gifts, Balloons & Decorations",uou-party-balloons-50pcs,Active,
2073,7.4656,fortune Sun Lite refined Sunflower Oil 910g,Pcs,Festive & Gift,"Gifts, Balloons & Decorations",fortune-sun-lite-refined-sunflower-oil-910g,Active,
165,2.3194,Acnes Scar Care,Pcs,Automotive & Utility,Automotive / Utility Items,acnes-scar-care,Active,
717,9.469,Bike 238,Pcs,Automotive & Utility,Automotive / Utility Items,bike-238,Active,
864,9.904,Bullet bike Moto Racing,Pcs,Automotive & Utility,Automotive / Utility Items,bullet-bike-moto-racing,Active,
1083,9.931,City Racing Monster Car no.jw567-035,Pcs,Automotive & Utility,Automotive / Utility Items,city-racing-monster-car-no-jw567-035,Active,
1099,9.635,Climbers R/c Off-Road Vehicle Series No.807-4,Pcs,Automotive & Utility,Automotive / Utility Items,climbers-r-c-off-road-vehicle-series-no-807-4,Active,
1442,9.9,Die-Cast Car - Catapult Press To Elect The Car,Pcs,Automotive & Utility,Automotive / Utility Items,die-cast-car-catapult-press-to-elect-the-car,Active,
1996,4.1519,Floor wiper chinese,Pcs,Automotive & Utility,Automotive / Utility Items,floor-wiper-chinese,Active,
2096,9.661,Funny car no.nr617-329,Pcs,Automotive & Utility,Automotive / Utility Items,funny-car-no-nr617-329,Active,
2255,1.1043,Godrej aer twist gel Car scent45g,Pcs,Automotive & Utility,Automotive / Utility Items,godrej-aer-twist-gel-car-scent45g,Active,
2421,4.1401,Handy wipers 2156 window wiper,Pcs,Automotive & Utility,Automotive / Utility Items,handy-wipers-2156-window-wiper,Active,
3605,9.844,Metal Car Yc 502-78,Pcs,Automotive & Utility,Automotive / Utility Items,metal-car-yc-502-78,Active,
3606,9.843,Metal Car Yc 508-f12,Pcs,Automotive & Utility,Automotive / Utility Items,metal-car-yc-508-f12,Active,
3604,9.851,Metal Car no.557,Pcs,Automotive & Utility,Automotive / Utility Items,metal-car-no-557,Active,
3895,4.188,My Car Care Micro Fiber Cloth,Pc,Automotive & Utility,Automotive / Utility Items,my-car-care-micro-fiber-cloth,Active,
4152,1.84,OKS car care wash sponge,PKT,Automotive & Utility,Automotive / Utility Items,oks-car-care-wash-sponge,Active,
4591,9.928,Press the whistle Animal Car 3+,Pcs,Automotive & Utility,Automotive / Utility Items,press-the-whistle-animal-car-3,Active,
4655,9.642,R/C Car Charge no.23-6gA,Pcs,Automotive & Utility,Automotive / Utility Items,r-c-car-charge-no-23-6ga,Active,
4657,9.624,R/C Climbing The Wall STUNT CAR NO.920,Pcs,Automotive & Utility,Automotive / Utility Items,r-c-climbing-the-wall-stunt-car-no-920,Active,
4662,9.63,R/C MODEL CAR no.JHpcs5,Pcs,Automotive & Utility,Automotive / Utility Items,r-c-model-car-no-jhpcs5,Active,
4660,9.929,R/C Model Car NO.777-7,Pcs,Automotive & Utility,Automotive / Utility Items,r-c-model-car-no-777-7,Active,
4661,9.627,R/C Model Car NO.CR-147-1 A,Pcs,Automotive & Utility,Automotive / Utility Items,r-c-model-car-no-cr-147-1-a,Active,
4664,9.83,R/C Off-Road Vehicle No.998,Pcs,Automotive & Utility,Automotive / Utility Items,r-c-off-road-vehicle-no-998,Active,
4666,9.829,R/C Spray Racing Car NO.By908-29,Pcs,Automotive & Utility,Automotive / Utility Items,r-c-spray-racing-car-no-by908-29,Active,
4667,9.791,R/C Spray Racing Car NO.no.797-37,Pcs,Automotive & Utility,Automotive / Utility Items,r-c-spray-racing-car-no-no-797-37,Active,
4813,9.535,Rolling Car New no.20-7fa,Pcs,Automotive & Utility,Automotive / Utility Items,rolling-car-new-no-20-7fa,Active,
5121,9.937,Sliding Rail Car 3+,Pcs,Automotive & Utility,Automotive / Utility Items,sliding-rail-car-3,Active,
5231,9.846,Spray Racing Full Funciton R/C Vehicle no.JT615,Pcs,Automotive & Utility,Automotive / Utility Items,spray-racing-full-funciton-r-c-vehicle-no-jt615,Active,
5258,1.1645,Steel Wiper Floor,Pcs,Automotive & Utility,Automotive / Utility Items,steel-wiper-floor,Active,
5298,9.847,Stunt Car Boy& Gir no.ZX528,Pcs,Automotive & Utility,Automotive / Utility Items,stunt-car-boy-gir-no-zx528,Active,
5299,9.927,Stunt Car No.D402-01,Pcs,Automotive & Utility,Automotive / Utility Items,stunt-car-no-d402-01,Active,
5300,9.119,Stunt car R/c 3045-2,Pcs,Automotive & Utility,Automotive / Utility Items,stunt-car-r-c-3045-2,Active,
5905,4.1386,Wiper 2223,Pcs,Automotive & Utility,Automotive / Utility Items,wiper-2223,Active,
5906,4.123,Wiper Chinese Medium,pc,Automotive & Utility,Automotive / Utility Items,wiper-chinese-medium,Active,
1997,4.1127,floor wiper simple,Pcs,Automotive & Utility,Automotive / Utility Items,floor-wiper-simple,Active,
175,6.331,Adailya hooka flv lady killer,Pcs,Smoking Accessories,Hookah & Smoking Accessories,adailya-hooka-flv-lady-killer,Active,
1128,6.333,Coconut charcoal 1kg,Pack,Smoking Accessories,Hookah & Smoking Accessories,coconut-charcoal-1kg,Active,
1129,6.335,Coconut charcoal 250gm,Pcs,Smoking Accessories,Hookah & Smoking Accessories,coconut-charcoal-250gm,Active,
1154,1.157,Colgate Charcoal.Clean 120g,PC,Smoking Accessories,Hookah & Smoking Accessories,colgate-charcoal-clean-120g,Active,
1341,2.898,Dekar whitening charcoal facial mask100g,pc,Smoking Accessories,Hookah & Smoking Accessories,dekar-whitening-charcoal-facial-mask100g,Active,
2149,2.2651,Garnier pure black mask Charcoal 28g,Pcs,Smoking Accessories,Hookah & Smoking Accessories,garnier-pure-black-mask-charcoal-28g,Active,
2669,4.1248,Himalayan Charcoal Pellet 2 kg,Pcs,Smoking Accessories,Hookah & Smoking Accessories,himalayan-charcoal-pellet-2-kg,Active,
2675,2.3516,Himalayan Pollution Detox Charcoal Face Sheet Mask 28g,Pcs,Smoking Accessories,Hookah & Smoking Accessories,himalayan-pollution-detox-charcoal-face-sheet-mask-28g,Active,
2698,6.28,Hooka cone small,Pcs,Smoking Accessories,Hookah & Smoking Accessories,hooka-cone-small,Active,
2699,6.295,Hooka flv mint,Pcs,Smoking Accessories,Hookah & Smoking Accessories,hooka-flv-mint,Active,
2728,6.286,Hukka flv export,Pcs,Smoking Accessories,Hookah & Smoking Accessories,hukka-flv-export,Active,
70,9.8,2 pcs star,Pcs,Other / Needs Review,Unclassified,2-pcs-star,Active,
71,2.3597,2-in-1 iiberinaii liquid matte lipstic,Pcs,Other / Needs Review,Unclassified,2-in-1-iiberinaii-liquid-matte-lipstic,Active,
72,5.688,2pm Akabare twigs 80g,pkt,Other / Needs Review,Unclassified,2pm-akabare-twigs-80g,Active,
87,9.116,360 Degree spining car,Pcs,Other / Needs Review,Unclassified,360-degree-spining-car,Active,
90,9.731,3D Light/Happy Frog Tortoise Music &Lighting NO.YT813B/,Pcs,Other / Needs Review,Unclassified,3d-light-happy-frog-tortoise-music-lighting-no-yt813b,Active,
91,9.734,3D Light/Happy Frog Tortoise Music &Lighting NO.YT813B/,Pcs,Other / Needs Review,Unclassified,3d-light-happy-frog-tortoise-music-lighting-no-yt813b,Active,
89,2.3836,3D eyeshiley,Pack,Other / Needs Review,Unclassified,3d-eyeshiley,Active,
101,4.9,4 step pedicure Paddle,Pcs,Other / Needs Review,Unclassified,4-step-pedicure-paddle,Active,
105,9.795,7-9 beld wala kapada,Pcs,Other / Needs Review,Unclassified,7-9-beld-wala-kapada,Active,
106,6.34,8 peaks himalayas everest world 375ml,Pcs,Other / Needs Review,Unclassified,8-peaks-himalayas-everest-world-375ml,Active,
107,6.341,8 peaks himalayas everest world 750ml,Pcs,Other / Needs Review,Unclassified,8-peaks-himalayas-everest-world-750ml,Active,
108,9.794,8-10 kapada,Pcs,Other / Needs Review,Unclassified,8-10-kapada,Active,
109,6.267,8848 Made in the himalayan rye voodka 180,Pcs,Other / Needs Review,Unclassified,8848-made-in-the-himalayan-rye-voodka-180,Active,
110,6.269,8848 Made in the himalayan rye voodka 750ml,Pcs,Other / Needs Review,Unclassified,8848-made-in-the-himalayan-rye-voodka-750ml,Active,
115,7.3214,9am Green Peas 825gm,Pcs,Other / Needs Review,Unclassified,9am-green-peas-825gm,Active,
117,10.557,A5 dairy,Pcs,Other / Needs Review,Unclassified,a5-dairy,Active,
293,2.2474,AQZY Liquid Blush AB011,Pcs,Other / Needs Review,Unclassified,aqzy-liquid-blush-ab011,Active,
303,1.1161,ARIEL matic FRONT LOAD 4kg+2kg free,BAG,Other / Needs Review,Unclassified,ariel-matic-front-load-4kg-2kg-free,Active,
347,2.119,ASTA BERRY UV Guard spf 30 100ml,PC,Other / Needs Review,Unclassified,asta-berry-uv-guard-spf-30-100ml,Active,
123,7.4064,Aama ko choila paste 380gm,Pcs,Other / Needs Review,Unclassified,aama-ko-choila-paste-380gm,Active,
152,17.422,Accessory Lining Ruber 294G,Pcs,Other / Needs Review,Unclassified,accessory-lining-ruber-294g,Active,
159,2.733,Acne pimple patch cystic 36pcs,Pcs,Other / Needs Review,Unclassified,acne-pimple-patch-cystic-36pcs,Active,
160,2.236,Acnes Creamy Wash 150g,Pcs,Other / Needs Review,Unclassified,acnes-creamy-wash-150g,Active,
163,2.1309,Acnes Creamy wash 100g,PC,Other / Needs Review,Unclassified,acnes-creamy-wash-100g,Active,
190,17.357,Aishu Comb Series 6003,Pcs,Other / Needs Review,Unclassified,aishu-comb-series-6003,Active,
211,5.1061,Aiwibi australia premium newborn formula 1,Pcs,Other / Needs Review,Unclassified,aiwibi-australia-premium-newborn-formula-1,Active,
212,5.1062,Aiwibi australia premium newborn formula 2,Pcs,Other / Needs Review,Unclassified,aiwibi-australia-premium-newborn-formula-2,Active,
213,3.645,Aiwibi autralia baby mosquito repellent patches,PC,Other / Needs Review,Unclassified,aiwibi-autralia-baby-mosquito-repellent-patches,Active,
219,1.1729,Aiwina ultra -thin 320mm 8pads,Pcs,Other / Needs Review,Unclassified,aiwina-ultra-thin-320mm-8pads,Active,
262,5.761,Amul Fruit (N) Nut 150gm,Pcs,Other / Needs Review,Unclassified,amul-fruit-n-nut-150gm,Active,
275,2.4013,Anylady baked magic blusher palete,Pcs,Other / Needs Review,Unclassified,anylady-baked-magic-blusher-palete,Active,
279,7.3779,Apis Saffron 0.5g,Pcs,Other / Needs Review,Unclassified,apis-saffron-0-5g,Active,
294,7.614,Arahar daal 1kg,pc,Other / Needs Review,Unclassified,arahar-daal-1kg,Active,
297,2.2318,Argan Treatment hair film sleek &smooth 1000ml,Pcs,Other / Needs Review,Unclassified,argan-treatment-hair-film-sleek-smooth-1000ml,Active,
298,1.19,Arial surf 1kg,PC,Other / Needs Review,Unclassified,arial-surf-1kg,Active,
300,1.998,Ariel Matic Fromt load jaar 3kg,Jaar,Other / Needs Review,Unclassified,ariel-matic-fromt-load-jaar-3kg,Active,
302,1.997,Ariel Matic Front load 2kg,box,Other / Needs Review,Unclassified,ariel-matic-front-load-2kg,Active,
304,1.2182,Ariel Matic Liquid pouch 2ltr,Pcs,Other / Needs Review,Unclassified,ariel-matic-liquid-pouch-2ltr,Active,
305,1.1835,Ariel Matic Liquid pouch 900g,Pack,Other / Needs Review,Unclassified,ariel-matic-liquid-pouch-900g,Active,
301,1.991,Ariel matic Front load 1kg pack,pkt,Other / Needs Review,Unclassified,ariel-matic-front-load-1kg-pack,Active,
306,1.2247,Ariel power gel front load 3.2kg,Pcs,Other / Needs Review,Unclassified,ariel-power-gel-front-load-3-2kg,Active,
308,1.289,Ariel surf 500g,pc,Other / Needs Review,Unclassified,ariel-surf-500g,Active,
314,6.218,Arna Strong 330ml,Pcs,Other / Needs Review,Unclassified,arna-strong-330ml,Active,
324,2.3265,Asta Berry Aloe Vera Gel 100ml,Pcs,Other / Needs Review,Unclassified,asta-berry-aloe-vera-gel-100ml,Active,
331,2.3293,Asta Berry Glow Creme 50g,Pcs,Other / Needs Review,Unclassified,asta-berry-glow-creme-50g,Active,
335,2.3828,Asta berry ikin was strips,Pcs,Other / Needs Review,Unclassified,asta-berry-ikin-was-strips,Active,
367,9.615,Avenders mask speech,Pcs,Other / Needs Review,Unclassified,avenders-mask-speech,Active,
368,21.81,Azzabko 21Love 1000ml,Pcs,Other / Needs Review,Unclassified,azzabko-21love-1000ml,Active,
375,21.82,Azzabko Strawberry 1000ml,Pcs,Other / Needs Review,Unclassified,azzabko-strawberry-1000ml,Active,
377,21.83,Azzabko Vanilla 500ml,Pcs,Other / Needs Review,Unclassified,azzabko-vanilla-500ml,Active,
378,21.88,Azzahko Vanilla 1000ml,Pcs,Other / Needs Review,Unclassified,azzahko-vanilla-1000ml,Active,
383,2.3653,B.G nail polish 14ml,Pcs,Other / Needs Review,Unclassified,b-g-nail-polish-14ml,Active,
382,2.1016,B.G nail polish 14ml korean,Pcs,Other / Needs Review,Unclassified,b-g-nail-polish-14ml-korean,Active,
737,5.1066,BK rich cream fudge 400gm,Pcs,Other / Needs Review,Unclassified,bk-rich-cream-fudge-400gm,Active,
747,10.523,BLACK PINK mix Dairy Pu-009,Pcs,Other / Needs Review,Unclassified,black-pink-mix-dairy-pu-009,Active,
846,2.3381,BTC silk & shine treatment creme brown 500ml,Pcs,Other / Needs Review,Unclassified,btc-silk-shine-treatment-creme-brown-500ml,Active,
386,2.2509,Babari,Pcs,Other / Needs Review,Unclassified,babari,Active,
390,9.751,Baby Barbi Little girl CT-34,Pcs,Other / Needs Review,Unclassified,baby-barbi-little-girl-ct-34,Active,
402,3.616,Baby Fruit and vegetable nibble no.9259,Pcs,Other / Needs Review,Unclassified,baby-fruit-and-vegetable-nibble-no-9259,Active,
434,17.24,Baby Star clip 5pc pkt,Pcs,Other / Needs Review,Unclassified,baby-star-clip-5pc-pkt,Active,
449,9.746,Baby Travel Potty 360,Pcs,Other / Needs Review,Unclassified,baby-travel-potty-360,Active,
389,17.276,Baby bacelet,Pcs,Other / Needs Review,Unclassified,baby-bacelet,Active,
392,9.764,Baby boy chu-chu NO.YF018,Pcs,Other / Needs Review,Unclassified,baby-boy-chu-chu-no-yf018,Active,
415,17.311,Baby kata small box,Pack,Other / Needs Review,Unclassified,baby-kata-small-box,Active,
417,2.1488,Baby lips,PC,Other / Needs Review,Unclassified,baby-lips,Active,
430,17.19,Baby set Rubbe box,Pcs,Other / Needs Review,Unclassified,baby-set-rubbe-box,Active,
428,17.297,Baby set clip,Pack,Other / Needs Review,Unclassified,baby-set-clip,Active,
432,17.387,Baby side clip 6pc set,Pcs,Other / Needs Review,Unclassified,baby-side-clip-6pc-set,Active,
474,2.2811,Bajaj Coconut oil 90ml,Pcs,Other / Needs Review,Unclassified,bajaj-coconut-oil-90ml,Active,
473,2.281,Bajaj coconut Oil 175ml,Pcs,Other / Needs Review,Unclassified,bajaj-coconut-oil-175ml,Active,
546,7.926,BamBino Hot n Sour Vegetable/ tomato soup,pc,Other / Needs Review,Unclassified,bambino-hot-n-sour-vegetable-tomato-soup,Active,
548,7.842,BamBino Macaroni 155g,pc,Other / Needs Review,Unclassified,bambino-macaroni-155g,Active,
551,7.846,BamBino Mixed Vegetable Soup,pc,Other / Needs Review,Unclassified,bambino-mixed-vegetable-soup,Active,
552,7.849,BamBino Mushroom Soup,pc,Other / Needs Review,Unclassified,bambino-mushroom-soup,Active,
561,7.845,BamBino Sweet Corn Vegetable Soup50g,pc,Other / Needs Review,Unclassified,bambino-sweet-corn-vegetable-soup50g,Active,
544,7.875,Bambino Gulab Jamun mix 500g,pc,Other / Needs Review,Unclassified,bambino-gulab-jamun-mix-500g,Active,
550,7.1309,Bambino Macaroni pep shell/elbows/pipe regate 350g,PC,Other / Needs Review,Unclassified,bambino-macaroni-pep-shell-elbows-pipe-regate-350g,Active,
556,7.3033,Bambino Rosetta Spaghetti 5gm,Pcs,Other / Needs Review,Unclassified,bambino-rosetta-spaghetti-5gm,Active,
558,7.505,Bambino Soan papdi Zero Colestrol 250g,pkt,Other / Needs Review,Unclassified,bambino-soan-papdi-zero-colestrol-250g,Active,
545,7.1995,Bambino gulab jamun/rasgulla 500gm,Pcs,Other / Needs Review,Unclassified,bambino-gulab-jamun-rasgulla-500gm,Active,
553,7.1703,Bambino rasgulla /gulab jamun 1kg,PC,Other / Needs Review,Unclassified,bambino-rasgulla-gulab-jamun-1kg,Active,
557,7.1496,Bambino seviyan thin & roasted 150g,PC,Other / Needs Review,Unclassified,bambino-seviyan-thin-roasted-150g,Active,
566,4.139,Bamboo spoon (dadu),Pcs,Other / Needs Review,Unclassified,bamboo-spoon-dadu,Active,
568,4.1398,Bamboo tray special 3pcs set rect,Pcs,Other / Needs Review,Unclassified,bamboo-tray-special-3pcs-set-rect,Active,
571,17.321,Banana kata big,Pcs,Other / Needs Review,Unclassified,banana-kata-big,Active,
574,2.3856,Banjaras aloe vera moisturizing gel 100gm,Pcs,Other / Needs Review,Unclassified,banjaras-aloe-vera-moisturizing-gel-100gm,Active,
575,2.3853,Banjaras aloe vera rose gel/saffron gel 100gm,Pcs,Other / Needs Review,Unclassified,banjaras-aloe-vera-rose-gel-saffron-gel-100gm,Active,
577,2.3848,Banjaras multani mitti face pack,Pack,Other / Needs Review,Unclassified,banjaras-multani-mitti-face-pack,Active,
576,2.3849,Banjaras multani mitti face pack 100gm,Pcs,Other / Needs Review,Unclassified,banjaras-multani-mitti-face-pack-100gm,Active,
585,2.4054,Baolishi blusher,Pcs,Other / Needs Review,Unclassified,baolishi-blusher,Active,
587,6.261,Barahsinge Pilsner bier 330ml,Pcs,Other / Needs Review,Unclassified,barahsinge-pilsner-bier-330ml,Active,
588,6.221,Barahsinge plisner 650 ml,BOTTLE,Other / Needs Review,Unclassified,barahsinge-plisner-650-ml,Active,
589,6.248,Barahsinghe Pilsner bier 500ml,Pcs,Other / Needs Review,Unclassified,barahsinghe-pilsner-bier-500ml,Active,
604,1.2102,Barari Pitambari Metal Clean 200g,Pcs,Other / Needs Review,Unclassified,barari-pitambari-metal-clean-200g,Active,
598,7.4216,Barari kodo pitho 800gm,Pcs,Other / Needs Review,Unclassified,barari-kodo-pitho-800gm,Active,
614,4.495,Bath Sponge 5912A,Pcs,Other / Needs Review,Unclassified,bath-sponge-5912a,Active,
619,9.865,Batman Car,Pcs,Other / Needs Review,Unclassified,batman-car,Active,
620,9.842,Batt Train no.4018-8,Pcs,Other / Needs Review,Unclassified,batt-train-no-4018-8,Active,
621,1.336,Baygon 300ml,pc,Other / Needs Review,Unclassified,baygon-300ml,Active,
622,1.334,Baygon 700ml,pc,Other / Needs Review,Unclassified,baygon-700ml,Active,
625,1.1208,Baygon max Mosquito &Fly Killer 400ml,Pcs,Other / Needs Review,Unclassified,baygon-max-mosquito-fly-killer-400ml,Active,
629,17.315,Be happy box,Pcs,Other / Needs Review,Unclassified,be-happy-box,Active,
630,9.86,Bead Maze,Pcs,Other / Needs Review,Unclassified,bead-maze,Active,
631,2.3684,Beard Natureal Black Color 30g,Pcs,Other / Needs Review,Unclassified,beard-natureal-black-color-30g,Active,
642,2.3688,Beardo Max Sun Screen Spf 50 50 ml,Pcs,Other / Needs Review,Unclassified,beardo-max-sun-screen-spf-50-50-ml,Active,
643,2.4019,Beardo max volume powder wax 10gm,Pcs,Other / Needs Review,Unclassified,beardo-max-volume-powder-wax-10gm,Active,
657,9.67,Beautiful diy Beads & Kniting Crystal,Pcs,Other / Needs Review,Unclassified,beautiful-diy-beads-kniting-crystal,Active,
658,9.465,Beautiful diy Beadwork,Pcs,Other / Needs Review,Unclassified,beautiful-diy-beadwork,Active,
670,2.3988,Bellavita fresh unisex/bush/dynamite/night fever ody spray 100ml,Pcs,Other / Needs Review,Unclassified,bellavita-fresh-unisex-bush-dynamite-night-fever-ody-spray-100ml,Active,
673,2.3449,Bellavita luxury glam/date/senorita woman mix body mist 150ml,Pcs,Other / Needs Review,Unclassified,bellavita-luxury-glam-date-senorita-woman-mix-body-mist-150ml,Active,
685,4.1357,Better thormas,Pcs,Other / Needs Review,Unclassified,better-thormas,Active,
690,1.2044,Bheri ghadi surf500g,Pcs,Other / Needs Review,Unclassified,bheri-ghadi-surf500g,Active,
700,7.4683,Bikaji All-in-One Kuch-Kuch 175g,Pcs,Other / Needs Review,Unclassified,bikaji-all-in-one-kuch-kuch-175g,Active,
701,7.4685,Bikaji All-in-One Kuch-Kuch 350g,Pcs,Other / Needs Review,Unclassified,bikaji-all-in-one-kuch-kuch-350g,Active,
702,7.468,Bikaji Aloo Bhujia Tana-Tan 175g,Pcs,Other / Needs Review,Unclassified,bikaji-aloo-bhujia-tana-tan-175g,Active,
711,7.4684,Bikaji Sub-Kuch Navratan Mix 175g,Pcs,Other / Needs Review,Unclassified,bikaji-sub-kuch-navratan-mix-175g,Active,
712,7.4687,Bikaji Sub-Kuch Navratan Mix 350g,Pcs,Other / Needs Review,Unclassified,bikaji-sub-kuch-navratan-mix-350g,Active,
704,7.4681,Bikaji bikaneri bhujia 175gm,Pcs,Other / Needs Review,Unclassified,bikaji-bikaneri-bhujia-175gm,Active,
705,7.1911,Bikaji bikaneri bhujia 360gm,Pcs,Other / Needs Review,Unclassified,bikaji-bikaneri-bhujia-360gm,Active,
714,7.4172,Bikano bhujia 1kg,Pcs,Other / Needs Review,Unclassified,bikano-bhujia-1kg,Active,
716,7.4361,Bikano soan papdi 250gm,Pcs,Other / Needs Review,Unclassified,bikano-soan-papdi-250gm,Active,
718,4.112,Bin Wang playing cards no999,pc,Other / Needs Review,Unclassified,bin-wang-playing-cards-no999,Active,
719,4.979,Binwang no555 Tas,Pcs,Other / Needs Review,Unclassified,binwang-no555-tas,Active,
720,2.334,Bioderma photoderm creme 50+ 40ml,Pcs,Other / Needs Review,Unclassified,bioderma-photoderm-creme-50-40ml,Active,
733,7.4374,Bisk farm ruskit gold 180gm,Pack,Other / Needs Review,Unclassified,bisk-farm-ruskit-gold-180gm,Active,
741,6.94,Black Label 200ml,PC,Other / Needs Review,Unclassified,black-label-200ml,Active,
742,6.276,Black Label 375ml,Pcs,Other / Needs Review,Unclassified,black-label-375ml,Active,
743,6.13,Black Label 500ml,BOTTLE,Other / Needs Review,Unclassified,black-label-500ml,Active,
744,6.2,Black Label 750ml,BOTTLE,Other / Needs Review,Unclassified,black-label-750ml,Active,
738,6.38,Black cigarette,pkt,Other / Needs Review,Unclassified,black-cigarette,Active,
739,7.1955,Black kerau,Pcs,Other / Needs Review,Unclassified,black-kerau,Active,
740,6.1,Black label 1ltr,BOTTLE,Other / Needs Review,Unclassified,black-label-1ltr,Active,
745,6.239,Black oak 180ml,Pcs,Other / Needs Review,Unclassified,black-oak-180ml,Active,
750,2.3718,Bloom Pure Glcerine 200ml,Pcs,Other / Needs Review,Unclassified,bloom-pure-glcerine-200ml,Active,
751,7.588,Blue Cow Sweetened Dairy Creamer 390gm,pkt,Other / Needs Review,Unclassified,blue-cow-sweetened-dairy-creamer-390gm,Active,
752,2.3243,Blue Heaven Sparkle Sindoor 6.5ml,Pcs,Other / Needs Review,Unclassified,blue-heaven-sparkle-sindoor-6-5ml,Active,
753,2.3652,Blusher stick face karite,Pcs,Other / Needs Review,Unclassified,blusher-stick-face-karite,Active,
757,2.2685,Bob matte lip master,Pcs,Other / Needs Review,Unclassified,bob-matte-lip-master,Active,
758,2.3925,Bobo nail clippers 801-23d,Pcs,Other / Needs Review,Unclassified,bobo-nail-clippers-801-23d,Active,
761,2.2792,Body Lovin Trippin Mimosas 15ml,Pcs,Other / Needs Review,Unclassified,body-lovin-trippin-mimosas-15ml,Active,
766,3.519,Bonne Acer Steel Feeder 125ml,Pcs,Other / Needs Review,Unclassified,bonne-acer-steel-feeder-125ml,Active,
767,3.512,Bonne Acer Steel Feeder 250ml,Pcs,Other / Needs Review,Unclassified,bonne-acer-steel-feeder-250ml,Active,
770,7.1178,Borges Classic Olive Oil 125ml,PC,Other / Needs Review,Unclassified,borges-classic-olive-oil-125ml,Active,
771,7.4,Borges Classic Olive Oil 250ml,PC,Other / Needs Review,Unclassified,borges-classic-olive-oil-250ml,Active,
776,7.1177,Borges Olive Massage Oil 100% pure 250ml,PC,Other / Needs Review,Unclassified,borges-olive-massage-oil-100-pure-250ml,Active,
782,2.3179,Boro Plus Soft light Moisturising 100ml,Pcs,Other / Needs Review,Unclassified,boro-plus-soft-light-moisturising-100ml,Active,
779,2.1913,Boro Plus aloevera ge l 150ml,Pcs,Other / Needs Review,Unclassified,boro-plus-aloevera-ge-l-150ml,Active,
787,5.546,Bourn Vita500g,Pcs,Other / Needs Review,Unclassified,bourn-vita500g,Active,
789,17.46,Bow Clip Hand made,Pcs,Other / Needs Review,Unclassified,bow-clip-hand-made,Active,
788,17.44,Bow clip 2pc card,Pcs,Other / Needs Review,Unclassified,bow-clip-2pc-card,Active,
805,9.729,Brands Super light Don mini in3clour,Pcs,Other / Needs Review,Unclassified,brands-super-light-don-mini-in3clour,Active,
812,7.4378,Britannia 50 50 Time Pass Biskut 150g,Pcs,Other / Needs Review,Unclassified,britannia-50-50-time-pass-biskut-150g,Active,
816,7.374,Britannia Digestive bscts250g,pkt,Other / Needs Review,Unclassified,britannia-digestive-bscts250g,Active,
821,7.357,Britannia Marie Gold 250g,pkt,Other / Needs Review,Unclassified,britannia-marie-gold-250g,Active,
831,7.1499,Britannia Treat funky choco 50g,PC,Other / Needs Review,Unclassified,britannia-treat-funky-choco-50g,Active,
833,7.545,Britannia Wheat Rusk 305g,pc,Other / Needs Review,Unclassified,britannia-wheat-rusk-305g,Active,
834,7.544,Britannia Wheat Rusks.235,pc,Other / Needs Review,Unclassified,britannia-wheat-rusks-235,Active,
817,7.275,Britannia good day 12/1 pack,pkt,Other / Needs Review,Unclassified,britannia-good-day-12-1-pack,Active,
822,7.373,Britannia marie gold 300gm,pkt,Other / Needs Review,Unclassified,britannia-marie-gold-300gm,Active,
823,7.1442,Britannia marie gold 45g 12 pcs pkt,PC,Other / Needs Review,Unclassified,britannia-marie-gold-45g-12-pcs-pkt,Active,
825,7.401,Britannia nutri choice 5 grain 200g,pc,Other / Needs Review,Unclassified,britannia-nutri-choice-5-grain-200g,Active,
826,7.1595,Britannia nutri choice digestive 58g 12 pcs packet,PC,Other / Needs Review,Unclassified,britannia-nutri-choice-digestive-58g-12-pcs-packet,Active,
837,6.332,Brown clove cigarette,Pack,Other / Needs Review,Unclassified,brown-clove-cigarette,Active,
850,9.783,Bubble guitar Shape small,Pcs,Other / Needs Review,Unclassified,bubble-guitar-shape-small,Active,
852,9.146,Bubbles umberlla,Pcs,Other / Needs Review,Unclassified,bubbles-umberlla,Active,
854,7.46,Buff khurak 40gm,Pcs,Other / Needs Review,Unclassified,buff-khurak-40gm,Active,
856,7.4287,Buldak cream carbonara ramen,Pcs,Other / Needs Review,Unclassified,buldak-cream-carbonara-ramen,Active,
857,7.4376,Buldak hankook carbonara chees ramen 130gm,Pcs,Other / Needs Review,Unclassified,buldak-hankook-carbonara-chees-ramen-130gm,Active,
858,7.3885,Buldak hankook hot chicken flavor ramen 130gm,Pcs,Other / Needs Review,Unclassified,buldak-hankook-hot-chicken-flavor-ramen-130gm,Active,
863,7.3862,Buldak rose hot chicken flv,Pcs,Other / Needs Review,Unclassified,buldak-rose-hot-chicken-flv,Active,
865,10.502,Business Affairs Dairy 25k,Pcs,Other / Needs Review,Unclassified,business-affairs-dairy-25k,Active,
866,10.503,Business Affairs Dairy 48k,Pcs,Other / Needs Review,Unclassified,business-affairs-dairy-48k,Active,
867,10.504,Business Affairs Dairy 60k,Pcs,Other / Needs Review,Unclassified,business-affairs-dairy-60k,Active,
1086,2.61,CLEAN & Clear Morning Energy Facewash 100ml,PC,Other / Needs Review,Unclassified,clean-clear-morning-energy-facewash-100ml,Active,
1105,1.1145,CLINIC PLUS strong & long170ml,Pcs,Other / Needs Review,Unclassified,clinic-plus-strong-long170ml,Active,
1206,5.439,COMPLAN CREAMY CLASSIC 500g,PC,Other / Needs Review,Unclassified,complan-creamy-classic-500g,Active,
1229,2.859,CR Cairuo nail polish/naked9 16ml,pc,Other / Needs Review,Unclassified,cr-cairuo-nail-polish-naked9-16ml,Active,
1231,2.9,CR Nail Polish 16ml,pc,Other / Needs Review,Unclassified,cr-nail-polish-16ml,Active,
1226,2.4032,CR cairuo focus glitter nail polish 12ml,Pcs,Other / Needs Review,Unclassified,cr-cairuo-focus-glitter-nail-polish-12ml,Active,
1227,2.1787,CR cairuo nail polish 18ml,PC,Other / Needs Review,Unclassified,cr-cairuo-nail-polish-18ml,Active,
1228,2.3944,CR cairuo nail polish 2in1,Pcs,Other / Needs Review,Unclassified,cr-cairuo-nail-polish-2in1,Active,
1292,2.3578,CV3 24k gold hd primer 30ml,Pcs,Other / Needs Review,Unclassified,cv3-24k-gold-hd-primer-30ml,Active,
873,5.191,Cadbury 5Star 22g,pc,Other / Needs Review,Unclassified,cadbury-5star-22g,Active,
874,5.516,Cadbury 5star rs10,PC,Other / Needs Review,Unclassified,cadbury-5star-rs10,Active,
892,2.1245,Candid Dusting Powder 100g,PC,Other / Needs Review,Unclassified,candid-dusting-powder-100g,Active,
893,2.1246,Candid Dusting Powder 50g,PC,Other / Needs Review,Unclassified,candid-dusting-powder-50g,Active,
908,3.129,Carters Delux baby bather,Pc,Other / Needs Review,Unclassified,carters-delux-baby-bather,Active,
910,4.12,Cartoon Tape Big,PC,Other / Needs Review,Unclassified,cartoon-tape-big,Active,
914,16.259,Cavins Cafe Hazeinlnd/ Choco Mocha Can 180 ml,Pcs,Other / Needs Review,Unclassified,cavins-cafe-hazeinlnd-choco-mocha-can-180-ml,Active,
921,10.226,Cello Tape white..,Pcs,Other / Needs Review,Unclassified,cello-tape-white,Active,
922,10.363,Cello tape small,Pcs,Other / Needs Review,Unclassified,cello-tape-small,Active,
941,7.201,Century Coriander powder 200gm,pack,Other / Needs Review,Unclassified,century-coriander-powder-200gm,Active,
942,7.213,Century Coriander powder 500g,pack,Other / Needs Review,Unclassified,century-coriander-powder-500g,Active,
925,7.2426,Century Coriander powder 50g,Pcs,Other / Needs Review,Unclassified,century-coriander-powder-50g,Active,
943,5.525,Century Corn Flakes fresh & Nutritious 800g jar,Jaar,Other / Needs Review,Unclassified,century-corn-flakes-fresh-nutritious-800g-jar,Active,
956,5.652,Century Kurmure Hot spicy 80g,Pcs,Other / Needs Review,Unclassified,century-kurmure-hot-spicy-80g,Active,
971,7.2257,Century Pani puri 175g,Pcs,Other / Needs Review,Unclassified,century-pani-puri-175g,Active,
972,7.416,Century Pani puri 50g,pkt,Other / Needs Review,Unclassified,century-pani-puri-50g,Active,
937,7.2,Century chill powder 50g,pack,Other / Needs Review,Unclassified,century-chill-powder-50g,Active,
947,7.1679,Century curry powder50g,PC,Other / Needs Review,Unclassified,century-curry-powder50g,Active,
953,7.223,Century kashmiri mirch powder 50g,pack,Other / Needs Review,Unclassified,century-kashmiri-mirch-powder-50g,Active,
954,7.224,Century kasoori methi 25g,pack,Other / Needs Review,Unclassified,century-kasoori-methi-25g,Active,
993,2.3695,Cerave daily moisturizing lotion 8fl 237ml,Pcs,Other / Needs Review,Unclassified,cerave-daily-moisturizing-lotion-8fl-237ml,Active,
996,2.2303,Cetaphil Dam Hydrating Lotion 100g,Pcs,Other / Needs Review,Unclassified,cetaphil-dam-hydrating-lotion-100g,Active,
1002,2.2367,Cetaphil Moisturising Lotion 250ml,Pcs,Other / Needs Review,Unclassified,cetaphil-moisturising-lotion-250ml,Active,
1000,2.2037,Cetaphil Moisturising cream 80g,PC,Other / Needs Review,Unclassified,cetaphil-moisturising-cream-80g,Active,
1001,2.3002,Cetaphil Moisturising cream250g,Pcs,Other / Needs Review,Unclassified,cetaphil-moisturising-cream250g,Active,
1003,2.3902,Cetaphil moisturising lotion 118ml,Pcs,Other / Needs Review,Unclassified,cetaphil-moisturising-lotion-118ml,Active,
1011,7.4157,Chandan incense sticks,Pcs,Other / Needs Review,Unclassified,chandan-incense-sticks,Active,
1012,2.4033,Chanlanya color highlight,Pcs,Other / Needs Review,Unclassified,chanlanya-color-highlight,Active,
1014,2.4025,Chanlanya lip glow color reviver balm,Pcs,Other / Needs Review,Unclassified,chanlanya-lip-glow-color-reviver-balm,Active,
1020,9.504,Chase You Dreams Dairy 219Af,Pcs,Other / Needs Review,Unclassified,chase-you-dreams-dairy-219af,Active,
1037,2.353,Cherry Blossom Black 40g,PC,Other / Needs Review,Unclassified,cherry-blossom-black-40g,Active,
1038,2.872,Cherry Blossom Black liquid shoes polish75ml,pc,Other / Needs Review,Unclassified,cherry-blossom-black-liquid-shoes-polish75ml,Active,
1040,2.2957,Cherry Blossom Dark Tan40g,Pcs,Other / Needs Review,Unclassified,cherry-blossom-dark-tan40g,Active,
1039,2.347,Cherry Blossom brown Lequid Shoe Polish,PC,Other / Needs Review,Unclassified,cherry-blossom-brown-lequid-shoe-polish,Active,
1041,1.1769,Cherry Handy Shine Neutral,Pcs,Other / Needs Review,Unclassified,cherry-handy-shine-neutral,Active,
1035,24.35,Cherry packet 1kg,Pcs,Other / Needs Review,Unclassified,cherry-packet-1kg,Active,
1043,7.4516,Chicken essence powder 454gm,Pcs,Other / Needs Review,Unclassified,chicken-essence-powder-454gm,Active,
1044,22.51,Chicken jerky slice 250gm,Pcs,Other / Needs Review,Unclassified,chicken-jerky-slice-250gm,Active,
1048,1.1935,Chikool air breeze pants m42,Pcs,Other / Needs Review,Unclassified,chikool-air-breeze-pants-m42,Active,
1049,1.1937,Chikool air breeze pants s44,Pcs,Other / Needs Review,Unclassified,chikool-air-breeze-pants-s44,Active,
1050,1.1938,Chikool air breeze pants xl36,Pcs,Other / Needs Review,Unclassified,chikool-air-breeze-pants-xl36,Active,
1051,1.2019,Chikool air breeze pants xxl36,Pcs,Other / Needs Review,Unclassified,chikool-air-breeze-pants-xxl36,Active,
1053,6.321,Chitak light model ZT-Z6,Pcs,Other / Needs Review,Unclassified,chitak-light-model-zt-z6,Active,
1054,7.4491,Chitale bakarwadi 250gm,Pcs,Other / Needs Review,Unclassified,chitale-bakarwadi-250gm,Active,
1056,6.103,Chivas Regal 200ml,PC,Other / Needs Review,Unclassified,chivas-regal-200ml,Active,
1057,6.39,Chivas Regal 375ml,Bttl,Other / Needs Review,Unclassified,chivas-regal-375ml,Active,
1059,6.4,Chivas Rigal 1Ltr,BOTTLE,Other / Needs Review,Unclassified,chivas-rigal-1ltr,Active,
1058,6.93,Chivas regal 500ml,PC,Other / Needs Review,Unclassified,chivas-regal-500ml,Active,
1061,5.372,Choco Bean nipple bttle 25gm,PC,Other / Needs Review,Unclassified,choco-bean-nipple-bttle-25gm,Active,
1067,5.374,ChocoBean Ball 18gm,PC,Other / Needs Review,Unclassified,chocobean-ball-18gm,Active,
1069,17.149,Chokar 3 layer with stone,Pcs,Other / Needs Review,Unclassified,chokar-3-layer-with-stone,Active,
1070,4.974,Chopstick desing Preamium,Pcs,Other / Needs Review,Unclassified,chopstick-desing-preamium,Active,
1071,4.932,Chopsticks Desing Premium,Pcs,Other / Needs Review,Unclassified,chopsticks-desing-premium,Active,
1072,4.79,Chopsticks melamine 88,pc,Other / Needs Review,Unclassified,chopsticks-melamine-88,Active,
1077,9.336,Christmas long strickers,Pcs,Other / Needs Review,Unclassified,christmas-long-strickers,Active,
1079,5.1075,Chupa Chups Big Tutti Frutti and Strawberry Flavour,Pcs,Other / Needs Review,Unclassified,chupa-chups-big-tutti-frutti-and-strawberry-flavour,Active,
1080,5.871,Chupa Chups Jel 12gm,Pcs,Other / Needs Review,Unclassified,chupa-chups-jel-12gm,Active,
1081,5.757,Chupa chups lollipops 11gm rs10,Pcs,Other / Needs Review,Unclassified,chupa-chups-lollipops-11gm-rs10,Active,
1082,9.899,City Explolt Dojer JKL 816,Pcs,Other / Needs Review,Unclassified,city-explolt-dojer-jkl-816,Active,
1088,2.62,Clean & Clear Morning Energy lamon Facewash 100ml,PC,Other / Needs Review,Unclassified,clean-clear-morning-energy-lamon-facewash-100ml,Active,
1085,2.504,Clean & clear morning energy brightning berry/aqua splash 50ml,pc,Other / Needs Review,Unclassified,clean-clear-morning-energy-brightning-berry-aqua-splash-50ml,Active,
1087,2.507,Clean & clear morning energy fw lemon 50ml,pc,Other / Needs Review,Unclassified,clean-clear-morning-energy-fw-lemon-50ml,Active,
1094,1.1914,Clear Men Cool Sport Menthol 325ml,Pcs,Other / Needs Review,Unclassified,clear-men-cool-sport-menthol-325ml,Active,
1095,1.1904,Clear Men Cool Sport Menthol 625ml,Pcs,Other / Needs Review,Unclassified,clear-men-cool-sport-menthol-625ml,Active,
1100,7.2489,Cling Food Wrap,Pcs,Other / Needs Review,Unclassified,cling-food-wrap,Active,
1109,1.129,Closeup Deep Action 150g,PC,Other / Needs Review,Unclassified,closeup-deep-action-150g,Active,
1110,1.13,Closeup Deep Action 40g,PC,Other / Needs Review,Unclassified,closeup-deep-action-40g,Active,
1111,1.308,Closeup deep action 80g,pc,Other / Needs Review,Unclassified,closeup-deep-action-80g,Active,
1117,4.36,Cloth Hanging Clip 6644 20 pcs,PKT,Other / Needs Review,Unclassified,cloth-hanging-clip-6644-20-pcs,Active,
1119,7.3901,Clove oil l.p 5ml,Pcs,Other / Needs Review,Unclassified,clove-oil-l-p-5ml,Active,
1120,16.213,Club Soda 250ml,Pcs,Other / Needs Review,Unclassified,club-soda-250ml,Active,
1121,16.212,Club Soda 500ml,Pcs,Other / Needs Review,Unclassified,club-soda-500ml,Active,
1127,5.965,Cocomio x2 40gm,Pcs,Other / Needs Review,Unclassified,cocomio-x2-40gm,Active,
1130,7.861,Coconut Powder 100g,Pc,Other / Needs Review,Unclassified,coconut-powder-100g,Active,
1155,1.124,Colgate Cibaca 175g,PC,Other / Needs Review,Unclassified,colgate-cibaca-175g,Active,
1156,1.1687,Colgate Cibaca 65g,Pcs,Other / Needs Review,Unclassified,colgate-cibaca-65g,Active,
1158,1.1498,Colgate Gentle Enamel Buy 2 Get 2 Free,pkt,Other / Needs Review,Unclassified,colgate-gentle-enamel-buy-2-get-2-free,Active,
1164,1.126,Colgate MaxFresh with Cooling Crystals 150g,PC,Other / Needs Review,Unclassified,colgate-maxfresh-with-cooling-crystals-150g,Active,
1147,1.2002,Colgate Pain Out Dental Gel 10g,Pcs,Other / Needs Review,Unclassified,colgate-pain-out-dental-gel-10g,Active,
1172,1.128,Colgate Strong Teeth 100g,PC,Other / Needs Review,Unclassified,colgate-strong-teeth-100g,Active,
1176,1.845,Colgate Swarna Vedshakti 100g,PC,Other / Needs Review,Unclassified,colgate-swarna-vedshakti-100g,Active,
1177,1.844,Colgate Swarna Vedshakti 200g,PC,Other / Needs Review,Unclassified,colgate-swarna-vedshakti-200g,Active,
1178,1.171,Colgate Total Advanced Health 80g,Pcs,Other / Needs Review,Unclassified,colgate-total-advanced-health-80g,Active,
1179,1.402,Colgate Visible white Dazzling White 100g,pc,Other / Needs Review,Unclassified,colgate-visible-white-dazzling-white-100g,Active,
1182,1.1459,Colgate Zin zang (3pic),pkt,Other / Needs Review,Unclassified,colgate-zin-zang-3pic,Active,
1160,1.295,Colgate glow in dark tooth paste 80g,pc,Other / Needs Review,Unclassified,colgate-glow-in-dark-tooth-paste-80g,Active,
1165,1.1634,Colgate motupataulu 40gm,Pcs,Other / Needs Review,Unclassified,colgate-motupataulu-40gm,Active,
1173,1.296,Colgate strong teeth 200g,pc,Other / Needs Review,Unclassified,colgate-strong-teeth-200g,Active,
1188,2.271,Coloressence Lipstay 4ml,Pcs,Other / Needs Review,Unclassified,coloressence-lipstay-4ml,Active,
1189,2.138,Coloressence Nail polish,PC,Other / Needs Review,Unclassified,coloressence-nail-polish,Active,
1197,17.176,Comb Mix shine,Pcs,Other / Needs Review,Unclassified,comb-mix-shine,Active,
1198,17.172,Comb No. 9551,Pcs,Other / Needs Review,Unclassified,comb-no-9551,Active,
1209,5.898,Confetteria Raffaello 150g,Pcs,Other / Needs Review,Unclassified,confetteria-raffaello-150g,Active,
1214,2.2457,Cool Days Aloe Vera Gel 300g,Pcs,Other / Needs Review,Unclassified,cool-days-aloe-vera-gel-300g,Active,
1216,4.1362,Cool thormas 500gm,Pcs,Other / Needs Review,Unclassified,cool-thormas-500gm,Active,
1219,4.881,Cootton Buds 2in1,Pcs,Other / Needs Review,Unclassified,cootton-buds-2in1,Active,
1222,4.1107,Cotten swabs buds,Pcs,Other / Needs Review,Unclassified,cotten-swabs-buds,Active,
1224,4.52,Cotton Buds 100pc,pc,Other / Needs Review,Unclassified,cotton-buds-100pc,Active,
1223,4.1224,Cotton Buds no.27777,Pcs,Other / Needs Review,Unclassified,cotton-buds-no-27777,Active,
1225,4.1249,Cotton Swab (Buds) 100pcs,Pcs,Other / Needs Review,Unclassified,cotton-swab-buds-100pcs,Active,
1234,2.3069,Crazy girl sip stick,Pcs,Other / Needs Review,Unclassified,crazy-girl-sip-stick,Active,
1238,9.78,Crown With Stone / big,Pcs,Other / Needs Review,Unclassified,crown-with-stone-big,Active,
1241,9.901,Cube,Pcs,Other / Needs Review,Unclassified,cube,Active,
1243,1.1671,Cuddlers pants Ultra S52Pcs,Pcs,Other / Needs Review,Unclassified,cuddlers-pants-ultra-s52pcs,Active,
1259,7.837,Current Coriander Powder 100g,pkt,Other / Needs Review,Unclassified,current-coriander-powder-100g,Active,
1267,7.3473,Current Hot Chicken ramen/ black 3x100+10gm,Pcs,Other / Needs Review,Unclassified,current-hot-chicken-ramen-black-3x100-10gm,Active,
1260,7.444,Current coriander powder 200g,pkt,Other / Needs Review,Unclassified,current-coriander-powder-200g,Active,
1246,5.833,"Current hot n""spicy stick kurmure 80g",Pcs,Other / Needs Review,Unclassified,current-hot-n-spicy-stick-kurmure-80g,Active,
1269,7.229,Current kashmiri mirch powder 50g,pack,Other / Needs Review,Unclassified,current-kashmiri-mirch-powder-50g,Active,
1247,5.589,Current nnjjii 60g,Pcs,Other / Needs Review,Unclassified,current-nnjjii-60g,Active,
1284,9.681,Cute Climbing Car9889 MIX,Pcs,Other / Needs Review,Unclassified,cute-climbing-car9889-mix,Active,
1288,10.559,Cutter hps-1880,Pcs,Other / Needs Review,Unclassified,cutter-hps-1880,Active,
1293,2.2469,Cv3 eye lliner,Pcs,Other / Needs Review,Unclassified,cv3-eye-lliner,Active,
1421,7.4521,DFU gulab jamun 180gm,Pcs,Other / Needs Review,Unclassified,dfu-gulab-jamun-180gm,Active,
1473,7.2265,DIPSON Mushroom /Chicken / mixxed vegetable Soup 45g,Pcs,Other / Needs Review,Unclassified,dipson-mushroom-chicken-mixxed-vegetable-soup-45g,Active,
1651,2.3113,DR.Rashel Sun Cream Hydrate Spf 50,Pcs,Other / Needs Review,Unclassified,dr-rashel-sun-cream-hydrate-spf-50,Active,
1652,2.3237,DR.Rashel Sun Cream Whitening 60g Spf 75,Pcs,Other / Needs Review,Unclassified,dr-rashel-sun-cream-whitening-60g-spf-75,Active,
1650,2.4063,DR.Rashel moisture sun spray spf60 150ml,Pcs,Other / Needs Review,Unclassified,dr-rashel-moisture-sun-spray-spf60-150ml,Active,
1688,4.1472,DSP dry care hairdryer-30431,Pcs,Other / Needs Review,Unclassified,dsp-dry-care-hairdryer-30431,Active,
1303,5.313,Dabur Glucose-D 1kg,PC,Other / Needs Review,Unclassified,dabur-glucose-d-1kg,Active,
1304,2.1234,Dabur Gulabari rose water120ml,PC,Other / Needs Review,Unclassified,dabur-gulabari-rose-water120ml,Active,
1306,7.361,Dabur Honey 1kg,BOTTLE,Other / Needs Review,Unclassified,dabur-honey-1kg,Active,
1307,7.394,Dabur Honey 250g,BOTTLE,Other / Needs Review,Unclassified,dabur-honey-250g,Active,
1308,7.879,Dabur Honey 50g,pc,Other / Needs Review,Unclassified,dabur-honey-50g,Active,
1310,1.67,Dabur Lal Danta manjan 50gm,PC,Other / Needs Review,Unclassified,dabur-lal-danta-manjan-50gm,Active,
1312,1.371,Dabur Red Paste for Teeth & Gums 40g,pc,Other / Needs Review,Unclassified,dabur-red-paste-for-teeth-gums-40g,Active,
1313,1.37,Dabur Red paste For teeth & Gums 80g,pc,Other / Needs Review,Unclassified,dabur-red-paste-for-teeth-gums-80g,Active,
1309,7.4108,Dabur khajurprash 500gm,Pcs,Other / Needs Review,Unclassified,dabur-khajurprash-500gm,Active,
1311,3.276,Dabur lal tail 200ml,PC,Other / Needs Review,Unclassified,dabur-lal-tail-200ml,Active,
1319,5.1053,Darshans sweet heart double flv 700gm,Pcs,Other / Needs Review,Unclassified,darshans-sweet-heart-double-flv-700gm,Active,
1329,2.768,Dekar Glycerine 50ml,pc,Other / Needs Review,Unclassified,dekar-glycerine-50ml,Active,
1332,2.2732,Dekar Gulab jal 300ml,Pcs,Other / Needs Review,Unclassified,dekar-gulab-jal-300ml,Active,
1328,2.1445,Dekar Hot /cold wax 250g,PC,Other / Needs Review,Unclassified,dekar-hot-cold-wax-250g,Active,
1336,2.1537,Dekar Keratin treatment cream 500ml,PC,Other / Needs Review,Unclassified,dekar-keratin-treatment-cream-500ml,Active,
1337,2.2415,Dekar Loose rose powder 20g,Pcs,Other / Needs Review,Unclassified,dekar-loose-rose-powder-20g,Active,
1338,2.526,Dekar Pure Glycerine 200ml,pc,Other / Needs Review,Unclassified,dekar-pure-glycerine-200ml,Active,
1340,2.2416,Dekar Whitening Moisturising Cream 100g,Pcs,Other / Needs Review,Unclassified,dekar-whitening-moisturising-cream-100g,Active,
1331,2.1509,Dekar gulab jal 100ml,PC,Other / Needs Review,Unclassified,dekar-gulab-jal-100ml,Active,
1335,2.1955,Dekar hot wax 500gm,PC,Other / Needs Review,Unclassified,dekar-hot-wax-500gm,Active,
1350,4.145,Deli Glassware 105mm,pc,Other / Needs Review,Unclassified,deli-glassware-105mm,Active,
1349,4.412,Deli Glassware store food 2.2L,Pcs,Other / Needs Review,Unclassified,deli-glassware-store-food-2-2l,Active,
1356,2.235,Denim mix flvr After Shave 100ml,PC,Other / Needs Review,Unclassified,denim-mix-flvr-after-shave-100ml,Active,
1357,1.1877,Dental floss,Pack,Other / Needs Review,Unclassified,dental-floss,Active,
1365,2.1649,Denver body-spraymix50ml,PC,Other / Needs Review,Unclassified,denver-body-spraymix50ml,Active,
1376,2.3082,Derma CO 30%AHA2%Bha Face Peeling Solution 30ml,Pcs,Other / Needs Review,Unclassified,derma-co-30-aha2-bha-face-peeling-solution-30ml,Active,
1379,2.284,Dermi Cool Combo Pack 150gm,Pcs,Other / Needs Review,Unclassified,dermi-cool-combo-pack-150gm,Active,
1378,2.3393,Dermi Cool Powder mix flv Pack 150gm,Pcs,Other / Needs Review,Unclassified,dermi-cool-powder-mix-flv-pack-150gm,Active,
1380,2.2379,Dermi Cool heat Powder 50g,Pcs,Other / Needs Review,Unclassified,dermi-cool-heat-powder-50g,Active,
1381,2.2844,DermiColl powder 90gm,Pcs,Other / Needs Review,Unclassified,dermicoll-powder-90gm,Active,
1385,9.755,Desk Table Lamp House NO.8801,Pcs,Other / Needs Review,Unclassified,desk-table-lamp-house-no-8801,Active,
1387,1.1933,Dettol 2X Moisturisers Sking Care 100g,Pcs,Other / Needs Review,Unclassified,dettol-2x-moisturisers-sking-care-100g,Active,
1391,1.1539,Dettol 3X Icy cool 150g,Pack,Other / Needs Review,Unclassified,dettol-3x-icy-cool-150g,Active,
1392,1.1848,Dettol 3x Intenst cooling 100gm 4 pcs,Pcs,Other / Needs Review,Unclassified,dettol-3x-intenst-cooling-100gm-4-pcs,Active,
1408,1.1469,Dettol Orginal 60gm,set,Other / Needs Review,Unclassified,dettol-orginal-60gm,Active,
1409,1.15,Dettol Original 150g 4pic,Pcs,Other / Needs Review,Unclassified,dettol-original-150g-4pic,Active,
1414,1.1831,Dettol Sensitive Liquid Handwash 675ml,Pcs,Other / Needs Review,Unclassified,dettol-sensitive-liquid-handwash-675ml,Active,
1390,1.1098,Dettol Skincare Everday Protection handwash buy 2get 1free175ml,Pcs,Other / Needs Review,Unclassified,dettol-skincare-everday-protection-handwash-buy-2get-1free175ml,Active,
1397,1.231,Dettol foaming handwash 700ml,Pcs,Other / Needs Review,Unclassified,dettol-foaming-handwash-700ml,Active,
1398,1.2183,Dettol foaming handwash strawberry flv 250ml,Pcs,Other / Needs Review,Unclassified,dettol-foaming-handwash-strawberry-flv-250ml,Active,
1406,2.2508,Dettol multi -use skin & surface wipes 10w,pkt,Other / Needs Review,Unclassified,dettol-multi-use-skin-surface-wipes-10w,Active,
1388,2.2079,Dettol original Multi -use skin &surface wipes 40,Pcs,Other / Needs Review,Unclassified,dettol-original-multi-use-skin-surface-wipes-40,Active,
1389,2.2386,Dettol original Multi -use skin &surface wipes80wipes,Pcs,Other / Needs Review,Unclassified,dettol-original-multi-use-skin-surface-wipes80wipes,Active,
1410,1.1011,Dettol original liquid hand wash1.5Ltr,Pcs,Other / Needs Review,Unclassified,dettol-original-liquid-hand-wash1-5ltr,Active,
1413,1.764,Dettol sensitive handwash 900ml,PC,Other / Needs Review,Unclassified,dettol-sensitive-handwash-900ml,Active,
1415,1.1765,Dettol skincare Liquid Handwash 675ml,Pcs,Other / Needs Review,Unclassified,dettol-skincare-liquid-handwash-675ml,Active,
1417,2.3632,Dewy blush matte cheek tint 101,Pcs,Other / Needs Review,Unclassified,dewy-blush-matte-cheek-tint-101,Active,
1423,7.1876,Dhara Gold Pure Mustard Oil 2ltr,Gallon,Other / Needs Review,Unclassified,dhara-gold-pure-mustard-oil-2ltr,Active,
1424,7.1875,Dhara Pure mustard Oil 500ml pouch,Pack,Other / Needs Review,Unclassified,dhara-pure-mustard-oil-500ml-pouch,Active,
1422,7.255,Dhara gold pure mustard oli 5ltr,Gallon,Other / Needs Review,Unclassified,dhara-gold-pure-mustard-oli-5ltr,Active,
1427,1.2163,Dhoni expert matic powder 1kg,Pcs,Other / Needs Review,Unclassified,dhoni-expert-matic-powder-1kg,Active,
1434,1.2255,Dhoni xtraa matic powder 1kg,Pcs,Other / Needs Review,Unclassified,dhoni-xtraa-matic-powder-1kg,Active,
1441,9.631,Die-Cast airliner NO.8869-11,Pcs,Other / Needs Review,Unclassified,die-cast-airliner-no-8869-11,Active,
1444,9.897,"Digital Train Digital Cognition ,Clour Cognition Fine Hand Movements",Pcs,Other / Needs Review,Unclassified,digital-train-digital-cognition-clour-cognition-fine-hand-movements,Active,
1458,1.1854,Dinesh phenyl 2x cleaning formula 1ltr,Pcs,Other / Needs Review,Unclassified,dinesh-phenyl-2x-cleaning-formula-1ltr,Active,
1460,1.952,Dinesh shakti powder 900g,Pcs,Other / Needs Review,Unclassified,dinesh-shakti-powder-900g,Active,
1463,7.4336,Dingdong Cream Roll 35gm,Pcs,Other / Needs Review,Unclassified,dingdong-cream-roll-35gm,Active,
1464,9.826,Dinosur Paino,Pcs,Other / Needs Review,Unclassified,dinosur-paino,Active,
1470,7.3242,Dipawoli Candel,Pcs,Other / Needs Review,Unclassified,dipawoli-candel,Active,
1468,7.4072,Dipawoli Candel 6pcs,Pcs,Other / Needs Review,Unclassified,dipawoli-candel-6pcs,Active,
1469,7.2756,Dipawoli Candel big,Pcs,Other / Needs Review,Unclassified,dipawoli-candel-big,Active,
1474,2.388,Disaar hair removal spray foam 150ml,Pcs,Other / Needs Review,Unclassified,disaar-hair-removal-spray-foam-150ml,Active,
1475,1.1928,Disaar mouth freshner 20ml,Pcs,Other / Needs Review,Unclassified,disaar-mouth-freshner-20ml,Active,
1480,4.107,Disposable Glass,Pcs,Other / Needs Review,Unclassified,disposable-glass,Active,
1477,4.1244,Disposable blow big,Pcs,Other / Needs Review,Unclassified,disposable-blow-big,Active,
1478,4.1069,Disposable blow small,Pcs,Other / Needs Review,Unclassified,disposable-blow-small,Active,
1499,7.4675,Divya foods Green kerau 1kg,pkt,Other / Needs Review,Unclassified,divya-foods-green-kerau-1kg,Active,
1488,7.4302,Divya foods arahar daal 500gm,Pack,Other / Needs Review,Unclassified,divya-foods-arahar-daal-500gm,Active,
1490,7.4311,Divya foods black simi daal 500gm,Pcs,Other / Needs Review,Unclassified,divya-foods-black-simi-daal-500gm,Active,
1496,7.3627,Divya foods dhaniya geda 200g,Pcs,Other / Needs Review,Unclassified,divya-foods-dhaniya-geda-200g,Active,
1497,7.433,Divya foods dry mango 100gm,Pcs,Other / Needs Review,Unclassified,divya-foods-dry-mango-100gm,Active,
1498,7.4331,Divya foods dry pineapple 100gm,Pack,Other / Needs Review,Unclassified,divya-foods-dry-pineapple-100gm,Active,
1500,7.4337,Divya foods jumli simi 1kg,Pcs,Other / Needs Review,Unclassified,divya-foods-jumli-simi-1kg,Active,
1501,7.3832,Divya foods khursani 30gm,Pack,Other / Needs Review,Unclassified,divya-foods-khursani-30gm,Active,
1502,7.3626,Divya foods khursani 70gm,Pcs,Other / Needs Review,Unclassified,divya-foods-khursani-70gm,Active,
1503,7.4329,Divya foods kiwi 100gm,Pcs,Other / Needs Review,Unclassified,divya-foods-kiwi-100gm,Active,
1504,7.4332,Divya foods lwang sukmel mix 50gm,Pack,Other / Needs Review,Unclassified,divya-foods-lwang-sukmel-mix-50gm,Active,
1505,7.4298,Divya foods maas daal 500gm,Pcs,Other / Needs Review,Unclassified,divya-foods-maas-daal-500gm,Active,
1506,7.432,Divya foods makhana 100gm,Pack,Other / Needs Review,Unclassified,divya-foods-makhana-100gm,Active,
1507,7.4319,Divya foods makhana 30gm,Pack,Other / Needs Review,Unclassified,divya-foods-makhana-30gm,Active,
1508,7.4669,Divya foods makhana 60gm,Pcs,Other / Needs Review,Unclassified,divya-foods-makhana-60gm,Active,
1509,7.4333,Divya foods makkai 500gm,Pack,Other / Needs Review,Unclassified,divya-foods-makkai-500gm,Active,
1511,7.669,Divya foods methi 100gm,pkt,Other / Needs Review,Unclassified,divya-foods-methi-100gm,Active,
1512,7.3643,Divya foods methi 500gm,Pcs,Other / Needs Review,Unclassified,divya-foods-methi-500gm,Active,
1513,7.43,Divya foods mix daal 500gm,Pcs,Other / Needs Review,Unclassified,divya-foods-mix-daal-500gm,Active,
1514,7.3425,Divya foods mix nut 100gm,Pcs,Other / Needs Review,Unclassified,divya-foods-mix-nut-100gm,Active,
1518,7.366,Divya foods sauff 100g,pkt,Other / Needs Review,Unclassified,divya-foods-sauff-100g,Active,
1519,7.261,Divya foods sauff 500g,pack,Other / Needs Review,Unclassified,divya-foods-sauff-500g,Active,
1520,7.4317,Divya foods timmur geda 50gm,Pack,Other / Needs Review,Unclassified,divya-foods-timmur-geda-50gm,Active,
1521,7.57,Divya foods vango 200gm,PKT,Other / Needs Review,Unclassified,divya-foods-vango-200gm,Active,
1522,7.569,Divya foods vango 400g,PKT,Other / Needs Review,Unclassified,divya-foods-vango-400g,Active,
1523,7.652,Divya foods wallnut 170gm,pkt,Other / Needs Review,Unclassified,divya-foods-wallnut-170gm,Active,
1524,7.4677,Divya foods wallnut fruit 100gm,Pcs,Other / Needs Review,Unclassified,divya-foods-wallnut-fruit-100gm,Active,
1527,7.604,Divya foods white kerau 1Kg,kg,Other / Needs Review,Unclassified,divya-foods-white-kerau-1kg,Active,
1528,7.4292,Divya foods white simi daal 500gm,Pcs,Other / Needs Review,Unclassified,divya-foods-white-simi-daal-500gm,Active,
1529,7.3638,Divya foods white teel 100gm,Pcs,Other / Needs Review,Unclassified,divya-foods-white-teel-100gm,Active,
1530,7.1257,Divya foods white teel 500g,PC,Other / Needs Review,Unclassified,divya-foods-white-teel-500g,Active,
1534,9.863,Diy Fun Colored Clay no.2019,Pcs,Other / Needs Review,Unclassified,diy-fun-colored-clay-no-2019,Active,
1537,7.4515,Dobate healthy laddu 250gm,Pcs,Other / Needs Review,Unclassified,dobate-healthy-laddu-250gm,Active,
1548,22.38,Dog collar foam EA-122,Pcs,Other / Needs Review,Unclassified,dog-collar-foam-ea-122,Active,
1550,22.33,Dog good boy stick/warp 250gm,Pcs,Other / Needs Review,Unclassified,dog-good-boy-stick-warp-250gm,Active,
1551,22.45,Dog leash collar set 1.5cm,Pcs,Other / Needs Review,Unclassified,dog-leash-collar-set-1-5cm,Active,
1552,22.61,Dog leash collar set 2.5cm,Pcs,Other / Needs Review,Unclassified,dog-leash-collar-set-2-5cm,Active,
1553,22.46,Dog leash collar set 2cm,Pcs,Other / Needs Review,Unclassified,dog-leash-collar-set-2cm,Active,
1554,22.28,Dog leash harness FP49,Pcs,Other / Needs Review,Unclassified,dog-leash-harness-fp49,Active,
1567,9.626,Dojer Climdb NO.bq700-25,Pcs,Other / Needs Review,Unclassified,dojer-climdb-no-bq700-25,Active,
1579,5.987,DolPhin Jeli Dengan Nata Decoco Pudding 416 g,Pcs,Other / Needs Review,Unclassified,dolphin-jeli-dengan-nata-decoco-pudding-416-g,Active,
1588,4.1482,Door bell 3918,Pcs,Other / Needs Review,Unclassified,door-bell-3918,Active,
1592,5.882,Doriva Euro Coco Mello 500gm,pkt,Other / Needs Review,Unclassified,doriva-euro-coco-mello-500gm,Active,
1629,1.1788,Dove Deep Moisture Miracle Hair Mask 300ml,Bttl,Other / Needs Review,Unclassified,dove-deep-moisture-miracle-hair-mask-300ml,Active,
1645,2.402,Dr. rashel moisture sun spray spf60++ 60ml,Pcs,Other / Needs Review,Unclassified,dr-rashel-moisture-sun-spray-spf60-60ml,Active,
1646,2.4022,Dr. rashel sun cream anti-aging spf 90,Pcs,Other / Needs Review,Unclassified,dr-rashel-sun-cream-anti-aging-spf-90,Active,
1659,10.487,Draw Oil Color 9ml no.01601,Pcs,Other / Needs Review,Unclassified,draw-oil-color-9ml-no-01601,Active,
1663,9.934,Dream Castle 169 pcs,Pcs,Other / Needs Review,Unclassified,dream-castle-169-pcs,Active,
1686,7.755,Druk Tomato Puree,pc,Other / Needs Review,Unclassified,druk-tomato-puree,Active,
1690,2.408,Duo Do Not Freezer,Pcs,Other / Needs Review,Unclassified,duo-do-not-freezer,Active,
1691,4.1264,Dura-beam standard classic air mattress 64756,Pack,Other / Needs Review,Unclassified,dura-beam-standard-classic-air-mattress-64756,Active,
1773,2.6,ELOIS Hair Removal cream flv mix50g,pc,Other / Needs Review,Unclassified,elois-hair-removal-cream-flv-mix50g,Active,
1818,2.248,ENVY Natural Spray black/white 60ml,PC,Other / Needs Review,Unclassified,envy-natural-spray-black-white-60ml,Active,
1814,2.1849,ENVY dark/luv pocket perfum18ml,PC,Other / Needs Review,Unclassified,envy-dark-luv-pocket-perfum18ml,Active,
1875,2.727,EYELASH CURLER,pc,Other / Needs Review,Unclassified,eyelash-curler,Active,
1697,7.649,Eagle/Gloripan Instant Dry Yeast 450g,KG,Other / Needs Review,Unclassified,eagle-gloripan-instant-dry-yeast-450g,Active,
1759,7.2745,Egg 30pcs Carret,box,Other / Needs Review,Unclassified,egg-30pcs-carret,Active,
1760,4.1477,Egg boller single,Pcs,Other / Needs Review,Unclassified,egg-boller-single,Active,
1763,7.4286,Ego swiss roll all flv,Pcs,Other / Needs Review,Unclassified,ego-swiss-roll-all-flv,Active,
1770,9.608,Elephant Musical Piano no.8887-1B,Pcs,Other / Needs Review,Unclassified,elephant-musical-piano-no-8887-1b,Active,
1769,9.733,Elephant Musiclan Music NO.664B,Pcs,Other / Needs Review,Unclassified,elephant-musiclan-music-no-664b,Active,
1774,2.1416,Elois Hair removal cream 25g,PC,Other / Needs Review,Unclassified,elois-hair-removal-cream-25g,Active,
1777,5.368,Elvan truffle Assortment 150gm,PC,Other / Needs Review,Unclassified,elvan-truffle-assortment-150gm,Active,
1780,2.1523,Emami 7 in one oil 300ml,PC,Other / Needs Review,Unclassified,emami-7-in-one-oil-300ml,Active,
1781,2.3501,Emami 7 in one oil 500ml,Pcs,Other / Needs Review,Unclassified,emami-7-in-one-oil-500ml,Active,
1783,2.207,Emami 7Oils In one 50ml,PC,Other / Needs Review,Unclassified,emami-7oils-in-one-50ml,Active,
1782,2.545,Emami 7in one oils200ml,ML,Other / Needs Review,Unclassified,emami-7in-one-oils200ml,Active,
1784,2.206,Emami 7oils in one damage control oil 100ml,PC,Other / Needs Review,Unclassified,emami-7oils-in-one-damage-control-oil-100ml,Active,
1786,2.1574,Emami Fair & Handsome cream for men15g,PC,Other / Needs Review,Unclassified,emami-fair-handsome-cream-for-men15g,Active,
1787,2.2935,Emami Fair and Handsome oil control cream25g,Pcs,Other / Needs Review,Unclassified,emami-fair-and-handsome-oil-control-cream25g,Active,
1785,2.879,Emami fair & Handsom Radiance action fairness system 30g,pc,Other / Needs Review,Unclassified,emami-fair-handsom-radiance-action-fairness-system-30g,Active,
1791,2.3582,Emelie 24 matte maker compact,Pcs,Other / Needs Review,Unclassified,emelie-24-matte-maker-compact,Active,
1792,2.4041,Emelie ultra-wear 2- waypowder,Pcs,Other / Needs Review,Unclassified,emelie-ultra-wear-2-waypowder,Active,
1800,2.949,Enchanteur Body Mist Ramance 150ml,PC,Other / Needs Review,Unclassified,enchanteur-body-mist-ramance-150ml,Active,
1811,5.416,Ensure Diabetes care400g,PC,Other / Needs Review,Unclassified,ensure-diabetes-care400g,Active,
1812,5.324,Ensure Nutrition to stay strong n active400g,PC,Other / Needs Review,Unclassified,ensure-nutrition-to-stay-strong-n-active400g,Active,
1819,2.3942,Envy natural spray gravity for men 60ml,Pcs,Other / Needs Review,Unclassified,envy-natural-spray-gravity-for-men-60ml,Active,
1841,4.1153,Everday D size Bettery,Pcs,Other / Needs Review,Unclassified,everday-d-size-bettery,Active,
1850,7.4695,Everytime flax seed 500gm,Pcs,Other / Needs Review,Unclassified,everytime-flax-seed-500gm,Active,
1851,7.4061,Everytime garam masla 100gm,Pack,Other / Needs Review,Unclassified,everytime-garam-masla-100gm,Active,
1852,7.48,Everytime garam masla 200gm,Pcs,Other / Needs Review,Unclassified,everytime-garam-masla-200gm,Active,
1858,7.3957,Everytime koseli mix 250gm,Pcs,Other / Needs Review,Unclassified,everytime-koseli-mix-250gm,Active,
1859,7.3956,Everytime koseli mix 500gm,Pcs,Other / Needs Review,Unclassified,everytime-koseli-mix-500gm,Active,
1860,7.4766,Everytime morning diet mix 500gm jar,Pcs,Other / Needs Review,Unclassified,everytime-morning-diet-mix-500gm-jar,Active,
1863,7.3995,Everytime wallnut fruit 180gm,Pcs,Other / Needs Review,Unclassified,everytime-wallnut-fruit-180gm,Active,
1864,7.3996,Everytime wallnut fruit 90gm,Pcs,Other / Needs Review,Unclassified,everytime-wallnut-fruit-90gm,Active,
1865,7.4772,Everytime wallnut kernels 350gm jar,Pcs,Other / Needs Review,Unclassified,everytime-wallnut-kernels-350gm-jar,Active,
1876,17.183,Eyelash Tweozer no.165,Pcs,Other / Needs Review,Unclassified,eyelash-tweozer-no-165,Active,
2032,2.3222,FOGG SCENT DISCOVER 50ML,Bttl,Other / Needs Review,Unclassified,fogg-scent-discover-50ml,Active,
2037,2.1196,FOGG Scent Tuxedo 50ml,PC,Other / Needs Review,Unclassified,fogg-scent-tuxedo-50ml,Active,
2011,2.2169,FOGG aftar mix 10ml,Pcs,Other / Needs Review,Unclassified,fogg-aftar-mix-10ml,Active,
2036,2.536,FOGG scent Mix 100ml,pc,Other / Needs Review,Unclassified,fogg-scent-mix-100ml,Active,
2050,9.743,FOLDING Stool012,Pcs,Other / Needs Review,Unclassified,folding-stool012,Active,
1880,4.1277,Fable B erlin Insulated Casserole 2500ml,Pcs,Other / Needs Review,Unclassified,fable-b-erlin-insulated-casserole-2500ml,Active,
1882,2.1594,Fair & Lovely glow & lovely 50g,PC,Other / Needs Review,Unclassified,fair-lovely-glow-lovely-50g,Active,
1888,3.104,Farlin Anti Choke Bended Feeding Bttl NF904,pc,Other / Needs Review,Unclassified,farlin-anti-choke-bended-feeding-bttl-nf904,Active,
1889,3.184,Farlin Anti-Colic Silicone Nipple mix,PC,Other / Needs Review,Unclassified,farlin-anti-colic-silicone-nipple-mix,Active,
1894,3.622,Farlin Breast Pump Bf-640,Pcs,Other / Needs Review,Unclassified,farlin-breast-pump-bf-640,Active,
1898,3.576,Farlin Crystal Clear Silicone Nipple S.M.L AC-210011,Pcs,Other / Needs Review,Unclassified,farlin-crystal-clear-silicone-nipple-s-m-l-ac-210011,Active,
1899,3.575,Farlin Crystal Clear Silicone Nipple S.M.L AC-22005,Pcs,Other / Needs Review,Unclassified,farlin-crystal-clear-silicone-nipple-s-m-l-ac-22005,Active,
1900,3.572,Farlin Golden Triangle Wide-neck P-3+,Pcs,Other / Needs Review,Unclassified,farlin-golden-triangle-wide-neck-p-3,Active,
1902,3.652,Farlin Manual Breast PumP Free Direction BF-640,Pcs,Other / Needs Review,Unclassified,farlin-manual-breast-pump-free-direction-bf-640,Active,
1909,3.376,Farlin Silicone Nipple 2pcAC-21011,Pcs,Other / Needs Review,Unclassified,farlin-silicone-nipple-2pcac-21011,Active,
1916,3.33,Farlin The Easy Feeder BF-193A,PC,Other / Needs Review,Unclassified,farlin-the-easy-feeder-bf-193a,Active,
1906,3.416,Farlin pacifier glow 0m/6m+,Pcs,Other / Needs Review,Unclassified,farlin-pacifier-glow-0m-6m,Active,
1922,4.1483,Fascial gun massager 888,Pcs,Other / Needs Review,Unclassified,fascial-gun-massager-888,Active,
1923,4.1476,Fascial gun pro -326,Pcs,Other / Needs Review,Unclassified,fascial-gun-pro-326,Active,
1930,2.2218,Fassupu Hydrating Face mask 28ml,Pcs,Other / Needs Review,Unclassified,fassupu-hydrating-face-mask-28ml,Active,
1936,4.119,Fevikwik 450mg,pc,Other / Needs Review,Unclassified,fevikwik-450mg,Active,
1951,7.4806,First Choice Bashan 500g,Pcs,Other / Needs Review,Unclassified,first-choice-bashan-500g,Active,
1960,7.3375,First Choice Chamsur dana 100gm,Pcs,Other / Needs Review,Unclassified,first-choice-chamsur-dana-100gm,Active,
1962,7.3451,First Choice Chilly flakes 25gm,Pcs,Other / Needs Review,Unclassified,first-choice-chilly-flakes-25gm,Active,
1968,7.3376,First Choice Jimmu 20g,Pcs,Other / Needs Review,Unclassified,first-choice-jimmu-20g,Active,
1969,7.4809,First Choice Juwano Seed 100g,Pcs,Other / Needs Review,Unclassified,first-choice-juwano-seed-100g,Active,
1970,7.338,First Choice Juwano Seed200g,Pcs,Other / Needs Review,Unclassified,first-choice-juwano-seed200g,Active,
2,7.3378,First Choice Magaj Dana100gm,Pcs,Other / Needs Review,Unclassified,first-choice-magaj-dana100gm,Active,
1974,7.4804,First Choice Mo.mo 50gm,Pcs,Other / Needs Review,Unclassified,first-choice-mo-mo-50gm,Active,
1984,7.4601,First Choice Yeast Powder 100gm,Pack,Other / Needs Review,Unclassified,first-choice-yeast-powder-100gm,Active,
1952,7.4437,First choice batisha powder 100gm,Pcs,Other / Needs Review,Unclassified,first-choice-batisha-powder-100gm,Active,
1953,7.4827,First choice beshan 200gm,Pcs,Other / Needs Review,Unclassified,first-choice-beshan-200gm,Active,
1954,7.4828,First choice bire nun 200gm,Pcs,Other / Needs Review,Unclassified,first-choice-bire-nun-200gm,Active,
1955,7.4535,First choice bire nun dhikka 200gm,Pcs,Other / Needs Review,Unclassified,first-choice-bire-nun-dhikka-200gm,Active,
1956,7.481,First choice bire nun powder 100gm,Pcs,Other / Needs Review,Unclassified,first-choice-bire-nun-powder-100gm,Active,
1963,7.4195,First choice cinnamon powder 25gm,Pcs,Other / Needs Review,Unclassified,first-choice-cinnamon-powder-25gm,Active,
1966,7.4102,First choice gud dana 100gm,Pcs,Other / Needs Review,Unclassified,first-choice-gud-dana-100gm,Active,
1967,7.419,First choice gud dana 200gm,Pcs,Other / Needs Review,Unclassified,first-choice-gud-dana-200gm,Active,
1975,7.4191,First choice mungrelo dana 100gm,Pcs,Other / Needs Review,Unclassified,first-choice-mungrelo-dana-100gm,Active,
1976,7.4371,First choice mungrelo dana 200gm,Pcs,Other / Needs Review,Unclassified,first-choice-mungrelo-dana-200gm,Active,
1990,2.308,Fix Derma Fidelia Foot Cream 75g,Pcs,Other / Needs Review,Unclassified,fix-derma-fidelia-foot-cream-75g,Active,
1988,2.2148,Fix Derma Moisturizing cream 60g,Pcs,Other / Needs Review,Unclassified,fix-derma-moisturizing-cream-60g,Active,
1993,2.1209,Fix Derma Shadow SPF30gel 75g,PC,Other / Needs Review,Unclassified,fix-derma-shadow-spf30gel-75g,Active,
1991,2.1857,Fix derma Moisturizing lotion 150ml,PC,Other / Needs Review,Unclassified,fix-derma-moisturizing-lotion-150ml,Active,
1994,2.384,Fix derma shadow SPf50+Cream 75g,PC,Other / Needs Review,Unclassified,fix-derma-shadow-spf50-cream-75g,Active,
1992,2.51,Fix derma shadow spf30 Cream,pc,Other / Needs Review,Unclassified,fix-derma-shadow-spf30-cream,Active,
1995,7.3882,Flexi creme cremier oil,Pcs,Other / Needs Review,Unclassified,flexi-creme-cremier-oil,Active,
2009,10.245,Foam Tape,Pack,Other / Needs Review,Unclassified,foam-tape,Active,
2007,10.306,Foam Tape Big Size,Pcs,Other / Needs Review,Unclassified,foam-tape-big-size,Active,
2008,10.543,Foam Tape small,Pcs,Other / Needs Review,Unclassified,foam-tape-small,Active,
2034,2.3223,Fogg Scent Explore 50ML,Pcs,Other / Needs Review,Unclassified,fogg-scent-explore-50ml,Active,
2023,2.1856,Fogg master mix mody spray120ml,PC,Other / Needs Review,Unclassified,fogg-master-mix-mody-spray120ml,Active,
2033,2.3811,Fogg scent exclusive collection 2pcs pack,Pcs,Other / Needs Review,Unclassified,fogg-scent-exclusive-collection-2pcs-pack,Active,
2035,2.1354,Fogg scent icon /fame/elite/dazzle mix100ml,PC,Other / Needs Review,Unclassified,fogg-scent-icon-fame-elite-dazzle-mix100ml,Active,
2038,2.3428,Fogg scent xpression spray 100ml,Pcs,Other / Needs Review,Unclassified,fogg-scent-xpression-spray-100ml,Active,
2046,2.2456,Foisoner Moisturizing Keratin Argan oli Treatment cream 1000ml,Pcs,Other / Needs Review,Unclassified,foisoner-moisturizing-keratin-argan-oli-treatment-cream-1000ml,Active,
2048,9.742,Folding Chair,Pcs,Other / Needs Review,Unclassified,folding-chair,Active,
2062,2.3876,Forhil foot cream 30gm,Pcs,Other / Needs Review,Unclassified,forhil-foot-cream-30gm,Active,
2069,7.4411,Fortune Refned Mustard Oil 5ltr,Pcs,Other / Needs Review,Unclassified,fortune-refned-mustard-oil-5ltr,Active,
2088,16.27,Frooti orgnl 500 ml,pc,Other / Needs Review,Unclassified,frooti-orgnl-500-ml,Active,
2160,2.918,GARNIER White complete fairness facewash 50g,pc,Other / Needs Review,Unclassified,garnier-white-complete-fairness-facewash-50g,Active,
2130,2.3429,GARNIER color naturals natural Brown 4.0,Pcs,Other / Needs Review,Unclassified,garnier-color-naturals-natural-brown-4-0,Active,
2128,2.2104,GARNIER color naturals natural black 1.0,Pcs,Other / Needs Review,Unclassified,garnier-color-naturals-natural-black-1-0,Active,
2323,2.2316,GUECK Seaweed Creamy hair mask 1000ml,Pcs,Other / Needs Review,Unclassified,gueck-seaweed-creamy-hair-mask-1000ml,Active,
2108,4.89,Garlic Press,Pcs,Other / Needs Review,Unclassified,garlic-press,Active,
2111,2.1365,Garnier Black Naturals 3.16Burgundy pouch,PC,Other / Needs Review,Unclassified,garnier-black-naturals-3-16burgundy-pouch,Active,
2112,2.2855,Garnier Black Naturals 4,Pcs,Other / Needs Review,Unclassified,garnier-black-naturals-4,Active,
2119,2.989,Garnier Color Natural Burgundy 3.16,pc,Other / Needs Review,Unclassified,garnier-color-natural-burgundy-3-16,Active,
2118,2.218,Garnier Color Natural black 1 60ml,PC,Other / Needs Review,Unclassified,garnier-color-natural-black-1-60ml,Active,
2110,2.396,Garnier Color Naturals 4 Brown 35ml,PC,Other / Needs Review,Unclassified,garnier-color-naturals-4-brown-35ml,Active,
2124,2.217,Garnier Color Naturals Cream Brown 4 70ml,PC,Other / Needs Review,Unclassified,garnier-color-naturals-cream-brown-4-70ml,Active,
2125,2.219,Garnier Color Naturals Cream Darkest Brown 3 70ml,PC,Other / Needs Review,Unclassified,garnier-color-naturals-cream-darkest-brown-3-70ml,Active,
2126,2.991,Garnier Color Naturals Cream Intense Red 6.60,pc,Other / Needs Review,Unclassified,garnier-color-naturals-cream-intense-red-6-60,Active,
2122,2.1259,Garnier Color naturals 5.32 caramel Brown 110g,PC,Other / Needs Review,Unclassified,garnier-color-naturals-5-32-caramel-brown-110g,Active,
2141,2.1507,Garnier Men Oil Clear Deep Cleasing 60g,PC,Other / Needs Review,Unclassified,garnier-men-oil-clear-deep-cleasing-60g,Active,
2142,2.126,Garnier Men Power Turbo Bright / White cream spf15 45g,PC,Other / Needs Review,Unclassified,garnier-men-power-turbo-bright-white-cream-spf15-45g,Active,
2138,2.309,Garnier Men f.w powerwhite turbo bright double action 50g,PC,Other / Needs Review,Unclassified,garnier-men-f-w-powerwhite-turbo-bright-double-action-50g,Active,
2153,2.398,Garnier Skin Naturals Wrinkle LIfe Anti Aging Crea 40g,PC,Other / Needs Review,Unclassified,garnier-skin-naturals-wrinkle-life-anti-aging-crea-40g,Active,
2154,2.446,Garnier Skin Naturals Wrinkle Lift anti-Ageing 18g,PC,Other / Needs Review,Unclassified,garnier-skin-naturals-wrinkle-lift-anti-ageing-18g,Active,
2159,2.41,Garnier White Bright/Complet Fairness Facewash lemon 100g,PC,Other / Needs Review,Unclassified,garnier-white-bright-complet-fairness-facewash-lemon-100g,Active,
2120,2.99,Garnier color Natural Cream Light Brown 5,pc,Other / Needs Review,Unclassified,garnier-color-natural-cream-light-brown-5,Active,
2127,2.254,Garnier color naturals golden brown 7.3,PC,Other / Needs Review,Unclassified,garnier-color-naturals-golden-brown-7-3,Active,
2131,2.263,Garnier color naturalsr raspberry red7.65,PC,Other / Needs Review,Unclassified,garnier-color-naturalsr-raspberry-red7-65,Active,
2146,2.3842,Garnier niacinamide fresh&plump 20ml,Pcs,Other / Needs Review,Unclassified,garnier-niacinamide-fresh-plump-20ml,Active,
2147,2.3839,Garnier niacinamide fresh&plump 45ml,Pcs,Other / Needs Review,Unclassified,garnier-niacinamide-fresh-plump-45ml,Active,
2150,2.3843,Garnier salicylic fresh&matte 20ml,Pcs,Other / Needs Review,Unclassified,garnier-salicylic-fresh-matte-20ml,Active,
2151,2.3841,Garnier salicylic fresh&matte 45ml,Pcs,Other / Needs Review,Unclassified,garnier-salicylic-fresh-matte-45ml,Active,
2166,2.1585,Gatsby WG Watergloss Soft 150g,PC,Other / Needs Review,Unclassified,gatsby-wg-watergloss-soft-150g,Active,
2167,2.295,Gatsby WG Watergloss Super hard 150g,PC,Other / Needs Review,Unclassified,gatsby-wg-watergloss-super-hard-150g,Active,
2165,2.926,Gatsby watergloss Hyper solid wet look 150g,pc,Other / Needs Review,Unclassified,gatsby-watergloss-hyper-solid-wet-look-150g,Active,
2168,7.4577,Gazzabko piro 2X noddles,Pcs,Other / Needs Review,Unclassified,gazzabko-piro-2x-noddles,Active,
2170,9.724,Gear Truck NO.HD9053,Pcs,Other / Needs Review,Unclassified,gear-truck-no-hd9053,Active,
2171,9.545,Geckd Soft Bullet gun NO.SR868-25,Pcs,Other / Needs Review,Unclassified,geckd-soft-bullet-gun-no-sr868-25,Active,
2172,9.916,Gecko mosquito swatter no199,Pcs,Other / Needs Review,Unclassified,gecko-mosquito-swatter-no199,Active,
2173,5.867,Geef Magic Pops 5.5g,Pcs,Other / Needs Review,Unclassified,geef-magic-pops-5-5g,Active,
2174,2.27,Gel Eye liner Romantic may 24hrs YR1006,PC,Other / Needs Review,Unclassified,gel-eye-liner-romantic-may-24hrs-yr1006,Active,
2180,2.903,Gillete 2 Use & throw,pc,Other / Needs Review,Unclassified,gillete-2-use-throw,Active,
2181,2.329,Gillete Fusion 4S Blade,PC,Other / Needs Review,Unclassified,gillete-fusion-4s-blade,Active,
2183,2.646,Gillete Mach3 4S Blades,pc,Other / Needs Review,Unclassified,gillete-mach3-4s-blades,Active,
2184,2.683,Gillete Vector+4 blade,pc,Other / Needs Review,Unclassified,gillete-vector-4-blade,Active,
2189,1.1747,Gillette Foam Sensitive \Regular 418gm,Pcs,Other / Needs Review,Unclassified,gillette-foam-sensitive-regular-418gm,Active,
2188,2.287,Gillette Foam regular 56gm,PC,Other / Needs Review,Unclassified,gillette-foam-regular-56gm,Active,
2190,2.27,Gillette Mach3,Pcs,Other / Needs Review,Unclassified,gillette-mach3,Active,
2191,1.154,Gillette Presto,Pcs,Other / Needs Review,Unclassified,gillette-presto,Active,
2192,2.326,Gillette Super Thin,PC,Other / Needs Review,Unclassified,gillette-super-thin,Active,
2193,2.1262,Gillette Vector 2blade,PC,Other / Needs Review,Unclassified,gillette-vector-2blade,Active,
2196,16.251,Ginger,Pcs,Other / Needs Review,Unclassified,ginger,Active,
2197,1.2091,Glade Air Fresh Mix flov 10g,Pcs,Other / Needs Review,Unclassified,glade-air-fresh-mix-flov-10g,Active,
2198,1.425,Glade Floral Perfection room spray 300ml,pc,Other / Needs Review,Unclassified,glade-floral-perfection-room-spray-300ml,Active,
2199,1.864,Glade gel mix flv 70g,PC,Other / Needs Review,Unclassified,glade-gel-mix-flv-70g,Active,
2201,2.3539,Glam & Glory Carbon Scrup 150ml,Pcs,Other / Needs Review,Unclassified,glam-glory-carbon-scrup-150ml,Active,
2202,2.3544,Glam & glory snail white faace wash 100ml,Pcs,Other / Needs Review,Unclassified,glam-glory-snail-white-faace-wash-100ml,Active,
2206,1.2167,Glam&glory hair removing cream all flv 50gm,Pcs,Other / Needs Review,Unclassified,glam-glory-hair-removing-cream-all-flv-50gm,Active,
2229,10.2,Glitter Self Ashe Sive Eva Form,Bundle,Other / Needs Review,Unclassified,glitter-self-ashe-sive-eva-form,Active,
2230,4.463,Glitter sipper glasa big with straw,Pcs,Other / Needs Review,Unclassified,glitter-sipper-glasa-big-with-straw,Active,
2234,4.38,Gloves Warm For house work 118,pc,Other / Needs Review,Unclassified,gloves-warm-for-house-work-118,Active,
2237,7.2333,Glucon -D Nimbu pani 1kg,Pcs,Other / Needs Review,Unclassified,glucon-d-nimbu-pani-1kg,Active,
2238,7.3807,Glucon-D instant energy 125gm,Pcs,Other / Needs Review,Unclassified,glucon-d-instant-energy-125gm,Active,
2239,7.676,Glucon-D instant energy 1kg,pc,Other / Needs Review,Unclassified,glucon-d-instant-energy-1kg,Active,
2240,7.677,Glucon-D instant energy Regular 500g,pc,Other / Needs Review,Unclassified,glucon-d-instant-energy-regular-500g,Active,
2241,7.679,Glucon-D nimbu pani 400g,pc,Other / Needs Review,Unclassified,glucon-d-nimbu-pani-400g,Active,
2243,5.173,Glucovita 1kg,pc,Other / Needs Review,Unclassified,glucovita-1kg,Active,
2244,5.136,Glucovita 500g,pc,Other / Needs Review,Unclassified,glucovita-500g,Active,
2245,5.219,Glucovita Orange flavr jar 400g,pc,Other / Needs Review,Unclassified,glucovita-orange-flavr-jar-400g,Active,
2242,5.405,Glucovita lemon 400g,PC,Other / Needs Review,Unclassified,glucovita-lemon-400g,Active,
2248,2.159,Glysolid For The Skin 125ml,PC,Other / Needs Review,Unclassified,glysolid-for-the-skin-125ml,Active,
2249,2.158,Glysolid For The Skin 250ml,PC,Other / Needs Review,Unclassified,glysolid-for-the-skin-250ml,Active,
2254,1.1762,Godrej Aer Spray Musk after Smoke & All Flavours 220ml,Pcs,Other / Needs Review,Unclassified,godrej-aer-spray-musk-after-smoke-all-flavours-220ml,Active,
2256,1.2103,Godrej Aermatic Spray Fefil 210 ml,Pcs,Other / Needs Review,Unclassified,godrej-aermatic-spray-fefil-210-ml,Active,
2264,1.1714,Godrej Fab 1ltr Poucha,Pcs,Other / Needs Review,Unclassified,godrej-fab-1ltr-poucha,Active,
2265,1.227,Godrej Fab 2ltr Poucha,Pcs,Other / Needs Review,Unclassified,godrej-fab-2ltr-poucha,Active,
2257,1.1037,Godrej all flvr aer pocket,Pcs,Other / Needs Review,Unclassified,godrej-all-flvr-aer-pocket,Active,
2270,1.929,Godrej protekt mr. magic powder handwash,PC,Other / Needs Review,Unclassified,godrej-protekt-mr-magic-powder-handwash,Active,
2274,9.56,Golden Number Candel,Pcs,Other / Needs Review,Unclassified,golden-number-candel,Active,
2275,6.211,Golden Oak 180ml,Pcs,Other / Needs Review,Unclassified,golden-oak-180ml,Active,
2276,6.212,Golden Oak 375ml,Pcs,Other / Needs Review,Unclassified,golden-oak-375ml,Active,
2277,6.213,Golden Oak 750ml,Pcs,Other / Needs Review,Unclassified,golden-oak-750ml,Active,
2278,7.388,Goldiee /shivom gulab jamun mix 400g,pkt,Other / Needs Review,Unclassified,goldiee-shivom-gulab-jamun-mix-400g,Active,
2281,2.1779,Good nail polish remover mix flavr,PC,Other / Needs Review,Unclassified,good-nail-polish-remover-mix-flavr,Active,
2282,1.582,Good night Gold Flash system set,Pc,Other / Needs Review,Unclassified,good-night-gold-flash-system-set,Active,
2291,7.3169,Goodlife Good Choice digestive Bicut 220gm,Pcs,Other / Needs Review,Unclassified,goodlife-good-choice-digestive-bicut-220gm,Active,
2294,5.813,Goodlife Kesarmalai lolipop,Pcs,Other / Needs Review,Unclassified,goodlife-kesarmalai-lolipop,Active,
2298,7.3179,Goodlife Potato Biscut 25gm,Pcs,Other / Needs Review,Unclassified,goodlife-potato-biscut-25gm,Active,
2299,7.3178,Goodlife Potato Biscut 75gm,Pcs,Other / Needs Review,Unclassified,goodlife-potato-biscut-75gm,Active,
2297,7.4497,Goodlife le-mond desire lemon puff,Pcs,Other / Needs Review,Unclassified,goodlife-le-mond-desire-lemon-puff,Active,
2305,10.454,Gooduck Notes Book Wz6350,Pcs,Other / Needs Review,Unclassified,gooduck-notes-book-wz6350,Active,
2313,6.336,Gorkha strong unfitered 330ml,Pcs,Other / Needs Review,Unclassified,gorkha-strong-unfitered-330ml,Active,
2314,4.1394,Greater plane cutter no5850,Pcs,Other / Needs Review,Unclassified,greater-plane-cutter-no5850,Active,
2316,16.27,Green life coconut water/sunlee coconut agua de coco 485ml,Pcs,Other / Needs Review,Unclassified,green-life-coconut-water-sunlee-coconut-agua-de-coco-485ml,Active,
2321,1.1633,Guanjing Breath spray Hyaluronic Acid 20ml,Pcs,Other / Needs Review,Unclassified,guanjing-breath-spray-hyaluronic-acid-20ml,Active,
2322,7.4476,Gudpak 500gm,Pcs,Other / Needs Review,Unclassified,gudpak-500gm,Active,
2325,6.186,Gurkhas & Gun 180ml,Btl,Other / Needs Review,Unclassified,gurkhas-gun-180ml,Active,
2326,7.115,Gustozio Chicken Soup powder 42g,PKT,Other / Needs Review,Unclassified,gustozio-chicken-soup-powder-42g,Active,
2330,7.187,Gyan Premium Arahar daal 1kg,Pack,Other / Needs Review,Unclassified,gyan-premium-arahar-daal-1kg,Active,
2327,7.583,Gyan chakki Aata 5kg,pkt,Other / Needs Review,Unclassified,gyan-chakki-aata-5kg,Active,
2690,1.156,HIt Chalk Kills Cockoaches,Pcs,Other / Needs Review,Unclassified,hit-chalk-kills-cockoaches,Active,
2352,17.359,Hair Pin Large,Pcs,Other / Needs Review,Unclassified,hair-pin-large,Active,
2346,17.133,Hair chimti stone single,Pcs,Other / Needs Review,Unclassified,hair-chimti-stone-single,Active,
2347,17.34,Hair claw clip transparent Bow,Pcs,Other / Needs Review,Unclassified,hair-claw-clip-transparent-bow,Active,
2351,17.153,Hair mix clip small,Pcs,Other / Needs Review,Unclassified,hair-mix-clip-small,Active,
2353,17.33,Hair pit pite clip black /pair pkt,Pcs,Other / Needs Review,Unclassified,hair-pit-pite-clip-black-pair-pkt,Active,
2360,7.895,Hajmola Regular,pc,Other / Needs Review,Unclassified,hajmola-regular,Active,
2359,7.1877,Hajmola lapsi /amba,Pack,Other / Needs Review,Unclassified,hajmola-lapsi-amba,Active,
2362,7.3115,Haldhiram Samosa200gm,Pcs,Other / Needs Review,Unclassified,haldhiram-samosa200gm,Active,
2414,2.3728,Hamdard kalonji oil 100ml,Pcs,Other / Needs Review,Unclassified,hamdard-kalonji-oil-100ml,Active,
2415,2.3729,Hamdard kulzum oil 10ml,Pcs,Other / Needs Review,Unclassified,hamdard-kulzum-oil-10ml,Active,
2416,2.3727,Hamdard onion oil 100ml,Pcs,Other / Needs Review,Unclassified,hamdard-onion-oil-100ml,Active,
2420,17.429,Hand Made Baby Side Clip 5 pcs set,Pcs,Other / Needs Review,Unclassified,hand-made-baby-side-clip-5-pcs-set,Active,
2422,1.2206,Hansha surf 800gm,Pcs,Other / Needs Review,Unclassified,hansha-surf-800gm,Active,
2430,9.108,Happy Bloxks Small size,Bags,Other / Needs Review,Unclassified,happy-bloxks-small-size,Active,
2433,9.936,Happy Duck Multi Track Taxiing,Pcs,Other / Needs Review,Unclassified,happy-duck-multi-track-taxiing,Active,
2425,9.772,Happy anniversary Banner,Pcs,Other / Needs Review,Unclassified,happy-anniversary-banner,Active,
2437,5.18,Happydent white/wave 16g,pc,Other / Needs Review,Unclassified,happydent-white-wave-16g,Active,
2462,7.3125,Harlals Pumkin seed 200gm,Pcs,Other / Needs Review,Unclassified,harlals-pumkin-seed-200gm,Active,
2471,7.1663,Harlals Wallnut Fruit 100g,PC,Other / Needs Review,Unclassified,harlals-wallnut-fruit-100g,Active,
2452,7.3842,Harlals chiya seed 500gm,Pcs,Other / Needs Review,Unclassified,harlals-chiya-seed-500gm,Active,
2453,7.3129,Harlals flax Seed 200gm,Pcs,Other / Needs Review,Unclassified,harlals-flax-seed-200gm,Active,
2455,7.4562,Harlals mixnut 100gm,Pcs,Other / Needs Review,Unclassified,harlals-mixnut-100gm,Active,
2472,7.935,Harlals wallnut fruit 200g,pc,Other / Needs Review,Unclassified,harlals-wallnut-fruit-200g,Active,
2473,7.311,Harlas 3in1 Mix Nut 200gm,Pcs,Other / Needs Review,Unclassified,harlas-3in1-mix-nut-200gm,Active,
2474,7.3111,Harlas Mix Nut 3in1 100gm,Pcs,Other / Needs Review,Unclassified,harlas-mix-nut-3in1-100gm,Active,
25,5.1059,Hazelnut Cream With Cocoa & Breadstick 56g,Pcs,Other / Needs Review,Unclassified,hazelnut-cream-with-cocoa-breadstick-56g,Active,
2486,7.744,Hazelnut Duo Nusco Choco jaam 350g,pc,Other / Needs Review,Unclassified,hazelnut-duo-nusco-choco-jaam-350g,Active,
2493,1.2155,Head & shoulders oily sticky dandruff deep cleanse 340ml,Pcs,Other / Needs Review,Unclassified,head-shoulders-oily-sticky-dandruff-deep-cleanse-340ml,Active,
2496,1.1573,Head And Shoulders Cool Menthol 2in170ml,Pcs,Other / Needs Review,Unclassified,head-and-shoulders-cool-menthol-2in170ml,Active,
2497,1.866,Health pumice stone 3pcs small,PC,Other / Needs Review,Unclassified,health-pumice-stone-3pcs-small,Active,
2502,9.461,Helicopter,Pcs,Other / Needs Review,Unclassified,helicopter,Active,
2505,10.341,Hello Kitty / Melidy/ Labubu Dairy sc202-4,Pcs,Other / Needs Review,Unclassified,hello-kitty-melidy-labubu-dairy-sc202-4,Active,
2508,1.1005,Henko Matic Front load 1kg+500g,box,Other / Needs Review,Unclassified,henko-matic-front-load-1kg-500g,Active,
2509,1.2284,Henko Matic Front load 4kg+2 kg free,Pcs,Other / Needs Review,Unclassified,henko-matic-front-load-4kg-2-kg-free,Active,
2510,1.2321,Henko matic liquid front load 1ltr,Pcs,Other / Needs Review,Unclassified,henko-matic-liquid-front-load-1ltr,Active,
2513,1.74,Henko stain champion surf 1kg,PC,Other / Needs Review,Unclassified,henko-stain-champion-surf-1kg,Active,
2522,5.626,Hi-life Choco Plus Vanilla/Moons star 300gm,Pcs,Other / Needs Review,Unclassified,hi-life-choco-plus-vanilla-moons-star-300gm,Active,
2523,5.625,Hi-life Corn Flakes 500gmPouch,Pcs,Other / Needs Review,Unclassified,hi-life-corn-flakes-500gmpouch,Active,
2533,10.54,Highest Qualiy Trengle Set No.8011,Pcs,Other / Needs Review,Unclassified,highest-qualiy-trengle-set-no-8011,Active,
26,10.43,Highighter no3317,Pcs,Other / Needs Review,Unclassified,highighter-no3317,Active,
2536,6.232,Highlander 180ml,Pcs,Other / Needs Review,Unclassified,highlander-180ml,Active,
2537,6.231,Highlander 375 ml,Pcs,Other / Needs Review,Unclassified,highlander-375-ml,Active,
2540,2.2948,Hilary RHhoda Eye liner Eye Brow No.1881,Pcs,Other / Needs Review,Unclassified,hilary-rhhoda-eye-liner-eye-brow-no-1881,Active,
2541,2.3058,Hilary RHhoda Eye liner Liquide 5.5ml,Pcs,Other / Needs Review,Unclassified,hilary-rhhoda-eye-liner-liquide-5-5ml,Active,
2543,7.2837,Hilife Besan 500gm,Pcs,Other / Needs Review,Unclassified,hilife-besan-500gm,Active,
2546,7.4221,Hilife Choco Fills 150gm,Pcs,Other / Needs Review,Unclassified,hilife-choco-fills-150gm,Active,
2547,5.798,Hilife Choco Plus 200gm,Pcs,Other / Needs Review,Unclassified,hilife-choco-plus-200gm,Active,
2551,7.2141,Hilife Choco plus 90g,Pcs,Other / Needs Review,Unclassified,hilife-choco-plus-90g,Active,
2557,5.692,Hilife Corn Flakes 300g,box,Other / Needs Review,Unclassified,hilife-corn-flakes-300g,Active,
2556,7.303,Hilife Corn Flakes 300gm jar,Pcs,Other / Needs Review,Unclassified,hilife-corn-flakes-300gm-jar,Active,
2559,7.2804,Hilife Corn Flakes 800gm jar,Pcs,Other / Needs Review,Unclassified,hilife-corn-flakes-800gm-jar,Active,
2560,7.2502,Hilife Corn Flakes Original 1100 g,Packet,Other / Needs Review,Unclassified,hilife-corn-flakes-original-1100-g,Active,
2549,5.1127,Hilife choco plus 425gm,Pcs,Other / Needs Review,Unclassified,hilife-choco-plus-425gm,Active,
2552,5.977,Hilife choco plus moons&stars 450gm,Pcs,Other / Needs Review,Unclassified,hilife-choco-plus-moons-stars-450gm,Active,
2558,5.1126,Hilife corn flakes 300gm,Pcs,Other / Needs Review,Unclassified,hilife-corn-flakes-300gm,Active,
2568,7.434,Hilife macaroni 150g,pkt,Other / Needs Review,Unclassified,hilife-macaroni-150g,Active,
2580,7.443,Hilife vuja 400gm,Pcs,Other / Needs Review,Unclassified,hilife-vuja-400gm,Active,
2585,7.3851,Hill queen long grain 20kg,Bags,Other / Needs Review,Unclassified,hill-queen-long-grain-20kg,Active,
2591,2.2959,Himalaya Anti Hair Fall 100ml,Pcs,Other / Needs Review,Unclassified,himalaya-anti-hair-fall-100ml,Active,
2599,3.354,Himalaya Baby extra soft 72 Wipes,Pcs,Other / Needs Review,Unclassified,himalaya-baby-extra-soft-72-wipes,Active,
2605,3.166,Himalaya Babycare baby power 200g,PC,Other / Needs Review,Unclassified,himalaya-babycare-baby-power-200g,Active,
2609,3.137,Himalaya Diper rash cream 50g,PC,Other / Needs Review,Unclassified,himalaya-diper-rash-cream-50g,Active,
2622,2.1686,Himalaya Herbal Natural Glow Fairness Cream 50g,PC,Other / Needs Review,Unclassified,himalaya-herbal-natural-glow-fairness-cream-50g,Active,
2628,2.154,Himalaya Herbals Anti Wrinkle Cream 50g,PC,Other / Needs Review,Unclassified,himalaya-herbals-anti-wrinkle-cream-50g,Active,
2634,2.94,Himalaya Herbals Moisturizing aloevera facewash50m,PC,Other / Needs Review,Unclassified,himalaya-herbals-moisturizing-aloevera-facewash50m,Active,
2640,2.92,Himalaya Herbals Purifing neem Facewash 100ml,PC,Other / Needs Review,Unclassified,himalaya-herbals-purifing-neem-facewash-100ml,Active,
2641,2.108,Himalaya Herbals Purifying Neem Facewash 50ml,PC,Other / Needs Review,Unclassified,himalaya-herbals-purifying-neem-facewash-50ml,Active,
2642,2.32,Himalaya Herbals Purifying Neem Pack 100g,PC,Other / Needs Review,Unclassified,himalaya-herbals-purifying-neem-pack-100g,Active,
2635,2.1003,Himalaya Herbals neem facewash 200ml*2=400ml,pc,Other / Needs Review,Unclassified,himalaya-herbals-neem-facewash-200ml-2-400ml,Active,
2652,2.812,Himalaya Litchi Shine Lip Care,pc,Other / Needs Review,Unclassified,himalaya-litchi-shine-lip-care,Active,
2653,3.236,Himalaya Moisturizing aloe vera facial wipes 25w,PC,Other / Needs Review,Unclassified,himalaya-moisturizing-aloe-vera-facial-wipes-25w,Active,
2601,3.14,Himalaya baby massage oil 100ml,PC,Other / Needs Review,Unclassified,himalaya-baby-massage-oil-100ml,Active,
2602,3.167,Himalaya baby power 100g,PC,Other / Needs Review,Unclassified,himalaya-baby-power-100g,Active,
2603,3.168,Himalaya baby power 50g,PC,Other / Needs Review,Unclassified,himalaya-baby-power-50g,Active,
2617,1.95,Himalaya handwash pouch Tulsi 7 lemon 750ml,Pack,Other / Needs Review,Unclassified,himalaya-handwash-pouch-tulsi-7-lemon-750ml,Active,
2658,1.2283,Himalaya pure hands tulsi&aloe moisturizing hand wash 675ml,Pcs,Other / Needs Review,Unclassified,himalaya-pure-hands-tulsi-aloe-moisturizing-hand-wash-675ml,Active,
2659,3.235,Himalaya purifying neem facial wipes 25w,PC,Other / Needs Review,Unclassified,himalaya-purifying-neem-facial-wipes-25w,Active,
2665,2.239,Himalaya winter defence moisturizing cream 100ml,PC,Other / Needs Review,Unclassified,himalaya-winter-defence-moisturizing-cream-100ml,Active,
2666,2.1823,Himalaya winter defense moisturizing cream50ml,PC,Other / Needs Review,Unclassified,himalaya-winter-defense-moisturizing-cream50ml,Active,
2672,3.594,Himalayan Gentle Baby Shop 50g,Pcs,Other / Needs Review,Unclassified,himalayan-gentle-baby-shop-50g,Active,
2677,2.813,Himalayan Strawberry Shine Lip Care,pc,Other / Needs Review,Unclassified,himalayan-strawberry-shine-lip-care,Active,
2682,7.3069,Himali Mix Dhalmooth 600gm Nilo,Pcs,Other / Needs Review,Unclassified,himali-mix-dhalmooth-600gm-nilo,Active,
2685,7.1295,Himali Motor Rs. 120 300gm,PC,Other / Needs Review,Unclassified,himali-motor-rs-120-300gm,Active,
2688,7.307,Himali Vuja RS 50,Pcs,Other / Needs Review,Unclassified,himali-vuja-rs-50,Active,
2687,7.3071,Himali Vuja Rs 100,Pcs,Other / Needs Review,Unclassified,himali-vuja-rs-100,Active,
2679,7.418,Himali furandana 500gm,pkt,Other / Needs Review,Unclassified,himali-furandana-500gm,Active,
2691,7.3652,Holi Clour pkt big,Pcs,Other / Needs Review,Unclassified,holi-clour-pkt-big,Active,
2693,4.367,Homio hot caes Lunch box,Pcs,Other / Needs Review,Unclassified,homio-hot-caes-lunch-box,Active,
2697,17.329,Hong tian side clip mix,Pcs,Other / Needs Review,Unclassified,hong-tian-side-clip-mix,Active,
2700,4.1356,Horder frame big 6*8,Pcs,Other / Needs Review,Unclassified,horder-frame-big-6-8,Active,
2701,4.1355,Horder frame medium 5*7,Pcs,Other / Needs Review,Unclassified,horder-frame-medium-5-7,Active,
2702,4.1354,Horder frame small 4*6,Pcs,Other / Needs Review,Unclassified,horder-frame-small-4-6,Active,
2707,5.4,Horlicks Junior 500g,PKT,Other / Needs Review,Unclassified,horlicks-junior-500g,Active,
2708,5.184,Horlicks Lite500g,pc,Other / Needs Review,Unclassified,horlicks-lite500g,Active,
2712,4.2,Hot Pot Stand 770,PC,Other / Needs Review,Unclassified,hot-pot-stand-770,Active,
2716,1.1776,Huggies L14,Pcs,Other / Needs Review,Unclassified,huggies-l14,Active,
2717,1.1777,Huggies S40,Pcs,Other / Needs Review,Unclassified,huggies-s40,Active,
2722,1.588,Huggies Wonder Pants M6,PC,Other / Needs Review,Unclassified,huggies-wonder-pants-m6,Active,
2724,1.1425,Huggies Wonder Pants XL24pcs,Pcs,Other / Needs Review,Unclassified,huggies-wonder-pants-xl24pcs,Active,
2726,1.109,Huggies Wonder Pants XXL24pcs,PKT,Other / Needs Review,Unclassified,huggies-wonder-pants-xxl24pcs,Active,
2727,1.464,Huggies Wonder-pants XL13,pc,Other / Needs Review,Unclassified,huggies-wonder-pants-xl13,Active,
2720,1.1651,Huggies wonder pants L7,pkt,Other / Needs Review,Unclassified,huggies-wonder-pants-l7,Active,
2723,1.267,Huggies wonder pants S10,pkt,Other / Needs Review,Unclassified,huggies-wonder-pants-s10,Active,
2725,1.256,Huggies wonder pants XL34pc,pkt,Other / Needs Review,Unclassified,huggies-wonder-pants-xl34pc,Active,
2735,9.718,Ibaby Baby separated Bed 0m+ 6650,Pcs,Other / Needs Review,Unclassified,ibaby-baby-separated-bed-0m-6650,Active,
2736,9.717,Ibaby Portable Baby Seperated Bed W/net 66515,Pcs,Other / Needs Review,Unclassified,ibaby-portable-baby-seperated-bed-w-net-66515,Active,
2737,4.112,Ice tray no8507,Pcs,Other / Needs Review,Unclassified,ice-tray-no8507,Active,
2738,2.4016,Ikt wax stick 50gm,Pcs,Other / Needs Review,Unclassified,ikt-wax-stick-50gm,Active,
2739,6.301,Imedine Sweet 750ml Red And White,Pcs,Other / Needs Review,Unclassified,imedine-sweet-750ml-red-and-white,Active,
2740,1.76,Imperial Leather Classic 115g,PC,Other / Needs Review,Unclassified,imperial-leather-classic-115g,Active,
2741,1.75,Imperial Leather Classic 200g,PC,Other / Needs Review,Unclassified,imperial-leather-classic-200g,Active,
2749,9.737,Intex Kiddie Float 59586,Pcs,Other / Needs Review,Unclassified,intex-kiddie-float-59586,Active,
2751,9.918,Intex Wet Set Collection 6+ Suming pool,Pcs,Other / Needs Review,Unclassified,intex-wet-set-collection-6-suming-pool,Active,
2752,10.232,J.K Copier 75.gmA4,Pcs,Other / Needs Review,Unclassified,j-k-copier-75-gma4,Active,
2854,2.193,JOy Papaya Sun Screen Cream Spf 25 herbal 120ml,PC,Other / Needs Review,Unclassified,joy-papaya-sun-screen-cream-spf-25-herbal-120ml,Active,
2855,2.119,JOy Papaya Sun Spf50 120ml,PC,Other / Needs Review,Unclassified,joy-papaya-sun-spf50-120ml,Active,
2870,6.29,JP chenet medium sweet red750ml,BOTTLE,Other / Needs Review,Unclassified,jp-chenet-medium-sweet-red750ml,Active,
2879,9.73,JUNCA Perform Music Guitar NO.RJ2818,Pcs,Other / Needs Review,Unclassified,junca-perform-music-guitar-no-rj2818,Active,
2754,6.5,Jack Daniel 1Ltr,BOTTLE,Other / Needs Review,Unclassified,jack-daniel-1ltr,Active,
2755,6.23,Jack Daniel 200ml,BOTTLE,Other / Needs Review,Unclassified,jack-daniel-200ml,Active,
2756,6.69,Jack Daniel Honey 1Ltr,Btl,Other / Needs Review,Unclassified,jack-daniel-honey-1ltr,Active,
2757,6.136,Jack Daniels fire 1Ltr,Pcs,Other / Needs Review,Unclassified,jack-daniels-fire-1ltr,Active,
2762,7.4611,Jacobs danish style cookes 480gm,Pcs,Other / Needs Review,Unclassified,jacobs-danish-style-cookes-480gm,Active,
2768,7.456,Jasmine chilly powder 100gm,Pcs,Other / Needs Review,Unclassified,jasmine-chilly-powder-100gm,Active,
2769,7.3706,Jasmine chilly powder 200g,Pcs,Other / Needs Review,Unclassified,jasmine-chilly-powder-200g,Active,
2772,7.4569,Jasmine kashmiri mirch 50gm,Pcs,Other / Needs Review,Unclassified,jasmine-kashmiri-mirch-50gm,Active,
2777,2.1826,Javira Lamour nail color8ml,PC,Other / Needs Review,Unclassified,javira-lamour-nail-color8ml,Active,
2778,2.324,Javira Liquid Sindoor 4g,Pcs,Other / Needs Review,Unclassified,javira-liquid-sindoor-4g,Active,
2779,2.3068,Javira nail color 6gm,Pcs,Other / Needs Review,Unclassified,javira-nail-color-6gm,Active,
2780,2.3424,Javira nail color 7gm,Pcs,Other / Needs Review,Unclassified,javira-nail-color-7gm,Active,
2781,17.376,Jaw Clips,Pcs,Other / Needs Review,Unclassified,jaw-clips,Active,
2783,24.88,Jayas chicken momo 50pcs,Pcs,Other / Needs Review,Unclassified,jayas-chicken-momo-50pcs,Active,
2788,24.89,Jayas vege momo 50gm,Pcs,Other / Needs Review,Unclassified,jayas-vege-momo-50gm,Active,
2789,24.9,Jayas vegetable momo 20pcs,Pcs,Other / Needs Review,Unclassified,jayas-vegetable-momo-20pcs,Active,
2790,24.93,Jayasa chicken momo 20pcs,Pcs,Other / Needs Review,Unclassified,jayasa-chicken-momo-20pcs,Active,
2791,9.834,Jeep no.939,Pcs,Other / Needs Review,Unclassified,jeep-no-939,Active,
2799,8.9,Jents Gugles Raybon Classic,Pcs,Other / Needs Review,Unclassified,jents-gugles-raybon-classic,Active,
2804,17.253,Jiaxi baby side clipe set,Pcs,Other / Needs Review,Unclassified,jiaxi-baby-side-clipe-set,Active,
2807,6.236,Johnnie walker Blonde 700ml,Pcs,Other / Needs Review,Unclassified,johnnie-walker-blonde-700ml,Active,
2810,2.2997,Johnsons 24 hr moisture soft cream 100ml,Pcs,Other / Needs Review,Unclassified,johnsons-24-hr-moisture-soft-cream-100ml,Active,
2811,2.614,Johnsons 24 hr moisture soft cream 200ml,PC,Other / Needs Review,Unclassified,johnsons-24-hr-moisture-soft-cream-200ml,Active,
2825,2.1511,Johnsons Sun Care Long Lasting SPF60 150g,PC,Other / Needs Review,Unclassified,johnsons-sun-care-long-lasting-spf60-150g,Active,
2824,3.493,Johnsons skincare wipes 80N,PKT,Other / Needs Review,Unclassified,johnsons-skincare-wipes-80n,Active,
2827,16.102,Joiner all mix flavour 320ml,PC,Other / Needs Review,Unclassified,joiner-all-mix-flavour-320ml,Active,
2831,1.1443,Jordan Baby pest 75g,Pcs,Other / Needs Review,Unclassified,jordan-baby-pest-75g,Active,
2832,3.527,Jordan baby Tooth Paste 75gm,Pcs,Other / Needs Review,Unclassified,jordan-baby-tooth-paste-75gm,Active,
2843,2.3211,Joy Hyadra refresh ultra Light Gel 50ml,Pcs,Other / Needs Review,Unclassified,joy-hyadra-refresh-ultra-light-gel-50ml,Active,
2844,2.2817,Joy Hydra Refresh 150ml,Pcs,Other / Needs Review,Unclassified,joy-hydra-refresh-150ml,Active,
2848,2.172,Joy Papaya Sun 30ml spf25,PC,Other / Needs Review,Unclassified,joy-papaya-sun-30ml-spf25,Active,
2852,2.1738,Joy Papaya Sun Multi Benefit Spf40 sun Cream 60ml,PC,Other / Needs Review,Unclassified,joy-papaya-sun-multi-benefit-spf40-sun-cream-60ml,Active,
2851,2.1737,Joy Papaya Sun Multi benefit Spf40 cream 120ml,PC,Other / Needs Review,Unclassified,joy-papaya-sun-multi-benefit-spf40-cream-120ml,Active,
28,2.2835,Joy Papaya Sun Spf 70 120ml,Pcs,Other / Needs Review,Unclassified,joy-papaya-sun-spf-70-120ml,Active,
2853,2.17,Joy Papaya Sun screen cream 60ml,PC,Other / Needs Review,Unclassified,joy-papaya-sun-screen-cream-60ml,Active,
2849,2.2831,Joy Papaya sun Cream spf 50 30ml,Pcs,Other / Needs Review,Unclassified,joy-papaya-sun-cream-spf-50-30ml,Active,
2859,2.1033,Joy Pure Aloe M.B Skin Cream 50ml,Pc,Other / Needs Review,Unclassified,joy-pure-aloe-m-b-skin-cream-50ml,Active,
2860,2.1393,Joy Pure Aloe M.B. Skin Cream 100ml,PC,Other / Needs Review,Unclassified,joy-pure-aloe-m-b-skin-cream-100ml,Active,
2861,2.2907,Joy Skin Fruits 200ml,Pcs,Other / Needs Review,Unclassified,joy-skin-fruits-200ml,Active,
2862,2.1394,Joy Skin Fruits Active Moisture 100ml,PC,Other / Needs Review,Unclassified,joy-skin-fruits-active-moisture-100ml,Active,
2863,2.1395,Joy Skin Fruits Active Moisture 50ml,PC,Other / Needs Review,Unclassified,joy-skin-fruits-active-moisture-50ml,Active,
2877,7.4281,Jumli simi geda 500gm,Pcs,Other / Needs Review,Unclassified,jumli-simi-geda-500gm,Active,
2880,2.356,Juni Facial Wipes With Rose/ Jasmine,Pcs,Other / Needs Review,Unclassified,juni-facial-wipes-with-rose-jasmine,Active,
2883,1.1543,Juni Wipes 90Sheets,Pcs,Other / Needs Review,Unclassified,juni-wipes-90sheets,Active,
2882,1.174,Juni panty Liner 20155mm,Pcs,Other / Needs Review,Unclassified,juni-panty-liner-20155mm,Active,
2994,2.18,KESH king Ayurvedic Oil 100ml,PC,Other / Needs Review,Unclassified,kesh-king-ayurvedic-oil-100ml,Active,
3095,2.928,KS spark pocket perfum 18ml,pc,Other / Needs Review,Unclassified,ks-spark-pocket-perfum-18ml,Active,
2890,4.1363,Kapabara thormas 700ml,Pcs,Other / Needs Review,Unclassified,kapabara-thormas-700ml,Active,
2892,2.3537,Karis Glysoft Glycerin Cream 50 ml,Pcs,Other / Needs Review,Unclassified,karis-glysoft-glycerin-cream-50-ml,Active,
2893,2.2267,Karis Moisturising Glysoft Creme 125ml,Pcs,Other / Needs Review,Unclassified,karis-moisturising-glysoft-creme-125ml,Active,
2894,2.3732,Karis mooisturising glysoft cream 250ml,Pack,Other / Needs Review,Unclassified,karis-mooisturising-glysoft-cream-250ml,Active,
2908,2.2975,Karseell MaCA Power Collagen Treatment cream500ml,Pcs,Other / Needs Review,Unclassified,karseell-maca-power-collagen-treatment-cream500ml,Active,
2913,7.3479,Kasthamandap Balbara 500gm,Pcs,Other / Needs Review,Unclassified,kasthamandap-balbara-500gm,Active,
2914,7.348,Kasthamandap Gulmari 400gm,Pcs,Other / Needs Review,Unclassified,kasthamandap-gulmari-400gm,Active,
2915,7.3483,Kasthamandap Lakhamari Aaitha 250gm,Pcs,Other / Needs Review,Unclassified,kasthamandap-lakhamari-aaitha-250gm,Active,
2916,7.3482,Kasthamandap Lakhamari Aaitha 500g,Pcs,Other / Needs Review,Unclassified,kasthamandap-lakhamari-aaitha-500g,Active,
2917,7.3484,Kasthamandap Lakhamari Batareko500gm,Pcs,Other / Needs Review,Unclassified,kasthamandap-lakhamari-batareko500gm,Active,
2919,7.3478,Kasthamandap Teel ko Laddu (Telauri black ) 180gm,Pcs,Other / Needs Review,Unclassified,kasthamandap-teel-ko-laddu-telauri-black-180gm,Active,
2935,17.352,Kata Fur Cherry Design,Pcs,Other / Needs Review,Unclassified,kata-fur-cherry-design,Active,
2941,17.336,Kata Lafe Stone mix,Pcs,Other / Needs Review,Unclassified,kata-lafe-stone-mix,Active,
2945,17.339,Kata Rabit degian,Pcs,Other / Needs Review,Unclassified,kata-rabit-degian,Active,
2923,17.403,Kata big size ramro,Pcs,Other / Needs Review,Unclassified,kata-big-size-ramro,Active,
2924,17.377,Kata bow krg86,Pcs,Other / Needs Review,Unclassified,kata-bow-krg86,Active,
2940,17.323,Kata kkl-2 mix design,Pcs,Other / Needs Review,Unclassified,kata-kkl-2-mix-design,Active,
2949,17.216,Kata stone moti mix,Pcs,Other / Needs Review,Unclassified,kata-stone-moti-mix,Active,
2950,17.335,Kata white medium size,Pcs,Other / Needs Review,Unclassified,kata-white-medium-size,Active,
2952,2.3066,Katerina Texture Nail Polish 18ml,Pcs,Other / Needs Review,Unclassified,katerina-texture-nail-polish-18ml,Active,
2955,2.2626,Kaveri mehendi cone,Pcs,Other / Needs Review,Unclassified,kaveri-mehendi-cone,Active,
2959,2.387,Kejjan's moisturising lotion 150ml,Pcs,Other / Needs Review,Unclassified,kejjan-s-moisturising-lotion-150ml,Active,
2960,2.352,Kejjan's moisturising lotion 250ml,Pcs,Other / Needs Review,Unclassified,kejjan-s-moisturising-lotion-250ml,Active,
2971,5.326,"Kellogg""s chocos 110gm",PC,Other / Needs Review,Unclassified,kellogg-s-chocos-110gm,Active,
2973,5.656,Kellogg's Chocos Duet mocns stars 375g,pkt,Other / Needs Review,Unclassified,kellogg-s-chocos-duet-mocns-stars-375g,Active,
2976,5.238,Kelloggs Chocos 250g,Packet,Other / Needs Review,Unclassified,kelloggs-chocos-250g,Active,
2979,5.277,Kelloggs Corn Flakes Original & the Best 875g,Pkt,Other / Needs Review,Unclassified,kelloggs-corn-flakes-original-the-best-875g,Active,
2978,5.165,Kelloggs Corn Flakes Original & the best 475gm,pkt,Other / Needs Review,Unclassified,kelloggs-corn-flakes-original-the-best-475gm,Active,
2975,5.499,Kelloggs chocos 385gm,Pcs,Other / Needs Review,Unclassified,kelloggs-chocos-385gm,Active,
2983,5.377,Kelloggs oast 500g*2=1kg,PC,Other / Needs Review,Unclassified,kelloggs-oast-500g-2-1kg,Active,
2990,2.204,Keratin moisturizing & smooth creamy hair mask 1000ml,Pcs,Other / Needs Review,Unclassified,keratin-moisturizing-smooth-creamy-hair-mask-1000ml,Active,
2991,2.2039,Keratin moisturizing & smooth creamy hair mask 500ml,Pcs,Other / Needs Review,Unclassified,keratin-moisturizing-smooth-creamy-hair-mask-500ml,Active,
2995,2.608,Kesh King Ayurvedic Oil 50ml,pc,Other / Needs Review,Unclassified,kesh-king-ayurvedic-oil-50ml,Active,
2992,20.15,Kesh kanti advance herbal hair expert oil 100ml,Pcs,Other / Needs Review,Unclassified,kesh-kanti-advance-herbal-hair-expert-oil-100ml,Active,
2999,2.3978,Kesh king gold ayurvedic oil 100ml,Pcs,Other / Needs Review,Unclassified,kesh-king-gold-ayurvedic-oil-100ml,Active,
3016,7.3075,Khajurico Golden Mix Dhamotha 200gm,Pcs,Other / Needs Review,Unclassified,khajurico-golden-mix-dhamotha-200gm,Active,
3021,7.863,Khajuriko Puffino Puff Pastry 70g,Pc,Other / Needs Review,Unclassified,khajuriko-puffino-puff-pastry-70g,Active,
3024,6.223,Khukuri Cigarette,Pcs,Other / Needs Review,Unclassified,khukuri-cigarette,Active,
3079,2.1202,KiWI Shoes polish cream Black/,PC,Other / Needs Review,Unclassified,kiwi-shoes-polish-cream-black,Active,
3031,3.618,Kids Holytooth Orange tothpaste 60g,Pcs,Other / Needs Review,Unclassified,kids-holytooth-orange-tothpaste-60g,Active,
3032,3.619,Kids Holytooth Strawberey tothpaste 60g,Pcs,Other / Needs Review,Unclassified,kids-holytooth-strawberey-tothpaste-60g,Active,
3033,5.93,Kinder Joy 20g,PC,Other / Needs Review,Unclassified,kinder-joy-20g,Active,
3034,7.4461,King bell yellow mustrad 255gm,Pcs,Other / Needs Review,Unclassified,king-bell-yellow-mustrad-255gm,Active,
3056,7.4492,Kissan Fresh Tomato Kechup Pack 850 gm,Pack,Other / Needs Review,Unclassified,kissan-fresh-tomato-kechup-pack-850-gm,Active,
3076,2.681,Kiwi Express Shine Black/ sponge,pc,Other / Needs Review,Unclassified,kiwi-express-shine-black-sponge,Active,
3077,2.1472,Kiwi Instant Polish brown Leather75ml,PC,Other / Needs Review,Unclassified,kiwi-instant-polish-brown-leather75ml,Active,
3080,2.589,Kiwi Wax leather & Protect Instant Polish Black,pc,Other / Needs Review,Unclassified,kiwi-wax-leather-protect-instant-polish-black,Active,
3081,7.1209,Knorr Chicken soup /40g,PC,Other / Needs Review,Unclassified,knorr-chicken-soup-40g,Active,
3082,7.9,Knorr Mixed Vegetable Soup 40gm,PC,Other / Needs Review,Unclassified,knorr-mixed-vegetable-soup-40gm,Active,
3084,7.745,Knowr Italian Mushroom Soup 48g,pc,Other / Needs Review,Unclassified,knowr-italian-mushroom-soup-48g,Active,
3083,7.746,Knowr hot & sour vegetable soup,pc,Other / Needs Review,Unclassified,knowr-hot-sour-vegetable-soup,Active,
3089,17.129,Korean kata clour mix,Pcs,Other / Needs Review,Unclassified,korean-kata-clour-mix,Active,
3090,5.1113,Kravour rolls choco/strawberry 50gm,Pcs,Other / Needs Review,Unclassified,kravour-rolls-choco-strawberry-50gm,Active,
3097,10.517,Kuluomi/ Spider Man Tepast single pcs,Pcs,Other / Needs Review,Unclassified,kuluomi-spider-man-tepast-single-pcs,Active,
3098,5.124,Kurmure 95g,pkt,Other / Needs Review,Unclassified,kurmure-95g,Active,
3100,10.314,Kuromi Skeleton Dieary 80-55-3,Pcs,Other / Needs Review,Unclassified,kuromi-skeleton-dieary-80-55-3,Active,
3099,10.256,Kuromi highiter 809-1,Pcs,Other / Needs Review,Unclassified,kuromi-highiter-809-1,Active,
3110,2.4062,L.A girl pro- powder,Pcs,Other / Needs Review,Unclassified,l-a-girl-pro-powder,Active,
3188,16.148,LEMONZA Nimbu pani 250ml,Pcs,Other / Needs Review,Unclassified,lemonza-nimbu-pani-250ml,Active,
3200,1.1334,LIFEBUOY HANDWASH 185ML,Pcs,Other / Needs Review,Unclassified,lifebuoy-handwash-185ml,Active,
3238,7.4813,LNT Choice Mushroom Can 400g,Pcs,Other / Needs Review,Unclassified,lnt-choice-mushroom-can-400g,Active,
3322,5.285,LOTTE Lotte Chocopie 12packs,PC,Other / Needs Review,Unclassified,lotte-lotte-chocopie-12packs,Active,
3339,2.765,LOTUS Herbals jojobawash 80g,pc,Other / Needs Review,Unclassified,lotus-herbals-jojobawash-80g,Active,
3354,2.766,LOTUS Herbals whiteglow facial foam 50g,pc,Other / Needs Review,Unclassified,lotus-herbals-whiteglow-facial-foam-50g,Active,
3112,5.772,Lacto Fun Cholacate,pkt,Other / Needs Review,Unclassified,lacto-fun-cholacate,Active,
3114,5.712,Lactodex 1,Pcs,Other / Needs Review,Unclassified,lactodex-1,Active,
3113,5.713,Lactodex 2,Pcs,Other / Needs Review,Unclassified,lactodex-2,Active,
3115,5.723,Lactodex 3,Pcs,Other / Needs Review,Unclassified,lactodex-3,Active,
3116,5.876,Lactodex 4,Pcs,Other / Needs Review,Unclassified,lactodex-4,Active,
3117,8.8,Ladies Guggles Mix,Pcs,Other / Needs Review,Unclassified,ladies-guggles-mix,Active,
3118,17.11,Ladies mala Mothi,Pcs,Other / Needs Review,Unclassified,ladies-mala-mothi,Active,
3119,17.106,Ladies moti 2line white,Pcs,Other / Needs Review,Unclassified,ladies-moti-2line-white,Active,
3121,17.42,Ladies small kata,Pcs,Other / Needs Review,Unclassified,ladies-small-kata,Active,
3123,7.3978,Lajawab makhana 250gm,Pcs,Other / Needs Review,Unclassified,lajawab-makhana-250gm,Active,
3125,2.3858,Lakme 9 To 5 CC+ Complexion Care Cream 30g,Pcs,Other / Needs Review,Unclassified,lakme-9-to-5-cc-complexion-care-cream-30g,Active,
3127,2.3361,Lakme 9 to 5 sun expert super matte sunscrem spf 50 50ml,Pcs,Other / Needs Review,Unclassified,lakme-9-to-5-sun-expert-super-matte-sunscrem-spf-50-50ml,Active,
3128,2.336,Lakme 9 to 5 sun expert super matte sunscrem spf30 50ml,Pcs,Other / Needs Review,Unclassified,lakme-9-to-5-sun-expert-super-matte-sunscrem-spf30-50ml,Active,
3129,2.3777,Lakme 9to5 skin styllist collection cc cream 30gm,Pcs,Other / Needs Review,Unclassified,lakme-9to5-skin-styllist-collection-cc-cream-30gm,Active,
3141,1.1476,Lakme SPf 50 100ml,Pcs,Other / Needs Review,Unclassified,lakme-spf-50-100ml,Active,
3132,2.3776,Lakme blush&glow face mask all flv,Pcs,Other / Needs Review,Unclassified,lakme-blush-glow-face-mask-all-flv,Active,
3133,2.432,Lakme face compact power 40gm,PC,Other / Needs Review,Unclassified,lakme-face-compact-power-40gm,Active,
3134,2.3773,Lakme forever matte compact 9gm,Pcs,Other / Needs Review,Unclassified,lakme-forever-matte-compact-9gm,Active,
3144,2.2123,Lakme true wear nail color 9ml,Pcs,Other / Needs Review,Unclassified,lakme-true-wear-nail-color-9ml,Active,
3150,10.546,Lantu Pop Earse + Stamp,Pcs,Other / Needs Review,Unclassified,lantu-pop-earse-stamp,Active,
3157,2.3936,Lasya matte liquid eye liner 5ml,Pcs,Other / Needs Review,Unclassified,lasya-matte-liquid-eye-liner-5ml,Active,
3162,7.2346,Lawrence Mills Corn Flakes 500g,Pcs,Other / Needs Review,Unclassified,lawrence-mills-corn-flakes-500g,Active,
3161,7.1975,Lawrence mills choco crunch 375g,Pcs,Other / Needs Review,Unclassified,lawrence-mills-choco-crunch-375g,Active,
3165,5.225,Lays mix flavour 41 gm,pc,Other / Needs Review,Unclassified,lays-mix-flavour-41-gm,Active,
3166,5.178,Lays mix flavour 74gm,pc,Other / Needs Review,Unclassified,lays-mix-flavour-74gm,Active,
3171,17.322,Leidona kata,Pcs,Other / Needs Review,Unclassified,leidona-kata,Active,
3177,2.4021,Leito conditioning styling mousse 230ml,Pcs,Other / Needs Review,Unclassified,leito-conditioning-styling-mousse-230ml,Active,
3178,2.4051,Leito face powder spf25,Pcs,Other / Needs Review,Unclassified,leito-face-powder-spf25,Active,
3181,2.3341,Leito nail poish 10ml,Pcs,Other / Needs Review,Unclassified,leito-nail-poish-10ml,Active,
3182,2.3943,Leito nail polish 6ml,Pcs,Other / Needs Review,Unclassified,leito-nail-polish-6ml,Active,
3186,4.198,Lemon Squeezer Clever cook,PC,Other / Needs Review,Unclassified,lemon-squeezer-clever-cook,Active,
3187,16.153,Lemonz Nimbu pani 600ml,Pcs,Other / Needs Review,Unclassified,lemonz-nimbu-pani-600ml,Active,
3189,4.1359,Let's cheers thormas,Pcs,Other / Needs Review,Unclassified,let-s-cheers-thormas,Active,
3192,5.1036,Lexus orange cream 1kg,Pcs,Other / Needs Review,Unclassified,lexus-orange-cream-1kg,Active,
3196,1.115,Lifebuoy Germ Protection Handwash 175ml,BOTTLE,Other / Needs Review,Unclassified,lifebuoy-germ-protection-handwash-175ml,Active,
3197,1.2347,Lifebuoy Germ Protection Handwash Buy 2 Get 1 175ml,Pcs,Other / Needs Review,Unclassified,lifebuoy-germ-protection-handwash-buy-2-get-1-175ml,Active,
3194,1.1302,Lifebuoy Germ protection hand wash 675ml,Pcs,Other / Needs Review,Unclassified,lifebuoy-germ-protection-hand-wash-675ml,Active,
3195,1.1983,Lifebuoy care skin protection 100g*400gm,Pcs,Other / Needs Review,Unclassified,lifebuoy-care-skin-protection-100g-400gm,Active,
3198,1.1984,Lifebuoy germ protection nature 100gm*400g,Pack,Other / Needs Review,Unclassified,lifebuoy-germ-protection-nature-100gm-400g,Active,
3204,9.854,Light Ronaldo / Messi,Pcs,Other / Needs Review,Unclassified,light-ronaldo-messi,Active,
3205,9.805,Light star,Pcs,Other / Needs Review,Unclassified,light-star,Active,
3239,7.3843,Local egg 30pcs,box,Other / Needs Review,Unclassified,local-egg-30pcs,Active,
3246,7.4578,Local faim timur ko chop 200gm,Pcs,Other / Needs Review,Unclassified,local-faim-timur-ko-chop-200gm,Active,
3270,1.1497,Lordent 2in1 Tooth paste\Active Herbal Protection 100gm,Pcs,Other / Needs Review,Unclassified,lordent-2in1-tooth-paste-active-herbal-protection-100gm,Active,
3271,2.2848,Lords 24 Hr Shea Moisturzing 100gm,Pcs,Other / Needs Review,Unclassified,lords-24-hr-shea-moisturzing-100gm,Active,
3275,2.2859,Lords Coffe Facewash 100ml,Pcs,Other / Needs Review,Unclassified,lords-coffe-facewash-100ml,Active,
3276,2.2861,Lords Deep Moisturizing cold cream 100g,Pcs,Other / Needs Review,Unclassified,lords-deep-moisturizing-cold-cream-100g,Active,
3284,2.2846,Lords Pollution Protect suncream spf 50 100ml,Pcs,Other / Needs Review,Unclassified,lords-pollution-protect-suncream-spf-50-100ml,Active,
3297,2.2804,Loreal Paris 4 Natural brown100+72ml,Pcs,Other / Needs Review,Unclassified,loreal-paris-4-natural-brown100-72ml,Active,
3290,2.2644,Loreal Paris Color Excllence creme 3.16 burgundy 100g,Pcs,Other / Needs Review,Unclassified,loreal-paris-color-excllence-creme-3-16-burgundy-100g,Active,
3291,2.2642,Loreal Paris Color Excllence creme 4.25ml100g,Pcs,Other / Needs Review,Unclassified,loreal-paris-color-excllence-creme-4-25ml100g,Active,
3302,2.2722,Loreal paris excellence color 6.13,Pcs,Other / Needs Review,Unclassified,loreal-paris-excellence-color-6-13,Active,
3303,2.3263,Loreal paris excellence creme 100+72ml,Pcs,Other / Needs Review,Unclassified,loreal-paris-excellence-creme-100-72ml,Active,
3306,1.1849,Loreal paris hyaluron pure 340ml,Pcs,Other / Needs Review,Unclassified,loreal-paris-hyaluron-pure-340ml,Active,
3320,5.83,Lotte Choco Pie Real Orange flv450g,Pcs,Other / Needs Review,Unclassified,lotte-choco-pie-real-orange-flv450g,Active,
3319,5.192,Lotte Choco pie cocoa pie 168 g,pkt,Other / Needs Review,Unclassified,lotte-choco-pie-cocoa-pie-168-g,Active,
3321,5.8,Lotte Chocopie Premium Quality,PC,Other / Needs Review,Unclassified,lotte-chocopie-premium-quality,Active,
3323,5.935,Lotte xylitol cool chewing all flv,Pcs,Other / Needs Review,Unclassified,lotte-xylitol-cool-chewing-all-flv,Active,
3333,2.1442,Lotus Herbal Neem facewash50g,PC,Other / Needs Review,Unclassified,lotus-herbal-neem-facewash50g,Active,
3336,2.2917,Lotus Herbala safe sun silk touch mattifying UVcream70g spf50,Pcs,Other / Needs Review,Unclassified,lotus-herbala-safe-sun-silk-touch-mattifying-uvcream70g-spf50,Active,
3338,2.2291,Lotus Herbals Cherry Lip mix flv 4g,Pcs,Other / Needs Review,Unclassified,lotus-herbals-cherry-lip-mix-flv-4g,Active,
3346,2.408,Lotus Herbals Safe Sun spf 70,PC,Other / Needs Review,Unclassified,lotus-herbals-safe-sun-spf-70,Active,
3348,2.1715,Lotus Herbals Sheamoiste moisturise120g,PC,Other / Needs Review,Unclassified,lotus-herbals-sheamoiste-moisturise120g,Active,
3351,2.41,Lotus Herbals UV Screen Mattel Gel spf 50,PC,Other / Needs Review,Unclassified,lotus-herbals-uv-screen-mattel-gel-spf-50,Active,
3356,2.4,Lotus Herbals WhiteGlow Gel Cream 60g,PC,Other / Needs Review,Unclassified,lotus-herbals-whiteglow-gel-cream-60g,Active,
3358,2.145,Lotus Herbals YoutherX Anti Ageing50g spf25,PC,Other / Needs Review,Unclassified,lotus-herbals-youtherx-anti-ageing50g-spf25,Active,
3343,2.2143,Lotus Herbals papaya Blem 50g,Pcs,Other / Needs Review,Unclassified,lotus-herbals-papaya-blem-50g,Active,
3344,2.144,Lotus Herbals safe sun Men Advanced 100g,PC,Other / Needs Review,Unclassified,lotus-herbals-safe-sun-men-advanced-100g,Active,
3347,2.1517,Lotus Herbals safeSun uv screen matteGel spf50 50g,PC,Other / Needs Review,Unclassified,lotus-herbals-safesun-uv-screen-mattegel-spf50-50g,Active,
3355,2.1716,Lotus Herbals whiteGlow facial foam100g,PC,Other / Needs Review,Unclassified,lotus-herbals-whiteglow-facial-foam100g,Active,
3362,2.1026,Lotus HerbalsNutramoist Daily Moisturising Cream,pc,Other / Needs Review,Unclassified,lotus-herbalsnutramoist-daily-moisturising-cream,Active,
3372,2.2302,Lotus Professional Dermo Spa Night Creme 50g,Pcs,Other / Needs Review,Unclassified,lotus-professional-dermo-spa-night-creme-50g,Active,
3374,2.3662,Lotus Professional Retemin Plant retino boost Day creme 50g,Pcs,Other / Needs Review,Unclassified,lotus-professional-retemin-plant-retino-boost-day-creme-50g,Active,
3375,2.3663,Lotus Professional Retemin Plant retino boost night creme 50g,Pcs,Other / Needs Review,Unclassified,lotus-professional-retemin-plant-retino-boost-night-creme-50g,Active,
3369,2.1975,Lotus Professional anti ageimg day cream 50g,PC,Other / Needs Review,Unclassified,lotus-professional-anti-ageimg-day-cream-50g,Active,
3367,2.2081,Lotus Professional deep moisturising creme 50gm,Pcs,Other / Needs Review,Unclassified,lotus-professional-deep-moisturising-creme-50gm,Active,
3352,2.1985,Lotus herbals white glow deep moisturising cream 40gm,Pcs,Other / Needs Review,Unclassified,lotus-herbals-white-glow-deep-moisturising-cream-40gm,Active,
3353,2.263,Lotus herbals white glow deep moisurising spf20 crem 60g,Pcs,Other / Needs Review,Unclassified,lotus-herbals-white-glow-deep-moisurising-spf20-crem-60g,Active,
3357,2.3771,Lotus herbals whiteglow gel creme spf25 60gm,Pcs,Other / Needs Review,Unclassified,lotus-herbals-whiteglow-gel-creme-spf25-60gm,Active,
3364,2.4067,Lotus naturals bb white glow powder spf 25,Pcs,Other / Needs Review,Unclassified,lotus-naturals-bb-white-glow-powder-spf-25,Active,
3366,2.2915,Lotus professiona Whitening &Brightening 50g Cream spf 25,Pcs,Other / Needs Review,Unclassified,lotus-professiona-whitening-brightening-50g-cream-spf-25,Active,
3370,2.1976,Lotus professional Anti blemish creme 50g,PC,Other / Needs Review,Unclassified,lotus-professional-anti-blemish-creme-50g,Active,
3377,2.1439,Lotus safe sun skin Lightening spf30 50g,PC,Other / Needs Review,Unclassified,lotus-safe-sun-skin-lightening-spf30-50g,Active,
3378,2.4045,Lotus white glow compact powder,Pcs,Other / Needs Review,Unclassified,lotus-white-glow-compact-powder,Active,
3382,5.812,Love Cany 200gm,Pcs,Other / Needs Review,Unclassified,love-cany-200gm,Active,
3389,2.2665,Love Warmth hair masque Damage keratin 400ml,Pcs,Other / Needs Review,Unclassified,love-warmth-hair-masque-damage-keratin-400ml,Active,
3384,17.266,Love desing kata,Pcs,Other / Needs Review,Unclassified,love-desing-kata,Active,
3393,9.65,Lucency Gear Plane No.8817,Pcs,Other / Needs Review,Unclassified,lucency-gear-plane-no-8817,Active,
3404,1.1567,Lux Fresh glow lotus 400gm,Pack,Other / Needs Review,Unclassified,lux-fresh-glow-lotus-400gm,Active,
3411,7.38,M/S mahashree furandana 425gm,Pcs,Other / Needs Review,Unclassified,m-s-mahashree-furandana-425gm,Active,
3412,7.3667,M/S mahashree namkin 500g,Pcs,Other / Needs Review,Unclassified,m-s-mahashree-namkin-500g,Active,
3413,7.3669,M/S mahashree namkin majedar mix 260gm,Pcs,Other / Needs Review,Unclassified,m-s-mahashree-namkin-majedar-mix-260gm,Active,
3414,7.3668,M/S mahashree namkin sadabahar mix 640gm,Pcs,Other / Needs Review,Unclassified,m-s-mahashree-namkin-sadabahar-mix-640gm,Active,
3533,7.426,MANA Chhurra chhurpi 100g,Pcs,Other / Needs Review,Unclassified,mana-chhurra-chhurpi-100g,Active,
3610,7.3972,MF Mahashree Majadar Mix namking 125gm,Pcs,Other / Needs Review,Unclassified,mf-mahashree-majadar-mix-namking-125gm,Active,
3611,7.397,MF Mahashree sadabhar namking 180gm,Pcs,Other / Needs Review,Unclassified,mf-mahashree-sadabhar-namking-180gm,Active,
3612,7.3969,MF Mahashree sadabhar namking 310gm,Pcs,Other / Needs Review,Unclassified,mf-mahashree-sadabhar-namking-310gm,Active,
3613,7.3968,MF Mahashree sadabhar namking 640gm,Pcs,Other / Needs Review,Unclassified,mf-mahashree-sadabhar-namking-640gm,Active,
3625,2.2578,MG goldline sun creen spf70 SPF100ml,Pcs,Other / Needs Review,Unclassified,mg-goldline-sun-creen-spf70-spf100ml,Active,
3415,7.613,Maas daal 1kg,pkt,Other / Needs Review,Unclassified,maas-daal-1kg,Active,
3416,7.3673,Maas geda 1kg,Pcs,Other / Needs Review,Unclassified,maas-geda-1kg,Active,
3417,2.2481,Mac Campact powder BO.NA 30g,Pcs,Other / Needs Review,Unclassified,mac-campact-powder-bo-na-30g,Active,
3431,5.809,"Madoc mesco,luxury,royal,lakme 400gm",Pcs,Other / Needs Review,Unclassified,madoc-mesco-luxury-royal-lakme-400gm,Active,
3432,5.915,Madoc royal/lacmi 250g,Pcs,Other / Needs Review,Unclassified,madoc-royal-lacmi-250g,Active,
3440,9.434,Magic Bean Go Homes,Pcs,Other / Needs Review,Unclassified,magic-bean-go-homes,Active,
3444,2.3671,Magic Lip oli no 336,Pcs,Other / Needs Review,Unclassified,magic-lip-oli-no-336,Active,
3447,9.866,Magnetic Building CudesC001Y,Pcs,Other / Needs Review,Unclassified,magnetic-building-cudesc001y,Active,
3448,9.932,Magnetic Flexible Building Rods Yh608,Pcs,Other / Needs Review,Unclassified,magnetic-flexible-building-rods-yh608,Active,
3449,7.4111,Mahashree Sadabahar Mix 640gm,Pcs,Other / Needs Review,Unclassified,mahashree-sadabahar-mix-640gm,Active,
3459,7.4796,Maiju ko timur chhop 200gm,Pack,Other / Needs Review,Unclassified,maiju-ko-timur-chhop-200gm,Active,
3460,9.597,Mailipox Cutting Fruits set M3069-34,Pcs,Other / Needs Review,Unclassified,mailipox-cutting-fruits-set-m3069-34,Active,
3462,9.596,Mailipox Doctor set M3069-12,Pcs,Other / Needs Review,Unclassified,mailipox-doctor-set-m3069-12,Active,
3461,9.476,Mailipox ham Burger Set m3077-4,pkt,Other / Needs Review,Unclassified,mailipox-ham-burger-set-m3077-4,Active,
3467,7.607,Makkai 1kg,kg,Other / Needs Review,Unclassified,makkai-1kg,Active,
3468,16.271,Mala's mango crush 750ml,Pcs,Other / Needs Review,Unclassified,mala-s-mango-crush-750ml,Active,
3469,16.273,Malas blueberry crush 750ml,Pcs,Other / Needs Review,Unclassified,malas-blueberry-crush-750ml,Active,
3470,16.272,Malas kiwi crush 750ml,Pcs,Other / Needs Review,Unclassified,malas-kiwi-crush-750ml,Active,
3471,16.282,Malas strawberry crush 750ml,Pcs,Other / Needs Review,Unclassified,malas-strawberry-crush-750ml,Active,
3472,1.122,Mama Earth Anti Mosquito Fabric roll on 8ml,Pcs,Other / Needs Review,Unclassified,mama-earth-anti-mosquito-fabric-roll-on-8ml,Active,
3486,2.2396,Mama Earth Hydra Gel Indian Suncreen 50g,Pcs,Other / Needs Review,Unclassified,mama-earth-hydra-gel-indian-suncreen-50g,Active,
3480,2.3144,Mama earth Bye Bye Dark Circles Eye Cream 20gm,Pcs,Other / Needs Review,Unclassified,mama-earth-bye-bye-dark-circles-eye-cream-20gm,Active,
3487,3.403,Mama earth Mineral Based suncreen for babies 50g,Pcs,Other / Needs Review,Unclassified,mama-earth-mineral-based-suncreen-for-babies-50g,Active,
3474,1.1221,Mama earth Mosquito Repellent 24 Patches,Pcs,Other / Needs Review,Unclassified,mama-earth-mosquito-repellent-24-patches,Active,
3519,3.398,MamaEarth Natural Mosquito Repellent 100ml,Pcs,Other / Needs Review,Unclassified,mamaearth-natural-mosquito-repellent-100ml,Active,
3520,3.402,MamaEarth Natural Mosquito Repellent Gel 50ml,Pcs,Other / Needs Review,Unclassified,mamaearth-natural-mosquito-repellent-gel-50ml,Active,
3516,3.455,MamaEarth moisturizing daily lotion 200ml,PC,Other / Needs Review,Unclassified,mamaearth-moisturizing-daily-lotion-200ml,Active,
3517,3.456,MamaEarth moisturizing daily lotion400ml,PC,Other / Needs Review,Unclassified,mamaearth-moisturizing-daily-lotion400ml,Active,
3518,3.644,Mamaearth natural breathe easy vapour patches,Pcs,Other / Needs Review,Unclassified,mamaearth-natural-breathe-easy-vapour-patches,Active,
3531,1.403,Mamy Poko Pants S4,pc,Other / Needs Review,Unclassified,mamy-poko-pants-s4,Active,
3532,1.168,Mamy Poko Pants XXL7,ps,Other / Needs Review,Unclassified,mamy-poko-pants-xxl7,Active,
3535,7.2935,Manali Pani Puri 300gm,Pcs,Other / Needs Review,Unclassified,manali-pani-puri-300gm,Active,
3536,7.4571,Manali pani puri 700gm,Pcs,Other / Needs Review,Unclassified,manali-pani-puri-700gm,Active,
3537,7.442,Manali panipuri 150gm,Pcs,Other / Needs Review,Unclassified,manali-panipuri-150gm,Active,
3538,7.4717,Mangalam aata 1kg,Pcs,Other / Needs Review,Unclassified,mangalam-aata-1kg,Active,
3539,7.4715,Mangalam aata 2kg,Pcs,Other / Needs Review,Unclassified,mangalam-aata-2kg,Active,
3540,7.4718,Mangalam aata 5kg,Pcs,Other / Needs Review,Unclassified,mangalam-aata-5kg,Active,
3541,7.122,Mangaldeep Agarbatti Trisara 180,PKT,Other / Needs Review,Unclassified,mangaldeep-agarbatti-trisara-180,Active,
3543,7.4607,Mangaldeep scent 3 in 1,Pcs,Other / Needs Review,Unclassified,mangaldeep-scent-3-in-1,Active,
3545,2.1615,Manicure set 62017-3,PC,Other / Needs Review,Unclassified,manicure-set-62017-3,Active,
3550,5.776,Marshallow ausman 30gm,Pcs,Other / Needs Review,Unclassified,marshallow-ausman-30gm,Active,
3557,7.271,Maseura local 200g pack,pkt,Other / Needs Review,Unclassified,maseura-local-200g-pack,Active,
3559,7.484,Master chef black kismis 200gm,Pcs,Other / Needs Review,Unclassified,master-chef-black-kismis-200gm,Active,
3579,7.1993,Maxipan Red Cherry Without stem 850g,Pcs,Other / Needs Review,Unclassified,maxipan-red-cherry-without-stem-850g,Active,
3581,2.2224,Maybelline Baby color lips,Pcs,Other / Needs Review,Unclassified,maybelline-baby-color-lips,Active,
3582,2.2182,Maybelline Lasting fix Loose powder 40g,Pcs,Other / Needs Review,Unclassified,maybelline-lasting-fix-loose-powder-40g,Active,
3583,2.2183,Maybelline dream compact powder 10gm,Pcs,Other / Needs Review,Unclassified,maybelline-dream-compact-powder-10gm,Active,
3597,4.1479,Mensturation heating pad,Pcs,Other / Needs Review,Unclassified,mensturation-heating-pad,Active,
3599,5.711,Mentos mint 37.5g/Strawberry,Pcs,Other / Needs Review,Unclassified,mentos-mint-37-5g-strawberry,Active,
3600,5.758,Mentosh Rainbow Mini 10gm,Pcs,Other / Needs Review,Unclassified,mentosh-rainbow-mini-10gm,Active,
3632,9.827,Mike,Pcs,Other / Needs Review,Unclassified,mike,Active,
3642,21.126,Milky Bites Strawberry iml 500ml,Pcs,Other / Needs Review,Unclassified,milky-bites-strawberry-iml-500ml,Active,
3644,21.136,Milky bites vanilla creamy iceream bliss,Pcs,Other / Needs Review,Unclassified,milky-bites-vanilla-creamy-iceream-bliss,Active,
3662,10.276,Mini Dairy,Pcs,Other / Needs Review,Unclassified,mini-dairy,Active,
3666,9.93,Mini Plane No.2622-12,Pcs,Other / Needs Review,Unclassified,mini-plane-no-2622-12,Active,
3665,4.1261,Mini massager gun-203,Pcs,Other / Needs Review,Unclassified,mini-massager-gun-203,Active,
3674,9.657,Minico Multi Jig cube puzzue 9 pcs mi-003,Pcs,Other / Needs Review,Unclassified,minico-multi-jig-cube-puzzue-9-pcs-mi-003,Active,
35,9.811,Mirron small,Pcs,Other / Needs Review,Unclassified,mirron-small,Active,
3684,2.4007,Miss glam lipgloss,Pcs,Other / Needs Review,Unclassified,miss-glam-lipgloss,Active,
3703,7.3563,Misty Cutting Mishri 500gm,pkt,Other / Needs Review,Unclassified,misty-cutting-mishri-500gm,Active,
3702,7.3596,Misty Cutting mishri 200gm,pkt,Other / Needs Review,Unclassified,misty-cutting-mishri-200gm,Active,
3713,7.3552,Misty Flex Seeds 200gm,pkt,Other / Needs Review,Unclassified,misty-flex-seeds-200gm,Active,
3714,7.3553,Misty Flex Seeds 500gm,pkt,Other / Needs Review,Unclassified,misty-flex-seeds-500gm,Active,
3715,7.355,Misty Jwano 100gm,pkt,Other / Needs Review,Unclassified,misty-jwano-100gm,Active,
3723,7.3537,Misty Kismish 100gm,pkt,Other / Needs Review,Unclassified,misty-kismish-100gm,Active,
3724,7.3538,Misty Kismish 200gm,pkt,Other / Needs Review,Unclassified,misty-kismish-200gm,Active,
3725,7.3539,Misty Kismish 500gm,pkt,Other / Needs Review,Unclassified,misty-kismish-500gm,Active,
3726,7.3541,Misty Laung 100gm,pkt,Other / Needs Review,Unclassified,misty-laung-100gm,Active,
3727,7.354,Misty Laung 50gm,pkt,Other / Needs Review,Unclassified,misty-laung-50gm,Active,
3729,7.3564,Misty Methi 100gm,pkt,Other / Needs Review,Unclassified,misty-methi-100gm,Active,
3730,7.3565,Misty Methi 500gm,pkt,Other / Needs Review,Unclassified,misty-methi-500gm,Active,
3738,7.3566,Misty Panchforaan 100gm,pkt,Other / Needs Review,Unclassified,misty-panchforaan-100gm,Active,
3747,7.3548,Misty Sauf 100gm,pkt,Other / Needs Review,Unclassified,misty-sauf-100gm,Active,
3748,7.3549,Misty Saunf 500gm,pkt,Other / Needs Review,Unclassified,misty-saunf-500gm,Active,
3749,7.3546,Misty Sukmel 100gm,pkt,Other / Needs Review,Unclassified,misty-sukmel-100gm,Active,
3750,7.3545,Misty Sukmel 50gm,pkt,Other / Needs Review,Unclassified,misty-sukmel-50gm,Active,
3754,7.3559,Misty VIP Garam Mashala 100gm,pkt,Other / Needs Review,Unclassified,misty-vip-garam-mashala-100gm,Active,
3758,7.3561,Misty White Teel 100gm,pkt,Other / Needs Review,Unclassified,misty-white-teel-100gm,Active,
3759,7.3562,Misty White Teel 500gm,pkt,Other / Needs Review,Unclassified,misty-white-teel-500gm,Active,
3692,7.4006,Misty black kishmis 100gm,Pcs,Other / Needs Review,Unclassified,misty-black-kishmis-100gm,Active,
3693,7.4007,Misty black kishmis 200gm,Pcs,Other / Needs Review,Unclassified,misty-black-kishmis-200gm,Active,
3694,7.4008,Misty black kishmis 500gm,Pcs,Other / Needs Review,Unclassified,misty-black-kishmis-500gm,Active,
3698,7.368,Misty chiya seed 100gm,Pcs,Other / Needs Review,Unclassified,misty-chiya-seed-100gm,Active,
3699,7.3681,Misty chiya seed 200gm,Pcs,Other / Needs Review,Unclassified,misty-chiya-seed-200gm,Active,
3700,7.3856,Misty chiya seed 500gm,Pcs,Other / Needs Review,Unclassified,misty-chiya-seed-500gm,Active,
3701,7.4243,Misty cooking soda 40gm,Pcs,Other / Needs Review,Unclassified,misty-cooking-soda-40gm,Active,
3709,7.4086,Misty dry khurbani 200gm,Pcs,Other / Needs Review,Unclassified,misty-dry-khurbani-200gm,Active,
3710,7.408,Misty dry kiwi 100gm,Pcs,Other / Needs Review,Unclassified,misty-dry-kiwi-100gm,Active,
3711,7.4079,Misty dry kiwi 200gm,Pcs,Other / Needs Review,Unclassified,misty-dry-kiwi-200gm,Active,
3712,7.4082,Misty dry mango 200gm,Pcs,Other / Needs Review,Unclassified,misty-dry-mango-200gm,Active,
3722,7.4744,Misty kismis 500gm jar,Pcs,Other / Needs Review,Unclassified,misty-kismis-500gm-jar,Active,
3728,7.4087,Misty makhana 60gm,Pcs,Other / Needs Review,Unclassified,misty-makhana-60gm,Active,
3731,7.4242,Misty mishri 500gm,Pcs,Other / Needs Review,Unclassified,misty-mishri-500gm,Active,
3755,7.4241,Misty wallnut fruit 200gm,Pcs,Other / Needs Review,Unclassified,misty-wallnut-fruit-200gm,Active,
3756,7.424,Misty wallnut fruit 500gm,Pcs,Other / Needs Review,Unclassified,misty-wallnut-fruit-500gm,Active,
3769,7.612,Mix Daal 1 kg,pkt,Other / Needs Review,Unclassified,mix-daal-1-kg,Active,
3777,2.564,Moming Bud cotton Balls,pkt,Other / Needs Review,Unclassified,moming-bud-cotton-balls,Active,
3779,9.417,Monster Jeep,Pcs,Other / Needs Review,Unclassified,monster-jeep,Active,
3780,22.55,Moochine healthy growth all flv 85g,Pcs,Other / Needs Review,Unclassified,moochine-healthy-growth-all-flv-85g,Active,
3781,4.1152,Moon Star salai rs50,Pack,Other / Needs Review,Unclassified,moon-star-salai-rs50,Active,
3786,2.354,Moov spray 35g,PC,Other / Needs Review,Unclassified,moov-spray-35g,Active,
3796,1.235,Mortein All Insect 2in1-Killer 600ml,PC,Other / Needs Review,Unclassified,mortein-all-insect-2in1-killer-600ml,Active,
3800,1.246,"Mother""s choice new born xs 40pcs",PC,Other / Needs Review,Unclassified,mother-s-choice-new-born-xs-40pcs,Active,
3804,17.227,Moti top,Pcs,Other / Needs Review,Unclassified,moti-top,Active,
3822,1.1473,Mr Muscle Floor Claener1ltr,Pcs,Other / Needs Review,Unclassified,mr-muscle-floor-claener1ltr,Active,
3817,1.2354,Mr genje hand wash 250ml,Pcs,Other / Needs Review,Unclassified,mr-genje-hand-wash-250ml,Active,
3835,2.3822,Multi purpose novo blusher 4.1gm,Pcs,Other / Needs Review,Unclassified,multi-purpose-novo-blusher-4-1gm,Active,
3854,3.623,Mumlove Baby Oral Aspirator 3+Months,Pcs,Other / Needs Review,Unclassified,mumlove-baby-oral-aspirator-3-months,Active,
3848,3.334,Mumlove Baby Silcone spoon D6318-2,Pcs,Other / Needs Review,Unclassified,mumlove-baby-silcone-spoon-d6318-2,Active,
3856,3.641,Mumlove Baby Simple Nasal Aspirator A1032-A,Pcs,Other / Needs Review,Unclassified,mumlove-baby-simple-nasal-aspirator-a1032-a,Active,
3852,3.319,Mumlove Baby fruit feeder P6105,PC,Other / Needs Review,Unclassified,mumlove-baby-fruit-feeder-p6105,Active,
3865,3.325,Mumlove Colorful silicon teetheA1091,PC,Other / Needs Review,Unclassified,mumlove-colorful-silicon-teethea1091,Active,
3872,3.408,Mumlove Silicone pacifier p1039,Pcs,Other / Needs Review,Unclassified,mumlove-silicone-pacifier-p1039,Active,
3873,3.389,Mumlove Sleeping Style PacifierNO.p3639,Pcs,Other / Needs Review,Unclassified,mumlove-sleeping-style-pacifierno-p3639,Active,
3874,3.316,Mumlove Soother Pacifier 0+ months,PC,Other / Needs Review,Unclassified,mumlove-soother-pacifier-0-months,Active,
3876,3.538,Mumlove Standrd neck nipple 2pcNO.6109,Pcs,Other / Needs Review,Unclassified,mumlove-standrd-neck-nipple-2pcno-6109,Active,
3877,3.347,Mumlove Sweet pacifier p3636-8+month,Pcs,Other / Needs Review,Unclassified,mumlove-sweet-pacifier-p3636-8-month,Active,
3849,3.351,Mumlove Wide neck 2pc Nipple-6111,Pcs,Other / Needs Review,Unclassified,mumlove-wide-neck-2pc-nipple-6111,Active,
3867,3.318,Mumlove cute baby fruit feeder P6103,PC,Other / Needs Review,Unclassified,mumlove-cute-baby-fruit-feeder-p6103,Active,
3870,3.317,Mumlove fork & Spoon set D6303,PC,Other / Needs Review,Unclassified,mumlove-fork-spoon-set-d6303,Active,
3875,3.122,Mumlove standard neck nipple S.M.L,Pc,Other / Needs Review,Unclassified,mumlove-standard-neck-nipple-s-m-l,Active,
3888,9.73,Music & Dance Robot Mix,box,Other / Needs Review,Unclassified,music-dance-robot-mix,Active,
3891,7.4393,Mutton khurak 40gm,Pcs,Other / Needs Review,Unclassified,mutton-khurak-40gm,Active,
3892,7.4184,Mutton sukuti 180gm,Pcs,Other / Needs Review,Unclassified,mutton-sukuti-180gm,Active,
3894,17.285,Mx dou baby set clip,Pack,Other / Needs Review,Unclassified,mx-dou-baby-set-clip,Active,
3898,10.269,My Melodt Note505-2,Pcs,Other / Needs Review,Unclassified,my-melodt-note505-2,Active,
3896,5.492,My chewy corn mix gelly 300g,pkt,Other / Needs Review,Unclassified,my-chewy-corn-mix-gelly-300g,Active,
3899,7.1751,N P F chicken /vegetable /mushroom soup 45g,PC,Other / Needs Review,Unclassified,n-p-f-chicken-vegetable-mushroom-soup-45g,Active,
3907,2.3085,N+ Professional Sun Screen Matte Cream100ml spf60,Pcs,Other / Needs Review,Unclassified,n-professional-sun-screen-matte-cream100ml-spf60,Active,
3903,2.3088,N+ Professional Under Eye Cream 15ml,Pcs,Other / Needs Review,Unclassified,n-professional-under-eye-cream-15ml,Active,
3981,5.1,NESTLE LACTOGEN 3,PC,Other / Needs Review,Unclassified,nestle-lactogen-3,Active,
3995,1.372,NEW HIT BLACK 625ml,pc,Other / Needs Review,Unclassified,new-hit-black-625ml,Active,
3994,1.373,NEW HIT BLACk 400ml,pc,Other / Needs Review,Unclassified,new-hit-black-400ml,Active,
4056,2.661,NIVEA LIP CARE ALL FLV SHINE 4.8GM,pc,Other / Needs Review,Unclassified,nivea-lip-care-all-flv-shine-4-8gm,Active,
4067,2.794,NIVEA MEN fresh active roll on,pc,Other / Needs Review,Unclassified,nivea-men-fresh-active-roll-on,Active,
4049,2.793,NIVEA energy fresh / Black & white roll on,pc,Other / Needs Review,Unclassified,nivea-energy-fresh-black-white-roll-on,Active,
4025,1.1028,NIne Ultra thin DC/NS XL+ pads 6s heavy Flow,Pcs,Other / Needs Review,Unclassified,nine-ultra-thin-dc-ns-xl-pads-6s-heavy-flow,Active,
4101,7.2326,NPF Barari egg / veg Chowmein 350gm,Pcs,Other / Needs Review,Unclassified,npf-barari-egg-veg-chowmein-350gm,Active,
4107,1.2243,NPI premium tissuse box,Pack,Other / Needs Review,Unclassified,npi-premium-tissuse-box,Active,
3914,2.1353,Nail Cutter 2023-1,PC,Other / Needs Review,Unclassified,nail-cutter-2023-1,Active,
3915,2.1481,Nail Cutter 5001-13,PC,Other / Needs Review,Unclassified,nail-cutter-5001-13,Active,
3916,2.3132,Nail Cutter 5002-1,Pcs,Other / Needs Review,Unclassified,nail-cutter-5002-1,Active,
3917,2.3131,Nail Cutter 5002-2,Pcs,Other / Needs Review,Unclassified,nail-cutter-5002-2,Active,
3912,2.1751,Nail clipper A7808W,PC,Other / Needs Review,Unclassified,nail-clipper-a7808w,Active,
3913,2.175,Nail clipper P216B,PC,Other / Needs Review,Unclassified,nail-clipper-p216b,Active,
3918,2.3817,Nail cutter no 1391,Pcs,Other / Needs Review,Unclassified,nail-cutter-no-1391,Active,
3921,2.3581,Naked 4 setting spray 75ml,Pcs,Other / Needs Review,Unclassified,naked-4-setting-spray-75ml,Active,
3924,10.304,Nano Double Sided tape,Pcs,Other / Needs Review,Unclassified,nano-double-sided-tape,Active,
3925,10.305,Nano tape Double Sided 3.6mm,Pcs,Other / Needs Review,Unclassified,nano-tape-double-sided-3-6mm,Active,
3928,10.432,Naruto / Pokemon card,Pcs,Other / Needs Review,Unclassified,naruto-pokemon-card,Active,
3931,4.294,Natural bamboo-coaster 6pcs/set,Pcs,Other / Needs Review,Unclassified,natural-bamboo-coaster-6pcs-set,Active,
3934,2.31,Natures Cocoa Bright bodty lotion 100ml,Pcs,Other / Needs Review,Unclassified,natures-cocoa-bright-bodty-lotion-100ml,Active,
3935,2.3101,Natures Cocoa Bright bodty lotion 400ml,Pcs,Other / Needs Review,Unclassified,natures-cocoa-bright-bodty-lotion-400ml,Active,
3940,2.187,Navaratna Oil 50ml,PC,Other / Needs Review,Unclassified,navaratna-oil-50ml,Active,
3941,2.178,Navaratna Oil 90ml,PC,Other / Needs Review,Unclassified,navaratna-oil-90ml,Active,
3942,2.177,Navratna oil 200ml,PC,Other / Needs Review,Unclassified,navratna-oil-200ml,Active,
3943,2.2826,Navratna oil 450ml,Pcs,Other / Needs Review,Unclassified,navratna-oil-450ml,Active,
3944,16.249,Nawon Basil Seed 290ml,Pcs,Other / Needs Review,Unclassified,nawon-basil-seed-290ml,Active,
3947,4.113,Needle thread set Suedhago,Pcs,Other / Needs Review,Unclassified,needle-thread-set-suedhago,Active,
3966,5.332,Nestle BarOne 12g,PC,Other / Needs Review,Unclassified,nestle-barone-12g,Active,
3967,5.235,Nestle BarOne 20gm,Pc,Other / Needs Review,Unclassified,nestle-barone-20gm,Active,
3968,5.77,Nestle Ceregrow 2-6 years,PC,Other / Needs Review,Unclassified,nestle-ceregrow-2-6-years,Active,
3969,5.243,Nestle Cerelac 5Grains & Fruits Stage 5,Pc,Other / Needs Review,Unclassified,nestle-cerelac-5grains-fruits-stage-5,Active,
3971,5.1,Nestle Cerelac Weat apple 1,PC,Other / Needs Review,Unclassified,nestle-cerelac-weat-apple-1,Active,
3973,5.9,Nestle Cerelac Wheat Apple Cherry 2,PC,Other / Needs Review,Unclassified,nestle-cerelac-wheat-apple-cherry-2,Active,
3970,5.6,Nestle Cerelac multi grain & fruits 4,PC,Other / Needs Review,Unclassified,nestle-cerelac-multi-grain-fruits-4,Active,
3975,5.61,Nestle Gold Crunchy corn oat Flakes 475g,Pcs,Other / Needs Review,Unclassified,nestle-gold-crunchy-corn-oat-flakes-475g,Active,
3978,5.86,Nestle KitKat28.5g,PC,Other / Needs Review,Unclassified,nestle-kitkat28-5g,Active,
3977,5.195,Nestle Kitkat 11.9g,pc,Other / Needs Review,Unclassified,nestle-kitkat-11-9g,Active,
3979,5.135,Nestle Kitkat38.5g rs50,pc,Other / Needs Review,Unclassified,nestle-kitkat38-5g-rs50,Active,
3980,5.5,Nestle Lactogen 2,PC,Other / Needs Review,Unclassified,nestle-lactogen-2,Active,
3982,5.2,Nestle Lactogen 4,PC,Other / Needs Review,Unclassified,nestle-lactogen-4,Active,
3987,5.206,Nestle Munch 10.1g,pc,Other / Needs Review,Unclassified,nestle-munch-10-1g,Active,
3988,5.236,Nestle Munch 20.1g,Pc,Other / Needs Review,Unclassified,nestle-munch-20-1g,Active,
3976,5.494,Nestle kit kat rs100,Pcs,Other / Needs Review,Unclassified,nestle-kit-kat-rs100,Active,
3986,5.9,Nestle munch max 42g,PC,Other / Needs Review,Unclassified,nestle-munch-max-42g,Active,
3991,1.1513,New Hit 200ml,Pcs,Other / Needs Review,Unclassified,new-hit-200ml,Active,
3990,1.1021,New Hit 625ml,Pcs,Other / Needs Review,Unclassified,new-hit-625ml,Active,
3992,1.23,New Hit Anti Roach Gel 16.25g,PC,Other / Needs Review,Unclassified,new-hit-anti-roach-gel-16-25g,Active,
3993,1.1839,New Hit Anti Roach Gel 9.95gm,Pack,Other / Needs Review,Unclassified,new-hit-anti-roach-gel-9-95gm,Active,
3996,1.385,New Hit Red 400ml,pc,Other / Needs Review,Unclassified,new-hit-red-400ml,Active,
3998,1.1444,New Red Hit 200ml,Pcs,Other / Needs Review,Unclassified,new-red-hit-200ml,Active,
4005,2.1448,NewLook Hair Tretment Cream 250ml,PC,Other / Needs Review,Unclassified,newlook-hair-tretment-cream-250ml,Active,
4000,7.2998,Newari sahi Pulao Basmati rise 1kg,Pcs,Other / Needs Review,Unclassified,newari-sahi-pulao-basmati-rise-1kg,Active,
4008,2.3121,Newlook Vegetable Glycerin gel 60gm,Pcs,Other / Needs Review,Unclassified,newlook-vegetable-glycerin-gel-60gm,Active,
4009,2.1927,Newlook vegetable Glycerine 100ml,PC,Other / Needs Review,Unclassified,newlook-vegetable-glycerine-100ml,Active,
4010,2.3818,Nice mirro small,Pack,Other / Needs Review,Unclassified,nice-mirro-small,Active,
4013,7.768,"Nilon""s Garlic/Ginger paste 200g",pc,Other / Needs Review,Unclassified,nilon-s-garlic-ginger-paste-200g,Active,
4014,16.175,Nimbu Pani 2.5 ltr,Pcs,Other / Needs Review,Unclassified,nimbu-pani-2-5-ltr,Active,
4016,1.1191,Nine Dry Comfort Ultra thinXL15pad,Pcs,Other / Needs Review,Unclassified,nine-dry-comfort-ultra-thinxl15pad,Active,
4017,1.1162,Nine Dry Comfort Ultra thinXL50pad,Pcs,Other / Needs Review,Unclassified,nine-dry-comfort-ultra-thinxl50pad,Active,
4018,1.1503,Nine Dry ComfortXL6pads275mm,Pcs,Other / Needs Review,Unclassified,nine-dry-comfortxl6pads275mm,Active,
4022,1.1192,Nine Naturally Soft Ultra thinXL15pad,Pcs,Other / Needs Review,Unclassified,nine-naturally-soft-ultra-thinxl15pad,Active,
4019,1.1163,Nine Naturally soft 50pad,Pcs,Other / Needs Review,Unclassified,nine-naturally-soft-50pad,Active,
4026,17.353,Ning Meng Hair Accessory REF: 6655,Pcs,Other / Needs Review,Unclassified,ning-meng-hair-accessory-ref-6655,Active,
4028,2.398,Nisha multani mitti papaya face fack powder,Pcs,Other / Needs Review,Unclassified,nisha-multani-mitti-papaya-face-fack-powder,Active,
4030,2.3799,NishaEvery silk Argan oli50ml,Pcs,Other / Needs Review,Unclassified,nishaevery-silk-argan-oli50ml,Active,
4031,2.22,Nitro Canada Hair Wax Mix all,PC,Other / Needs Review,Unclassified,nitro-canada-hair-wax-mix-all,Active,
4042,2.1077,Nivea Cream 150ml,pc,Other / Needs Review,Unclassified,nivea-cream-150ml,Active,
4043,2.1433,Nivea Cream 25ml,PC,Other / Needs Review,Unclassified,nivea-cream-25ml,Active,
4044,2.167,Nivea Cream 30ml,PC,Other / Needs Review,Unclassified,nivea-cream-30ml,Active,
4046,2.3661,Nivea Cream Blue 100ml,Pcs,Other / Needs Review,Unclassified,nivea-cream-blue-100ml,Active,
4048,2.714,Nivea Dry comfort Rollon 50ml,pc,Other / Needs Review,Unclassified,nivea-dry-comfort-rollon-50ml,Active,
4051,2.156,Nivea Extra White Radiant & smooth uv filter 100ml,PC,Other / Needs Review,Unclassified,nivea-extra-white-radiant-smooth-uv-filter-100ml,Active,
4055,2.71,Nivea Fresh natural Rollon 50ml\Black and White 50ml,pc,Other / Needs Review,Unclassified,nivea-fresh-natural-rollon-50ml-black-and-white-50ml,Active,
4059,2.1079,Nivea Men Anti-Acne OC Facial Foam 100g,pc,Other / Needs Review,Unclassified,nivea-men-anti-acne-oc-facial-foam-100g,Active,
4060,2.2707,Nivea Men Balsamo After Shave Hidratante 100ml,Pcs,Other / Needs Review,Unclassified,nivea-men-balsamo-after-shave-hidratante-100ml,Active,
4062,2.721,Nivea Men Cool kick Rollon 50ml,pc,Other / Needs Review,Unclassified,nivea-men-cool-kick-rollon-50ml,Active,
4064,2.72,Nivea Men Dry impact plus Rollon 50ml,pc,Other / Needs Review,Unclassified,nivea-men-dry-impact-plus-rollon-50ml,Active,
4075,2.713,Nivea Men Whitening/Brightening Rollon 50ml,pc,Other / Needs Review,Unclassified,nivea-men-whitening-brightening-rollon-50ml,Active,
4069,2.307,Nivea Men hydra max Deep Clean Facial Foam 100g,PC,Other / Needs Review,Unclassified,nivea-men-hydra-max-deep-clean-facial-foam-100g,Active,
4081,2.192,Nivea Soft Moisturizing Cream 100ml,PC,Other / Needs Review,Unclassified,nivea-soft-moisturizing-cream-100ml,Active,
4082,2.1078,Nivea Soft moisturizing cream 200ml,pc,Other / Needs Review,Unclassified,nivea-soft-moisturizing-cream-200ml,Active,
4084,2.1076,Nivea Soft moisturizng cream 50ml,pc,Other / Needs Review,Unclassified,nivea-soft-moisturizng-cream-50ml,Active,
4083,2.3801,Nivea Soft moisturizng cream 50ml spf 15,Pcs,Other / Needs Review,Unclassified,nivea-soft-moisturizng-cream-50ml-spf-15,Active,
4096,2.709,Nivea Whitening /protect $ care rollon 50ml,pc,Other / Needs Review,Unclassified,nivea-whitening-protect-care-rollon-50ml,Active,
4053,2.711,Nivea extra whitening/ white & firm rollon 50ml,pc,Other / Needs Review,Unclassified,nivea-extra-whitening-white-firm-rollon-50ml,Active,
4074,2.187,Nivea men Sensitive /Deep comfort after shave lotion 100ml,PC,Other / Needs Review,Unclassified,nivea-men-sensitive-deep-comfort-after-shave-lotion-100ml,Active,
4061,2.3342,Nivea men cool kick extra dry spary 150ml,Pcs,Other / Needs Review,Unclassified,nivea-men-cool-kick-extra-dry-spary-150ml,Active,
4063,2.1613,Nivea men deep impact rollon 50ml,PC,Other / Needs Review,Unclassified,nivea-men-deep-impact-rollon-50ml,Active,
4073,2.1542,Nivea men protecting /fresh &coolsaving form 200ml,PC,Other / Needs Review,Unclassified,nivea-men-protecting-fresh-coolsaving-form-200ml,Active,
4057,2.2152,Nivea men silver protect /protect&care Rollon 50ml,Pcs,Other / Needs Review,Unclassified,nivea-men-silver-protect-protect-care-rollon-50ml,Active,
4078,2.2008,Nivea pearl white micro bubbles deep clean 100g,Pcs,Other / Needs Review,Unclassified,nivea-pearl-white-micro-bubbles-deep-clean-100g,Active,
4080,2.1434,Nivea soft light moisturise 25ml,PC,Other / Needs Review,Unclassified,nivea-soft-light-moisturise-25ml,Active,
4085,2.3809,Nivea soft playful peach/pomegranate cream 50ml,Pcs,Other / Needs Review,Unclassified,nivea-soft-playful-peach-pomegranate-cream-50ml,Active,
4086,2.3808,Nivea soft turn on your charm with play ful peach 200ml,Pcs,Other / Needs Review,Unclassified,nivea-soft-turn-on-your-charm-with-play-ful-peach-200ml,Active,
4087,2.2332,Nivea sun KIds Protect &care spf 50 200ml,Pcs,Other / Needs Review,Unclassified,nivea-sun-kids-protect-care-spf-50-200ml,Active,
4088,2.1177,Nivea sun Protect & moisture spf30 125ml blue,PC,Other / Needs Review,Unclassified,nivea-sun-protect-moisture-spf30-125ml-blue,Active,
4089,2.3075,Nivea sun Protect Moisture Spf 50+125ml,Pcs,Other / Needs Review,Unclassified,nivea-sun-protect-moisture-spf-50-125ml,Active,
4115,4.1284,Number Look 17 D,Pcs,Other / Needs Review,Unclassified,number-look-17-d,Active,
4116,4.1283,Number Look Simple,Pcs,Other / Needs Review,Unclassified,number-look-simple,Active,
4118,2.83,Nupur HErbal Henna 50g,pc,Other / Needs Review,Unclassified,nupur-herbal-henna-50g,Active,
4120,7.2994,Nutella Hazelnut 180gm,Pcs,Other / Needs Review,Unclassified,nutella-hazelnut-180gm,Active,
4122,5.714,Nutricia Farex 1,Pack,Other / Needs Review,Unclassified,nutricia-farex-1,Active,
4123,5.715,Nutricia Farex 2Gentle Powder,Pcs,Other / Needs Review,Unclassified,nutricia-farex-2gentle-powder,Active,
4124,5.733,Nutricia Farex 3,Pcs,Other / Needs Review,Unclassified,nutricia-farex-3,Active,
4127,2.1203,Nycil cool classic with minthol 150g,PC,Other / Needs Review,Unclassified,nycil-cool-classic-with-minthol-150g,Active,
4128,2.1518,Nycil cool germ expert powder 150g,PC,Other / Needs Review,Unclassified,nycil-cool-germ-expert-powder-150g,Active,
4145,16.268,OKF Aloevera King 500ml,Pcs,Other / Needs Review,Unclassified,okf-aloevera-king-500ml,Active,
4153,1.38,OKS Microfiber wash mitt glove,PKT,Other / Needs Review,Unclassified,oks-microfiber-wash-mitt-glove,Active,
4129,7.3932,Oasella hazelnut cream 300gm,Pcs,Other / Needs Review,Unclassified,oasella-hazelnut-cream-300gm,Active,
4130,5.884,Oat Crisp ( Oat Coated Peanut Crisp ) 180gm,pkt,Other / Needs Review,Unclassified,oat-crisp-oat-coated-peanut-crisp-180gm,Active,
4132,1.471,Odomos Mosquito Repellent cream 50g,pc,Other / Needs Review,Unclassified,odomos-mosquito-repellent-cream-50g,Active,
4134,1.116,Odonil Zipper Soulful Jasmine10g,Pcs,Other / Needs Review,Unclassified,odonil-zipper-soulful-jasmine10g,Active,
4154,4.1288,Oks Multi purpose cleaning cloth 3 pcs,Pcs,Other / Needs Review,Unclassified,oks-multi-purpose-cleaning-cloth-3-pcs,Active,
4155,1.2076,Oks Multi purpose cleaning cloth 5+1,Pcs,Other / Needs Review,Unclassified,oks-multi-purpose-cleaning-cloth-5-1,Active,
4156,1.783,Oks Multi purpose cleaning cloth 6030,PC,Other / Needs Review,Unclassified,oks-multi-purpose-cleaning-cloth-6030,Active,
4157,1.745,Oks sponge scourer 4253 3pcs,PC,Other / Needs Review,Unclassified,oks-sponge-scourer-4253-3pcs,Active,
4170,9.915,Onshine SPray Bubble 9289,Pcs,Other / Needs Review,Unclassified,onshine-spray-bubble-9289,Active,
4172,7.1611,Oreo choco creme Biskuts Rs25,PC,Other / Needs Review,Unclassified,oreo-choco-creme-biskuts-rs25,Active,
4173,7.695,Oreo original/choco 120g,pc,Other / Needs Review,Unclassified,oreo-original-choco-120g,Active,
4175,16.5,Org- Redbull 250ml,can,Other / Needs Review,Unclassified,org-redbull-250ml,Active,
4183,2.2025,Ossum body mist mix 120ml,Pcs,Other / Needs Review,Unclassified,ossum-body-mist-mix-120ml,Active,
4185,2.3717,Ossum olive oil 100ml,Pcs,Other / Needs Review,Unclassified,ossum-olive-oil-100ml,Active,
4187,2.3267,Ossum rollon all flv 50ml,Pcs,Other / Needs Review,Unclassified,ossum-rollon-all-flv-50ml,Active,
4188,2.3565,Ossum sakura blossom body mist 250ml,Pcs,Other / Needs Review,Unclassified,ossum-sakura-blossom-body-mist-250ml,Active,
4195,2.3214,Oxy Brightening Cream SPF50+ 50gm,Pcs,Other / Needs Review,Unclassified,oxy-brightening-cream-spf50-50gm,Active,
4268,7.827,PARLE G 250g,pc,Other / Needs Review,Unclassified,parle-g-250g,Active,
4277,7.1728,PARLE hide@seek choco roll125g,PC,Other / Needs Review,Unclassified,parle-hide-seek-choco-roll125g,Active,
4396,24.77,PF White Lachha Parotha 400g,Pcs,Other / Needs Review,Unclassified,pf-white-lachha-parotha-400g,Active,
4512,6.49,PORTO Valdouro Tawny 750ml,BOTTLE,Other / Needs Review,Unclassified,porto-valdouro-tawny-750ml,Active,
4198,6.317,Paan manara permium french molasses,Pcs,Other / Needs Review,Unclassified,paan-manara-permium-french-molasses,Active,
4206,7.146,Paicho Hot & Sweet Sause 500g,PC,Other / Needs Review,Unclassified,paicho-hot-sweet-sause-500g,Active,
4202,7.172,Paicho chuk amilo 250g,PKT,Other / Needs Review,Unclassified,paicho-chuk-amilo-250g,Active,
4219,7.1429,Paicho tomato puree800gm,PC,Other / Needs Review,Unclassified,paicho-tomato-puree800gm,Active,
4222,9.859,Paino no8899-18=,Pcs,Other / Needs Review,Unclassified,paino-no8899-18,Active,
4224,1.2161,Palmolive Luminous Oils Hand Wash 750ml,Pcs,Other / Needs Review,Unclassified,palmolive-luminous-oils-hand-wash-750ml,Active,
4226,2.2283,Pamacare Rose Water250ml,Pcs,Other / Needs Review,Unclassified,pamacare-rose-water250ml,Active,
4234,1.1455,Pantene Hair Science Silky Smooth 340ml,Pcs,Other / Needs Review,Unclassified,pantene-hair-science-silky-smooth-340ml,Active,
4236,7.333,Parachute Aarati Kapur,pkt,Other / Needs Review,Unclassified,parachute-aarati-kapur,Active,
4239,2.3032,Parachute Amla Hair oli fall control 300ml,Pcs,Other / Needs Review,Unclassified,parachute-amla-hair-oli-fall-control-300ml,Active,
4242,2.75,Parachute Coconut Oil 175ml,pc,Other / Needs Review,Unclassified,parachute-coconut-oil-175ml,Active,
4243,2.751,Parachute Coconut Oil 90ml,pc,Other / Needs Review,Unclassified,parachute-coconut-oil-90ml,Active,
4244,2.1087,Parachute Deep Conditioning Hot Oil 190ml,Pc,Other / Needs Review,Unclassified,parachute-deep-conditioning-hot-oil-190ml,Active,
4245,2.1088,Parachute Deep Conditioning Hot Oil 90ml,Pc,Other / Needs Review,Unclassified,parachute-deep-conditioning-hot-oil-90ml,Active,
4249,2.2819,Parachute Jasmine Oli90ml,Pcs,Other / Needs Review,Unclassified,parachute-jasmine-oli90ml,Active,
4253,2.694,Paracute advanced jasmine oil 50ml,pc,Other / Needs Review,Unclassified,paracute-advanced-jasmine-oil-50ml,Active,
4255,3.5,Paraute Baby soup 75gm,Pcs,Other / Needs Review,Unclassified,paraute-baby-soup-75gm,Active,
4259,2.1565,Park Avenue original collection all flev 150ml,PC,Other / Needs Review,Unclassified,park-avenue-original-collection-all-flev-150ml,Active,
4261,2.1566,Park Avenue signaturecollection mix flvr 100ml,PC,Other / Needs Review,Unclassified,park-avenue-signaturecollection-mix-flvr-100ml,Active,
4257,2.3734,Park avenue for her allure flv 100ml,Pcs,Other / Needs Review,Unclassified,park-avenue-for-her-allure-flv-100ml,Active,
4263,7.2545,Parle -G 56g rs5,Pcs,Other / Needs Review,Unclassified,parle-g-56g-rs5,Active,
4269,7.1152,Parle G 500g,PC,Other / Needs Review,Unclassified,parle-g-500g,Active,
4272,7.1147,Parle Happy Happy 150g,PC,Other / Needs Review,Unclassified,parle-happy-happy-150g,Active,
4274,7.714,Parle Hide & Seek Bourbon 70g,pc,Other / Needs Review,Unclassified,parle-hide-seek-bourbon-70g,Active,
4276,7.2938,Parle Hide And Serek Bourbon 150gm,Pcs,Other / Needs Review,Unclassified,parle-hide-and-serek-bourbon-150gm,Active,
4278,5.699,Parle Kaccha Mango bite198g,Pcs,Other / Needs Review,Unclassified,parle-kaccha-mango-bite198g,Active,
4281,7.1287,Parle Kreams Gold Orange 105g,PC,Other / Needs Review,Unclassified,parle-kreams-gold-orange-105g,Active,
4282,7.1286,Parle Kreams Gold Pineaple 105g,PC,Other / Needs Review,Unclassified,parle-kreams-gold-pineaple-105g,Active,
4280,7.1244,Parle Kreams gold elaichi,PC,Other / Needs Review,Unclassified,parle-kreams-gold-elaichi,Active,
4283,7.626,Parle Marie 250g,pkt,Other / Needs Review,Unclassified,parle-marie-250g,Active,
4284,7.111,Parle Marie 50g*10,PKT,Other / Needs Review,Unclassified,parle-marie-50g-10,Active,
4289,7.342,Parle Nutricrunch Digestive100g,pkt,Other / Needs Review,Unclassified,parle-nutricrunch-digestive100g,Active,
4275,7.1487,Parle hide & seek choco rolls 75g,PC,Other / Needs Review,Unclassified,parle-hide-seek-choco-rolls-75g,Active,
4287,7.1982,Parle monaco rs10 packet,pkt,Other / Needs Review,Unclassified,parle-monaco-rs10-packet,Active,
4293,1.2007,Parlede Toilet gel stamp PLD-021,Pcs,Other / Needs Review,Unclassified,parlede-toilet-gel-stamp-pld-021,Active,
4300,1.68,Paseo extra Soft toilet roll 4s,PC,Other / Needs Review,Unclassified,paseo-extra-soft-toilet-roll-4s,Active,
4305,7.45,Passpass mouth freshener all flv,Pcs,Other / Needs Review,Unclassified,passpass-mouth-freshener-all-flv,Active,
4312,20.6,Patanjali Aloevera Gel 150ml,PC,Other / Needs Review,Unclassified,patanjali-aloevera-gel-150ml,Active,
4315,20.3,Patanjali Anti- Bacterial Herbal Handwash 250ml,pc,Other / Needs Review,Unclassified,patanjali-anti-bacterial-herbal-handwash-250ml,Active,
4316,20.125,Patanjali Chyawanpras 1 kg,Pcs,Other / Needs Review,Unclassified,patanjali-chyawanpras-1-kg,Active,
4317,20.126,Patanjali Chyawanprash 500gm,Pcs,Other / Needs Review,Unclassified,patanjali-chyawanprash-500gm,Active,
4318,20.113,Patanjali Coconut Oil 200ml,Pcs,Other / Needs Review,Unclassified,patanjali-coconut-oil-200ml,Active,
4322,20.11,Patanjali Dant Kanti Medicated Oral Gel 75g,Pcs,Other / Needs Review,Unclassified,patanjali-dant-kanti-medicated-oral-gel-75g,Active,
4336,20.92,Patanjali Herbal Hand Wash 200ml,Pcs,Other / Needs Review,Unclassified,patanjali-herbal-hand-wash-200ml,Active,
4306,20.137,Patanjali Herbal Wash blue1kg,Pcs,Other / Needs Review,Unclassified,patanjali-herbal-wash-blue1kg,Active,
4307,20.117,Patanjali Herbal wash 220g,Pcs,Other / Needs Review,Unclassified,patanjali-herbal-wash-220g,Active,
4346,20.16,Patanjali Kesh Kanti Natural 200ml,pc,Other / Needs Review,Unclassified,patanjali-kesh-kanti-natural-200ml,Active,
4337,20.96,Patanjali Kesh kanti Anti -Dandruff 450ml,Pcs,Other / Needs Review,Unclassified,patanjali-kesh-kanti-anti-dandruff-450ml,Active,
4342,20.17,Patanjali Kesh kanti Anti Dandruff 200ml,pc,Other / Needs Review,Unclassified,patanjali-kesh-kanti-anti-dandruff-200ml,Active,
4349,20.91,Patanjali Neen kanti 150g,Pcs,Other / Needs Review,Unclassified,patanjali-neen-kanti-150g,Active,
4351,1.1966,Patanjali Popular powder 150gm,Pcs,Other / Needs Review,Unclassified,patanjali-popular-powder-150gm,Active,
4352,20.24,Patanjali Popular powder 2kg,Pkt,Other / Needs Review,Unclassified,patanjali-popular-powder-2kg,Active,
4308,20.29,Patanjali Popular powder 400g,pc,Other / Needs Review,Unclassified,patanjali-popular-powder-400g,Active,
4353,20.122,Patanjali Popular powder 750g,Pcs,Other / Needs Review,Unclassified,patanjali-popular-powder-750g,Active,
4355,20.132,Patanjali Saundary Alo Vera Gel 100ml,Pcs,Other / Needs Review,Unclassified,patanjali-saundary-alo-vera-gel-100ml,Active,
4356,20.97,Patanjali Saundary Aloe vera gel 50ml,Pcs,Other / Needs Review,Unclassified,patanjali-saundary-aloe-vera-gel-50ml,Active,
4360,20.123,Patanjali Saundarya Facewash 50g,Pcs,Other / Needs Review,Unclassified,patanjali-saundarya-facewash-50g,Active,
4357,20.106,Patanjali Saundarya Neem Tulsi Facewash 100g,Pcs,Other / Needs Review,Unclassified,patanjali-saundarya-neem-tulsi-facewash-100g,Active,
4362,7.335,Patanjali Shuddha Shilajit 20g,Pcs,Other / Needs Review,Unclassified,patanjali-shuddha-shilajit-20g,Active,
4363,20.14,Patanjali Sun Screen Cream Spf50 50gm,Pcs,Other / Needs Review,Unclassified,patanjali-sun-screen-cream-spf50-50gm,Active,
4367,20.118,Patanjali Superior Herbwash 250g,Pcs,Other / Needs Review,Unclassified,patanjali-superior-herbwash-250g,Active,
4309,20.25,Patanjali Superior powder1kg,Pkt,Other / Needs Review,Unclassified,patanjali-superior-powder1kg,Active,
4314,20.33,Patanjali anti bacterial herbal hand wash 175ml,Pcs,Other / Needs Review,Unclassified,patanjali-anti-bacterial-herbal-hand-wash-175ml,Active,
4358,20.143,Patanjali saundarya aloe vera gel kesar chandan 150ml,Pcs,Other / Needs Review,Unclassified,patanjali-saundarya-aloe-vera-gel-kesar-chandan-150ml,Active,
4361,20.151,Patanjali saundarya shower honey&kesar 250ml,Pcs,Other / Needs Review,Unclassified,patanjali-saundarya-shower-honey-kesar-250ml,Active,
4369,5.731,Peanut M&MS 45G,Pcs,Other / Needs Review,Unclassified,peanut-m-ms-45g,Active,
4373,5.26,PediaSure Vanilla Delight Flavour 200g,Pc,Other / Needs Review,Unclassified,pediasure-vanilla-delight-flavour-200g,Active,
4386,1.1598,Pepsodent 40gm,Pcs,Other / Needs Review,Unclassified,pepsodent-40gm,Active,
4392,1.1464,Pepsodent Whitening 150gm,Pcs,Other / Needs Review,Unclassified,pepsodent-whitening-150gm,Active,
4391,1.571,Pepsodent Whitening tooth paste 80g,Pc,Other / Needs Review,Unclassified,pepsodent-whitening-tooth-paste-80g,Active,
4397,1.1749,Phenyl Pink 1Ltr,Pcs,Other / Needs Review,Unclassified,phenyl-pink-1ltr,Active,
4400,2.1306,Pimple clear pin,PC,Other / Needs Review,Unclassified,pimple-clear-pin,Active,
4401,2.3881,Pimples patch star,Pcs,Other / Needs Review,Unclassified,pimples-patch-star,Active,
4413,7.4105,Piri piri marinade powder,Pcs,Other / Needs Review,Unclassified,piri-piri-marinade-powder,Active,
4415,1.424,Pitambari Metal Clean 200g,pc,Other / Needs Review,Unclassified,pitambari-metal-clean-200g,Active,
4414,1.2329,Pitambari mantra shree 200gm,Pcs,Other / Needs Review,Unclassified,pitambari-mantra-shree-200gm,Active,
4416,17.54,Pitpite Kata white pearl single,Pcs,Other / Needs Review,Unclassified,pitpite-kata-white-pearl-single,Active,
4429,9.531,Playing Tas Bee,Pcs,Other / Needs Review,Unclassified,playing-tas-bee,Active,
39,2.3807,Plom Body lovin body mist Vanilla Caramello 50ml,Pcs,Other / Needs Review,Unclassified,plom-body-lovin-body-mist-vanilla-caramello-50ml,Active,
4444,2.3805,Plom CeraSense Mosturizing Creme With Acai & NMF 1%,Pcs,Other / Needs Review,Unclassified,plom-cerasense-mosturizing-creme-with-acai-nmf-1,Active,
4433,2.3957,Plom body lovin body mist all flv 100ml,Pcs,Other / Needs Review,Unclassified,plom-body-lovin-body-mist-all-flv-100ml,Active,
4437,2.3744,Plom body lovin vanilla caramello 50ml,Pcs,Other / Needs Review,Unclassified,plom-body-lovin-vanilla-caramello-50ml,Active,
4448,2.2897,Plom e-Luminence Deep Moisturzing Cream 50ml,Pcs,Other / Needs Review,Unclassified,plom-e-luminence-deep-moisturzing-cream-50ml,Active,
4493,2.2244,Ponds Acne Clear anti acne Facial foam 100g,Pcs,Other / Needs Review,Unclassified,ponds-acne-clear-anti-acne-facial-foam-100g,Active,
4494,2.379,Ponds Age Miracle day cream 50g,PC,Other / Needs Review,Unclassified,ponds-age-miracle-day-cream-50g,Active,
4498,2.3275,Ponds Skin Bright Miracle 100gm,Pcs,Other / Needs Review,Unclassified,ponds-skin-bright-miracle-100gm,Active,
4502,2.3425,Ponds Skin Institute Hyydra Miracle 100gm,Pcs,Other / Needs Review,Unclassified,ponds-skin-institute-hyydra-miracle-100gm,Active,
4503,2.2905,Ponds Skin Institute Hyydra Miracle 200gm,Pcs,Other / Needs Review,Unclassified,ponds-skin-institute-hyydra-miracle-200gm,Active,
4499,2.375,Ponds skin institute hydra miracle centle gel facewash 100gm,Pcs,Other / Needs Review,Unclassified,ponds-skin-institute-hydra-miracle-centle-gel-facewash-100gm,Active,
4500,2.3949,Ponds skin institute hydra miracle light moisturiser 50ml,Pcs,Other / Needs Review,Unclassified,ponds-skin-institute-hydra-miracle-light-moisturiser-50ml,Active,
4501,2.3911,Ponds skin institute hydra miracle super light gel 50ml,Pcs,Other / Needs Review,Unclassified,ponds-skin-institute-hydra-miracle-super-light-gel-50ml,Active,
4522,7.2406,Poshan Food Corn Grits 1kg(white Makai Aato),Pcs,Other / Needs Review,Unclassified,poshan-food-corn-grits-1kg-white-makai-aato,Active,
4523,7.2378,Poshan Food Fapar aata (Buck wheat)1kg,Pcs,Other / Needs Review,Unclassified,poshan-food-fapar-aata-buck-wheat-1kg,Active,
4531,7.4054,Poshan Food Makai Pitho 800 gm,Pcs,Other / Needs Review,Unclassified,poshan-food-makai-pitho-800-gm,Active,
4535,7.238,Poshan Food Rato bodi 500g,Pcs,Other / Needs Review,Unclassified,poshan-food-rato-bodi-500g,Active,
4536,7.3285,Poshan Food Siltung 500g,Pcs,Other / Needs Review,Unclassified,poshan-food-siltung-500g,Active,
42,7.3725,Poshan Foods Mass pitho 500gm,Pack,Other / Needs Review,Unclassified,poshan-foods-mass-pitho-500gm,Active,
4539,7.2384,Poshan Foods gud (chaku)500g,Pcs,Other / Needs Review,Unclassified,poshan-foods-gud-chaku-500g,Active,
4542,7.3145,Poshan Jau Ko Pitho 400gm,Pcs,Other / Needs Review,Unclassified,poshan-jau-ko-pitho-400gm,Active,
4544,7.3518,Poshan Makai Khaja 300gm,Pcs,Other / Needs Review,Unclassified,poshan-makai-khaja-300gm,Active,
43,7.3146,Poshan Timur Geda 50gm,Pcs,Other / Needs Review,Unclassified,poshan-timur-geda-50gm,Active,
4517,7.2407,Poshan food Bal Bhojan 400gm,Pcs,Other / Needs Review,Unclassified,poshan-food-bal-bhojan-400gm,Active,
4528,7.2379,Poshan food Kodo Pitho 1kg,Pcs,Other / Needs Review,Unclassified,poshan-food-kodo-pitho-1kg,Active,
41,7.3112,Poshan food Quati 500 gm,Pcs,Other / Needs Review,Unclassified,poshan-food-quati-500-gm,Active,
4518,7.3872,Poshan food ban silam 300gm,Pcs,Other / Needs Review,Unclassified,poshan-food-ban-silam-300gm,Active,
4521,7.3351,Poshan food chuk amilo100g,Pcs,Other / Needs Review,Unclassified,poshan-food-chuk-amilo100g,Active,
4525,7.3809,Poshan food fapar chyakhla 500gm,Pcs,Other / Needs Review,Unclassified,poshan-food-fapar-chyakhla-500gm,Active,
4527,7.3808,Poshan food green kerau 500gm,Pcs,Other / Needs Review,Unclassified,poshan-food-green-kerau-500gm,Active,
4529,7.3647,Poshan food maas pitho 500g,Pcs,Other / Needs Review,Unclassified,poshan-food-maas-pitho-500g,Active,
4541,7.2385,Poshan foods Mix Sattu 500g,Pcs,Other / Needs Review,Unclassified,poshan-foods-mix-sattu-500g,Active,
4545,7.2769,Poshan vango 200g,Pcs,Other / Needs Review,Unclassified,poshan-vango-200g,Active,
4546,7.4261,Poshillio Kids Lito super Porridge 750g,Pcs,Other / Needs Review,Unclassified,poshillio-kids-lito-super-porridge-750g,Active,
4547,7.3888,Poshillo moms delight super porridge 750gm,Pcs,Other / Needs Review,Unclassified,poshillo-moms-delight-super-porridge-750gm,Active,
4548,7.3887,Poshillo multigrain satu 750gm,Pcs,Other / Needs Review,Unclassified,poshillo-multigrain-satu-750gm,Active,
4550,7.3946,Poshillo protein + satu instant meal 750gm,Pcs,Other / Needs Review,Unclassified,poshillo-protein-satu-instant-meal-750gm,Active,
4555,4.1246,Potato Masher,Pcs,Other / Needs Review,Unclassified,potato-masher,Active,
4559,1.814,Pour Home Room Freshener red rose 48gm,PC,Other / Needs Review,Unclassified,pour-home-room-freshener-red-rose-48gm,Active,
4560,1.322,Pour Home Room Freshener rose/jasmine 130g,pc,Other / Needs Review,Unclassified,pour-home-room-freshener-rose-jasmine-130g,Active,
4566,7.645,Pran Family /Toast 200g,pc,Other / Needs Review,Unclassified,pran-family-toast-200g,Active,
4567,16.3,Pran Frooto 250ml,pc,Other / Needs Review,Unclassified,pran-frooto-250ml,Active,
4571,7.2457,Pran Krako akbare crunch 81g,Pcs,Other / Needs Review,Unclassified,pran-krako-akbare-crunch-81g,Active,
4575,16.274,Pran nata floor all flv 250ml,Pcs,Other / Needs Review,Unclassified,pran-nata-floor-all-flv-250ml,Active,
4578,7.4343,Pran premium bake rusk 170gm,Pcs,Other / Needs Review,Unclassified,pran-premium-bake-rusk-170gm,Active,
4585,2.2275,Prem Dulhan Hair Henna 125g,Pcs,Other / Needs Review,Unclassified,prem-dulhan-hair-henna-125g,Active,
4587,7.3492,Premia Paprika Powder 250gm,Pcs,Other / Needs Review,Unclassified,premia-paprika-powder-250gm,Active,
4588,1.826,Premium Room Spray All Flvr,PC,Other / Needs Review,Unclassified,premium-room-spray-all-flvr,Active,
4592,9.668,Pretty Girl NO.ZQ30332,Pcs,Other / Needs Review,Unclassified,pretty-girl-no-zq30332,Active,
4593,17.374,Princess Side clip 2pcs set big size,Pcs,Other / Needs Review,Unclassified,princess-side-clip-2pcs-set-big-size,Active,
4596,17.43,Printed Bow side moti,Pcs,Other / Needs Review,Unclassified,printed-bow-side-moti,Active,
4603,7.4096,Priyagold Crackle Coconut 300g,Pcs,Other / Needs Review,Unclassified,priyagold-crackle-coconut-300g,Active,
4605,7.469,Priyagold Marie Lite 144g,pkt,Other / Needs Review,Unclassified,priyagold-marie-lite-144g,Active,
4608,9.895,Projwct Tubao Series Robot no.1166,Pcs,Other / Needs Review,Unclassified,projwct-tubao-series-robot-no-1166,Active,
4612,9.903,Pujjale Bick Moto Racing T8055,Pcs,Other / Needs Review,Unclassified,pujjale-bick-moto-racing-t8055,Active,
4615,7.4056,PumPuri Mackerpels In Tomato Saush 85g,Pcs,Other / Needs Review,Unclassified,pumpuri-mackerpels-in-tomato-saush-85g,Active,
4616,7.86,Puorr Chicken Cube Pices,PC,Other / Needs Review,Unclassified,puorr-chicken-cube-pices,Active,
4621,7.885,Purnima Dhaniya Power 150g,pc,Other / Needs Review,Unclassified,purnima-dhaniya-power-150g,Active,
4627,9.833,Push Dinashor Jeep 9001a-12,Pcs,Other / Needs Review,Unclassified,push-dinashor-jeep-9001a-12,Active,
4628,7.459,Pustakari 200gm,pkt,Other / Needs Review,Unclassified,pustakari-200gm,Active,
4641,24.33,Quality Chicken Saussage250g,Pcs,Other / Needs Review,Unclassified,quality-chicken-saussage250g,Active,
4640,24.5,Quality chicken Saussage 500g,Pcs,Other / Needs Review,Unclassified,quality-chicken-saussage-500g,Active,
4642,7.3886,Quati 250gm,Pcs,Other / Needs Review,Unclassified,quati-250gm,Active,
4643,7.389,Quati 400gm,Pack,Other / Needs Review,Unclassified,quati-400gm,Active,
4651,7.4632,R&R kushal vuja 300gm,Pcs,Other / Needs Review,Unclassified,r-r-kushal-vuja-300gm,Active,
4656,9.634,R/C Jeep METAL NO.690,Pcs,Other / Needs Review,Unclassified,r-c-jeep-metal-no-690,Active,
4659,9.836,R/C Mini Model jeep No.CR-146,Pcs,Other / Needs Review,Unclassified,r-c-mini-model-jeep-no-cr-146,Active,
4663,9.868,R/C Off-Road Climbing King 608,Pcs,Other / Needs Review,Unclassified,r-c-off-road-climbing-king-608,Active,
4668,9.719,R/C Stunt Twist 3255,Pcs,Other / Needs Review,Unclassified,r-c-stunt-twist-3255,Active,
4658,9.926,R/c Fast& Manipulates no.603,Pcs,Other / Needs Review,Unclassified,r-c-fast-manipulates-no-603,Active,
4670,9.935,Racing Collect Them All no.688,Pcs,Other / Needs Review,Unclassified,racing-collect-them-all-no-688,Active,
4671,9.943,Racing Four Axils Ready-to-Run,Pcs,Other / Needs Review,Unclassified,racing-four-axils-ready-to-run,Active,
4675,7.4663,Rakhshya bandhan dori moti,Pcs,Other / Needs Review,Unclassified,rakhshya-bandhan-dori-moti,Active,
4676,7.4664,Rakhshya bandhan dori rudhrax mix,Pcs,Other / Needs Review,Unclassified,rakhshya-bandhan-dori-rudhrax-mix,Active,
4688,7.3354,Ramdana geda 200g,Pcs,Other / Needs Review,Unclassified,ramdana-geda-200g,Active,
4709,1.175,Ramsons Room Freshener mix 200ml,Pcs,Other / Needs Review,Unclassified,ramsons-room-freshener-mix-200ml,Active,
4712,2.3802,Ramsons pure essence/urban edge/ noble aura 100ml,Pcs,Other / Needs Review,Unclassified,ramsons-pure-essence-urban-edge-noble-aura-100ml,Active,
4713,2.3286,Ramsons sandy shose 100ml,Pcs,Other / Needs Review,Unclassified,ramsons-sandy-shose-100ml,Active,
4715,2.3846,Ramsons secret code dark spray 200ml,Pcs,Other / Needs Review,Unclassified,ramsons-secret-code-dark-spray-200ml,Active,
4726,7.777,Rasna Fruitplus orange/ Mango \LEMON 400G/Pineaapple,pkt,Other / Needs Review,Unclassified,rasna-fruitplus-orange-mango-lemon-400g-pineaapple,Active,
4740,9.57,Ratna Wooden Chakla Belan set NO.1670,Pcs,Other / Needs Review,Unclassified,ratna-wooden-chakla-belan-set-no-1670,Active,
4737,7.3942,Ratna malika Roasted corn mix 160gm,Pcs,Other / Needs Review,Unclassified,ratna-malika-roasted-corn-mix-160gm,Active,
4738,7.3943,Ratna malika Roasted corn mix 320gm,Pcs,Other / Needs Review,Unclassified,ratna-malika-roasted-corn-mix-320gm,Active,
4731,7.3936,Ratna malika green peas 160gm,Pcs,Other / Needs Review,Unclassified,ratna-malika-green-peas-160gm,Active,
4732,7.4025,Ratna malika lakhamari 300gm,Pcs,Other / Needs Review,Unclassified,ratna-malika-lakhamari-300gm,Active,
4733,7.3939,Ratna malika pustakari 200gm,Pcs,Other / Needs Review,Unclassified,ratna-malika-pustakari-200gm,Active,
4739,7.3941,Ratna malika roasted corn plain 320gm,Pcs,Other / Needs Review,Unclassified,ratna-malika-roasted-corn-plain-320gm,Active,
4761,6.199,Red Label 200ml,Bttl,Other / Needs Review,Unclassified,red-label-200ml,Active,
4762,6.272,Red Label 375ml,Pcs,Other / Needs Review,Unclassified,red-label-375ml,Active,
4764,6.197,Red Label 750ml,Bttl,Other / Needs Review,Unclassified,red-label-750ml,Active,
4760,6.3,Red label 1ltr,BOTTLE,Other / Needs Review,Unclassified,red-label-1ltr,Active,
4763,6.198,Red label 500ml,Bttl,Other / Needs Review,Unclassified,red-label-500ml,Active,
4766,16.164,RedBull Krantingdaeng 250ml,Pcs,Other / Needs Review,Unclassified,redbull-krantingdaeng-250ml,Active,
4774,5.619,Rico mango Mix fruit Pudding 250g,Pcs,Other / Needs Review,Unclassified,rico-mango-mix-fruit-pudding-250g,Active,
4788,7.2827,Rijals Rangila Furandana 450g,Pcs,Other / Needs Review,Unclassified,rijals-rangila-furandana-450g,Active,
4792,1.492,Rin Fabric Whitener 500ml,Pc,Other / Needs Review,Unclassified,rin-fabric-whitener-500ml,Active,
4793,1.1518,Rin Shakti 5 kg,Pcs,Other / Needs Review,Unclassified,rin-shakti-5-kg,Active,
4803,7.4438,Roasted green kerau 170gm,Pcs,Other / Needs Review,Unclassified,roasted-green-kerau-170gm,Active,
4806,1.81,Robin liquid blue 150ml,BOTTLE,Other / Needs Review,Unclassified,robin-liquid-blue-150ml,Active,
4807,1.82,Robin liquid blue 75ml,BOTTLE,Other / Needs Review,Unclassified,robin-liquid-blue-75ml,Active,
4816,2.3673,Romantic Matte LipGloss,Pcs,Other / Needs Review,Unclassified,romantic-matte-lipgloss,Active,
4820,2.3466,Romantic May Mousse Liquid Blush,Pcs,Other / Needs Review,Unclassified,romantic-may-mousse-liquid-blush,Active,
4818,2.3634,Romantic matte velvet liquid blush 15ml,Pcs,Other / Needs Review,Unclassified,romantic-matte-velvet-liquid-blush-15ml,Active,
4827,2.248,Rose red /gold leaf,Pcs,Other / Needs Review,Unclassified,rose-red-gold-leaf,Active,
4828,17.147,Rose with moti jhumka sadipin,Pcs,Other / Needs Review,Unclassified,rose-with-moti-jhumka-sadipin,Active,
4829,9.62,Rotation Acceleration Gyro NO.A138-51,Pcs,Other / Needs Review,Unclassified,rotation-acceleration-gyro-no-a138-51,Active,
4831,4.105,Round shape table cloth 71CM,pc,Other / Needs Review,Unclassified,round-shape-table-cloth-71cm,Active,
4832,9.807,Round sticker,Pcs,Other / Needs Review,Unclassified,round-sticker,Active,
4840,21.139,Royal Bites Choco Vanilla Cone 110 ml,Pcs,Other / Needs Review,Unclassified,royal-bites-choco-vanilla-cone-110-ml,Active,
4853,21.7,Royal Choco Highness / choco vanilla 90,PC,Other / Needs Review,Unclassified,royal-choco-highness-choco-vanilla-90,Active,
4855,7.4322,Royal Ginder pouder 160g,Pcs,Other / Needs Review,Unclassified,royal-ginder-pouder-160g,Active,
4833,4.1321,Royal Server Perk wate glass/RSGS203/201/202,Pcs,Other / Needs Review,Unclassified,royal-server-perk-wate-glass-rsgs203-201-202,Active,
4863,7.3915,Royal Timur-Chicken Chope 350g,Pcs,Other / Needs Review,Unclassified,royal-timur-chicken-chope-350g,Active,
4865,7.3916,Royal Timur-Fish Chope 200 g,Pcs,Other / Needs Review,Unclassified,royal-timur-fish-chope-200-g,Active,
4868,7.3913,Royal Timur-Gundruk Chope 200 gm,Pcs,Other / Needs Review,Unclassified,royal-timur-gundruk-chope-200-gm,Active,
4861,7.3924,Royal Timur-alas 135gm,Pack,Other / Needs Review,Unclassified,royal-timur-alas-135gm,Active,
4862,7.3921,Royal Timur-alas chope 250gm,Pcs,Other / Needs Review,Unclassified,royal-timur-alas-chope-250gm,Active,
4866,7.3922,Royal Timur-garlik 250gm,Pcs,Other / Needs Review,Unclassified,royal-timur-garlik-250gm,Active,
4867,7.4042,Royal Timur-garlik chop 130gm,Pcs,Other / Needs Review,Unclassified,royal-timur-garlik-chop-130gm,Active,
4834,7.4651,Royal amchur powder 150gm,Pcs,Other / Needs Review,Unclassified,royal-amchur-powder-150gm,Active,
4854,7.4652,Royal garlic crispy 170gm,Pcs,Other / Needs Review,Unclassified,royal-garlic-crispy-170gm,Active,
4856,7.465,Royal panchforan 160gm,Pcs,Other / Needs Review,Unclassified,royal-panchforan-160gm,Active,
4860,7.4649,Royal timur fish chhop 110gm,Pcs,Other / Needs Review,Unclassified,royal-timur-fish-chhop-110gm,Active,
4871,7.1365,Roza tuna chunk in veg oil 185g,PC,Other / Needs Review,Unclassified,roza-tuna-chunk-in-veg-oil-185g,Active,
4872,17.164,Rubbe pkt single,Pcs,Other / Needs Review,Unclassified,rubbe-pkt-single,Active,
4879,9.69,Rubik cube no763,Pcs,Other / Needs Review,Unclassified,rubik-cube-no763,Active,
4880,2.3896,Ruby keratin conditiioiner 500ml,Pcs,Other / Needs Review,Unclassified,ruby-keratin-conditiioiner-500ml,Active,
4886,7.3192,S.m.b sadha Nmakin 280gm,Pcs,Other / Needs Review,Unclassified,s-m-b-sadha-nmakin-280gm,Active,
5134,7.492,SMB Sheetal Furandana 500g,pkt,Other / Needs Review,Unclassified,smb-sheetal-furandana-500g,Active,
5135,7.3931,SMB Sheetal namkin 800gm,Pcs,Other / Needs Review,Unclassified,smb-sheetal-namkin-800gm,Active,
5193,2.61,SONATA Passion Nail Polish 6ml,pc,Other / Needs Review,Unclassified,sonata-passion-nail-polish-6ml,Active,
5196,2.472,SONATA Soft Nail POlice 8ml,PC,Other / Needs Review,Unclassified,sonata-soft-nail-police-8ml,Active,
5234,4.277,SS Hot pot stand 775,PC,Other / Needs Review,Unclassified,ss-hot-pot-stand-775,Active,
5233,4.278,SS hot pot stand 771,PC,Other / Needs Review,Unclassified,ss-hot-pot-stand-771,Active,
5251,10.399,STC Sketch Book 42cmx29.7cmA3,Pcs,Other / Needs Review,Unclassified,stc-sketch-book-42cmx29-7cma3,Active,
4888,7.1628,Sabudhana pkt. 200g,PC,Other / Needs Review,Unclassified,sabudhana-pkt-200g,Active,
4889,7.795,Sachasabu/Sachamoti Agmark Sabudaana 500g,pkt,Other / Needs Review,Unclassified,sachasabu-sachamoti-agmark-sabudaana-500g,Active,
4891,1.2367,Safe wash matic liquid 1ltr,Pcs,Other / Needs Review,Unclassified,safe-wash-matic-liquid-1ltr,Active,
4894,1.1373,Safety Sanitery pads always XXL Plus 320mm,Pcs,Other / Needs Review,Unclassified,safety-sanitery-pads-always-xxl-plus-320mm,Active,
4895,4.1155,Safety Table Eage No.6224/6187,Pcs,Other / Needs Review,Unclassified,safety-table-eage-no-6224-6187,Active,
4896,4.1156,Safety Tape Round 2mlNo.6002,Pcs,Other / Needs Review,Unclassified,safety-tape-round-2mlno-6002,Active,
4900,7.1224,Saffron 1g,PC,Other / Needs Review,Unclassified,saffron-1g,Active,
4901,3.384,Sagun Adult Mask box,box,Other / Needs Review,Unclassified,sagun-adult-mask-box,Active,
4906,1.1694,Sagun Ultra thin XXL 320Ml10pad,ps,Other / Needs Review,Unclassified,sagun-ultra-thin-xxl-320ml10pad,Active,
4916,7.4257,Sai Kripa SaiDeep gold 2kg jar extra200g,Pcs,Other / Needs Review,Unclassified,sai-kripa-saideep-gold-2kg-jar-extra200g,Active,
4918,7.3572,Samriddha Buhari Amalako Achaar 350gm,Pcs,Other / Needs Review,Unclassified,samriddha-buhari-amalako-achaar-350gm,Active,
4927,2.36,Sancho,PC,Other / Needs Review,Unclassified,sancho,Active,
4929,1.7,Sani Fresh Ultra Shine buy free odonil 500 ml,PC,Other / Needs Review,Unclassified,sani-fresh-ultra-shine-buy-free-odonil-500-ml,Active,
4930,1.1155,Sani Fresh Ultra Sine 10X 500ml,PC,Other / Needs Review,Unclassified,sani-fresh-ultra-sine-10x-500ml,Active,
4933,1.17,Santoor Hand wash mix all buy1 get1free 200ml,PKT,Other / Needs Review,Unclassified,santoor-hand-wash-mix-all-buy1-get1free-200ml,Active,
4934,1.517,Santoor Handwash buy 1get 1 free360ml,Pc,Other / Needs Review,Unclassified,santoor-handwash-buy-1get-1-free360ml,Active,
4932,1.735,Santoor gentle hand wash675ml,PC,Other / Needs Review,Unclassified,santoor-gentle-hand-wash675ml,Active,
4945,7.2621,Sarathi Methi 200 gm,Pcs,Other / Needs Review,Unclassified,sarathi-methi-200-gm,Active,
4947,7.1591,Sarathi Sauff 150gm,PC,Other / Needs Review,Unclassified,sarathi-sauff-150gm,Active,
4948,7.1344,Sarathi White Teel 200gm,PC,Other / Needs Review,Unclassified,sarathi-white-teel-200gm,Active,
4940,7.3814,Sarathi black teel 200gm,Pcs,Other / Needs Review,Unclassified,sarathi-black-teel-200gm,Active,
4944,7.3356,Sarathi jwano 140gm,Pcs,Other / Needs Review,Unclassified,sarathi-jwano-140gm,Active,
4949,7.1343,Sarathi white teel 500g,PC,Other / Needs Review,Unclassified,sarathi-white-teel-500g,Active,
4950,7.135,Sarathi/Siddhu-G Dhaniya Powder 500g,PC,Other / Needs Review,Unclassified,sarathi-siddhu-g-dhaniya-powder-500g,Active,
4953,7.1453,Sarathi/Siddhu-G Marich Geda 100g,PC,Other / Needs Review,Unclassified,sarathi-siddhu-g-marich-geda-100g,Active,
4955,5.4,Sarbotam Premium Lito mixed flavour/banana,PC,Other / Needs Review,Unclassified,sarbotam-premium-lito-mixed-flavour-banana,Active,
4958,9.21,Sash Mix,Pcs,Other / Needs Review,Unclassified,sash-mix,Active,
4961,7.2873,Sataylok Puja Oil 600ml,Pcs,Other / Needs Review,Unclassified,sataylok-puja-oil-600ml,Active,
4960,7.2874,Sataylok Puja oil 300ml,Pcs,Other / Needs Review,Unclassified,sataylok-puja-oil-300ml,Active,
45,9.855,Save Money Storge Collection book,Pcs,Other / Needs Review,Unclassified,save-money-storge-collection-book,Active,
4968,17.31,Scrunehies mix,Pcs,Other / Needs Review,Unclassified,scrunehies-mix,Active,
4969,9.831,Sea World Travel Bus no.345-344,Pcs,Other / Needs Review,Unclassified,sea-world-travel-bus-no-345-344,Active,
4971,7.1387,Seasame oil chinese 450ml,PC,Other / Needs Review,Unclassified,seasame-oil-chinese-450ml,Active,
46,2.1556,See /MEsee/mfLip Gloos,PC,Other / Needs Review,Unclassified,see-mesee-mflip-gloos,Active,
4974,7.4512,Sekeko chicken sukuti 60gm,Pcs,Other / Needs Review,Unclassified,sekeko-chicken-sukuti-60gm,Active,
4979,7.487,Selva/Arbella Spaghetti 500g,pc,Other / Needs Review,Unclassified,selva-arbella-spaghetti-500g,Active,
4980,7.4439,Sendha namak 500gm,Pack,Other / Needs Review,Unclassified,sendha-namak-500gm,Active,
4989,1.561,Sensodyne Fresh Gel /deep clean40g,Pc,Other / Needs Review,Unclassified,sensodyne-fresh-gel-deep-clean40g,Active,
4991,1.508,Sensodyne Fresh Gel 75g,Pc,Other / Needs Review,Unclassified,sensodyne-fresh-gel-75g,Active,
4990,1.433,Sensodyne Fresh gel 150g,pc,Other / Needs Review,Unclassified,sensodyne-fresh-gel-150g,Active,
4992,1.253,Sensodyne Fresh mint 150g,PC,Other / Needs Review,Unclassified,sensodyne-fresh-mint-150g,Active,
4993,1.252,Sensodyne Fresh mint 75g,PC,Other / Needs Review,Unclassified,sensodyne-fresh-mint-75g,Active,
4994,1.1267,Sensodyne Rapid Relief 80g,Pcs,Other / Needs Review,Unclassified,sensodyne-rapid-relief-80g,Active,
5003,2.313,Set Wet Style Vertial Hold 100ml Green,PC,Other / Needs Review,Unclassified,set-wet-style-vertial-hold-100ml-green,Active,
5009,2.3598,Seven girl bb cream 10ml,Pcs,Other / Needs Review,Unclassified,seven-girl-bb-cream-10ml,Active,
5014,9.658,Shape Recognition Bord 36+months,Pcs,Other / Needs Review,Unclassified,shape-recognition-bord-36-months,Active,
5018,6.67,Shikhar Ice Rush pkt,pkt,Other / Needs Review,Unclassified,shikhar-ice-rush-pkt,Active,
5022,7.4711,Shin ramen stir fry noodeles,Pcs,Other / Needs Review,Unclassified,shin-ramen-stir-fry-noodeles,Active,
5024,7.4518,Shin ramyun red super spicy 68gm,Pcs,Other / Needs Review,Unclassified,shin-ramyun-red-super-spicy-68gm,Active,
5035,9.824,Shooting Gun no.Kyd-851,Pcs,Other / Needs Review,Unclassified,shooting-gun-no-kyd-851,Active,
5039,7.4604,Shrinav makai 275gm,Pcs,Other / Needs Review,Unclassified,shrinav-makai-275gm,Active,
5041,7.4036,Siddhi vinayak aloo bhujia 160gm,Pcs,Other / Needs Review,Unclassified,siddhi-vinayak-aloo-bhujia-160gm,Active,
5047,7.404,Siddhi vinayak panjabi tadka 160gm,Pcs,Other / Needs Review,Unclassified,siddhi-vinayak-panjabi-tadka-160gm,Active,
5048,7.4039,Siddhi vinayak panjabi tadka 80gm,Pcs,Other / Needs Review,Unclassified,siddhi-vinayak-panjabi-tadka-80gm,Active,
5050,7.3591,Siddhu -G Timur Powder 45gm,Pcs,Other / Needs Review,Unclassified,siddhu-g-timur-powder-45gm,Active,
5052,7.3595,Siddhu-G Garam Mashala Dibba 85gm,box,Other / Needs Review,Unclassified,siddhu-g-garam-mashala-dibba-85gm,Active,
5053,7.1446,Siddhu-G timur geda 25gm,PC,Other / Needs Review,Unclassified,siddhu-g-timur-geda-25gm,Active,
5051,7.364,Siddhu-g Black teel 100gm,Pcs,Other / Needs Review,Unclassified,siddhu-g-black-teel-100gm,Active,
5054,17.256,Side clip 2pcs set,Pcs,Other / Needs Review,Unclassified,side-clip-2pcs-set,Active,
5055,17.33,Side clip 3pcs set,Pack,Other / Needs Review,Unclassified,side-clip-3pcs-set,Active,
5056,17.255,Side clip single buterfly,Pcs,Other / Needs Review,Unclassified,side-clip-single-buterfly,Active,
5057,17.187,Sienie Power puff 2pc set,Pcs,Other / Needs Review,Unclassified,sienie-power-puff-2pc-set,Active,
5060,6.256,Signature Rare 375ml,Pcs,Other / Needs Review,Unclassified,signature-rare-375ml,Active,
5061,6.124,Signature Rare 750ml,PC,Other / Needs Review,Unclassified,signature-rare-750ml,Active,
5059,6.121,Signature premier 750ml,PC,Other / Needs Review,Unclassified,signature-premier-750ml,Active,
5066,2.3918,Silcon Cera-V CC SPF50+,Pcs,Other / Needs Review,Unclassified,silcon-cera-v-cc-spf50,Active,
5073,2.3919,Silcon Perfect Cover Magic BB Cream SPF 37,Pcs,Other / Needs Review,Unclassified,silcon-perfect-cover-magic-bb-cream-spf-37,Active,
5064,2.3995,Silcon barrier repair hydra light moisturiser 100gm,Pcs,Other / Needs Review,Unclassified,silcon-barrier-repair-hydra-light-moisturiser-100gm,Active,
5083,2.2972,Silkhair 4x one Keratin Argan oli Hair Mask 250ml,Pcs,Other / Needs Review,Unclassified,silkhair-4x-one-keratin-argan-oli-hair-mask-250ml,Active,
5086,1.2328,Silkhair luxury hair keratin care spa 500ml,Pcs,Other / Needs Review,Unclassified,silkhair-luxury-hair-keratin-care-spa-500ml,Active,
5088,4.138,Silver wire cleaning cloth,Pcs,Other / Needs Review,Unclassified,silver-wire-cleaning-cloth,Active,
5089,7.617,Simi daal Black/ 1kg,Pkt,Other / Needs Review,Unclassified,simi-daal-black-1kg,Active,
5092,5.677,Similac Advance Formula satge 2from 6to12month,Pcs,Other / Needs Review,Unclassified,similac-advance-formula-satge-2from-6to12month,Active,
5091,5.603,Similac Advance Formula upto6 month 400g,Pcs,Other / Needs Review,Unclassified,similac-advance-formula-upto6-month-400g,Active,
5093,7.3698,Similac advance from 12to18 months,Pcs,Other / Needs Review,Unclassified,similac-advance-from-12to18-months,Active,
5094,7.1794,Similac from 12 to 24 month 400g (3),PC,Other / Needs Review,Unclassified,similac-from-12-to-24-month-400g-3,Active,
5095,7.3697,Similac from 18to24 months (4),Pcs,Other / Needs Review,Unclassified,similac-from-18to24-months-4,Active,
5096,7.1795,Similac up to 6 month 400g (1),PC,Other / Needs Review,Unclassified,similac-up-to-6-month-400g-1,Active,
5097,7.1793,Similack After six month (2),PC,Other / Needs Review,Unclassified,similack-after-six-month-2,Active,
5099,2.3371,Simple moisturising facial wash 150ml,Pcs,Other / Needs Review,Unclassified,simple-moisturising-facial-wash-150ml,Active,
47,9.908,Single Animal,Pcs,Other / Needs Review,Unclassified,single-animal,Active,
5105,9.804,Single star,Pcs,Other / Needs Review,Unclassified,single-star,Active,
5106,4.415,Sinwuvs Cotton swab 200pc,Pcs,Other / Needs Review,Unclassified,sinwuvs-cotton-swab-200pc,Active,
5108,7.437,Sire nun 100gm,Pcs,Other / Needs Review,Unclassified,sire-nun-100gm,Active,
5109,7.4194,Sire nun 200gm,Pcs,Other / Needs Review,Unclassified,sire-nun-200gm,Active,
5110,7.4407,Sire nun 500gm,Pcs,Other / Needs Review,Unclassified,sire-nun-500gm,Active,
5116,10.157,Sketch Book 26cmx19 cm 160gms,Pcs,Other / Needs Review,Unclassified,sketch-book-26cmx19-cm-160gms,Active,
5129,9.809,Small sticker,Pcs,Other / Needs Review,Unclassified,small-sticker,Active,
5130,4.1265,Small tourch XH-P50,Pcs,Other / Needs Review,Unclassified,small-tourch-xh-p50,Active,
5133,7.3097,Smb Mahesh Namkin500gm,Pcs,Other / Needs Review,Unclassified,smb-mahesh-namkin500gm,Active,
5137,10.525,Smile A 5 dairy QB/Ti4338-2007,Pcs,Other / Needs Review,Unclassified,smile-a-5-dairy-qb-ti4338-2007,Active,
5139,10.458,Smile mini Dairy No.74100,Pcs,Other / Needs Review,Unclassified,smile-mini-dairy-no-74100,Active,
5140,2.3667,Smilee LIp Blam,Pcs,Other / Needs Review,Unclassified,smilee-lip-blam,Active,
5141,4.1431,Smiling Face Protection angle 6012,Pcs,Other / Needs Review,Unclassified,smiling-face-protection-angle-6012,Active,
5144,16.217,Smooah,Pcs,Other / Needs Review,Unclassified,smooah,Active,
5143,16.216,Smooah mix flv 150ml,Pcs,Other / Needs Review,Unclassified,smooah-mix-flv-150ml,Active,
5145,2.4066,Snail skin whitening compact powder 24h waterproof,Pcs,Other / Needs Review,Unclassified,snail-skin-whitening-compact-powder-24h-waterproof,Active,
5146,2.3586,Snail&collagen face mask,Pcs,Other / Needs Review,Unclassified,snail-collagen-face-mask,Active,
5147,5.737,Snickers 35gm,Pcs,Other / Needs Review,Unclassified,snickers-35gm,Active,
5148,5.94,Snickers 51g,PC,Other / Needs Review,Unclassified,snickers-51g,Active,
5151,9.15,Snow Spray,Pcs,Other / Needs Review,Unclassified,snow-spray,Active,
5157,16.253,Soda pani all flv 275ml,Pcs,Other / Needs Review,Unclassified,soda-pani-all-flv-275ml,Active,
5160,10.275,Soft Highighter 920,set,Other / Needs Review,Unclassified,soft-highighter-920,Active,
5161,9.486,Soft Highighter no933,Pcs,Other / Needs Review,Unclassified,soft-highighter-no933,Active,
5163,9.35,Soft pu Ball 10 cm pu10,Pcs,Other / Needs Review,Unclassified,soft-pu-ball-10-cm-pu10,Active,
5164,9.572,Soft pu Ball 12 cm pu12,Pcs,Other / Needs Review,Unclassified,soft-pu-ball-12-cm-pu12,Active,
5165,9.651,Soft pu Ball 6*cm pu06,Pcs,Other / Needs Review,Unclassified,soft-pu-ball-6-cm-pu06,Active,
5166,9.34,Soft pu Ball 7.6 cm pu76,Pcs,Other / Needs Review,Unclassified,soft-pu-ball-7-6-cm-pu76,Active,
5167,9.697,Soft pu Ball M Dt -4m,Pcs,Other / Needs Review,Unclassified,soft-pu-ball-m-dt-4m,Active,
5171,1.1502,Softy 155Mm Panty Liners 20pc,Pcs,Other / Needs Review,Unclassified,softy-155mm-panty-liners-20pc,Active,
5170,2.2127,Softy Make -up wipes,Pcs,Other / Needs Review,Unclassified,softy-make-up-wipes,Active,
5173,1.2018,Softy Panty Liners 180 mm,Pcs,Other / Needs Review,Unclassified,softy-panty-liners-180-mm,Active,
5180,2.2126,Softy Travel wipes,Pcs,Other / Needs Review,Unclassified,softy-travel-wipes,Active,
5181,1.215,Sofy BodyFit Anti Bacteria 7pads,PKT,Other / Needs Review,Unclassified,sofy-bodyfit-anti-bacteria-7pads,Active,
5188,2.25,Sonata Jagler 40ml,PC,Other / Needs Review,Unclassified,sonata-jagler-40ml,Active,
5191,2.47,Sonata Nail Police 6ml,PC,Other / Needs Review,Unclassified,sonata-nail-police-6ml,Active,
5192,2.787,"Sonata One Coat, Mr Matt nail polish 12ml",pc,Other / Needs Review,Unclassified,sonata-one-coat-mr-matt-nail-polish-12ml,Active,
5194,2.2083,Sonata Rose Nail polish8ml,Pcs,Other / Needs Review,Unclassified,sonata-rose-nail-polish8ml,Active,
5198,2.3556,Sonata Status Keratin Nail Polish 14ml,Pcs,Other / Needs Review,Unclassified,sonata-status-keratin-nail-polish-14ml,Active,
5199,2.2328,Sonata Urban nail Polish 12ml,Pcs,Other / Needs Review,Unclassified,sonata-urban-nail-polish-12ml,Active,
5190,2.463,Sonata liquid Sindoor 3.5ml,PC,Other / Needs Review,Unclassified,sonata-liquid-sindoor-3-5ml,Active,
5206,5.521,Sour Bites chupa chups rs10,Pcs,Other / Needs Review,Unclassified,sour-bites-chupa-chups-rs10,Active,
5207,5.705,Sour Chupa Chups Tubes,Pcs,Other / Needs Review,Unclassified,sour-chupa-chups-tubes,Active,
5211,9.825,Space Weapon Projection gun no.838,Pcs,Other / Needs Review,Unclassified,space-weapon-projection-gun-no-838,Active,
5214,4.591,Spary Bottel 8018,Pcs,Other / Needs Review,Unclassified,spary-bottel-8018,Active,
5216,7.82,Spicy Instant Fish,PC,Other / Needs Review,Unclassified,spicy-instant-fish,Active,
5215,7.4258,Spicy Instant Fish 30gm,Pcs,Other / Needs Review,Unclassified,spicy-instant-fish-30gm,Active,
5218,9.122,Spiderman 3 Small,Pcs,Other / Needs Review,Unclassified,spiderman-3-small,Active,
5236,4.584,Stainkess steel ware OIL Can240z,Pcs,Other / Needs Review,Unclassified,stainkess-steel-ware-oil-can240z,Active,
5240,10.237,Stamp mix,Pcs,Other / Needs Review,Unclassified,stamp-mix,Active,
5241,9.84,Stand Ronaldo/ Messi,Pcs,Other / Needs Review,Unclassified,stand-ronaldo-messi,Active,
5244,6.348,Stash-pro ripper tipper,Pcs,Other / Needs Review,Unclassified,stash-pro-ripper-tipper,Active,
5245,1.222,StayFree Dry Max All Night 7pads,PKT,Other / Needs Review,Unclassified,stayfree-dry-max-all-night-7pads,Active,
5249,1.34,StayFree Secure XL Ultra -Thin 6 pads,BOX,Other / Needs Review,Unclassified,stayfree-secure-xl-ultra-thin-6-pads,Active,
5246,1.658,Stayfree Dry-Max All Night 14pads,PC,Other / Needs Review,Unclassified,stayfree-dry-max-all-night-14pads,Active,
5247,1.219,Stayfree Secure cottony soft 7pads,PKT,Other / Needs Review,Unclassified,stayfree-secure-cottony-soft-7pads,Active,
5255,4.1383,Steel tooth pick,box,Other / Needs Review,Unclassified,steel-tooth-pick,Active,
5260,4.1232,Stfe TONG Food Clip AC0321,Pcs,Other / Needs Review,Unclassified,stfe-tong-food-clip-ac0321,Active,
5261,9.852,Stich Hand Band nol8802-3,Pcs,Other / Needs Review,Unclassified,stich-hand-band-nol8802-3,Active,
5262,10.56,Stick Notes PP 0305,Pcs,Other / Needs Review,Unclassified,stick-notes-pp-0305,Active,
5263,10.457,Stick Notes PP-0304,Pcs,Other / Needs Review,Unclassified,stick-notes-pp-0304,Active,
5265,17.402,Stone kata moti mix,Pcs,Other / Needs Review,Unclassified,stone-kata-moti-mix,Active,
5268,2.3825,Straigat hair splint,Pack,Other / Needs Review,Unclassified,straigat-hair-splint,Active,
5270,4.211,Straw Pipe 100pc,PC,Other / Needs Review,Unclassified,straw-pipe-100pc,Active,
5292,2.213,Streax Repair max Masque/smooth shine Treatment cream 500g,PC,Other / Needs Review,Unclassified,streax-repair-max-masque-smooth-shine-treatment-cream-500g,Active,
5294,5.581,Strepsils 8pc,Pcs,Other / Needs Review,Unclassified,strepsils-8pc,Active,
5295,9.861,Stress Relief,Pcs,Other / Needs Review,Unclassified,stress-relief,Active,
5297,4.105,Strong Hooks 3PC GH-2130,Pcs,Other / Needs Review,Unclassified,strong-hooks-3pc-gh-2130,Active,
5301,9.112,Stunt Truck,Pcs,Other / Needs Review,Unclassified,stunt-truck,Active,
5310,7.42,Sumana foods udhyog lwang powder 25gm,Pcs,Other / Needs Review,Unclassified,sumana-foods-udhyog-lwang-powder-25gm,Active,
5311,7.4202,Sumana foods udhyog marich powder 25gm,Pcs,Other / Needs Review,Unclassified,sumana-foods-udhyog-marich-powder-25gm,Active,
5312,7.4204,Sumana foods udhyog mix powder 25gm,Pcs,Other / Needs Review,Unclassified,sumana-foods-udhyog-mix-powder-25gm,Active,
5314,7.4205,Sumana foods udhyog timmur powder 25gm,Pcs,Other / Needs Review,Unclassified,sumana-foods-udhyog-timmur-powder-25gm,Active,
5334,2.836,Sumnima Multani mitti Keshar,pc,Other / Needs Review,Unclassified,sumnima-multani-mitti-keshar,Active,
5326,2.664,Sumnima herbal Multani with saffron,PC,Other / Needs Review,Unclassified,sumnima-herbal-multani-with-saffron,Active,
5320,2.1272,Sumnima herbal methi power 85g,PC,Other / Needs Review,Unclassified,sumnima-herbal-methi-power-85g,Active,
5331,2.3505,Sumnima herbal skin protection glycerine 130gm,Pcs,Other / Needs Review,Unclassified,sumnima-herbal-skin-protection-glycerine-130gm,Active,
5332,2.3504,Sumnima herbal skin protection glycerine 260gm,Pack,Other / Needs Review,Unclassified,sumnima-herbal-skin-protection-glycerine-260gm,Active,
5333,2.3506,Sumnima herbal skin protection glycerine 65gm,Pcs,Other / Needs Review,Unclassified,sumnima-herbal-skin-protection-glycerine-65gm,Active,
5335,17.394,Sun shine Baby Set,Pcs,Other / Needs Review,Unclassified,sun-shine-baby-set,Active,
5339,1.706,Sunday Stainless Steel Scourer 3pcs pack,PC,Other / Needs Review,Unclassified,sunday-stainless-steel-scourer-3pcs-pack,Active,
5340,1.1725,Sunday Stainless steel Scourer50gm,Pcs,Other / Needs Review,Unclassified,sunday-stainless-steel-scourer50gm,Active,
5341,1.26,Sunday Stinless Steel Scourer 1pc,PKT,Other / Needs Review,Unclassified,sunday-stinless-steel-scourer-1pc,Active,
5358,1.2282,Sunsilk Rosemary & Argan Oil 700ml,Pcs,Other / Needs Review,Unclassified,sunsilk-rosemary-argan-oil-700ml,Active,
5359,1.1865,Sunsilk Rosemary & Argan oil Frizz Smooth Sampoo 370 ml,Pcs,Other / Needs Review,Unclassified,sunsilk-rosemary-argan-oil-frizz-smooth-sampoo-370-ml,Active,
5364,1.207,Sunsilk stunning black shine shampo 170ml,PC,Other / Needs Review,Unclassified,sunsilk-stunning-black-shine-shampo-170ml,Active,
5372,7.2068,Super Grow Cloves 50g,Pcs,Other / Needs Review,Unclassified,super-grow-cloves-50g,Active,
5373,7.2303,Super Grow Lwang -Sukmel 100g,Pcs,Other / Needs Review,Unclassified,super-grow-lwang-sukmel-100g,Active,
5374,7.2304,Super Grow Lwang -Sukmel 50g,Pcs,Other / Needs Review,Unclassified,super-grow-lwang-sukmel-50g,Active,
5376,7.323,Super Grow Sauf 400gm,Pcs,Other / Needs Review,Unclassified,super-grow-sauf-400gm,Active,
5378,7.2098,Super Grow Souff 200g,Pcs,Other / Needs Review,Unclassified,super-grow-souff-200g,Active,
5380,7.231,Super Grow White Till 400g,Pcs,Other / Needs Review,Unclassified,super-grow-white-till-400g,Active,
5377,7.2097,Super Grow souff 100gm,Pcs,Other / Needs Review,Unclassified,super-grow-souff-100gm,Active,
5368,7.2065,Super Grow sukmel 50g,Pcs,Other / Needs Review,Unclassified,super-grow-sukmel-50g,Active,
5371,7.2104,Super Grow white Till 100gm,Pcs,Other / Needs Review,Unclassified,super-grow-white-till-100gm,Active,
5379,7.2942,Super Grow white Till 200gm,Pcs,Other / Needs Review,Unclassified,super-grow-white-till-200gm,Active,
5381,9.944,Super Hero Make A wise Life,Pcs,Other / Needs Review,Unclassified,super-hero-make-a-wise-life,Active,
5383,9.906,Super Money Gun Money Rain!,Pcs,Other / Needs Review,Unclassified,super-money-gun-money-rain,Active,
5375,7.4563,Super grow methi 400gm,Pcs,Other / Needs Review,Unclassified,super-grow-methi-400gm,Active,
5392,1.2201,Surf excel quick wash 1kg,Pcs,Other / Needs Review,Unclassified,surf-excel-quick-wash-1kg,Active,
5393,1.288,Surf excel quick wash 500g,pc,Other / Needs Review,Unclassified,surf-excel-quick-wash-500g,Active,
5394,6.47,Surya Cigarette full pack Red/Light/fusion,pc,Other / Needs Review,Unclassified,surya-cigarette-full-pack-red-light-fusion,Active,
5395,6.4,Surya legend cigarette,pkt,Other / Needs Review,Unclassified,surya-legend-cigarette,Active,
5396,6.328,Surya sleek blot,Pack,Other / Needs Review,Unclassified,surya-sleek-blot,Active,
5406,2.3248,Sweet Long Lsating care lipgloss 8ml,Pcs,Other / Needs Review,Unclassified,sweet-long-lsating-care-lipgloss-8ml,Active,
5399,7.2318,Sweet and Sour Titaura Rs50,Pcs,Other / Needs Review,Unclassified,sweet-and-sour-titaura-rs50,Active,
5400,7.46,Sweet and sour Titaura,pkt,Other / Needs Review,Unclassified,sweet-and-sour-titaura,Active,
5402,24.13,Sweet corn 1kg,Pcs,Other / Needs Review,Unclassified,sweet-corn-1kg,Active,
5403,24.52,Sweet corn 500gm,Pcs,Other / Needs Review,Unclassified,sweet-corn-500gm,Active,
5404,24.94,Sweet corn american 1kg,Pcs,Other / Needs Review,Unclassified,sweet-corn-american-1kg,Active,
5416,7.3426,Sworgadwari Honey 250gm,Pcs,Other / Needs Review,Unclassified,sworgadwari-honey-250gm,Active,
5420,7.5,Sworgadwari Natural Honey 1kg,PC,Other / Needs Review,Unclassified,sworgadwari-natural-honey-1kg,Active,
5421,7.521,Sworgadwari Natural Honey 500g,pc,Other / Needs Review,Unclassified,sworgadwari-natural-honey-500g,Active,
5422,7.805,Sworgadwari Natural honey chiuri/ 1kg,pc,Other / Needs Review,Unclassified,sworgadwari-natural-honey-chiuri-1kg,Active,
5415,7.1769,Sworgadwari chiuri honey500g,PC,Other / Needs Review,Unclassified,sworgadwari-chiuri-honey500g,Active,
5417,7.19,Sworgadwari honey jamun 1kg,Pcs,Other / Needs Review,Unclassified,sworgadwari-honey-jamun-1kg,Active,
5419,7.1898,Sworgadwari honey rudilo 500gm,Pcs,Other / Needs Review,Unclassified,sworgadwari-honey-rudilo-500gm,Active,
5542,2.4131,TMC after shave 100ml,Pcs,Other / Needs Review,Unclassified,tmc-after-shave-100ml,Active,
5424,7.3884,Tabasco classic sause 59ml,Pcs,Other / Needs Review,Unclassified,tabasco-classic-sause-59ml,Active,
5427,4.1493,Table show plece small DSTG 1068,Pcs,Other / Needs Review,Unclassified,table-show-plece-small-dstg-1068,Active,
5430,4.106,Taj 555 Naphthalene Balls box,box,Other / Needs Review,Unclassified,taj-555-naphthalene-balls-box,Active,
5428,4.147,Taj 555 kapur 100g,pc,Other / Needs Review,Unclassified,taj-555-kapur-100g,Active,
5429,1.2179,Taj 555 naphthalene balls 1kg,Pcs,Other / Needs Review,Unclassified,taj-555-naphthalene-balls-1kg,Active,
5432,7.3611,Tang Orange \Lemon /mango500gm,Pcs,Other / Needs Review,Unclassified,tang-orange-lemon-mango500gm,Active,
5436,7.4246,Teel ko laddu,Pcs,Other / Needs Review,Unclassified,teel-ko-laddu,Active,
5441,2.2945,Tender Flo Powder Puff,Pcs,Other / Needs Review,Unclassified,tender-flo-powder-puff,Active,
5443,9.858,Tetris Tower no.1001,Pcs,Other / Needs Review,Unclassified,tetris-tower-no-1001,Active,
5444,7.2145,Thakali basmati 20kg,Pcs,Other / Needs Review,Unclassified,thakali-basmati-20kg,Active,
5457,2.3227,The Derma 4% Ceramide Barrier Repair Moisturzer 50gm,Pcs,Other / Needs Review,Unclassified,the-derma-4-ceramide-barrier-repair-moisturzer-50gm,Active,
5475,6.191,The Singletion 12 yrs 700ml,Btl,Other / Needs Review,Unclassified,the-singletion-12-yrs-700ml,Active,
5476,9.848,The Sumberd Family no.Lx506,Pcs,Other / Needs Review,Unclassified,the-sumberd-family-no-lx506,Active,
5451,2.3153,The derma 15%aha +1%Bha Beginner Face Peeling Solution 30ml,Pcs,Other / Needs Review,Unclassified,the-derma-15-aha-1-bha-beginner-face-peeling-solution-30ml,Active,
5462,2.3172,The derma Ceramide+ha Intense Daily Face Moistuizer 50gm,Pcs,Other / Needs Review,Unclassified,the-derma-ceramide-ha-intense-daily-face-moistuizer-50gm,Active,
5473,6.339,The himalayan reserve 180ml,Pcs,Other / Needs Review,Unclassified,the-himalayan-reserve-180ml,Active,
5481,24.106,Three Star Aloo Tikki 500g,Pcs,Other / Needs Review,Unclassified,three-star-aloo-tikki-500g,Active,
5487,24.4,Three Star Chicken momo 20pic,Pcs,Other / Needs Review,Unclassified,three-star-chicken-momo-20pic,Active,
5492,24.103,Three Star Chiken Meatball 400gm,Pcs,Other / Needs Review,Unclassified,three-star-chiken-meatball-400gm,Active,
5499,24.1,Three Star Veg MOMo 50pcs,Pcs,Other / Needs Review,Unclassified,three-star-veg-momo-50pcs,Active,
5488,24.7,Three Star chicken Momo 50pc,Pack,Other / Needs Review,Unclassified,three-star-chicken-momo-50pc,Active,
5498,24.48,Three Star veg Momo 20pc,pkt,Other / Needs Review,Unclassified,three-star-veg-momo-20pc,Active,
5479,24.63,Three chop chop Veg Burger Patty 10pcs,Pcs,Other / Needs Review,Unclassified,three-chop-chop-veg-burger-patty-10pcs,Active,
5477,24.64,Three chop chop chicken Burger Patty 10pc,Pcs,Other / Needs Review,Unclassified,three-chop-chop-chicken-burger-patty-10pc,Active,
5493,24.104,Three star chiken Salami 200g,Pcs,Other / Needs Review,Unclassified,three-star-chiken-salami-200g,Active,
5502,1.535,Tide Extra power Jsmn/rose/Lemon & Mint Surf 2kg bag,Pkt,Other / Needs Review,Unclassified,tide-extra-power-jsmn-rose-lemon-mint-surf-2kg-bag,Active,
5504,1.342,Tide Plus Surf all flvr 500g,pkt,Other / Needs Review,Unclassified,tide-plus-surf-all-flvr-500g,Active,
5505,1.91,Tide Surf 10 kg,PC,Other / Needs Review,Unclassified,tide-surf-10-kg,Active,
5506,1.1023,Tide surf 5kg,Pcs,Other / Needs Review,Unclassified,tide-surf-5kg,Active,
5518,17.47,TikTik /dat Bow clip,Pcs,Other / Needs Review,Unclassified,tiktik-dat-bow-clip,Active,
5516,7.3656,Tika rs big,Pcs,Other / Needs Review,Unclassified,tika-rs-big,Active,
5517,2.36,Tika rs10,Pcs,Other / Needs Review,Unclassified,tika-rs10,Active,
5522,10.203,Time Learner Mi-029,Pcs,Other / Needs Review,Unclassified,time-learner-mi-029,Active,
5524,7.1452,Timmur chhop with chicken 300gm,PC,Other / Needs Review,Unclassified,timmur-chhop-with-chicken-300gm,Active,
5525,7.3628,Timmur chhop with fish 300g,Pcs,Other / Needs Review,Unclassified,timmur-chhop-with-fish-300g,Active,
5528,7.3576,Tinsels sweet Kernel Corn 250gm,Pcs,Other / Needs Review,Unclassified,tinsels-sweet-kernel-corn-250gm,Active,
5532,7.392,Tirsana ban silam 300gm,Pcs,Other / Needs Review,Unclassified,tirsana-ban-silam-300gm,Active,
5533,7.4556,Tirsana chiya seeds 200gm,Pcs,Other / Needs Review,Unclassified,tirsana-chiya-seeds-200gm,Active,
5534,7.3838,Tirsana chiya seeds 300gm,Pcs,Other / Needs Review,Unclassified,tirsana-chiya-seeds-300gm,Active,
5536,7.3837,Tirsana flex seeds 500gm,Pcs,Other / Needs Review,Unclassified,tirsana-flex-seeds-500gm,Active,
5531,7.3821,Tirsana makai khaja 300g,Pcs,Other / Needs Review,Unclassified,tirsana-makai-khaja-300g,Active,
5539,7.4554,Tirsana pumkin seeds 200gm,Pcs,Other / Needs Review,Unclassified,tirsana-pumkin-seeds-200gm,Active,
5543,2.4128,Tmc black/hope/oud/destiny all flv 100ml,Pcs,Other / Needs Review,Unclassified,tmc-black-hope-oud-destiny-all-flv-100ml,Active,
5552,1.2297,Toilet rolls 70gm,Pcs,Other / Needs Review,Unclassified,toilet-rolls-70gm,Active,
5575,4.307,Toothpick 350pic,Pcs,Other / Needs Review,Unclassified,toothpick-350pic,Active,
5576,4.88,Toothpick Automatic Carton Box,Pcs,Other / Needs Review,Unclassified,toothpick-automatic-carton-box,Active,
5577,4.998,Toothpick Dark Premium,Pcs,Other / Needs Review,Unclassified,toothpick-dark-premium,Active,
5578,4.879,Toothpick House Box,Pcs,Other / Needs Review,Unclassified,toothpick-house-box,Active,
5590,5.47,Trident chewgum mix,PC,Other / Needs Review,Unclassified,trident-chewgum-mix,Active,
5591,5.1121,Trident chewgum spearmint,Pcs,Other / Needs Review,Unclassified,trident-chewgum-spearmint,Active,
5598,16.258,Tropicana Slice mango 200ml,Pcs,Other / Needs Review,Unclassified,tropicana-slice-mango-200ml,Active,
5599,16.94,Tropicana Slice mango1 ltr,PC,Other / Needs Review,Unclassified,tropicana-slice-mango1-ltr,Active,
5600,16.91,Tropicana Slice mango500ml,PC,Other / Needs Review,Unclassified,tropicana-slice-mango500ml,Active,
5603,9.75,Truck Traxcavator no.107-3,Pcs,Other / Needs Review,Unclassified,truck-traxcavator-no-107-3,Active,
5601,9.892,Truck metal dojer NO.3087,Pcs,Other / Needs Review,Unclassified,truck-metal-dojer-no-3087,Active,
5602,9.669,Truck metal dojer NO.907,Pcs,Other / Needs Review,Unclassified,truck-metal-dojer-no-907,Active,
5605,2.3484,True Derma Derma-Dm Moisturizing Lotion 100g,Pcs,Other / Needs Review,Unclassified,true-derma-derma-dm-moisturizing-lotion-100g,Active,
5607,2.3483,True Derma Luxirious Spf 50 Gel 60g,Pcs,Other / Needs Review,Unclassified,true-derma-luxirious-spf-50-gel-60g,Active,
5610,2.2929,True Skin Kolvit Skin Lightening Cream 20g,Pcs,Other / Needs Review,Unclassified,true-skin-kolvit-skin-lightening-cream-20g,Active,
5611,2.2928,True Skin Luxurious 50spf cream uva &uvb Protection 60g,Pcs,Other / Needs Review,Unclassified,true-skin-luxurious-50spf-cream-uva-uvb-protection-60g,Active,
5612,2.3111,True Skin Luxurious 50spf gel uva &uvb Protection 60g,Pcs,Other / Needs Review,Unclassified,true-skin-luxurious-50spf-gel-uva-uvb-protection-60g,Active,
5613,2.2925,True Skin True Hair Gain Solution for hair loss Treatment 100ml,Pcs,Other / Needs Review,Unclassified,true-skin-true-hair-gain-solution-for-hair-loss-treatment-100ml,Active,
5615,2.3485,TrueDerma Baby Dm Intense Moisturizing Cream 60g,Pcs,Other / Needs Review,Unclassified,truederma-baby-dm-intense-moisturizing-cream-60g,Active,
5616,2.3201,Truederma Luxurious 50+Spf Cream 60gm,Pcs,Other / Needs Review,Unclassified,truederma-luxurious-50-spf-cream-60gm,Active,
5620,6.34,Tuborg Deluxe can 500ml,can,Other / Needs Review,Unclassified,tuborg-deluxe-can-500ml,Active,
5627,7.78,Tuna Solid In Vegetable Oil 170g,PC,Other / Needs Review,Unclassified,tuna-solid-in-vegetable-oil-170g,Active,
5630,5.493,Twinfish original oat choco 400g,pkt,Other / Needs Review,Unclassified,twinfish-original-oat-choco-400g,Active,
5647,10.555,UNO DARE! No.029,Pcs,Other / Needs Review,Unclassified,uno-dare-no-029,Active,
5649,10.451,UNO No Mercy Card,Pcs,Other / Needs Review,Unclassified,uno-no-mercy-card,Active,
5637,9.716,Unicorn Dough Mini 4in1 no.1009,Pcs,Other / Needs Review,Unclassified,unicorn-dough-mini-4in1-no-1009,Active,
5640,4.758,Union glassware UG-310 1*6,set,Other / Needs Review,Unclassified,union-glassware-ug-310-1-6,Active,
5641,4.149,Union glassware UG-312,Pcs,Other / Needs Review,Unclassified,union-glassware-ug-312,Active,
5642,4.1501,Union glassware UG-315 6pcs,Pcs,Other / Needs Review,Unclassified,union-glassware-ug-315-6pcs,Active,
5643,4.1488,Union glassware UG-320,Pcs,Other / Needs Review,Unclassified,union-glassware-ug-320,Active,
5644,4.1172,Union glassware UG-325 6pcs set,Pcs,Other / Needs Review,Unclassified,union-glassware-ug-325-6pcs-set,Active,
5645,4.1167,Union gllassware UG-385,Pcs,Other / Needs Review,Unclassified,union-gllassware-ug-385,Active,
5652,24.8,Usha chicken momo 400gm,Pcs,Other / Needs Review,Unclassified,usha-chicken-momo-400gm,Active,
5655,2.3423,Ushas fast base blush,Pcs,Other / Needs Review,Unclassified,ushas-fast-base-blush,Active,
5662,1.315,V- Series gold Machine 750g,pkt,Other / Needs Review,Unclassified,v-series-gold-machine-750g,Active,
5663,1.69,V- Series gold Machine wash 3kg,PC,Other / Needs Review,Unclassified,v-series-gold-machine-wash-3kg,Active,
5698,2.1691,VASELINE LIP CARE TOTAL MOAISTURE10G,PC,Other / Needs Review,Unclassified,vaseline-lip-care-total-moaisture10g,Active,
5690,2.3276,VAseline Deep Moisture 200ml,Pcs,Other / Needs Review,Unclassified,vaseline-deep-moisture-200ml,Active,
5731,4.1262,VGR V-813 lint remover,Pcs,Other / Needs Review,Unclassified,vgr-v-813-lint-remover,Active,
5723,4.1478,VGR professional hair timmer V-947,Pcs,Other / Needs Review,Unclassified,vgr-professional-hair-timmer-v-947,Active,
5737,2.3327,VI-JoHN splash after shave lotiion classic 50ml,Pcs,Other / Needs Review,Unclassified,vi-john-splash-after-shave-lotiion-classic-50ml,Active,
5773,2.499,VLCC 3D youth boost sun screen gel cream spf40 100g,pc,Other / Needs Review,Unclassified,vlcc-3d-youth-boost-sun-screen-gel-cream-spf40-100g,Active,
5774,2.775,VLCC De-tan sun screen gel cream spf50 100g,pc,Other / Needs Review,Unclassified,vlcc-de-tan-sun-screen-gel-cream-spf50-100g,Active,
5775,2.137,VLCC Lavang moisturiser 100ml,PC,Other / Needs Review,Unclassified,vlcc-lavang-moisturiser-100ml,Active,
5782,2.2255,VWash Hygiene 100ml,Pcs,Other / Needs Review,Unclassified,vwash-hygiene-100ml,Active,
5670,21.103,Vadilal Aam Chaska FAlala 65ml,Pcs,Other / Needs Review,Unclassified,vadilal-aam-chaska-falala-65ml,Active,
58,21.26,Vadilal All Type ice crem 110ml,PC,Other / Needs Review,Unclassified,vadilal-all-type-ice-crem-110ml,Active,
54,21.8,Vadilal Badabite cream Of 80ml,PC,Other / Needs Review,Unclassified,vadilal-badabite-cream-of-80ml,Active,
5679,1.83,Vanish Oxi Action Fabric Wash 400ml,PC,Other / Needs Review,Unclassified,vanish-oxi-action-fabric-wash-400ml,Active,
5680,1.829,Vanish Oxi Action fabric wash 800ml,PC,Other / Needs Review,Unclassified,vanish-oxi-action-fabric-wash-800ml,Active,
5681,9.474,Variety Rubik Cube 822,Pcs,Other / Needs Review,Unclassified,variety-rubik-cube-822,Active,
5682,2.1298,Vaseline BLUEseal 250ml,PC,Other / Needs Review,Unclassified,vaseline-blueseal-250ml,Active,
5688,2.3112,Vaseline Daily Brightening moisturization lotion 200ml,Pcs,Other / Needs Review,Unclassified,vaseline-daily-brightening-moisturization-lotion-200ml,Active,
5691,1.1842,Vaseline Deep Moisture lotion 100ml,Pcs,Other / Needs Review,Unclassified,vaseline-deep-moisture-lotion-100ml,Active,
5692,2.3294,Vaseline Deep Moisture lotion 400ml,Pcs,Other / Needs Review,Unclassified,vaseline-deep-moisture-lotion-400ml,Active,
5693,1.2222,Vaseline Gluta- Hys Spf 50 Pa++,Pcs,Other / Needs Review,Unclassified,vaseline-gluta-hys-spf-50-pa,Active,
5696,2.675,Vaseline Healthy white UV lightening VitaB3 400g,pc,Other / Needs Review,Unclassified,vaseline-healthy-white-uv-lightening-vitab3-400g,Active,
5697,2.361,Vaseline Light Hydrate 400ml,Pcs,Other / Needs Review,Unclassified,vaseline-light-hydrate-400ml,Active,
5685,2.391,Vaseline cloud soft light moisturiser face&body 100ml,Pcs,Other / Needs Review,Unclassified,vaseline-cloud-soft-light-moisturiser-face-body-100ml,Active,
5686,2.3909,Vaseline cloud soft light moisturiser face&body 200ml,Pcs,Other / Needs Review,Unclassified,vaseline-cloud-soft-light-moisturiser-face-body-200ml,Active,
5694,2.3716,Vaseline gluta-hya dewy radiance 200ml,Pcs,Other / Needs Review,Unclassified,vaseline-gluta-hya-dewy-radiance-200ml,Active,
5699,2.3706,Vaseline lip therapy 20gm,Pcs,Other / Needs Review,Unclassified,vaseline-lip-therapy-20gm,Active,
5700,2.3512,Vasmol 33 coconut oil kesh kala oil based 100ml,Pcs,Other / Needs Review,Unclassified,vasmol-33-coconut-oil-kesh-kala-oil-based-100ml,Active,
5703,6.196,Vat 69 ( 375ml),Pcs,Other / Needs Review,Unclassified,vat-69-375ml,Active,
5704,6.85,Vat 69 (750ml),PC,Other / Needs Review,Unclassified,vat-69-750ml,Active,
5705,6.6,Vat 69 1Ltr,BOTTLE,Other / Needs Review,Unclassified,vat-69-1ltr,Active,
5709,21.141,Vcs Chicken Fiery Wings 500G,Pcs,Other / Needs Review,Unclassified,vcs-chicken-fiery-wings-500g,Active,
5710,21.142,Vcs Chicken Strips 500g,Pcs,Other / Needs Review,Unclassified,vcs-chicken-strips-500g,Active,
5711,2.13,Veet Hair Removal Cream Silk &Fresh Sensitive50g,PC,Other / Needs Review,Unclassified,veet-hair-removal-cream-silk-fresh-sensitive50g,Active,
5712,1.1775,Veet pure Normal 30gm,Pcs,Other / Needs Review,Unclassified,veet-pure-normal-30gm,Active,
5739,2.1926,Vicks BabyRub 10ml,PC,Other / Needs Review,Unclassified,vicks-babyrub-10ml,Active,
5744,2.2233,Vicks VapoRub 5ml,Pcs,Other / Needs Review,Unclassified,vicks-vaporub-5ml,Active,
5741,2.904,Vicks Vaporub 10ml,pc,Other / Needs Review,Unclassified,vicks-vaporub-10ml,Active,
5742,2.1422,Vicks Vaporub 25g,PC,Other / Needs Review,Unclassified,vicks-vaporub-25g,Active,
5743,2.906,Vicks Vaporub 50ml,pc,Other / Needs Review,Unclassified,vicks-vaporub-50ml,Active,
5748,5.1111,Vigos compound chocoate box,Pcs,Other / Needs Review,Unclassified,vigos-compound-chocoate-box,Active,
5761,16.241,Vinut cafe all flv 280ml,Pcs,Other / Needs Review,Unclassified,vinut-cafe-all-flv-280ml,Active,
5766,7.3929,Virginia green garden chicken luncheon meat 340gm,Pcs,Other / Needs Review,Unclassified,virginia-green-garden-chicken-luncheon-meat-340gm,Active,
5768,5.14,Viva 500g,pc,Other / Needs Review,Unclassified,viva-500g,Active,
5769,7.2749,Viva Itaeia Basil/thyme,Pcs,Other / Needs Review,Unclassified,viva-itaeia-basil-thyme,Active,
5771,7.682,Viva Italia Oregano 30g,pc,Other / Needs Review,Unclassified,viva-italia-oregano-30g,Active,
5772,7.915,Viva Italia Rosemary 30g,Pc,Other / Needs Review,Unclassified,viva-italia-rosemary-30g,Active,
5778,2.3503,Vlcc sun screen aqua light spf70,Pcs,Other / Needs Review,Unclassified,vlcc-sun-screen-aqua-light-spf70,Active,
59,16.132,WITH ADDED ORANGE FALVOUR 1.5ML,Bottle.,Other / Needs Review,Unclassified,with-added-orange-falvour-1-5ml,Active,
5783,2.3383,Wachd nail cutter printed,Pcs,Other / Needs Review,Unclassified,wachd-nail-cutter-printed,Active,
5786,7.4255,Wai Wai Bhujiya 550g,Pcs,Other / Needs Review,Unclassified,wai-wai-bhujiya-550g,Active,
5787,7.132,Wai Wai Chicken Flavour,PC,Other / Needs Review,Unclassified,wai-wai-chicken-flavour,Active,
5789,7.3603,Wai wai Quick Hot &Spicy 100gm,Pcs,Other / Needs Review,Unclassified,wai-wai-quick-hot-spicy-100gm,Active,
5792,7.3293,Waiwai Aloo Tama Noodels 75 gm,Pcs,Other / Needs Review,Unclassified,waiwai-aloo-tama-noodels-75-gm,Active,
5796,4.378,Wall Hook 2pc 2052/2051,Pcs,Other / Needs Review,Unclassified,wall-hook-2pc-2052-2051,Active,
5798,4.229,Wall Hook 3 pcs,PC,Other / Needs Review,Unclassified,wall-hook-3-pcs,Active,
5799,4.885,Wall Hook 3pc Golden,Pcs,Other / Needs Review,Unclassified,wall-hook-3pc-golden,Active,
5794,4.371,Wall Hook 3pc-9975/9958/0099/9809,Pcs,Other / Needs Review,Unclassified,wall-hook-3pc-9975-9958-0099-9809,Active,
5800,4.876,Wall Hook 3pic,Pcs,Other / Needs Review,Unclassified,wall-hook-3pic,Active,
5801,4.37,Wall Hook 6pc 7008,Pcs,Other / Needs Review,Unclassified,wall-hook-6pc-7008,Active,
5795,4.231,Wall hook mix 2 pcs,PC,Other / Needs Review,Unclassified,wall-hook-mix-2-pcs,Active,
5802,4.228,Wall hook sanm+9959/9961 3 pcs,PC,Other / Needs Review,Unclassified,wall-hook-sanm-9959-9961-3-pcs,Active,
5803,4.67,Wall hook smily mix,PC,Other / Needs Review,Unclassified,wall-hook-smily-mix,Active,
5806,4.368,Warm Gloves,Pcs,Other / Needs Review,Unclassified,warm-gloves,Active,
5807,1.1737,Wash the king Sponge wiping 4pc pad,Pcs,Other / Needs Review,Unclassified,wash-the-king-sponge-wiping-4pc-pad,Active,
5829,7.596,WeikfielD Custard Powder 100g,pc,Other / Needs Review,Unclassified,weikfield-custard-powder-100g,Active,
5825,7.1992,Weikfield Cocoa powder 150g,Pcs,Other / Needs Review,Unclassified,weikfield-cocoa-powder-150g,Active,
5826,7.923,Weikfield Cocoa powder 50g,Pc,Other / Needs Review,Unclassified,weikfield-cocoa-powder-50g,Active,
5830,7.736,Weikfield Custard Powder vanilla Flavour 500g,pc,Other / Needs Review,Unclassified,weikfield-custard-powder-vanilla-flavour-500g,Active,
5824,7.4661,Weikfield classic creamy/crunchy peanut buter 225gm,Pcs,Other / Needs Review,Unclassified,weikfield-classic-creamy-crunchy-peanut-buter-225gm,Active,
5842,2.2833,Well 10 Hair Treamant And Spa 250gm,Pcs,Other / Needs Review,Unclassified,well-10-hair-treamant-and-spa-250gm,Active,
5843,2.2698,Well 10 Nourish Shine Treatment 500g,Pcs,Other / Needs Review,Unclassified,well-10-nourish-shine-treatment-500g,Active,
5847,2.4121,Well 10 professional hair mask ph balance 500gm,Pcs,Other / Needs Review,Unclassified,well-10-professional-hair-mask-ph-balance-500gm,Active,
5848,2.412,Well 10 professional hair regrowth treatment & spa 500ml,Pcs,Other / Needs Review,Unclassified,well-10-professional-hair-regrowth-treatment-spa-500ml,Active,
5856,7.3934,Well Bell choco fillz 150gm,Pcs,Other / Needs Review,Unclassified,well-bell-choco-fillz-150gm,Active,
5859,7.4645,Well bell corn flakes 350gm,Pcs,Other / Needs Review,Unclassified,well-bell-corn-flakes-350gm,Active,
5860,7.4267,Well bell corn flakes 750gm,Pcs,Other / Needs Review,Unclassified,well-bell-corn-flakes-750gm,Active,
5870,2.3665,Wetell Shave Body 6pc set WT-417,Pcs,Other / Needs Review,Unclassified,wetell-shave-body-6pc-set-wt-417,Active,
5871,24.83,Wheat lachha parotha 400gm,Pcs,Other / Needs Review,Unclassified,wheat-lachha-parotha-400gm,Active,
5873,1.715,Wheel 2 in 1 surf 1 kg,PC,Other / Needs Review,Unclassified,wheel-2-in-1-surf-1-kg,Active,
5874,1.714,Wheel 2 in 1 surf 150g,PC,Other / Needs Review,Unclassified,wheel-2-in-1-surf-150g,Active,
5875,1.383,Wheel 2 in 1 surf 750g,pkt,Other / Needs Review,Unclassified,wheel-2-in-1-surf-750g,Active,
5872,1.25,Wheel 2in1 surf 3kg,PKT,Other / Needs Review,Unclassified,wheel-2in1-surf-3kg,Active,
5877,1.375,Whisper Choice Ultra 6 pads wings,pc,Other / Needs Review,Unclassified,whisper-choice-ultra-6-pads-wings,Active,
5878,1.1456,Whisper Choice XXL 4Times Back 6pads,Pcs,Other / Needs Review,Unclassified,whisper-choice-xxl-4times-back-6pads,Active,
5879,1.216,Whisper Choice XXL 4x Back Coveragr 6pads,Pcs,Other / Needs Review,Unclassified,whisper-choice-xxl-4x-back-coveragr-6pads,Active,
5880,1.22,Whisper Ultra Clean xl6pic,PKT,Other / Needs Review,Unclassified,whisper-ultra-clean-xl6pic,Active,
5881,1.223,Whisper Ultra Hygiene comfort xl8pads,PKT,Other / Needs Review,Unclassified,whisper-ultra-hygiene-comfort-xl8pads,Active,
5882,1.1405,Whisper ultra xl pads 284mm,Pcs,Other / Needs Review,Unclassified,whisper-ultra-xl-pads-284mm,Active,
5883,9.912,Whistle Snail no.368-49,Pcs,Other / Needs Review,Unclassified,whistle-snail-no-368-49,Active,
5886,5.131,White Rabbit 108g,pkt,Other / Needs Review,Unclassified,white-rabbit-108g,Active,
5887,5.17,White Rabit 180g,pkt,Other / Needs Review,Unclassified,white-rabit-180g,Active,
5888,10.264,White Tape Midium,Pcs,Other / Needs Review,Unclassified,white-tape-midium,Active,
5889,2.123,White Tone Face Powder 30g,PC,Other / Needs Review,Unclassified,white-tone-face-powder-30g,Active,
5890,2.114,White Tone Face Power 50g,PC,Other / Needs Review,Unclassified,white-tone-face-power-50g,Active,
5907,9.713,Wireless Head Phone 09BT,Pcs,Other / Needs Review,Unclassified,wireless-head-phone-09bt,Active,
60,9.894,Witkon Color Mud,Pcs,Other / Needs Review,Unclassified,witkon-color-mud,Active,
5909,2.1897,Wokali gold cavier peel of mask 130ml,PC,Other / Needs Review,Unclassified,wokali-gold-cavier-peel-of-mask-130ml,Active,
5910,2.878,Wokali white Black mask 130ml,pc,Other / Needs Review,Unclassified,wokali-white-black-mask-130ml,Active,
5911,5.118,Womens Horlicks caramel 400g,PC,Other / Needs Review,Unclassified,womens-horlicks-caramel-400g,Active,
5915,16.231,X Ginger Ale 330 ml,Pcs,Other / Needs Review,Unclassified,x-ginger-ale-330-ml,Active,
5917,4.1341,X-Series jar 250ML,Pcs,Other / Needs Review,Unclassified,x-series-jar-250ml,Active,
5919,1.2164,Xtraa matic machine wash 1kg,Pcs,Other / Needs Review,Unclassified,xtraa-matic-machine-wash-1kg,Active,
5921,1.1141,Xtraai Active Powder 500g,Pcs,Other / Needs Review,Unclassified,xtraai-active-powder-500g,Active,
5935,2.1618,YC Whitening face Cucumber Extract 100ml,PC,Other / Needs Review,Unclassified,yc-whitening-face-cucumber-extract-100ml,Active,
5933,2.1428,YC lip care all flvr,PC,Other / Needs Review,Unclassified,yc-lip-care-all-flvr,Active,
5932,2.3898,Yarong famous brand pedicure set,Pcs,Other / Needs Review,Unclassified,yarong-famous-brand-pedicure-set,Active,
5956,4.1486,Yera stackable jar 2pcs set,Pcs,Other / Needs Review,Unclassified,yera-stackable-jar-2pcs-set,Active,
5957,17.316,Ying aier nails,Pcs,Other / Needs Review,Unclassified,ying-aier-nails,Active,
5958,17.195,Ying aire nails 20pc,Pcs,Other / Needs Review,Unclassified,ying-aire-nails-20pc,Active,
5959,4.777,Ymj stan,Pcs,Other / Needs Review,Unclassified,ymj-stan,Active,
5960,2.3882,Ymxercos cleanse acne pimple patch,Pcs,Other / Needs Review,Unclassified,ymxercos-cleanse-acne-pimple-patch,Active,
5972,7.4293,Yuki chillli flakes 65gm,Pcs,Other / Needs Review,Unclassified,yuki-chillli-flakes-65gm,Active,
5976,5.1085,Yummies jellido mix fruit jellies jar 240gm,Pcs,Other / Needs Review,Unclassified,yummies-jellido-mix-fruit-jellies-jar-240gm,Active,
5979,2.3863,Yuthika super light gel hyaluronic 50ml,Pcs,Other / Needs Review,Unclassified,yuthika-super-light-gel-hyaluronic-50ml,Active,
5983,2.1139,Zandu Balm 8gm,Pc,Other / Needs Review,Unclassified,zandu-balm-8gm,Active,
5988,7.1314,Zed Black Luxury Fresh Pineapple/strawberry incense stick,PC,Other / Needs Review,Unclassified,zed-black-luxury-fresh-pineapple-strawberry-incense-stick,Active,
5989,7.912,Zed Black Premium Incense Stick 3in1/raw mango,Pkt,Other / Needs Review,Unclassified,zed-black-premium-incense-stick-3in1-raw-mango,Active,
5995,2.3527,Zerona Derma Wash glo Facewash For glowing 60g,Pcs,Other / Needs Review,Unclassified,zerona-derma-wash-glo-facewash-for-glowing-60g,Active,
6002,4.1173,Zipper bags 30pcs size 15*15cm,Pcs,Other / Needs Review,Unclassified,zipper-bags-30pcs-size-15-15cm,Active,
6003,9.677,Zoo Balance NO.101A,Pcs,Other / Needs Review,Unclassified,zoo-balance-no-101a,Active,
178,1.2004,ad,Pcs,Other / Needs Review,Unclassified,ad,Active,
746,6.238,black Oak 375ml,Pcs,Other / Needs Review,Unclassified,black-oak-375ml,Active,
830,7.274,britannia tiger Orng/Crunch/Elaichi/ Choc12/1 pack,pkt,Other / Needs Review,Unclassified,britannia-tiger-orng-crunch-elaichi-choc12-1-pack,Active,
906,6.33,carlsberg can 500ml,can,Other / Needs Review,Unclassified,carlsberg-can-500ml,Active,
1036,2.3266,cherry blossom black 15g,Pcs,Other / Needs Review,Unclassified,cherry-blossom-black-15g,Active,
1042,7.12,chhurpi good 100gm,PKT,Other / Needs Review,Unclassified,chhurpi-good-100gm,Active,
1046,7.4183,chicken khurak,Pcs,Other / Needs Review,Unclassified,chicken-khurak,Active,
1108,17.401,clip steel long,Pcs,Other / Needs Review,Unclassified,clip-steel-long,Active,
1161,1.131,colgate herbal 100g,PC,Other / Needs Review,Unclassified,colgate-herbal-100g,Active,
1163,1.125,colgate max fresh with cooling Crystals 70g,PC,Other / Needs Review,Unclassified,colgate-max-fresh-with-cooling-crystals-70g,Active,
1174,1.349,colgate strong teeth 38g,PC,Other / Needs Review,Unclassified,colgate-strong-teeth-38g,Active,
1289,10.558,cutter no 0970,Pcs,Other / Needs Review,Unclassified,cutter-no-0970,Active,
1788,2.2274,emami FAIR AND HANDSOME RADIANCE 60g,Pcs,Other / Needs Review,Unclassified,emami-fair-and-handsome-radiance-60g,Active,
1958,7.4812,first choice Black Seasamei 100g,Pcs,Other / Needs Review,Unclassified,first-choice-black-seasamei-100g,Active,
1964,7.3449,first choice Cinnamon powder 50gm,Pcs,Other / Needs Review,Unclassified,first-choice-cinnamon-powder-50gm,Active,
1980,7.3448,first choice Rosemary 25gm,Pcs,Other / Needs Review,Unclassified,first-choice-rosemary-25gm,Active,
1971,7.4815,first choice makhana 100g,Pcs,Other / Needs Review,Unclassified,first-choice-makhana-100g,Active,
1972,7.4811,first choice mitha Soff 100g,Pcs,Other / Needs Review,Unclassified,first-choice-mitha-soff-100g,Active,
1978,7.345,first choice oregano 25gm,Pcs,Other / Needs Review,Unclassified,first-choice-oregano-25gm,Active,
1989,2.1404,fix derma shadow spf 50gel,PC,Other / Needs Review,Unclassified,fix-derma-shadow-spf-50gel,Active,
2094,5.859,fruit Tella Strawberry 45gm,Pcs,Other / Needs Review,Unclassified,fruit-tella-strawberry-45gm,Active,
2338,17.349,hair black clip No.6613,Pcs,Other / Needs Review,Unclassified,hair-black-clip-no-6613,Active,
2443,7.3128,harlals Flax Seed 100gm,Pcs,Other / Needs Review,Unclassified,harlals-flax-seed-100gm,Active,
2492,1.196,head & shoulders cool menthol 180ml,PC,Other / Needs Review,Unclassified,head-shoulders-cool-menthol-180ml,Active,
2503,9.867,hello baby Care Set lf 35,Pcs,Other / Needs Review,Unclassified,hello-baby-care-set-lf-35,Active,
2548,5.797,hilife Choco Plus 300gm,Pcs,Other / Needs Review,Unclassified,hilife-choco-plus-300gm,Active,
2550,5.1093,hilife choco plus 475gm jar,Pcs,Other / Needs Review,Unclassified,hilife-choco-plus-475gm-jar,Active,
2639,2.111,himalaya Herbals Oil Clear Lemon Facewash 100ml,PC,Other / Needs Review,Unclassified,himalaya-herbals-oil-clear-lemon-facewash-100ml,Active,
2719,1.301,huggies wonder pants L30,PKT,Other / Needs Review,Unclassified,huggies-wonder-pants-l30,Active,
2721,1.299,huggies wonder pants M16,PKT,Other / Needs Review,Unclassified,huggies-wonder-pants-m16,Active,
2764,7.157,jagadamba megha/Shreebhog /ajambari Aata5kg Pack,PKT,Other / Needs Review,Unclassified,jagadamba-megha-shreebhog-ajambari-aata5kg-pack,Active,
2765,2.3377,jaifal mix body massage oil 100ml,Pcs,Other / Needs Review,Unclassified,jaifal-mix-body-massage-oil-100ml,Active,
2782,24.82,jayas chicken momo 40pcs,Pack,Other / Needs Review,Unclassified,jayas-chicken-momo-40pcs,Active,
2921,17.267,kata 3768-20 no,Pcs,Other / Needs Review,Unclassified,kata-3768-20-no,Active,
2936,17.333,kata Hart Design,Pcs,Other / Needs Review,Unclassified,kata-hart-design,Active,
2938,17.208,kata honey,Pcs,Other / Needs Review,Unclassified,kata-honey,Active,
2939,17.241,kata jhiljhile mideum,Pcs,Other / Needs Review,Unclassified,kata-jhiljhile-mideum,Active,
2946,2.3834,kata shubam-111,Pcs,Other / Needs Review,Unclassified,kata-shubam-111,Active,
2947,17.206,kata shubham-103,Pcs,Other / Needs Review,Unclassified,kata-shubham-103,Active,
2977,5.481,kelloggs chocos1.20kg,PC,Other / Needs Review,Unclassified,kelloggs-chocos1-20kg,Active,
3038,16.82,kinley with added minerals 1ltr,PC,Other / Needs Review,Unclassified,kinley-with-added-minerals-1ltr,Active,
3176,2.4015,leito chamomile moisturizing cream 50ml,Pcs,Other / Needs Review,Unclassified,leito-chamomile-moisturizing-cream-50ml,Active,
3215,2.3596,lipstistik rs100,Pcs,Other / Needs Review,Unclassified,lipstistik-rs100,Active,
3313,1.1404,loreal paris total repair 5 Masque 200gm,Pcs,Other / Needs Review,Unclassified,loreal-paris-total-repair-5-masque-200gm,Active,
3326,2.3317,lotus derma botanics ampoule creme 50g,Pcs,Other / Needs Review,Unclassified,lotus-derma-botanics-ampoule-creme-50g,Active,
3327,2.3315,lotus derma botanics creme 50g,Pcs,Other / Needs Review,Unclassified,lotus-derma-botanics-creme-50g,Active,
3512,2.2612,mamaEarth Castor oli150ml,Pcs,Other / Needs Review,Unclassified,mamaearth-castor-oli150ml,Active,
3542,7.2725,mangaldeep agarbattilarge,Pcs,Other / Needs Review,Unclassified,mangaldeep-agarbattilarge,Active,
3601,10.68,menu khol,Pcs,Other / Needs Review,Unclassified,menu-khol,Active,
3707,7.3558,misty dibba Garam Mashala 100gm,pkt,Other / Needs Review,Unclassified,misty-dibba-garam-mashala-100gm,Active,
3803,17.94,moti mala,Pcs,Other / Needs Review,Unclassified,moti-mala,Active,
3882,7.322,munchys oat krunch 208g,pkt,Other / Needs Review,Unclassified,munchys-oat-krunch-208g,Active,
3923,10.244,nano Double side tape 2.4m,Pack,Other / Needs Review,Unclassified,nano-double-side-tape-2-4m,Active,
4045,2.186,nivea Cream 60ml,PC,Other / Needs Review,Unclassified,nivea-cream-60ml,Active,
4387,1.28,pepsodent germi check 175g,pc,Other / Needs Review,Unclassified,pepsodent-germi-check-175g,Active,
4389,1.279,pepsodent herbal 175g,pc,Other / Needs Review,Unclassified,pepsodent-herbal-175g,Active,
4458,2.2775,plom Hyaluronic acid 2% 30ml,Pcs,Other / Needs Review,Unclassified,plom-hyaluronic-acid-2-30ml,Active,
4513,7.3247,posan food chamal ko pitho 1kg,Pcs,Other / Needs Review,Unclassified,posan-food-chamal-ko-pitho-1kg,Active,
4515,7.2767,poshan Aalas geda 500gm,Pcs,Other / Needs Review,Unclassified,poshan-aalas-geda-500gm,Active,
4611,9.592,pufffer ball,Pcs,Other / Needs Review,Unclassified,pufffer-ball,Active,
4614,4.748,pull&push,Pcs,Other / Needs Review,Unclassified,pull-push,Active,
4622,7.1297,purnima Dhaniya power 400g,PC,Other / Needs Review,Unclassified,purnima-dhaniya-power-400g,Active,
4639,24.49,quality Chicken sauasge 250gm,Pcs,Other / Needs Review,Unclassified,quality-chicken-sauasge-250gm,Active,
4905,1.2026,sagun ultra thin xl 6 290mm pads,Pcs,Other / Needs Review,Unclassified,sagun-ultra-thin-xl-6-290mm-pads,Active,
4942,7.1351,sarathi Coriander /Dhaniya Powder 100g,PC,Other / Needs Review,Unclassified,sarathi-coriander-dhaniya-powder-100g,Active,
4951,7.3789,sarathi/Siddhu-G Jwano 140gm,Pcs,Other / Needs Review,Unclassified,sarathi-siddhu-g-jwano-140gm,Active,
4952,7.1346,sarathi/Siddhu-G Jwano 70g,PC,Other / Needs Review,Unclassified,sarathi-siddhu-g-jwano-70g,Active,
4995,1.872,sensodyne Repair & Protect deep repair80g,PC,Other / Needs Review,Unclassified,sensodyne-repair-protect-deep-repair80g,Active,
5183,1.1353,sofybodyfit xl +60mm,Pcs,Other / Needs Review,Unclassified,sofybodyfit-xl-60mm,Active,
5208,7.371,soyabean 5kg,Pcs,Other / Needs Review,Unclassified,soyabean-5kg,Active,
5209,7.136,soyabean oil 500ml pouch,PC,Other / Needs Review,Unclassified,soyabean-oil-500ml-pouch,Active,
5250,1.27,stayfree Secure XL6 pads,pkt,Other / Needs Review,Unclassified,stayfree-secure-xl6-pads,Active,
5248,1.1553,stayfree secure xl 18pic,Pcs,Other / Needs Review,Unclassified,stayfree-secure-xl-18pic,Active,
5418,7.1901,sworgadwari honey jamun 500gm,Pcs,Other / Needs Review,Unclassified,sworgadwari-honey-jamun-500gm,Active,
5483,24.99,three star buff MO.Mo 50 pcs,Pcs,Other / Needs Review,Unclassified,three-star-buff-mo-mo-50-pcs,Active,
5574,4.31,toothpick 15,pack,Other / Needs Review,Unclassified,toothpick-15,Active,
55,21.4,vadilal Creamy Vanilla 60ml,PC,Other / Needs Review,Unclassified,vadilal-creamy-vanilla-60ml,Active,
5678,7.3445,vanilla Essence 28ml,Pcs,Other / Needs Review,Unclassified,vanilla-essence-28ml,Active,
5790,7.289,wai wai Quick Noodels 60gm,Pcs,Other / Needs Review,Unclassified,wai-wai-quick-noodels-60gm,Active,
5797,4.891,wall Hook 2pc deer,Pcs,Other / Needs Review,Unclassified,wall-hook-2pc-deer,Active,
5846,2.2832,well 10 Professional Growth Treatment and spa500ml,Pcs,Other / Needs Review,Unclassified,well-10-professional-growth-treatment-and-spa500ml,Active,
5876,1.897,wheel 2in1 surf500gm,PC,Other / Needs Review,Unclassified,wheel-2in1-surf500gm,Active,
5985,2.165,zandu ultra power balm,PC,Other / Needs Review,Unclassified,zandu-ultra-power-balm,Active,
5986,2.3258,zandu vaporising cold rub 25ml,Pcs,Other / Needs Review,Unclassified,zandu-vaporising-cold-rub-25ml,Active,
5987,3.627,zandu vaporising cold rub 8mll,Pcs,Other / Needs Review,Unclassified,zandu-vaporising-cold-rub-8mll,Active,
